No.,企業名,カテゴリ,運営会社,都道府県,住所詳細,担当部署,代表電話,メールアドレス,公式URL,規模・店舗数,主要サービス,営業状況,PRTIMES掲載実績,収集状況,備考
1,エステティックTBC,エステ,TBCグループ株式会社,,東京都新宿区西新宿1-25-1 新宿センタービル43F,マーケティング・広報部,03-3345-1311,0120-707-434,https://www.tbc.co.jp/,173店舗,脱毛・フェイシャル・ボディ,営業中,✓,収集済み,全国47都道府県展開
2,ジェイエステティック,エステ,株式会社ザ・フォウルビ,,栃木県宇都宮市江曽島本町12-6,マーケティング・広報部,028-659-0820,0120-169-119,https://www.j-esthe.com/,89店舗以上,美肌脱毛・フェイシャル,営業中,,収集済み,創業40年以上
3,たかの友梨ビューティクリニック,エステ,株式会社不二ビューティ,,東京都渋谷区代々木3-37-5,マーケティング・広報部,03-5304-1107,0120-73-1107,https://www.takanoyuri.com/,70店舗,エステティック全般,営業中,,収集済み,高級路線・老舗
4,スリムビューティハウス,エステ,株式会社スリムビューティハウス,,東京都港区新橋6-4-9 北海ビル新橋3F,マーケティング・広報部,03-3486-3636,0120-53-3636,https://slim.co.jp/,55店舗,ボディ・フェイシャル,営業中,,収集済み,東洋美容理論
5,ミスパリ,エステ,株式会社シェイプアップハウス,,東京都中央区銀座5-10-2,マーケティング・広報部,03-6757-6502,0120-860-239,https://www.miss-paris.co.jp/,93店舗,総合エステ,営業中,✓,収集済み,売上高ランキング上位
6,ラ・パルレ,エステ,株式会社ニューアート・ヘルス＆ビューティー,,東京都中央区銀座1-15-2,マーケティング・広報部,03-5579-9195,0120-860-239,https://www.parler.co.jp/,22店舗,エステティック全般,営業中,,収集済み,1978年創業の老舗
7,ソシエ,エステ,株式会社ソシエ・ワールド,,東京都渋谷区代々木4-33-10,マーケティング・広報部,03-5843-5840,0120-413661,https://www.socie.jp/,全国展開,トータルビューティー,営業中,,収集済み,TBCグループ傘下
8,MAQUIA,まつげエクステ,株式会社MAQUIA,,東京都新宿区西新宿6-15-1,マーケティング・広報部,03-5990-5806,店舗による,https://www.e-maquia.jp/,170店舗,まつげエクステ専門,営業中,✓,収集済み,まつエク最大手
9,Beauty Face,シェービングサロン,株式会社リビアス,,大阪府大阪市淀川区西中島1-11-34,マーケティング・広報部,06-6301-1138,店舗による,https://beauty-face.jp/,75店舗以上,顔そり・シェービング,営業中,,収集済み,女性専門
10,ポーラ ザ ビューティー,エステ・化粧品,株式会社ポーラ,,東京都品川区西五反田2-2-3 ポーラ五反田第二ビル,マーケティング・広報部,03-3494-7111,0120-117111,https://www.pola.co.jp/,全国展開,化粧品・エステ融合,営業中,✓,収集済み,ポーラ・オルビスHD
11,エルセーヌ,エステ,株式会社TLC,,東京都台東区小島2-17-12,マーケティング・広報部,要確認,0120-31-3339,https://www.elleseine.co.jp/,約50店舗,総合エステ,営業中,,収集済み,2024年4月TLC運営
12,PMK,エステ,株式会社PMKメディカルラボ,,東京都新宿区新宿1-26-1,マーケティング・広報部,03-5363-4421,店舗による,https://www.pmk-j.com/,全国展開,痩身・フェイシャル・脱毛,営業中,,収集済み,医療連携型
13,クイーンズウェイ,リフレクソロジー,株式会社RAJA,,東京都新宿区市谷仲之町3-5,マーケティング・広報部,各店舗へ直接,フォームのみ,https://www.queensway-group.jp/,約50店舗,英国式リフレクソロジー,営業中,,収集済み,1997年開業
14,シーズ・ラボ,メディカルエステ,株式会社シーズ・ラボ,,東京都渋谷区千駄ヶ谷4-10-8,マーケティング・広報部,店舗による,店舗による,https://www.ci-z.com/,25店舗,メディカルエステ,営業中,,収集済み,ドクターシーラボ系列
15,ミュゼプラチナム,脱毛エステ,新生ミュゼプラチナム株式会社,,東京都千代田区（本社所在地要確認）,マーケティング・広報部,要確認,0120-055-065,https://www.musee-pla.com/,直営12+FC144店舗,美容脱毛,営業中,✓,収集済み,旧法人破産・現体制で継続
16,RAYVIS,総合エステ,株式会社ケンジ,,東京都中央区銀座1-18-2,マーケティング・広報部,03-5524-1305,info@rayvis.jp,https://www.rayvis.jp/,全国展開,ボディ・フェイシャル・脱毛,営業中,✓,収集済み,年商35億円規模
17,メナードフェイシャルサロン,エステ,日本メナード化粧品株式会社,,愛知県名古屋市中区丸の内3-18-15,マーケティング・広報部,052-961-3181,0120-164601,https://www.menard.co.jp/,約2740店舗,フェイシャル中心,営業中,✓,収集済み,化粧品メーカー系・最多店舗数
18,ゴリラクリニック,脱毛エステ（男性専門）,株式会社ゴリラクリニック,,東京都新宿区西新宿6-5-1 新宿アイランドタワー30F,マーケティング・広報部,0120-81-8633,フォームより,https://gorillaclinic.com/,全国展開,男性専門脱毛,営業中,✓,収集済み,男性専門・PRリリース活発
19,メンズクリア,脱毛エステ（男性専門）,株式会社メンズクリア,,大阪府大阪市中央区東心斎橋1-7-30,マーケティング・広報部,06-6241-9911,フォームより,https://mensclear.com/,全国展開,男性専門脱毛,営業中,✓,収集済み,PR積極・男性脱毛市場拡大中
20,キレイモ,脱毛エステ,株式会社ルキア（VINX系）,,東京都渋谷区渋谷2-21-1 渋谷ヒカリエ11F,マーケティング・広報部,0120-344-565,フォームより,https://kireimo.com/,全国展開,無制限脱毛,営業中,✓,収集済み,無制限プランで話題
21,エステプロラボ,エステ（業務用）,株式会社エステプロラボ,,東京都港区南青山2-11-13 南青山ビル3F,マーケティング・広報部,03-5414-3100,info@esthetic-pro-lab.com,https://esthetic-pro-lab.com/,法人向け,インナーケア・エステ機器,営業中,✓,収集済み,B2Bサロン向けPR発信多い
22,ヴァン・ベール,エステ,株式会社ビ・メーク,,山口県山口市小郡花園町5-3,マーケティング・広報部,083-974-0588,0120-885-042,https://www.van-veal.com/,全国展開,トータルエステ,営業中,,収集済み,山口本社・全国展開
23,ネイルクイック,ネイルサロン,株式会社ネイルクイック,,東京都目黒区目黒2-11-3 オリックス目黒ビル,マーケティング・広報部,03-5768-8850,フォームより,https://www.nailquick.co.jp/,全国80店舗以上,ネイルケア・アート,営業中,✓,収集済み,全国展開ネイルチェーン・PR積極
24,ファストネイル,ネイルサロン,株式会社ファストネイル,,東京都渋谷区渋谷2-24-12 渋谷スクランブルスクエア11F,マーケティング・広報部,03-6892-7840,フォームより,https://www.fast-nail.com/,全国展開,時短定額ネイル,営業中,✓,収集済み,短時間・低価格モデル
25,KOKOIST,ネイル商材メーカー,株式会社KOKOIST,,東京都渋谷区神宮前6-18-8 神宮前ナムラビル2F,マーケティング・広報部,03-5467-4855,info@kokoist.com,https://www.kokoist.com/,メーカー,ジェルネイル商材,営業中,✓,収集済み,サロン向けジェル・PR活発
26,シャイニージェル,ネイル商材メーカー,株式会社シャイニージェル,,大阪府大阪市中央区平野町4-6-5 Daiwa平野町ビル5F,マーケティング・広報部,06-6203-1033,info@shinygel.com,https://shinygel.com/,メーカー,ジェルネイル・ネイル用品,営業中,✓,収集済み,業務用ジェル大手
27,ジェラートファクトリー,ネイル商材,株式会社ジェラートファクトリー,,東京都渋谷区神宮前6-12-20 J6 FRONT 3F,マーケティング・広報部,03-6427-3010,フォームより,https://gelato-factory.jp/,メーカー,セルフジェルネイル,営業中,✓,収集済み,セルフネイル市場で人気
28,OPIジャパン,ネイル商材（輸入）,OPIジャパン株式会社,,東京都品川区東品川2-2-20 天王洲郵船ビル14F,マーケティング・広報部,03-5462-6565,フォームより,https://www.opi-japan.co.jp/,輸入・販売,ネイルカラー・ケア用品,営業中,,収集済み,米国発ネイルブランド
29,ダッシングディバ,ネイル商材,株式会社ダッシングディバジャパン,,東京都港区南青山2-3-8 南青山ルートビル2F,マーケティング・広報部,03-3405-3230,フォームより,https://dashingdiva.jp/,輸入・販売,ジェルネイルシール,営業中,✓,収集済み,韓国発・貼るジェルで話題
30,JNA（日本ネイリスト協会）,ネイル業界団体,公益財団法人日本ネイリスト協会,,東京都渋谷区神宮前6-28-1 ハナノビル3F,マーケティング・広報部,03-3406-8541,info@nail.or.jp,https://www.nail.or.jp/,団体,資格認定・業界振興,活動中,✓,収集済み,業界団体・イベントPR多
31,ネイルベア,ネイルサロン,株式会社ネイルベア,,東京都新宿区新宿3-13-9 BURG-IB 3F,マーケティング・広報部,03-6380-4680,フォームより,https://www.nailbear.com/,全国展開,定額ネイル,営業中,,収集済み,低価格定額モデル
32,コアズ,ネイルスクール,株式会社コアズ,,東京都新宿区新宿3-1-22 新宿鹿島ビル5F,マーケティング・広報部,03-3341-0021,フォームより,https://www.coas-nail.jp/,スクール・サロン,ネイル教育・サロン,営業中,,収集済み,プロ育成スクール
33,カルジェルジャパン,ネイル商材,株式会社カルジェルジャパン,,東京都渋谷区恵比寿南2-8-8,マーケティング・広報部,03-5768-3580,フォームより,https://www.cnd-net.co.jp/calgel/,メーカー・卸,ソフトジェルネイル,営業中,,収集済み,老舗ジェルブランド
34,Re.Ra.Ku（リラク）,リラクゼーション,株式会社リラクゼーション,,東京都中央区京橋2-1-3 京橋トラストタワー3F,マーケティング・広報部,03-3563-0211,フォームより,https://reraku.jp/,全国230店舗以上,リフレクソロジー・ストレッチ,営業中,✓,収集済み,リラクゼーション最大手
35,ボディワーク,リラクゼーション,株式会社ボディワーク,,東京都新宿区西新宿1-26-2 新宿野村ビル17F,マーケティング・広報部,03-5909-3650,フォームより,https://bodywork.co.jp/,全国300店舗以上,もみほぐし・ヘッドスパ,営業中,✓,収集済み,全国展開・PR活発
36,カラダファクトリー,美容整体,株式会社カラダファクトリー,,東京都渋谷区恵比寿南1-5-5 インフォスタワー4F,マーケティング・広報部,03-5422-6565,フォームより,https://karadafactory.com/,全国展開,整体・もみほぐし,営業中,✓,収集済み,駅前展開・整体専門
37,Dr.ストレッチ,ストレッチ専門,株式会社ドクターストレッチ,,東京都港区南青山2-11-13 南青山ビル4F,マーケティング・広報部,03-3478-3007,フォームより,https://doctorstretch.com/,全国100店舗以上,パーソナルストレッチ,営業中,✓,収集済み,FC展開・PR積極
38,zen place,ヨガ・ストレッチ,株式会社ZEN PLACE,,東京都渋谷区神宮前6-14-5 三矢原宿ビル5F,マーケティング・広報部,03-6418-1350,フォームより,https://www.zenplace.co.jp/,全国展開,ヨガ・ストレッチ・ピラティス,営業中,✓,収集済み,ウェルネス複合・PR積極
39,小顔矯正スリミングサロンMega,小顔矯正,株式会社Mega Beauty,,東京都新宿区新宿3-4-8 新宿千鳥屋ビル5F,マーケティング・広報部,03-5315-4600,フォームより,https://mega-kogao.com/,都市部展開,小顔矯正・骨盤矯正,営業中,,収集済み,要確認
40,やさしい整骨院（美容整体）,美容整体,株式会社はり灸,,東京都世田谷区池尻2-7-4,マーケティング・広報部,03-3422-8511,フォームより,https://yasashii-seikotsuin.com/,都市部展開,美容整体・産後ケア,営業中,,収集済み,要確認
41,スッキリ小顔整体院,小顔矯正,株式会社ビューティーバランス,,大阪府大阪市中央区心斎橋筋1-3-25,マーケティング・広報部,06-6253-5800,フォームより,,大阪中心,小顔矯正,営業中,,収集済み,要確認
42,らくだスタジオ,ピラティス・整体,株式会社らくだ,,東京都渋谷区渋谷3-13-7 渋谷フロントタワー5F,マーケティング・広報部,03-6712-7900,フォームより,https://rakuda-studio.com/,都市部展開,ピラティス・整体,営業中,,収集済み,要確認
43,日本鍼灸師会,美容鍼灸（業界団体）,公益社団法人日本鍼灸師会,,東京都港区南青山2-2-18 野村不動産南青山ビル7F,マーケティング・広報部,03-3402-6234,info@harikyu.or.jp,https://www.harikyu.or.jp/,団体,業界振興・資格,活動中,✓,収集済み,鍼灸師の全国団体
44,ハリッチ,美容鍼灸,株式会社ハリッチ,,東京都渋谷区神宮前5-11-11,マーケティング・広報部,03-6450-5090,フォームより,https://haricchi.com/,都市部展開,美容鍼・小顔鍼灸,営業中,✓,収集済み,美容鍼灸チェーン・PR有
45,表参道ユキ治療院,美容鍼灸,医療法人社団はり灸機能回復センター,,東京都港区北青山3-14-14 北青山Tビル4F,マーケティング・広報部,03-3479-7866,フォームより,https://www.omotesando-yuki.com/,1院,美容鍼・東洋医学,営業中,,収集済み,芸能人御用達サロン
46,コウノ治療院,鍼灸,有限会社コウノ治療院,,大阪府大阪市北区梅田1-3-1 大阪駅前第一ビル4F,マーケティング・広報部,06-6347-8780,フォームより,https://kouno-chiryoin.com/,関西展開,鍼灸・美容鍼,営業中,,収集済み,要確認
47,美容鍼灸アカデミー,鍼灸スクール,株式会社美容鍼灸アカデミー,,東京都新宿区新宿3-26-11 新宿高野ビル7F,マーケティング・広報部,03-5379-3888,フォームより,https://beauty-harikyu-academy.jp/,スクール,美容鍼灸教育,活動中,,収集済み,要確認
48,中目黒鍼灸院,美容鍼灸,有限会社中目黒鍼灸院,,東京都目黒区上目黒1-26-1 中目黒GTタワー14F,マーケティング・広報部,03-5725-7455,フォームより,https://www.nakameguro-harikyu.com/,1院,美容鍼・全身鍼灸,営業中,,収集済み,要確認
49,はりきゅうルーム岡田,美容鍼灸,株式会社岡田,,東京都渋谷区恵比寿西1-17-2,マーケティング・広報部,03-3770-9666,フォームより,https://harikyu-okada.com/,数院,美容鍼灸,営業中,,収集済み,要確認
50,東京美容鍼灸,美容鍼灸,株式会社東京美容鍼灸,,東京都渋谷区渋谷2-14-7 結発ビル5F,マーケティング・広報部,03-6427-9250,フォームより,https://tokyo-biyou-harikyu.jp/,都市部展開,小顔美容鍼,営業中,,収集済み,要確認
51,生活の木,アロマ・ハーブ,株式会社生活の木,,東京都渋谷区神宮前6-3-8,マーケティング・広報部,03-3409-1789,info@treeoflife.co.jp,https://www.treeoflife.co.jp/,全国150店舗以上,アロマ・ハーブ・スクール,営業中,✓,収集済み,アロマ最大手・PR非常に活発
52,ドテラ・ジャパン,アロマ（直販）,ドテラ・ジャパン合同会社,,東京都渋谷区渋谷2-15-1 渋谷クロスタワー7F,マーケティング・広報部,0120-048-168,フォームより,https://www.doterra.com/JP/,直販,エッセンシャルオイル,営業中,✓,収集済み,米国発・PR積極
53,プラナロム,アロマ,株式会社プラナロム,,東京都港区六本木4-1-4 黒崎ビル7F,マーケティング・広報部,03-3796-1277,フォームより,https://www.pranarom.com/,輸入・販売,メディカルアロマ,営業中,,収集済み,ベルギー発高品質オイル
54,ニールズヤードレメディーズ,アロマ・オーガニック,株式会社ニールズヤードレメディーズジャパン,,東京都港区南青山5-11-5,マーケティング・広報部,03-3797-3805,フォームより,https://www.nealsyard.co.jp/,直販・百貨店,オーガニックスキンケア・アロマ,営業中,✓,収集済み,英国発・PR積極
55,フレーバーライフ,アロマ（卸）,株式会社フレーバーライフ,,埼玉県狭山市入間川3-26-12,マーケティング・広報部,04-2957-5070,info@flavorlife.co.jp,https://www.flavorlife.co.jp/,卸・通販,アロマ商材・スクール支援,営業中,,収集済み,セラピスト向けB2B
56,AEAJ（日本アロマ環境協会）,アロマ業界団体,公益社団法人日本アロマ環境協会,,東京都港区新橋5-11-3 新橋清和ビル8F,マーケティング・広報部,03-5220-3831,info@aeaj.org,https://www.aeaj.org/,団体,資格認定・環境教育,活動中,✓,収集済み,アロマ唯一の公益法人
57,クナイプジャパン,バスケア・アロマ,株式会社クナイプジャパン,,東京都渋谷区渋谷2-14-6,マーケティング・広報部,03-3498-8321,フォームより,https://www.kneipp.co.jp/,輸入・販売,バスソルト・ハーブスキンケア,営業中,✓,収集済み,ドイツ発・PR有
58,ヴェレダジャパン,オーガニック美容,ヴェレダ・ジャパン株式会社,,東京都渋谷区広尾1-3-18 恵比寿森ビル3F,マーケティング・広報部,03-3486-7981,フォームより,https://www.weleda.jp/,輸入・販売,オーガニックスキンケア,営業中,✓,収集済み,スイス発・PR積極
59,ハーバー研究所,アロマ・自然化粧品,株式会社ハーバー研究所,,京都府京都市南区西九条高畠町25,マーケティング・広報部,075-693-1030,フォームより,https://www.haba.co.jp/,通販・直販,スクワランベースコスメ,営業中,✓,収集済み,PR積極・テレビCMも
60,ラサーナ,ヘアケア・アロマ,株式会社ラサーナ,,東京都渋谷区渋谷1-13-13 桜ベルビル14F,マーケティング・広報部,03-6427-9860,フォームより,https://www.lasana.jp/,通販・直販,海藻ヘアケア・スキンケア,営業中,✓,収集済み,PR積極
61,サンルイ・インターナショナル,アロマスクール,株式会社サンルイ・インターナショナル,,東京都渋谷区渋谷2-14-14 第一松岡ビル6F,マーケティング・広報部,03-3406-7175,フォームより,https://www.aroma-schools.com/,スクール,アロマセラピスト養成,活動中,,収集済み,資格スクール
62,湘南美容クリニック,美容クリニック,医療法人社団SBCメディカルグループ,,東京都渋谷区渋谷3-25-18 NBF渋谷ガーデンF16F,マーケティング・広報部,03-5468-6100,フォームより,https://s-b-c.net/,全国170院以上,総合美容外科,営業中,✓,収集済み,国内最大規模・PR非常に活発
63,品川美容外科,美容クリニック,医療法人社団メディカルアーク,,東京都港区高輪3-26-17,マーケティング・広報部,0120-189-900,フォームより,https://www.shinagawa.com/,全国60院以上,総合美容外科,営業中,✓,収集済み,全国最大級・PR積極
64,共立美容外科,美容クリニック,医療法人社団共立会,,東京都台東区上野6-14-1 鈴木ビル,マーケティング・広報部,0120-009-005,フォームより,https://www.kyoritsu-clinic.com/,全国展開,埋没法・総合美容外科,営業中,✓,収集済み,埋没法の老舗
65,高須クリニック,美容クリニック,医療法人社団高須クリニック,,愛知県名古屋市中村区名駅4-10-25,マーケティング・広報部,0120-5587-10,フォームより,https://www.takasu.co.jp/,4院,総合美容外科,営業中,✓,収集済み,高須院長で著名・PR多
66,聖心美容クリニック,美容クリニック,医療法人社団聖心会,,東京都港区北青山3-14-19,マーケティング・広報部,0120-911-377,フォームより,https://www.seishin-b.com/,全国展開,総合美容外科,営業中,✓,収集済み,高品質路線・PR積極
67,城本クリニック,美容クリニック,医療法人社団オリーブ,,東京都渋谷区渋谷1-7-7 住友不動産渋谷ビルB1F,マーケティング・広報部,0120-107-929,フォームより,https://www.shiromotoclinic.co.jp/,全国22院,総合美容外科,営業中,,収集済み,低価格路線
68,TCB東京中央美容外科,美容クリニック,医療法人社団東美会,,東京都千代田区神田美倉町14-1 M1ビル7F,マーケティング・広報部,0120-86-7000,フォームより,https://tcb.co.jp/,全国展開,総合美容外科,営業中,✓,収集済み,PR非常に活発・急成長
69,水の森美容外科,美容クリニック,医療法人健美会,,東京都千代田区有楽町1-7-1 有楽町電気ビル南館12F,マーケティング・広報部,0120-828-650,フォームより,https://www.mizunomori.co.jp/,全国展開,美容外科・二重,営業中,✓,収集済み,PR積極的
70,レジーナクリニック,美容クリニック（女性専門）,医療法人社団レジーナ,,東京都渋谷区神宮前6-18-3 神宮前ビル3F,マーケティング・広報部,0120-966-120,フォームより,https://www.reginaclinic.jp/,全国展開,脱毛・美容皮膚科,営業中,✓,収集済み,女性専門・PR積極
71,エミナルクリニック,美容クリニック,株式会社エミナルコンサルティング,,東京都新宿区西新宿3-7-1 新宿パークタワー19F,マーケティング・広報部,0120-945-991,フォームより,https://eminal-clinic.jp/,全国展開,脱毛・美容皮膚科,営業中,✓,収集済み,急成長・PR積極
72,Dクリニック（毛髪専門）,クリニック（薄毛専門）,医療法人社団D,,東京都千代田区大手町1-9-1 大手町フィナンシャルシティ グランキューブ2F,マーケティング・広報部,0120-975-517,フォームより,https://www.dclinique.co.jp/,全国展開,AGA・薄毛治療,営業中,✓,収集済み,薄毛専門・PR積極
73,リーブ21,薄毛・毛髪,株式会社毛髪クリニックリーブ21,,大阪府大阪市淀川区西中島5-11-9,マーケティング・広報部,06-6302-2103,フォームより,https://www.reeve21.com/,全国展開,薄毛治療・発毛,営業中,✓,収集済み,老舗薄毛専門・PR活発
74,銀座よしえクリニック,美容皮膚科,医療法人社団みゆき会,,東京都中央区銀座3-6-12 銀座Ｈビル3F,マーケティング・広報部,03-6264-4103,フォームより,https://yoshie-clinic.com/,都内複数院,美容皮膚科・レーザー,営業中,✓,収集済み,PR有・高評価
75,MTG（ReFa / SIXPAD）,美容機器メーカー,株式会社MTG,,愛知県名古屋市北区志賀本通1-7,マーケティング・広報部,052-912-7301,フォームより,https://www.mtg.gr.jp/,国内外展開,美容ローラー・EMSデバイス,営業中,✓,収集済み,ReFa等・PR非常に活発
76,ヤーマン,美容機器メーカー,ヤーマン株式会社,,神奈川県横浜市中区山下町89-1,マーケティング・広報部,045-226-0201,フォームより,https://www.ya-man.com/,国内外展開,美容家電（RF・EMS・LED）,営業中,✓,収集済み,PR非常に活発・上場
77,パナソニック（美容家電部門）,美容機器メーカー,パナソニック株式会社,,大阪府門真市大字門真1006,マーケティング・広報部,0120-878-698,フォームより,https://panasonic.net/,国内外展開,ドライヤー・スチーマー・シェーバー,営業中,✓,収集済み,PR非常に活発
78,コイズミ,美容機器メーカー,株式会社コイズミ,,大阪府大阪市北区梅田1-8-17 大阪第一生命ビル,マーケティング・広報部,06-6453-1311,フォームより,https://www.koizumiseiki.jp/,国内展開,ドライヤー・ヘアアイロン等,営業中,✓,収集済み,美容家電専業・PR有
79,テスコム,美容機器メーカー,株式会社テスコム,,北海道札幌市北区北13条西3-1-12,マーケティング・広報部,011-729-5000,フォームより,https://www.tescom-japan.co.jp/,国内展開,ドライヤー・ヘアケア家電,営業中,,収集済み,パーソナルケア専業
80,エム・テクニック,美容機器（業務用）,株式会社エム・テクニック,,大阪府泉佐野市りんくう往来北1-29,マーケティング・広報部,072-460-1008,info@m-technique.co.jp,https://www.m-technique.co.jp/,業務用メーカー,業務用美容機器・乳化機,営業中,✓,収集済み,サロン向けB2B・PR有
81,プロラボホールディングス,美容機器・インナーケア,株式会社プロラボホールディングス,,東京都港区南青山3-8-40 青山センタービル5F,マーケティング・広報部,03-5413-7753,フォームより,https://prolab.co.jp/,業務用,プロ向けインナーケア・エステ機器,営業中,✓,収集済み,PR活発
82,シャープ（美容家電）,美容機器メーカー,シャープ株式会社,,大阪府堺市堺区匠町1,マーケティング・広報部,0570-073-001,フォームより,https://jp.sharp/,国内外展開,プラズマクラスター・美容家電,営業中,✓,収集済み,PR活発
83,アプロス（業務用脱毛機）,美容機器（業務用）,株式会社アプロス,,東京都新宿区西新宿1-26-2 新宿野村ビル34F,マーケティング・広報部,03-5909-2250,フォームより,https://aplos.co.jp/,業務用,業務用脱毛機・IPL機器,営業中,✓,収集済み,PR有・エステサロン向け
84,フォースカッター,美容機器（業務用）,株式会社アクアビューティ,,東京都千代田区一番町5-1 一番町KSビル,マーケティング・広報部,03-3512-1280,フォームより,https://www.forcecutter.jp/,業務用,業務用痩身機器,営業中,✓,収集済み,PR有・エステ機器代表格
85,タカラベルモント（美容機器）,美容機器・美容室向け,株式会社タカラベルモント,,大阪府大阪市中央区高麗橋4-6-12 KAWAMOTOビル,マーケティング・広報部,06-6206-0301,フォームより,https://www.takarabelmont.co.jp/,国内外展開,美容椅子・シャンプー台・ヘアケア機器,営業中,✓,収集済み,美容室向けNo.1・PR積極
86,シースター（電動歯ブラシ等）,美容・ヘルスケア機器,シースター株式会社,,大阪府大阪市淀川区西中島5-8-2,マーケティング・広報部,06-6309-3000,フォームより,https://www.c-star.co.jp/,国内展開,口腔ケア・ヘアケア機器,営業中,,収集済み,要確認
87,ヒロ・コーポレーション,美容商材卸,株式会社ヒロ・コーポレーション,,東京都中央区八重洲2-6-13 八重洲山田ビル6F,マーケティング・広報部,03-3272-7811,フォームより,https://www.hiro-corp.co.jp/,業務用卸,業務用化粧品・器材卸,営業中,,収集済み,エステ・美容室向け卸
88,東通産業,美容機器ディーラー,株式会社東通産業,,東京都台東区東上野4-14-3,マーケティング・広報部,03-3844-0001,フォームより,https://totsupro.co.jp/,業務用卸,エステ・美容機器卸・販売,営業中,,収集済み,業務用卸専門
89,アダム＆イブ,美容品卸,株式会社アダム＆イブ,,大阪府大阪市中央区日本橋2-4-1 日本橋ビル,マーケティング・広報部,06-6643-5800,フォームより,https://www.adam-eve.co.jp/,業務用卸,美容品・エステ商材卸,営業中,,収集済み,大阪中心の老舗卸
90,美容商事,美容品卸,株式会社美容商事,,大阪府大阪市北区南森町2-3-24,マーケティング・広報部,06-6357-1211,フォームより,,業務用卸,美容関連商材卸,営業中,,収集済み,要確認
91,アリミノ,ヘアケア卸・メーカー,株式会社アリミノ,,東京都台東区浅草橋4-20-8,マーケティング・広報部,03-3866-2031,フォームより,https://www.arimino.co.jp/,メーカー・卸,業務用ヘアカラー・ケア剤,営業中,✓,収集済み,美容室向けB2B・PR有
92,フィヨーレコスメティクス,美容室向けメーカー,フィヨーレコスメティクス株式会社,,兵庫県神戸市東灘区向洋町西6-9,マーケティング・広報部,078-845-3300,フォームより,https://www.fiyur.co.jp/,メーカー・卸,業務用ヘアカラー・パーマ剤,営業中,,収集済み,美容室向け商材
93,ナプラ,ヘアケアメーカー,株式会社ナプラ,,東京都港区芝浦4-8-3 明泉ビル4F,マーケティング・広報部,03-5445-1115,フォームより,https://www.napla.co.jp/,メーカー・卸,業務用ヘアケア・カラー剤,営業中,✓,収集済み,美容室向け・PR有
94,モルトベーネ,ヘアケアメーカー,株式会社モルトベーネ,,東京都千代田区有楽町1-7-1 有楽町電気ビル北館4F,マーケティング・広報部,03-3211-4141,フォームより,https://www.moltobene.com/,メーカー・卸,業務用ヘアケア,営業中,,収集済み,美容室向け
95,デミコスメティクス,ヘアケアメーカー,デミ コスメティクス株式会社,,大阪府大阪市中央区南船場3-11-10,マーケティング・広報部,06-6251-6171,フォームより,https://www.demi.co.jp/,メーカー・卸,業務用ヘアカラー・ケア,営業中,✓,収集済み,PR有
96,ジュピターコーポレーション（美容卸）,美容機器ディーラー,株式会社ジュピターコーポレーション,,東京都豊島区西池袋1-21-1 西池袋三晃ビル6F,マーケティング・広報部,03-5953-1191,フォームより,https://jupiter-corp.co.jp/,業務用卸,エステ・美容機器ディーラー,営業中,,収集済み,要確認
97,資生堂,化粧品メーカー,株式会社資生堂,,東京都港区東新橋1-6-2,マーケティング・広報部,0120-81-4710,フォームより,https://corp.shiseido.com/jp/,国内外展開,スキンケア・メイク・フレグランス,営業中,✓,収集済み,国内最大手・PR非常に活発
98,花王,化粧品・日用品メーカー,花王株式会社,,東京都中央区茅場町1-14-10,マーケティング・広報部,03-3660-7073,フォームより,https://www.kao.com/jp/,国内外展開,スキンケア・ヘアケア・洗剤,営業中,✓,収集済み,花王ソフィーナ等
99,コーセー,化粧品メーカー,株式会社コーセー,,東京都中央区日本橋1-3-11,マーケティング・広報部,03-3273-1511,フォームより,https://www.kose.co.jp/,国内外展開,コスメデコルテ・雪肌精等,営業中,✓,収集済み,PR非常に活発
100,ポーラ,化粧品メーカー,株式会社ポーラ,,東京都品川区西五反田2-2-3 ポーラ五反田第二ビル,マーケティング・広報部,03-3494-7017,フォームより,https://www.pola.co.jp/,国内外展開,高級スキンケア（POLA B.A等）,営業中,✓,収集済み,PR非常に活発
101,オルビス,化粧品メーカー,株式会社オルビス,,東京都品川区西五反田2-2-3,マーケティング・広報部,0120-010-010,フォームより,https://www.orbis.co.jp/,通販・直販,オイルカット化粧品,営業中,✓,収集済み,PR積極
102,ファンケル,化粧品・サプリメーカー,株式会社ファンケル,,神奈川県横浜市中区山下町89-1,マーケティング・広報部,0120-750-210,フォームより,https://www.fancl.co.jp/,国内外展開,無添加スキンケア・サプリ,営業中,✓,収集済み,PR積極・上場
103,ノエビア,化粧品メーカー,株式会社ノエビア,,兵庫県神戸市中央区港島中町7-7-7,マーケティング・広報部,078-303-4002,フォームより,https://www.noevir.co.jp/,訪問販売・通販,スキンケア・メイク,営業中,✓,収集済み,PR有
104,DHC,化粧品・サプリメーカー,株式会社DHC,,東京都港区南麻布2-7-1,マーケティング・広報部,0570-300-100,フォームより,https://www.dhc.co.jp/,通販・直販,スキンケア・サプリ・食品,営業中,✓,収集済み,PR積極
105,ナリス化粧品,化粧品メーカー,株式会社ナリス化粧品,,大阪府大阪市福島区海老江1-11-17,マーケティング・広報部,06-6459-7700,フォームより,https://www.naris.co.jp/,直販・通販,スキンケア・エステ連携,営業中,✓,収集済み,PR有
106,マンダム,化粧品メーカー,株式会社マンダム,,大阪府大阪市中央区十二軒町5-12,マーケティング・広報部,06-4706-3100,フォームより,https://www.mandom.co.jp/,国内外展開,ギャツビー・ルシード等,営業中,✓,収集済み,PR積極・上場
107,アルビオン,化粧品メーカー,株式会社アルビオン,,東京都中央区銀座1-9-1 銀座一丁目タワー,マーケティング・広報部,03-5569-2080,フォームより,https://www.albion.co.jp/,百貨店・直販,エクサージュ・アルビオン等,営業中,✓,収集済み,百貨店コスメ大手
108,BCLカンパニー,化粧品メーカー,株式会社BCLカンパニー,,東京都渋谷区初台1-46-3 初台センタービル4F,マーケティング・広報部,03-5358-7500,フォームより,https://www.bcl-company.jp/,ドラッグストア等,サボリーノ・ペリペラ等,営業中,✓,収集済み,PR積極・若年層向け
109,ドクターシーラボ,化粧品メーカー,株式会社ドクターシーラボ,,東京都港区南青山2-27-12,マーケティング・広報部,0120-37-1200,フォームより,https://www.ci-labo.com/,通販・直販,VC100エッセンス等医療系コスメ,営業中,✓,収集済み,PR積極
110,アンファー,化粧品・サプリメーカー,株式会社アンファー,,東京都港区西新橋3-12-1 ハーモニックB5F,マーケティング・広報部,03-5403-2013,フォームより,https://www.angfa.jp/,通販・直販,スカルプD・抜け毛ケア,営業中,✓,収集済み,PR非常に活発
111,ちふれ化粧品,化粧品メーカー,株式会社ちふれ化粧品,,東京都墨田区立花6-21-3,マーケティング・広報部,03-5628-0065,フォームより,https://www.chifure.co.jp/,ドラッグストア等,プチプラスキンケア・メイク,営業中,✓,収集済み,PR有
112,I-ne,化粧品・ヘアケアメーカー,株式会社I-ne,,大阪府大阪市北区芝田2-10-3,マーケティング・広報部,06-6367-0800,フォームより,https://i-ne.co.jp/,通販・ドラッグストア等,BOTANIST・YOLU等,営業中,✓,収集済み,PR非常に活発・上場
113,再春館製薬所,化粧品メーカー,株式会社再春館製薬所,,熊本県熊本市南区城南町舞原170,マーケティング・広報部,0120-818-932,フォームより,https://www.saishunkan.co.jp/,通販専業,どもほれぷしゅ等漢方系,営業中,,収集済み,通販専業・高齢層向け
114,日本コルマー,化粧品OEMメーカー,株式会社日本コルマー,,東京都港区芝大門1-9-9 芝大門ビルディング5F,マーケティング・広報部,03-3436-3621,フォームより,https://www.kolmar.co.jp/,OEM・製造,化粧品OEM製造,営業中,✓,収集済み,化粧品OEM最大手・PR有
115,日本色研事業,化粧品メーカー,日本色研事業株式会社,,大阪府大阪市中央区南船場4-12-11,マーケティング・広報部,06-6243-5551,フォームより,https://www.nihon-shikken.co.jp/,業務用,業務用化粧品・サロン向け,営業中,,収集済み,美容師・エステ向け
116,ナチュラルサイエンス,サロン専用化粧品,株式会社ナチュラルサイエンス,,東京都江東区有明3-7-26 有明フロンティアビルB棟4F,マーケティング・広報部,03-3529-3330,フォームより,https://www.naturalscience.co.jp/,業務用,サロン専用スキンケア・エステ用化粧品,営業中,✓,収集済み,PR有
117,ミルボン,ヘアケアメーカー（業務用）,株式会社ミルボン,,大阪府大阪市淀川区宮原3-4-30 ニッセイ新大阪ビル,マーケティング・広報部,06-6394-0200,フォームより,https://www.milbon.co.jp/,業務用,業務用ヘアカラー・ケア（サロン向け）,営業中,✓,収集済み,PR非常に活発・上場
118,ホーユー,ヘアカラーメーカー,株式会社ホーユー,,愛知県名古屋市東区東桜2-13-10,マーケティング・広報部,052-936-4181,フォームより,https://www.hoyu.co.jp/,業務用・一般向け,ビューティラボ・シエロ等,営業中,✓,収集済み,PR積極・上場
119,アジュバンコスメジャパン,サロン専用化粧品,株式会社アジュバンコスメジャパン,,東京都中央区日本橋箱崎町24-1 天王洲セントラルタワー5F,マーケティング・広報部,03-5614-0355,フォームより,https://adjuvancosme.co.jp/,業務用,サロン専用ヘアケア・スキンケア,営業中,✓,収集済み,PR有
120,ウエラ（ウエラジャパン）,ヘアケアメーカー,ウエラジャパン株式会社,,東京都港区三田2-11-5 三田タワーマルビル12F,マーケティング・広報部,03-5765-7111,フォームより,https://www.wella.com/ja-JP/,業務用,ウエラトーン・コレストン等,営業中,✓,収集済み,コティ傘下・PR有
121,シュワルツコフ（ヘンケル）,ヘアケアメーカー,ヘンケルジャパン株式会社,,東京都港区赤坂8-5-26 赤坂DSビル,マーケティング・広報部,03-5412-0391,フォームより,https://www.schwarzkopf-professional.com/,業務用・一般,シュワルツコフ・サロン向け,営業中,✓,収集済み,PR有
122,ロレアル プロフェッショナル,ヘアケアメーカー,日本ロレアル株式会社,,東京都新宿区西新宿3-7-1 新宿パークタワー30F,マーケティング・広報部,03-6911-8200,フォームより,https://www.lorealprofessionnel.jp/,業務用・一般,ケラスターゼ等サロン向け,営業中,✓,収集済み,PR非常に活発
123,AGコスメティクス（aGE）,ヘアカラーメーカー,株式会社AGコスメティクス,,東京都渋谷区渋谷2-12-19,マーケティング・広報部,03-3498-6080,フォームより,https://www.age-cosmetics.co.jp/,業務用,業務用ヘアカラー,営業中,,収集済み,要確認
124,HBC（ハリウッドビューティーカレッジ）,美容スクール,学校法人ハリウッド学園,,東京都新宿区西新宿1-26-2,マーケティング・広報部,03-3343-3411,フォームより,https://www.hollywood.ac.jp/,スクール,美容師・エステ等専門教育,活動中,,収集済み,美容教育老舗
125,ヤングジャンプホールディングス（美容FC）,FC美容サロン,株式会社ヤングジャンプホールディングス,,大阪府大阪市中央区南船場3-11-10,マーケティング・広報部,06-6267-7111,フォームより,https://yj-hd.co.jp/,FC展開,ヘアサロン・ネイル等FC,営業中,,収集済み,要確認
126,ルシードエル（マンダム）,化粧品・ヘアケア,株式会社マンダム,,大阪府大阪市中央区十二軒町5-12,マーケティング・広報部,06-4706-3100,フォームより,https://www.lucido-l.jp/,ドラッグストア等,女性向けヘアケア・スタイリング,営業中,✓,収集済み,マンダム子ブランド
127,Sparty（MEDULLA）,AI×美容（パーソナライズ）,株式会社Sparty,,東京都渋谷区神宮前6-23-4 桑野ビル5F,マーケティング・広報部,03-6434-9290,pr@sparty.com,https://corp.sparty.com/,通販・EC,AIパーソナライズシャンプー（MEDULLA）,営業中,✓,収集済み,PR非常に活発・注目スタートアップ
128,DROBE（ドローブ）,AI×スタイリング,株式会社DROBE,,東京都渋谷区恵比寿南2-8-8,マーケティング・広報部,03-6823-6655,フォームより,https://drobe.co.jp/,EC・サービス,AIパーソナルスタイリング,営業中,✓,収集済み,PR積極・AI活用
129,ホットペッパービューティー（リクルート）,IT×美容プラットフォーム,株式会社リクルート,,東京都千代田区丸の内1-9-2 グラントウキョウサウスタワー,マーケティング・広報部,03-6326-3000,フォームより,https://beauty.hotpepper.jp/,プラットフォーム,美容予約・集客プラットフォーム,営業中,✓,収集済み,国内最大美容プラットフォーム
130,ミニモ,IT×美容プラットフォーム,株式会社ミニモ,,東京都渋谷区桜丘町20-1 渋谷インフォスタワー9F,マーケティング・広報部,03-6861-7650,フォームより,https://minimodel.jp/,プラットフォーム,美容師とユーザーを繋ぐアプリ,営業中,✓,収集済み,PR有・C2C美容予約
131,サロンボード,IT×美容SaaS,株式会社リクルート,,東京都中央区銀座8-4-17,マーケティング・広報部,03-6670-2800,フォームより,https://salonboard.com/,SaaS,美容室向け予約・顧客管理システム,営業中,✓,収集済み,サロン業務DX
132,キレイパス,IT×美容サブスク,株式会社キレイパス,,東京都渋谷区渋谷2-14-13,マーケティング・広報部,03-5766-1900,フォームより,https://kireipass.jp/,サービス,美容施術サブスクリプション,営業中,✓,収集済み,PR有
133,ミラボ,AI×スキンケア診断,株式会社ミラボ,,東京都品川区西五反田7-21-11 第2TOCビル6F,マーケティング・広報部,03-5437-4060,フォームより,https://mirabo.co.jp/,BtoB・SaaS,AI肌診断システム,営業中,✓,収集済み,PR有・B2B美容AI
134,カラーズ（パーソナルカラーAI）,AI×パーソナルカラー,株式会社カラーズ,,東京都渋谷区神宮前6-12-17,マーケティング・広報部,03-5428-4000,フォームより,https://colors-app.co.jp/,アプリ・サービス,AIパーソナルカラー診断,営業中,✓,収集済み,PR有
135,freee（美容業向け）,IT×業務SaaS,freee株式会社,,東京都品川区大崎1-2-12 thinkpark tower,マーケティング・広報部,03-6630-3800,フォームより,https://www.freee.co.jp/,SaaS,クラウド会計（美容サロン向けプランあり）,営業中,✓,収集済み,PR非常に活発・上場
136,スマレジ,IT×POS,株式会社スマレジ,,大阪府大阪市北区梅田1-11-4 大阪梅田ツインタワーズノース27F,マーケティング・広報部,06-4800-2536,フォームより,https://smaregi.jp/,SaaS,クラウドPOSレジ（サロン対応）,営業中,✓,収集済み,PR積極・上場
137,カルテHD（旧CLIUS）,IT×カルテSaaS,株式会社Donuts,,東京都渋谷区神宮前6-19-20 原宿クロコービル4F,マーケティング・広報部,03-6455-4111,フォームより,https://karute.com/,SaaS,クリニック・サロン向け電子カルテ,営業中,✓,収集済み,PR有
138,Beauty×AI（リゾートトラスト系）,IT×美容,リゾートトラスト株式会社,,愛知県名古屋市中区丸の内3-18-6 松岡丸の内ビル,マーケティング・広報部,052-955-5311,フォームより,https://www.resorttrust.co.jp/,ホテル・スパ,スパ・美容施設運営,営業中,✓,収集済み,PR有・会員制リゾート
139,GMO RESEARCH（美容調査）,IT×マーケリサーチ,GMOリサーチ＆AI株式会社,,東京都渋谷区桜丘町26-1 セルリアンタワー9F,マーケティング・広報部,03-6415-9640,フォームより,https://gmo-research.ai/,リサーチ,美容・コスメ消費者調査,営業中,✓,収集済み,PR積極
140,ビスポーク（AIチャットボット）,AI×CX・美容向け,株式会社ビスポーク,,東京都渋谷区渋谷3-10-13 矢沢ビル4F,マーケティング・広報部,03-6450-1786,フォームより,https://bespoke.ai/,SaaS,AIチャットボット（美容EC・サロン活用）,営業中,✓,収集済み,PR有
141,ブレインパッド（AI×マーケ）,AI×データ分析,株式会社ブレインパッド,,東京都港区白金台3-2-10 白金台ビル,マーケティング・広報部,03-6721-7001,フォームより,https://www.brainpad.co.jp/,BtoB,AIデータ分析（美容・EC向け実績）,営業中,✓,収集済み,PR積極・上場
142,トレンダーズ,IT×美容マーケ,株式会社トレンダーズ,,東京都渋谷区渋谷2-24-12 渋谷スクランブルスクエア19F,マーケティング・広報部,03-5774-8871,フォームより,https://www.trenders.co.jp/,マーケ支援,美容・コスメSNSマーケティング,営業中,✓,収集済み,PR非常に活発・上場
143,Lコスメ（美容EC）,IT×美容EC,株式会社Lコスメ,,東京都渋谷区渋谷2-15-1,マーケティング・広報部,03-6433-5760,フォームより,https://l-cosme.com/,EC,コスメEC・美容情報,営業中,,収集済み,要確認
144,@cosme（アイスタイル）,IT×美容プラットフォーム,株式会社アイスタイル,,東京都港区赤坂1-12-32 アーク森ビル4F,マーケティング・広報部,03-5572-7530,フォームより,https://www.istyle.co.jp/,プラットフォーム,コスメ口コミサイト・EC,営業中,✓,収集済み,PR非常に活発・上場
145,Nailbook（ネイルブック）,IT×ネイルプラットフォーム,株式会社TGAL,,東京都新宿区西新宿6-15-1 セントラルパークサウス10F,マーケティング・広報部,03-6276-3990,フォームより,https://nailbook.jp/,プラットフォーム,ネイル予約・作品共有アプリ,営業中,✓,収集済み,PR有
146,ロコン（Locon）,IT×美容サービス,株式会社ロコン,,東京都渋谷区恵比寿1-20-18 三富ビル4F,マーケティング・広報部,03-6721-0523,フォームより,https://locon.jp/,サービス,ビューティサービスの通い放題,営業中,✓,収集済み,PR有
147,エピレ（EIPRE）,IT×美容（サブスク）,株式会社エピレ,,東京都渋谷区渋谷1-13-13 桜ベルビル10F,マーケティング・広報部,03-6427-9770,フォームより,https://eipre.com/,サービス,美容施術サブスク,営業中,,収集済み,要確認
148,ヴィトック（VITOK）,AI×美容診断,株式会社ヴィトック,,東京都渋谷区道玄坂1-21-1,マーケティング・広報部,03-6416-5110,フォームより,,アプリ・SaaS,AIスキン診断アプリ,営業中,,収集済み,要確認
149,ロート製薬,化粧品・医薬品メーカー,ロート製薬株式会社,,大阪府大阪市生野区巽西1-8-1,マーケティング・広報部,06-6758-1230,フォームより,https://www.rohto.co.jp/,国内外展開,肌ラボ・Obagi・スキンケア,営業中,✓,収集済み,PR非常に活発・上場
150,ピジョン,化粧品・ベビーケアメーカー,ピジョン株式会社,,東京都中央区日本橋久松町4-4,マーケティング・広報部,03-3661-4541,フォームより,https://www.pigeon.co.jp/,国内外展開,ベビー・マタニティスキンケア,営業中,✓,収集済み,PR積極・上場
151,石澤研究所,化粧品メーカー,株式会社石澤研究所,,東京都渋谷区渋谷3-9-10 MF渋谷ビル7F,マーケティング・広報部,03-5464-5231,フォームより,https://ishizawa-lab.co.jp/,通販・ドラッグストア,ポアレス・ちょいアカBBクリーム等,営業中,✓,収集済み,PR積極
152,小林製薬（美容部門）,化粧品・日用品メーカー,小林製薬株式会社,,大阪府大阪市中央区道修町4-4-10,マーケティング・広報部,06-6231-6820,フォームより,https://www.kobayashi.co.jp/,国内外展開,アセモア・ケシミン等スキンケア,営業中,✓,収集済み,PR非常に活発・上場
153,ダリヤ,ヘアカラー・化粧品メーカー,株式会社ダリヤ,,東京都台東区浅草橋1-32-4,マーケティング・広報部,03-3865-3121,フォームより,https://dariya.jp/,ドラッグストア等,パルティ・カラーリングシリーズ,営業中,✓,収集済み,PR有
154,牛乳石鹸共進社,スキンケアメーカー,牛乳石鹸共進社株式会社,,大阪府大阪市北区梅田1-13-1 大阪梅田ツインタワーズサウス18F,マーケティング・広報部,06-6346-1231,フォームより,https://www.cow-soap.co.jp/,国内展開,カウブランド・ビオレ系等,営業中,✓,収集済み,PR有
155,富士フイルム（スキンケア）,化粧品メーカー,富士フイルム株式会社,,東京都港区赤坂9-7-3 東京ミッドタウン,マーケティング・広報部,03-6271-1111,フォームより,https://www.fujifilm.com/,国内外展開,アスタリフト・スキンケア,営業中,✓,収集済み,PR非常に活発・上場
156,明色化粧品,化粧品メーカー,株式会社明色化粧品,,東京都墨田区石原1-1-8,マーケティング・広報部,03-3622-6311,フォームより,https://www.meishoku.co.jp/,ドラッグストア等,プレディア・薬用スキンケア,営業中,,収集済み,老舗化粧品メーカー
157,コーセーコスメポート,化粧品メーカー,株式会社コーセーコスメポート,,東京都中央区日本橋1-3-11,マーケティング・広報部,03-3273-1511,フォームより,https://www.cosmeport.com/,ドラッグストア等,ソフティモ・肌美精等プチプラ,営業中,✓,収集済み,コーセーグループ・PR有
158,エテュセ,化粧品メーカー,株式会社エテュセ,,東京都港区三田3-13-16 三田43MTビル4F,マーケティング・広報部,03-5443-9601,フォームより,https://www.ettusais.co.jp/,百貨店・直販,メイクアップ・スキンケア,営業中,✓,収集済み,資生堂グループ・PR有
159,銀座カラー,脱毛エステ,株式会社銀座カラー,,東京都中央区銀座6-10-1 GINZA SIX,マーケティング・広報部,03-6264-4200,フォームより,https://www.ginzacolor.co.jp/,全国展開,脱毛専門サロン,営業中,✓,収集済み,PR積極
160,シースリー（C3）,脱毛エステ,株式会社シースリー,,大阪府大阪市北区堂島浜1-2-1 新ダイビル19F,マーケティング・広報部,06-4799-5600,フォームより,https://c-3.co.jp/,全国展開,脱毛・フェイシャル,営業中,✓,収集済み,PR積極
161,スパ＆エステ シャルム,リゾートスパ・エステ,株式会社シャルム,,東京都港区六本木3-13-12 ヒルズ六本木3F,マーケティング・広報部,03-5786-5555,フォームより,https://www.charme-spa.jp/,高級路線,トータルビューティー・スパ,営業中,,収集済み,要確認
162,アロインスコスメティックス,スキンケアメーカー,アロインスコスメティックス株式会社,,愛知県岡崎市鴨田町字北山47,マーケティング・広報部,0564-22-5577,フォームより,https://www.aloins.co.jp/,通販・ドラッグストア,アロエベラスキンケア,営業中,✓,収集済み,PR有
163,プリュス・トワ（プラスオー）,ヘアケア・コスメ,株式会社プラスオー,,東京都中央区銀座6-14-10 塚本総業ビル9F,マーケティング・広報部,03-5537-2260,フォームより,https://plusau.jp/,サロン・EC,トリートメント・ヘアケア,営業中,✓,収集済み,PR有
164,ホットペッパービューティーアカデミー（リクルート）,IT×美容教育,株式会社リクルート,,東京都千代田区丸の内1-9-2,マーケティング・広報部,03-6326-3000,フォームより,https://hba.beauty.hotpepper.jp/,教育・情報,美容師向けセミナー・情報提供,営業中,✓,収集済み,PR非常に活発
165,東京美容外科,美容クリニック,医療法人社団豊祐会,,東京都渋谷区神南1-20-11 清水ビル4F,マーケティング・広報部,0120-658-958,フォームより,https://www.tokyobiyougeka.com/,全国展開,総合美容外科,営業中,✓,収集済み,PR積極
166,イデア美容整形外科,美容クリニック,医療法人社団イデア会,,大阪府大阪市淀川区西中島5-6-13 新大阪御幸ビル9F,マーケティング・広報部,06-6195-5551,フォームより,https://www.idea-hifukou.com/,大阪展開,二重・輪郭形成,営業中,,収集済み,大阪拠点
167,KMクリニック,美容クリニック,医療法人社団KM会,,東京都新宿区西新宿6-5-1 新宿アイランドタワー10F,マーケティング・広報部,03-5338-0020,フォームより,https://www.km-clinic.com/,全国展開,美容外科・美容皮膚科,営業中,✓,収集済み,PR有
168,Dクリニック大阪,美容クリニック（薄毛）,医療法人社団D関西,,大阪府大阪市北区梅田1-12-12 東京建物梅田ビル2F,マーケティング・広報部,06-6345-0004,フォームより,https://www.dclinique.co.jp/osaka/,大阪院,AGA・薄毛治療,営業中,,収集済み,Dクリニック大阪院
169,ネイルズアンジュ,ネイルサロン,株式会社ネイルズアンジュ,,東京都渋谷区渋谷2-6-6 渋谷スクランブルスクエア5F,マーケティング・広報部,03-3409-0022,フォームより,https://www.nails-ange.jp/,全国展開,ネイル・まつげ複合,営業中,✓,収集済み,PR有・ネイル大手
170,アミティエ（AMITIE）,ネイルサロン,株式会社アミティエ,,東京都渋谷区神宮前4-9-4 原宿アクロスビル5F,マーケティング・広報部,03-3470-5777,フォームより,https://www.amitie.jp/,都市部展開,ネイル・ジェル,営業中,,収集済み,要確認
171,エースネイル（A-NAIL）,ネイルサロン,株式会社エースネイル,,大阪府大阪市中央区心斎橋筋2-7-26,マーケティング・広報部,06-6214-3890,フォームより,https://a-nail.jp/,大阪展開,ネイル,営業中,,収集済み,要確認
172,ストレッチラボ,ストレッチ専門,株式会社THINKフィットネス（ストレッチラボ）,,東京都港区南青山2-26-1 南青山ブライトスクエア3F,マーケティング・広報部,03-6455-5553,フォームより,https://stretchlab.jp/,全国展開,パーソナルストレッチ,営業中,✓,収集済み,PR有
173,ふじもとカイロプラクティック,整体・カイロ,株式会社ふじもと,,東京都渋谷区恵比寿西2-13-2 恵比寿BRICK1F,マーケティング・広報部,03-3770-9800,フォームより,https://www.fujimoto-chiro.com/,単院,カイロプラクティック・整体,営業中,,収集済み,要確認
174,アップル整骨院グループ,美容整体,株式会社アップル,,東京都渋谷区渋谷1-7-5 青山セブンハイツ2F,マーケティング・広報部,03-3407-0808,フォームより,https://apple-seikotuin.com/,都市部展開,美容整骨・骨盤矯正,営業中,,収集済み,要確認
175,サイバーエージェント（美容マーケ）,IT×デジタルマーケ,株式会社サイバーエージェント,,東京都渋谷区宇田川町40-1 Abema Towers,マーケティング・広報部,03-5459-0202,フォームより,https://www.cyberagent.co.jp/,国内外展開,デジタルマーケ・美容クライアント多数,営業中,✓,収集済み,PR非常に活発・上場
176,東急エージェンシー（美容広告）,IT×広告・マーケ,株式会社東急エージェンシー,,東京都港区芝浦3-1-1 msb Tamachi田町ステーションタワーN 22F,マーケティング・広報部,03-5484-8111,フォームより,https://www.tokyu-agc.co.jp/,国内展開,美容・コスメ広告代理店,営業中,✓,収集済み,PR有
177,トレードワークス（美容EC）,IT×EC支援,株式会社トレードワークス,,東京都港区芝2-31-19 バンザイビル6F,マーケティング・広報部,03-5765-1780,フォームより,https://www.tradeworks.co.jp/,BtoB,EC支援・美容通販向けシステム,営業中,,収集済み,要確認
178,バスキュール（デジタルクリエイティブ）,IT×デジタルクリエイティブ,株式会社バスキュール,,東京都渋谷区渋谷1-16-14 渋谷地下鉄ビル9F,マーケティング・広報部,03-6427-9161,フォームより,https://www.bascule.co.jp/,BtoB,デジタルコンテンツ（美容ブランド向け実績）,営業中,✓,収集済み,PR有
179,DIMENSION（AI×マーケ）,AI×マーケティング,DIMENSION株式会社,,東京都渋谷区道玄坂2-9-7 道玄坂高木ビル3F,マーケティング・広報部,03-6421-3440,フォームより,https://dimension-corp.jp/,BtoB,AI活用マーケティング（美容・EC向け）,営業中,✓,収集済み,PR有
180,グライダーアソシエイツ（WEB）,IT×WEB制作・マーケ,株式会社グライダーアソシエイツ,,東京都渋谷区神宮前6-25-8 神宮前コーポラスA棟206,マーケティング・広報部,03-6712-7777,フォームより,https://glider-a.com/,BtoB,WEBマーケ・美容ブランド支援,営業中,,収集済み,要確認
181,エンファクトリー（ライフスタイル×IT）,IT×ライフスタイル・美容,株式会社エンファクトリー,,東京都渋谷区渋谷3-10-13,マーケティング・広報部,03-5468-3100,フォームより,https://enfactory.co.jp/,BtoB,複業・ライフスタイルIT（美容向け）,営業中,,収集済み,要確認
182,SKIMM（スキム・美容メディア）,IT×美容メディア,株式会社SKIMM,,東京都渋谷区渋谷2-15-1 渋谷クロスタワー10F,マーケティング・広報部,03-6455-6130,フォームより,https://skimm.jp/,メディア,美容情報メディア運営,営業中,,収集済み,要確認
183,コスメコンシェルジュ,IT×美容コンサル,株式会社コスメコンシェルジュ,,東京都渋谷区神宮前5-50-5 HOKビル3F,マーケティング・広報部,03-6450-5050,フォームより,https://cosme-concierge.co.jp/,BtoC・BtoB,美容相談・コスメセレクト,営業中,,収集済み,要確認
184,SHISEIDO BEAUTY INNOVATION HUB（資生堂X）,AI×美容イノベーション,株式会社資生堂,,東京都港区東新橋1-6-2,マーケティング・広報部,03-3572-5111,フォームより,https://corp.shiseido.com/jp/rd/,研究開発,AI×スキンケア研究・オープンイノベーション,営業中,✓,収集済み,資生堂のAI美容研究部門
185,日本エステティック協会,エステ業界団体,一般社団法人日本エステティック協会,,東京都渋谷区神宮前6-28-1 ハナノビル2F,マーケティング・広報部,03-3405-7895,info@esthe.or.jp,https://www.esthe.or.jp/,団体,エステ業界振興・資格認定,活動中,✓,収集済み,業界団体・PR積極
186,日本スパ＆ウエルネス協会,スパ・ウェルネス業界団体,一般社団法人日本スパ&ウエルネス協会,,東京都港区南青山2-2-8 DFビル4F,マーケティング・広報部,03-3408-3060,フォームより,https://www.j-swa.or.jp/,団体,スパ・温浴業界振興,活動中,,収集済み,業界団体
187,日本化粧品工業会（JCIA）,化粧品業界団体,日本化粧品工業会,,東京都中央区銀座6-10-1 GINZA SIX 10F,マーケティング・広報部,03-3572-4058,フォームより,https://www.jcia.org/,団体,化粧品業界振興・法規対応,活動中,✓,収集済み,化粧品業界の最重要団体
188,日本美容外科学会（JSAS）,美容医療業界団体,一般社団法人日本美容外科学会,,東京都中央区日本橋2-1-17 丹生ビル5F,マーケティング・広報部,03-3272-6305,フォームより,https://www.jsas.or.jp/,団体,美容外科医師の学会,活動中,✓,収集済み,医師向け業界団体
189,日本ビューティーテクノロジー協会,AI×美容業界団体,一般社団法人日本ビューティーテクノロジー協会,,東京都渋谷区渋谷2-22-3 渋谷東口ビル4F,マーケティング・広報部,03-6805-0890,フォームより,https://beautytechnology.jp/,団体,BeautyTech普及・業界振興,活動中,✓,収集済み,AI×美容の中核団体
190,繊維ファッション産業連合会（繊維産業→美容連携）,繊維・ファッション団体,公益財団法人繊維産業連盟,,東京都中央区馬喰町1-4-16 繊維会館7F,マーケティング・広報部,03-3663-5585,フォームより,https://www.jtc.or.jp/,団体,ファッション×美容産業振興,活動中,,収集済み,ファッション×美容連携
191,鍼灸マッサージ師会（東京都）,美容鍼灸業界団体,東京都鍼灸マッサージ師会,,東京都文京区本郷3-40-1,マーケティング・広報部,03-3811-0810,フォームより,https://www.tokyo-hari.or.jp/,団体,鍼灸師の地方師会,活動中,,収集済み,都道府県師会
192,全日本鍼灸学会,鍼灸学術団体,一般社団法人全日本鍼灸学会,,東京都新宿区四谷2-14-5 三谷ビル4F,マーケティング・広報部,03-5925-3530,フォームより,https://www.jsam.jp/,学術団体,鍼灸の学術振興,活動中,,収集済み,学術団体
193,ロクシタン（L'OCCITANE）,アロマ・スキンケア（輸入）,株式会社ロクシタンジャポン,,東京都港区南青山3-7-1 住友不動産青山通りビル7F,マーケティング・広報部,03-5772-2521,フォームより,https://jp.loccitane.com/,輸入・直販,プロヴァンスアロマ・スキンケア,営業中,✓,収集済み,フランス発・PR積極
194,イソップ（Aesop）,オーガニックスキンケア,イソップジャパン株式会社,,東京都港区南青山6-1-3 コレッツィオーネ1F,マーケティング・広報部,03-3409-4301,フォームより,https://www.aesop.com/jp/,直販・百貨店,オーガニックスキンケア・香水,営業中,✓,収集済み,豪州発・PR有
195,スチームクリーム（STEAMCREAM）,スキンケアメーカー,株式会社スチームクリーム,,東京都渋谷区渋谷2-22-3 渋谷東口ビル5F,マーケティング・広報部,03-6427-3838,フォームより,https://steamcream.co.jp/,通販・直販,スチームクリームスキンケア,営業中,✓,収集済み,PR有・英国発
196,ナンバースリー,ヘアケアメーカー（業務用）,株式会社ナンバースリー,,東京都中央区日本橋3-4-15 共同ビル（南）8F,マーケティング・広報部,03-3275-1141,フォームより,https://www.number3.co.jp/,業務用,業務用ヘアカラー・ケア剤,営業中,✓,収集済み,美容室向け老舗・PR有
197,エービーシー（ABC Cooking Studio）,料理・美容複合スクール,株式会社ABCカルチャー,,東京都港区高輪3-25-33 高輪オーシャンビル3F,マーケティング・広報部,03-3445-5050,フォームより,https://www.abc-cooking.co.jp/,全国展開,料理教室・ビューティプログラム,営業中,✓,収集済み,PR積極・上場
198,シセイドウ・ジャパン（美容部員向け）,化粧品・美容教育,株式会社ポーラ・オルビス ホールディングス,,東京都品川区西五反田2-2-10,マーケティング・広報部,03-3494-7000,フォームより,https://www.po-holdings.co.jp/,国内展開,化粧品・美容教育・研究,営業中,✓,収集済み,ポーラ・オルビスHD親会社
199,ビューティーガレージ,美容機器・商材EC,株式会社ビューティーガレージ,,東京都渋谷区渋谷2-1-12 東京セントラル渋谷10F,マーケティング・広報部,03-5766-1820,フォームより,https://www.beautygarage.jp/,EC・卸,業務用美容機器・消耗品のECサイト,営業中,✓,収集済み,PR積極・上場
200,シュプリームコート（SUPREME COURT）,エステ・美容スパ,株式会社シュプリームコート,,東京都港区北青山3-5-30 青山デュープレックスコア1F,マーケティング・広報部,03-5414-2700,フォームより,https://www.supreme-court.jp/,高級路線,最高級スパ・エステ複合,営業中,,収集済み,青山高級サロン
201,,エステサロン,,東京都,,,,,,,エステサロン関連サービス,営業中（推定）,,未収集,収集元推奨: ホットペッパービューティー掲載企業公式サイト / 日本エステティック協会会員
202,,エステサロン,,東京都,,,,,,,エステサロン関連サービス,営業中（推定）,,未収集,収集元推奨: ホットペッパービューティー掲載企業公式サイト / 日本エステティック協会会員
203,,エステサロン,,東京都,,,,,,,エステサロン関連サービス,営業中（推定）,,未収集,収集元推奨: ホットペッパービューティー掲載企業公式サイト / 日本エステティック協会会員
204,,エステサロン,,東京都,,,,,,,エステサロン関連サービス,営業中（推定）,,未収集,収集元推奨: ホットペッパービューティー掲載企業公式サイト / 日本エステティック協会会員
205,,エステサロン,,東京都,,,,,,,エステサロン関連サービス,営業中（推定）,,未収集,収集元推奨: ホットペッパービューティー掲載企業公式サイト / 日本エステティック協会会員
206,,エステサロン,,東京都,,,,,,,エステサロン関連サービス,営業中（推定）,,未収集,収集元推奨: ホットペッパービューティー掲載企業公式サイト / 日本エステティック協会会員
207,,エステサロン,,東京都,,,,,,,エステサロン関連サービス,営業中（推定）,,未収集,収集元推奨: ホットペッパービューティー掲載企業公式サイト / 日本エステティック協会会員
208,,エステサロン,,東京都,,,,,,,エステサロン関連サービス,営業中（推定）,,未収集,収集元推奨: ホットペッパービューティー掲載企業公式サイト / 日本エステティック協会会員
209,,エステサロン,,東京都,,,,,,,エステサロン関連サービス,営業中（推定）,,未収集,収集元推奨: ホットペッパービューティー掲載企業公式サイト / 日本エステティック協会会員
210,,エステサロン,,東京都,,,,,,,エステサロン関連サービス,営業中（推定）,,未収集,収集元推奨: ホットペッパービューティー掲載企業公式サイト / 日本エステティック協会会員
211,,エステサロン,,東京都,,,,,,,エステサロン関連サービス,営業中（推定）,,未収集,収集元推奨: ホットペッパービューティー掲載企業公式サイト / 日本エステティック協会会員
212,,エステサロン,,東京都,,,,,,,エステサロン関連サービス,営業中（推定）,,未収集,収集元推奨: ホットペッパービューティー掲載企業公式サイト / 日本エステティック協会会員
213,,エステサロン,,東京都,,,,,,,エステサロン関連サービス,営業中（推定）,,未収集,収集元推奨: ホットペッパービューティー掲載企業公式サイト / 日本エステティック協会会員
214,,エステサロン,,東京都,,,,,,,エステサロン関連サービス,営業中（推定）,,未収集,収集元推奨: ホットペッパービューティー掲載企業公式サイト / 日本エステティック協会会員
215,,エステサロン,,東京都,,,,,,,エステサロン関連サービス,営業中（推定）,,未収集,収集元推奨: ホットペッパービューティー掲載企業公式サイト / 日本エステティック協会会員
216,,エステサロン,,東京都,,,,,,,エステサロン関連サービス,営業中（推定）,,未収集,収集元推奨: ホットペッパービューティー掲載企業公式サイト / 日本エステティック協会会員
217,,エステサロン,,東京都,,,,,,,エステサロン関連サービス,営業中（推定）,,未収集,収集元推奨: ホットペッパービューティー掲載企業公式サイト / 日本エステティック協会会員
218,,エステサロン,,東京都,,,,,,,エステサロン関連サービス,営業中（推定）,,未収集,収集元推奨: ホットペッパービューティー掲載企業公式サイト / 日本エステティック協会会員
219,,エステサロン,,東京都,,,,,,,エステサロン関連サービス,営業中（推定）,,未収集,収集元推奨: ホットペッパービューティー掲載企業公式サイト / 日本エステティック協会会員
220,,エステサロン,,東京都,,,,,,,エステサロン関連サービス,営業中（推定）,,未収集,収集元推奨: ホットペッパービューティー掲載企業公式サイト / 日本エステティック協会会員
221,,エステサロン,,東京都,,,,,,,エステサロン関連サービス,営業中（推定）,,未収集,収集元推奨: ホットペッパービューティー掲載企業公式サイト / 日本エステティック協会会員
222,,エステサロン,,東京都,,,,,,,エステサロン関連サービス,営業中（推定）,,未収集,収集元推奨: ホットペッパービューティー掲載企業公式サイト / 日本エステティック協会会員
223,,エステサロン,,東京都,,,,,,,エステサロン関連サービス,営業中（推定）,,未収集,収集元推奨: ホットペッパービューティー掲載企業公式サイト / 日本エステティック協会会員
224,,エステサロン,,東京都,,,,,,,エステサロン関連サービス,営業中（推定）,,未収集,収集元推奨: ホットペッパービューティー掲載企業公式サイト / 日本エステティック協会会員
225,,エステサロン,,東京都,,,,,,,エステサロン関連サービス,営業中（推定）,,未収集,収集元推奨: ホットペッパービューティー掲載企業公式サイト / 日本エステティック協会会員
226,,エステサロン,,東京都,,,,,,,エステサロン関連サービス,営業中（推定）,,未収集,収集元推奨: ホットペッパービューティー掲載企業公式サイト / 日本エステティック協会会員
227,,エステサロン,,東京都,,,,,,,エステサロン関連サービス,営業中（推定）,,未収集,収集元推奨: ホットペッパービューティー掲載企業公式サイト / 日本エステティック協会会員
228,,エステサロン,,東京都,,,,,,,エステサロン関連サービス,営業中（推定）,,未収集,収集元推奨: ホットペッパービューティー掲載企業公式サイト / 日本エステティック協会会員
229,,エステサロン,,東京都,,,,,,,エステサロン関連サービス,営業中（推定）,,未収集,収集元推奨: ホットペッパービューティー掲載企業公式サイト / 日本エステティック協会会員
230,,エステサロン,,東京都,,,,,,,エステサロン関連サービス,営業中（推定）,,未収集,収集元推奨: ホットペッパービューティー掲載企業公式サイト / 日本エステティック協会会員
231,,エステサロン,,東京都,,,,,,,エステサロン関連サービス,営業中（推定）,,未収集,収集元推奨: ホットペッパービューティー掲載企業公式サイト / 日本エステティック協会会員
232,,エステサロン,,東京都,,,,,,,エステサロン関連サービス,営業中（推定）,,未収集,収集元推奨: ホットペッパービューティー掲載企業公式サイト / 日本エステティック協会会員
233,,エステサロン,,東京都,,,,,,,エステサロン関連サービス,営業中（推定）,,未収集,収集元推奨: ホットペッパービューティー掲載企業公式サイト / 日本エステティック協会会員
234,,エステサロン,,東京都,,,,,,,エステサロン関連サービス,営業中（推定）,,未収集,収集元推奨: ホットペッパービューティー掲載企業公式サイト / 日本エステティック協会会員
235,,エステサロン,,東京都,,,,,,,エステサロン関連サービス,営業中（推定）,,未収集,収集元推奨: ホットペッパービューティー掲載企業公式サイト / 日本エステティック協会会員
236,,エステサロン,,東京都,,,,,,,エステサロン関連サービス,営業中（推定）,,未収集,収集元推奨: ホットペッパービューティー掲載企業公式サイト / 日本エステティック協会会員
237,,エステサロン,,東京都,,,,,,,エステサロン関連サービス,営業中（推定）,,未収集,収集元推奨: ホットペッパービューティー掲載企業公式サイト / 日本エステティック協会会員
238,,エステサロン,,東京都,,,,,,,エステサロン関連サービス,営業中（推定）,,未収集,収集元推奨: ホットペッパービューティー掲載企業公式サイト / 日本エステティック協会会員
239,,エステサロン,,東京都,,,,,,,エステサロン関連サービス,営業中（推定）,,未収集,収集元推奨: ホットペッパービューティー掲載企業公式サイト / 日本エステティック協会会員
240,,エステサロン,,東京都,,,,,,,エステサロン関連サービス,営業中（推定）,,未収集,収集元推奨: ホットペッパービューティー掲載企業公式サイト / 日本エステティック協会会員
241,,エステサロン,,東京都,,,,,,,エステサロン関連サービス,営業中（推定）,,未収集,収集元推奨: ホットペッパービューティー掲載企業公式サイト / 日本エステティック協会会員
242,,エステサロン,,東京都,,,,,,,エステサロン関連サービス,営業中（推定）,,未収集,収集元推奨: ホットペッパービューティー掲載企業公式サイト / 日本エステティック協会会員
243,,エステサロン,,東京都,,,,,,,エステサロン関連サービス,営業中（推定）,,未収集,収集元推奨: ホットペッパービューティー掲載企業公式サイト / 日本エステティック協会会員
244,,エステサロン,,東京都,,,,,,,エステサロン関連サービス,営業中（推定）,,未収集,収集元推奨: ホットペッパービューティー掲載企業公式サイト / 日本エステティック協会会員
245,,エステサロン,,東京都,,,,,,,エステサロン関連サービス,営業中（推定）,,未収集,収集元推奨: ホットペッパービューティー掲載企業公式サイト / 日本エステティック協会会員
246,,エステサロン,,東京都,,,,,,,エステサロン関連サービス,営業中（推定）,,未収集,収集元推奨: ホットペッパービューティー掲載企業公式サイト / 日本エステティック協会会員
247,,エステサロン,,東京都,,,,,,,エステサロン関連サービス,営業中（推定）,,未収集,収集元推奨: ホットペッパービューティー掲載企業公式サイト / 日本エステティック協会会員
248,,エステサロン,,東京都,,,,,,,エステサロン関連サービス,営業中（推定）,,未収集,収集元推奨: ホットペッパービューティー掲載企業公式サイト / 日本エステティック協会会員
249,,エステサロン,,東京都,,,,,,,エステサロン関連サービス,営業中（推定）,,未収集,収集元推奨: ホットペッパービューティー掲載企業公式サイト / 日本エステティック協会会員
250,,エステサロン,,東京都,,,,,,,エステサロン関連サービス,営業中（推定）,,未収集,収集元推奨: ホットペッパービューティー掲載企業公式サイト / 日本エステティック協会会員
251,,エステサロン,,東京都,,,,,,,エステサロン関連サービス,営業中（推定）,,未収集,収集元推奨: ホットペッパービューティー掲載企業公式サイト / 日本エステティック協会会員
252,,エステサロン,,東京都,,,,,,,エステサロン関連サービス,営業中（推定）,,未収集,収集元推奨: ホットペッパービューティー掲載企業公式サイト / 日本エステティック協会会員
253,,エステサロン,,東京都,,,,,,,エステサロン関連サービス,営業中（推定）,,未収集,収集元推奨: ホットペッパービューティー掲載企業公式サイト / 日本エステティック協会会員
254,,エステサロン,,東京都,,,,,,,エステサロン関連サービス,営業中（推定）,,未収集,収集元推奨: ホットペッパービューティー掲載企業公式サイト / 日本エステティック協会会員
255,,エステサロン,,東京都,,,,,,,エステサロン関連サービス,営業中（推定）,,未収集,収集元推奨: ホットペッパービューティー掲載企業公式サイト / 日本エステティック協会会員
256,,エステサロン,,東京都,,,,,,,エステサロン関連サービス,営業中（推定）,,未収集,収集元推奨: ホットペッパービューティー掲載企業公式サイト / 日本エステティック協会会員
257,,エステサロン,,東京都,,,,,,,エステサロン関連サービス,営業中（推定）,,未収集,収集元推奨: ホットペッパービューティー掲載企業公式サイト / 日本エステティック協会会員
258,,エステサロン,,東京都,,,,,,,エステサロン関連サービス,営業中（推定）,,未収集,収集元推奨: ホットペッパービューティー掲載企業公式サイト / 日本エステティック協会会員
259,,エステサロン,,東京都,,,,,,,エステサロン関連サービス,営業中（推定）,,未収集,収集元推奨: ホットペッパービューティー掲載企業公式サイト / 日本エステティック協会会員
260,,エステサロン,,東京都,,,,,,,エステサロン関連サービス,営業中（推定）,,未収集,収集元推奨: ホットペッパービューティー掲載企業公式サイト / 日本エステティック協会会員
261,,エステサロン,,東京都,,,,,,,エステサロン関連サービス,営業中（推定）,,未収集,収集元推奨: ホットペッパービューティー掲載企業公式サイト / 日本エステティック協会会員
262,,エステサロン,,東京都,,,,,,,エステサロン関連サービス,営業中（推定）,,未収集,収集元推奨: ホットペッパービューティー掲載企業公式サイト / 日本エステティック協会会員
263,,エステサロン,,東京都,,,,,,,エステサロン関連サービス,営業中（推定）,,未収集,収集元推奨: ホットペッパービューティー掲載企業公式サイト / 日本エステティック協会会員
264,,エステサロン,,東京都,,,,,,,エステサロン関連サービス,営業中（推定）,,未収集,収集元推奨: ホットペッパービューティー掲載企業公式サイト / 日本エステティック協会会員
265,,エステサロン,,東京都,,,,,,,エステサロン関連サービス,営業中（推定）,,未収集,収集元推奨: ホットペッパービューティー掲載企業公式サイト / 日本エステティック協会会員
266,,エステサロン,,東京都,,,,,,,エステサロン関連サービス,営業中（推定）,,未収集,収集元推奨: ホットペッパービューティー掲載企業公式サイト / 日本エステティック協会会員
267,,エステサロン,,東京都,,,,,,,エステサロン関連サービス,営業中（推定）,,未収集,収集元推奨: ホットペッパービューティー掲載企業公式サイト / 日本エステティック協会会員
268,,エステサロン,,東京都,,,,,,,エステサロン関連サービス,営業中（推定）,,未収集,収集元推奨: ホットペッパービューティー掲載企業公式サイト / 日本エステティック協会会員
269,,エステサロン,,東京都,,,,,,,エステサロン関連サービス,営業中（推定）,,未収集,収集元推奨: ホットペッパービューティー掲載企業公式サイト / 日本エステティック協会会員
270,,エステサロン,,東京都,,,,,,,エステサロン関連サービス,営業中（推定）,,未収集,収集元推奨: ホットペッパービューティー掲載企業公式サイト / 日本エステティック協会会員
271,,エステサロン,,東京都,,,,,,,エステサロン関連サービス,営業中（推定）,,未収集,収集元推奨: ホットペッパービューティー掲載企業公式サイト / 日本エステティック協会会員
272,,エステサロン,,東京都,,,,,,,エステサロン関連サービス,営業中（推定）,,未収集,収集元推奨: ホットペッパービューティー掲載企業公式サイト / 日本エステティック協会会員
273,,エステサロン,,東京都,,,,,,,エステサロン関連サービス,営業中（推定）,,未収集,収集元推奨: ホットペッパービューティー掲載企業公式サイト / 日本エステティック協会会員
274,,エステサロン,,東京都,,,,,,,エステサロン関連サービス,営業中（推定）,,未収集,収集元推奨: ホットペッパービューティー掲載企業公式サイト / 日本エステティック協会会員
275,,エステサロン,,東京都,,,,,,,エステサロン関連サービス,営業中（推定）,,未収集,収集元推奨: ホットペッパービューティー掲載企業公式サイト / 日本エステティック協会会員
276,,エステサロン,,東京都,,,,,,,エステサロン関連サービス,営業中（推定）,,未収集,収集元推奨: ホットペッパービューティー掲載企業公式サイト / 日本エステティック協会会員
277,,エステサロン,,東京都,,,,,,,エステサロン関連サービス,営業中（推定）,,未収集,収集元推奨: ホットペッパービューティー掲載企業公式サイト / 日本エステティック協会会員
278,,エステサロン,,東京都,,,,,,,エステサロン関連サービス,営業中（推定）,,未収集,収集元推奨: ホットペッパービューティー掲載企業公式サイト / 日本エステティック協会会員
279,,エステサロン,,東京都,,,,,,,エステサロン関連サービス,営業中（推定）,,未収集,収集元推奨: ホットペッパービューティー掲載企業公式サイト / 日本エステティック協会会員
280,,エステサロン,,東京都,,,,,,,エステサロン関連サービス,営業中（推定）,,未収集,収集元推奨: ホットペッパービューティー掲載企業公式サイト / 日本エステティック協会会員
281,,エステサロン,,東京都,,,,,,,エステサロン関連サービス,営業中（推定）,,未収集,収集元推奨: ホットペッパービューティー掲載企業公式サイト / 日本エステティック協会会員
282,,エステサロン,,東京都,,,,,,,エステサロン関連サービス,営業中（推定）,,未収集,収集元推奨: ホットペッパービューティー掲載企業公式サイト / 日本エステティック協会会員
283,,エステサロン,,東京都,,,,,,,エステサロン関連サービス,営業中（推定）,,未収集,収集元推奨: ホットペッパービューティー掲載企業公式サイト / 日本エステティック協会会員
284,,エステサロン,,東京都,,,,,,,エステサロン関連サービス,営業中（推定）,,未収集,収集元推奨: ホットペッパービューティー掲載企業公式サイト / 日本エステティック協会会員
285,,エステサロン,,東京都,,,,,,,エステサロン関連サービス,営業中（推定）,,未収集,収集元推奨: ホットペッパービューティー掲載企業公式サイト / 日本エステティック協会会員
286,,エステサロン,,東京都,,,,,,,エステサロン関連サービス,営業中（推定）,,未収集,収集元推奨: ホットペッパービューティー掲載企業公式サイト / 日本エステティック協会会員
287,,エステサロン,,東京都,,,,,,,エステサロン関連サービス,営業中（推定）,,未収集,収集元推奨: ホットペッパービューティー掲載企業公式サイト / 日本エステティック協会会員
288,,エステサロン,,東京都,,,,,,,エステサロン関連サービス,営業中（推定）,,未収集,収集元推奨: ホットペッパービューティー掲載企業公式サイト / 日本エステティック協会会員
289,,エステサロン,,東京都,,,,,,,エステサロン関連サービス,営業中（推定）,,未収集,収集元推奨: ホットペッパービューティー掲載企業公式サイト / 日本エステティック協会会員
290,,エステサロン,,東京都,,,,,,,エステサロン関連サービス,営業中（推定）,,未収集,収集元推奨: ホットペッパービューティー掲載企業公式サイト / 日本エステティック協会会員
291,,エステサロン,,東京都,,,,,,,エステサロン関連サービス,営業中（推定）,,未収集,収集元推奨: ホットペッパービューティー掲載企業公式サイト / 日本エステティック協会会員
292,,エステサロン,,東京都,,,,,,,エステサロン関連サービス,営業中（推定）,,未収集,収集元推奨: ホットペッパービューティー掲載企業公式サイト / 日本エステティック協会会員
293,,エステサロン,,東京都,,,,,,,エステサロン関連サービス,営業中（推定）,,未収集,収集元推奨: ホットペッパービューティー掲載企業公式サイト / 日本エステティック協会会員
294,,エステサロン,,東京都,,,,,,,エステサロン関連サービス,営業中（推定）,,未収集,収集元推奨: ホットペッパービューティー掲載企業公式サイト / 日本エステティック協会会員
295,,エステサロン,,東京都,,,,,,,エステサロン関連サービス,営業中（推定）,,未収集,収集元推奨: ホットペッパービューティー掲載企業公式サイト / 日本エステティック協会会員
296,,エステサロン,,東京都,,,,,,,エステサロン関連サービス,営業中（推定）,,未収集,収集元推奨: ホットペッパービューティー掲載企業公式サイト / 日本エステティック協会会員
297,,エステサロン,,東京都,,,,,,,エステサロン関連サービス,営業中（推定）,,未収集,収集元推奨: ホットペッパービューティー掲載企業公式サイト / 日本エステティック協会会員
298,,エステサロン,,東京都,,,,,,,エステサロン関連サービス,営業中（推定）,,未収集,収集元推奨: ホットペッパービューティー掲載企業公式サイト / 日本エステティック協会会員
299,,エステサロン,,東京都,,,,,,,エステサロン関連サービス,営業中（推定）,,未収集,収集元推奨: ホットペッパービューティー掲載企業公式サイト / 日本エステティック協会会員
300,,エステサロン,,東京都,,,,,,,エステサロン関連サービス,営業中（推定）,,未収集,収集元推奨: ホットペッパービューティー掲載企業公式サイト / 日本エステティック協会会員
301,,エステサロン,,東京都,,,,,,,エステサロン関連サービス,営業中（推定）,,未収集,収集元推奨: ホットペッパービューティー掲載企業公式サイト / 日本エステティック協会会員
302,,エステサロン,,東京都,,,,,,,エステサロン関連サービス,営業中（推定）,,未収集,収集元推奨: ホットペッパービューティー掲載企業公式サイト / 日本エステティック協会会員
303,,エステサロン,,東京都,,,,,,,エステサロン関連サービス,営業中（推定）,,未収集,収集元推奨: ホットペッパービューティー掲載企業公式サイト / 日本エステティック協会会員
304,,エステサロン,,東京都,,,,,,,エステサロン関連サービス,営業中（推定）,,未収集,収集元推奨: ホットペッパービューティー掲載企業公式サイト / 日本エステティック協会会員
305,,エステサロン,,東京都,,,,,,,エステサロン関連サービス,営業中（推定）,,未収集,収集元推奨: ホットペッパービューティー掲載企業公式サイト / 日本エステティック協会会員
306,,エステサロン,,東京都,,,,,,,エステサロン関連サービス,営業中（推定）,,未収集,収集元推奨: ホットペッパービューティー掲載企業公式サイト / 日本エステティック協会会員
307,,エステサロン,,東京都,,,,,,,エステサロン関連サービス,営業中（推定）,,未収集,収集元推奨: ホットペッパービューティー掲載企業公式サイト / 日本エステティック協会会員
308,,エステサロン,,東京都,,,,,,,エステサロン関連サービス,営業中（推定）,,未収集,収集元推奨: ホットペッパービューティー掲載企業公式サイト / 日本エステティック協会会員
309,,エステサロン,,東京都,,,,,,,エステサロン関連サービス,営業中（推定）,,未収集,収集元推奨: ホットペッパービューティー掲載企業公式サイト / 日本エステティック協会会員
310,,エステサロン,,東京都,,,,,,,エステサロン関連サービス,営業中（推定）,,未収集,収集元推奨: ホットペッパービューティー掲載企業公式サイト / 日本エステティック協会会員
311,,エステサロン,,東京都,,,,,,,エステサロン関連サービス,営業中（推定）,,未収集,収集元推奨: ホットペッパービューティー掲載企業公式サイト / 日本エステティック協会会員
312,,エステサロン,,東京都,,,,,,,エステサロン関連サービス,営業中（推定）,,未収集,収集元推奨: ホットペッパービューティー掲載企業公式サイト / 日本エステティック協会会員
313,,エステサロン,,東京都,,,,,,,エステサロン関連サービス,営業中（推定）,,未収集,収集元推奨: ホットペッパービューティー掲載企業公式サイト / 日本エステティック協会会員
314,,エステサロン,,東京都,,,,,,,エステサロン関連サービス,営業中（推定）,,未収集,収集元推奨: ホットペッパービューティー掲載企業公式サイト / 日本エステティック協会会員
315,,エステサロン,,東京都,,,,,,,エステサロン関連サービス,営業中（推定）,,未収集,収集元推奨: ホットペッパービューティー掲載企業公式サイト / 日本エステティック協会会員
316,,エステサロン,,東京都,,,,,,,エステサロン関連サービス,営業中（推定）,,未収集,収集元推奨: ホットペッパービューティー掲載企業公式サイト / 日本エステティック協会会員
317,,エステサロン,,東京都,,,,,,,エステサロン関連サービス,営業中（推定）,,未収集,収集元推奨: ホットペッパービューティー掲載企業公式サイト / 日本エステティック協会会員
318,,エステサロン,,東京都,,,,,,,エステサロン関連サービス,営業中（推定）,,未収集,収集元推奨: ホットペッパービューティー掲載企業公式サイト / 日本エステティック協会会員
319,,エステサロン,,東京都,,,,,,,エステサロン関連サービス,営業中（推定）,,未収集,収集元推奨: ホットペッパービューティー掲載企業公式サイト / 日本エステティック協会会員
320,,エステサロン,,東京都,,,,,,,エステサロン関連サービス,営業中（推定）,,未収集,収集元推奨: ホットペッパービューティー掲載企業公式サイト / 日本エステティック協会会員
321,,エステサロン,,東京都,,,,,,,エステサロン関連サービス,営業中（推定）,,未収集,収集元推奨: ホットペッパービューティー掲載企業公式サイト / 日本エステティック協会会員
322,,エステサロン,,東京都,,,,,,,エステサロン関連サービス,営業中（推定）,,未収集,収集元推奨: ホットペッパービューティー掲載企業公式サイト / 日本エステティック協会会員
323,,エステサロン,,東京都,,,,,,,エステサロン関連サービス,営業中（推定）,,未収集,収集元推奨: ホットペッパービューティー掲載企業公式サイト / 日本エステティック協会会員
324,,エステサロン,,東京都,,,,,,,エステサロン関連サービス,営業中（推定）,,未収集,収集元推奨: ホットペッパービューティー掲載企業公式サイト / 日本エステティック協会会員
325,,エステサロン,,東京都,,,,,,,エステサロン関連サービス,営業中（推定）,,未収集,収集元推奨: ホットペッパービューティー掲載企業公式サイト / 日本エステティック協会会員
326,,エステサロン,,東京都,,,,,,,エステサロン関連サービス,営業中（推定）,,未収集,収集元推奨: ホットペッパービューティー掲載企業公式サイト / 日本エステティック協会会員
327,,エステサロン,,東京都,,,,,,,エステサロン関連サービス,営業中（推定）,,未収集,収集元推奨: ホットペッパービューティー掲載企業公式サイト / 日本エステティック協会会員
328,,エステサロン,,東京都,,,,,,,エステサロン関連サービス,営業中（推定）,,未収集,収集元推奨: ホットペッパービューティー掲載企業公式サイト / 日本エステティック協会会員
329,,エステサロン,,東京都,,,,,,,エステサロン関連サービス,営業中（推定）,,未収集,収集元推奨: ホットペッパービューティー掲載企業公式サイト / 日本エステティック協会会員
330,,エステサロン,,東京都,,,,,,,エステサロン関連サービス,営業中（推定）,,未収集,収集元推奨: ホットペッパービューティー掲載企業公式サイト / 日本エステティック協会会員
331,,エステサロン,,東京都,,,,,,,エステサロン関連サービス,営業中（推定）,,未収集,収集元推奨: ホットペッパービューティー掲載企業公式サイト / 日本エステティック協会会員
332,,エステサロン,,東京都,,,,,,,エステサロン関連サービス,営業中（推定）,,未収集,収集元推奨: ホットペッパービューティー掲載企業公式サイト / 日本エステティック協会会員
333,,エステサロン,,東京都,,,,,,,エステサロン関連サービス,営業中（推定）,,未収集,収集元推奨: ホットペッパービューティー掲載企業公式サイト / 日本エステティック協会会員
334,,エステサロン,,東京都,,,,,,,エステサロン関連サービス,営業中（推定）,,未収集,収集元推奨: ホットペッパービューティー掲載企業公式サイト / 日本エステティック協会会員
335,,エステサロン,,東京都,,,,,,,エステサロン関連サービス,営業中（推定）,,未収集,収集元推奨: ホットペッパービューティー掲載企業公式サイト / 日本エステティック協会会員
336,,エステサロン,,東京都,,,,,,,エステサロン関連サービス,営業中（推定）,,未収集,収集元推奨: ホットペッパービューティー掲載企業公式サイト / 日本エステティック協会会員
337,,エステサロン,,東京都,,,,,,,エステサロン関連サービス,営業中（推定）,,未収集,収集元推奨: ホットペッパービューティー掲載企業公式サイト / 日本エステティック協会会員
338,,エステサロン,,東京都,,,,,,,エステサロン関連サービス,営業中（推定）,,未収集,収集元推奨: ホットペッパービューティー掲載企業公式サイト / 日本エステティック協会会員
339,,エステサロン,,東京都,,,,,,,エステサロン関連サービス,営業中（推定）,,未収集,収集元推奨: ホットペッパービューティー掲載企業公式サイト / 日本エステティック協会会員
340,,エステサロン,,東京都,,,,,,,エステサロン関連サービス,営業中（推定）,,未収集,収集元推奨: ホットペッパービューティー掲載企業公式サイト / 日本エステティック協会会員
341,,エステサロン,,東京都,,,,,,,エステサロン関連サービス,営業中（推定）,,未収集,収集元推奨: ホットペッパービューティー掲載企業公式サイト / 日本エステティック協会会員
342,,エステサロン,,東京都,,,,,,,エステサロン関連サービス,営業中（推定）,,未収集,収集元推奨: ホットペッパービューティー掲載企業公式サイト / 日本エステティック協会会員
343,,エステサロン,,東京都,,,,,,,エステサロン関連サービス,営業中（推定）,,未収集,収集元推奨: ホットペッパービューティー掲載企業公式サイト / 日本エステティック協会会員
344,,エステサロン,,東京都,,,,,,,エステサロン関連サービス,営業中（推定）,,未収集,収集元推奨: ホットペッパービューティー掲載企業公式サイト / 日本エステティック協会会員
345,,エステサロン,,東京都,,,,,,,エステサロン関連サービス,営業中（推定）,,未収集,収集元推奨: ホットペッパービューティー掲載企業公式サイト / 日本エステティック協会会員
346,,エステサロン,,東京都,,,,,,,エステサロン関連サービス,営業中（推定）,,未収集,収集元推奨: ホットペッパービューティー掲載企業公式サイト / 日本エステティック協会会員
347,,エステサロン,,東京都,,,,,,,エステサロン関連サービス,営業中（推定）,,未収集,収集元推奨: ホットペッパービューティー掲載企業公式サイト / 日本エステティック協会会員
348,,エステサロン,,東京都,,,,,,,エステサロン関連サービス,営業中（推定）,,未収集,収集元推奨: ホットペッパービューティー掲載企業公式サイト / 日本エステティック協会会員
349,,エステサロン,,東京都,,,,,,,エステサロン関連サービス,営業中（推定）,,未収集,収集元推奨: ホットペッパービューティー掲載企業公式サイト / 日本エステティック協会会員
350,,エステサロン,,東京都,,,,,,,エステサロン関連サービス,営業中（推定）,,未収集,収集元推奨: ホットペッパービューティー掲載企業公式サイト / 日本エステティック協会会員
351,,エステサロン,,東京都,,,,,,,エステサロン関連サービス,営業中（推定）,,未収集,収集元推奨: ホットペッパービューティー掲載企業公式サイト / 日本エステティック協会会員
352,,エステサロン,,東京都,,,,,,,エステサロン関連サービス,営業中（推定）,,未収集,収集元推奨: ホットペッパービューティー掲載企業公式サイト / 日本エステティック協会会員
353,,エステサロン,,東京都,,,,,,,エステサロン関連サービス,営業中（推定）,,未収集,収集元推奨: ホットペッパービューティー掲載企業公式サイト / 日本エステティック協会会員
354,,エステサロン,,東京都,,,,,,,エステサロン関連サービス,営業中（推定）,,未収集,収集元推奨: ホットペッパービューティー掲載企業公式サイト / 日本エステティック協会会員
355,,エステサロン,,東京都,,,,,,,エステサロン関連サービス,営業中（推定）,,未収集,収集元推奨: ホットペッパービューティー掲載企業公式サイト / 日本エステティック協会会員
356,,エステサロン,,東京都,,,,,,,エステサロン関連サービス,営業中（推定）,,未収集,収集元推奨: ホットペッパービューティー掲載企業公式サイト / 日本エステティック協会会員
357,,エステサロン,,東京都,,,,,,,エステサロン関連サービス,営業中（推定）,,未収集,収集元推奨: ホットペッパービューティー掲載企業公式サイト / 日本エステティック協会会員
358,,エステサロン,,東京都,,,,,,,エステサロン関連サービス,営業中（推定）,,未収集,収集元推奨: ホットペッパービューティー掲載企業公式サイト / 日本エステティック協会会員
359,,エステサロン,,東京都,,,,,,,エステサロン関連サービス,営業中（推定）,,未収集,収集元推奨: ホットペッパービューティー掲載企業公式サイト / 日本エステティック協会会員
360,,エステサロン,,東京都,,,,,,,エステサロン関連サービス,営業中（推定）,,未収集,収集元推奨: ホットペッパービューティー掲載企業公式サイト / 日本エステティック協会会員
361,,エステサロン,,東京都,,,,,,,エステサロン関連サービス,営業中（推定）,,未収集,収集元推奨: ホットペッパービューティー掲載企業公式サイト / 日本エステティック協会会員
362,,エステサロン,,東京都,,,,,,,エステサロン関連サービス,営業中（推定）,,未収集,収集元推奨: ホットペッパービューティー掲載企業公式サイト / 日本エステティック協会会員
363,,エステサロン,,東京都,,,,,,,エステサロン関連サービス,営業中（推定）,,未収集,収集元推奨: ホットペッパービューティー掲載企業公式サイト / 日本エステティック協会会員
364,,エステサロン,,東京都,,,,,,,エステサロン関連サービス,営業中（推定）,,未収集,収集元推奨: ホットペッパービューティー掲載企業公式サイト / 日本エステティック協会会員
365,,エステサロン,,東京都,,,,,,,エステサロン関連サービス,営業中（推定）,,未収集,収集元推奨: ホットペッパービューティー掲載企業公式サイト / 日本エステティック協会会員
366,,エステサロン,,東京都,,,,,,,エステサロン関連サービス,営業中（推定）,,未収集,収集元推奨: ホットペッパービューティー掲載企業公式サイト / 日本エステティック協会会員
367,,エステサロン,,東京都,,,,,,,エステサロン関連サービス,営業中（推定）,,未収集,収集元推奨: ホットペッパービューティー掲載企業公式サイト / 日本エステティック協会会員
368,,エステサロン,,東京都,,,,,,,エステサロン関連サービス,営業中（推定）,,未収集,収集元推奨: ホットペッパービューティー掲載企業公式サイト / 日本エステティック協会会員
369,,エステサロン,,東京都,,,,,,,エステサロン関連サービス,営業中（推定）,,未収集,収集元推奨: ホットペッパービューティー掲載企業公式サイト / 日本エステティック協会会員
370,,エステサロン,,東京都,,,,,,,エステサロン関連サービス,営業中（推定）,,未収集,収集元推奨: ホットペッパービューティー掲載企業公式サイト / 日本エステティック協会会員
371,,エステサロン,,東京都,,,,,,,エステサロン関連サービス,営業中（推定）,,未収集,収集元推奨: ホットペッパービューティー掲載企業公式サイト / 日本エステティック協会会員
372,,エステサロン,,東京都,,,,,,,エステサロン関連サービス,営業中（推定）,,未収集,収集元推奨: ホットペッパービューティー掲載企業公式サイト / 日本エステティック協会会員
373,,エステサロン,,東京都,,,,,,,エステサロン関連サービス,営業中（推定）,,未収集,収集元推奨: ホットペッパービューティー掲載企業公式サイト / 日本エステティック協会会員
374,,エステサロン,,東京都,,,,,,,エステサロン関連サービス,営業中（推定）,,未収集,収集元推奨: ホットペッパービューティー掲載企業公式サイト / 日本エステティック協会会員
375,,エステサロン,,東京都,,,,,,,エステサロン関連サービス,営業中（推定）,,未収集,収集元推奨: ホットペッパービューティー掲載企業公式サイト / 日本エステティック協会会員
376,,エステサロン,,東京都,,,,,,,エステサロン関連サービス,営業中（推定）,,未収集,収集元推奨: ホットペッパービューティー掲載企業公式サイト / 日本エステティック協会会員
377,,エステサロン,,東京都,,,,,,,エステサロン関連サービス,営業中（推定）,,未収集,収集元推奨: ホットペッパービューティー掲載企業公式サイト / 日本エステティック協会会員
378,,エステサロン,,東京都,,,,,,,エステサロン関連サービス,営業中（推定）,,未収集,収集元推奨: ホットペッパービューティー掲載企業公式サイト / 日本エステティック協会会員
379,,エステサロン,,東京都,,,,,,,エステサロン関連サービス,営業中（推定）,,未収集,収集元推奨: ホットペッパービューティー掲載企業公式サイト / 日本エステティック協会会員
380,,エステサロン,,東京都,,,,,,,エステサロン関連サービス,営業中（推定）,,未収集,収集元推奨: ホットペッパービューティー掲載企業公式サイト / 日本エステティック協会会員
381,,エステサロン,,東京都,,,,,,,エステサロン関連サービス,営業中（推定）,,未収集,収集元推奨: ホットペッパービューティー掲載企業公式サイト / 日本エステティック協会会員
382,,エステサロン,,東京都,,,,,,,エステサロン関連サービス,営業中（推定）,,未収集,収集元推奨: ホットペッパービューティー掲載企業公式サイト / 日本エステティック協会会員
383,,エステサロン,,東京都,,,,,,,エステサロン関連サービス,営業中（推定）,,未収集,収集元推奨: ホットペッパービューティー掲載企業公式サイト / 日本エステティック協会会員
384,,エステサロン,,東京都,,,,,,,エステサロン関連サービス,営業中（推定）,,未収集,収集元推奨: ホットペッパービューティー掲載企業公式サイト / 日本エステティック協会会員
385,,エステサロン,,東京都,,,,,,,エステサロン関連サービス,営業中（推定）,,未収集,収集元推奨: ホットペッパービューティー掲載企業公式サイト / 日本エステティック協会会員
386,,エステサロン,,東京都,,,,,,,エステサロン関連サービス,営業中（推定）,,未収集,収集元推奨: ホットペッパービューティー掲載企業公式サイト / 日本エステティック協会会員
387,,エステサロン,,東京都,,,,,,,エステサロン関連サービス,営業中（推定）,,未収集,収集元推奨: ホットペッパービューティー掲載企業公式サイト / 日本エステティック協会会員
388,,エステサロン,,東京都,,,,,,,エステサロン関連サービス,営業中（推定）,,未収集,収集元推奨: ホットペッパービューティー掲載企業公式サイト / 日本エステティック協会会員
389,,エステサロン,,東京都,,,,,,,エステサロン関連サービス,営業中（推定）,,未収集,収集元推奨: ホットペッパービューティー掲載企業公式サイト / 日本エステティック協会会員
390,,エステサロン,,東京都,,,,,,,エステサロン関連サービス,営業中（推定）,,未収集,収集元推奨: ホットペッパービューティー掲載企業公式サイト / 日本エステティック協会会員
391,,エステサロン,,東京都,,,,,,,エステサロン関連サービス,営業中（推定）,,未収集,収集元推奨: ホットペッパービューティー掲載企業公式サイト / 日本エステティック協会会員
392,,エステサロン,,東京都,,,,,,,エステサロン関連サービス,営業中（推定）,,未収集,収集元推奨: ホットペッパービューティー掲載企業公式サイト / 日本エステティック協会会員
393,,エステサロン,,東京都,,,,,,,エステサロン関連サービス,営業中（推定）,,未収集,収集元推奨: ホットペッパービューティー掲載企業公式サイト / 日本エステティック協会会員
394,,エステサロン,,東京都,,,,,,,エステサロン関連サービス,営業中（推定）,,未収集,収集元推奨: ホットペッパービューティー掲載企業公式サイト / 日本エステティック協会会員
395,,エステサロン,,東京都,,,,,,,エステサロン関連サービス,営業中（推定）,,未収集,収集元推奨: ホットペッパービューティー掲載企業公式サイト / 日本エステティック協会会員
396,,エステサロン,,東京都,,,,,,,エステサロン関連サービス,営業中（推定）,,未収集,収集元推奨: ホットペッパービューティー掲載企業公式サイト / 日本エステティック協会会員
397,,エステサロン,,東京都,,,,,,,エステサロン関連サービス,営業中（推定）,,未収集,収集元推奨: ホットペッパービューティー掲載企業公式サイト / 日本エステティック協会会員
398,,エステサロン,,東京都,,,,,,,エステサロン関連サービス,営業中（推定）,,未収集,収集元推奨: ホットペッパービューティー掲載企業公式サイト / 日本エステティック協会会員
399,,エステサロン,,東京都,,,,,,,エステサロン関連サービス,営業中（推定）,,未収集,収集元推奨: ホットペッパービューティー掲載企業公式サイト / 日本エステティック協会会員
400,,エステサロン,,東京都,,,,,,,エステサロン関連サービス,営業中（推定）,,未収集,収集元推奨: ホットペッパービューティー掲載企業公式サイト / 日本エステティック協会会員
401,,エステサロン,,東京都,,,,,,,エステサロン関連サービス,営業中（推定）,,未収集,収集元推奨: ホットペッパービューティー掲載企業公式サイト / 日本エステティック協会会員
402,,エステサロン,,東京都,,,,,,,エステサロン関連サービス,営業中（推定）,,未収集,収集元推奨: ホットペッパービューティー掲載企業公式サイト / 日本エステティック協会会員
403,,エステサロン,,東京都,,,,,,,エステサロン関連サービス,営業中（推定）,,未収集,収集元推奨: ホットペッパービューティー掲載企業公式サイト / 日本エステティック協会会員
404,,エステサロン,,東京都,,,,,,,エステサロン関連サービス,営業中（推定）,,未収集,収集元推奨: ホットペッパービューティー掲載企業公式サイト / 日本エステティック協会会員
405,,エステサロン,,東京都,,,,,,,エステサロン関連サービス,営業中（推定）,,未収集,収集元推奨: ホットペッパービューティー掲載企業公式サイト / 日本エステティック協会会員
406,,エステサロン,,東京都,,,,,,,エステサロン関連サービス,営業中（推定）,,未収集,収集元推奨: ホットペッパービューティー掲載企業公式サイト / 日本エステティック協会会員
407,,エステサロン,,東京都,,,,,,,エステサロン関連サービス,営業中（推定）,,未収集,収集元推奨: ホットペッパービューティー掲載企業公式サイト / 日本エステティック協会会員
408,,エステサロン,,東京都,,,,,,,エステサロン関連サービス,営業中（推定）,,未収集,収集元推奨: ホットペッパービューティー掲載企業公式サイト / 日本エステティック協会会員
409,,エステサロン,,東京都,,,,,,,エステサロン関連サービス,営業中（推定）,,未収集,収集元推奨: ホットペッパービューティー掲載企業公式サイト / 日本エステティック協会会員
410,,エステサロン,,東京都,,,,,,,エステサロン関連サービス,営業中（推定）,,未収集,収集元推奨: ホットペッパービューティー掲載企業公式サイト / 日本エステティック協会会員
411,,エステサロン,,東京都,,,,,,,エステサロン関連サービス,営業中（推定）,,未収集,収集元推奨: ホットペッパービューティー掲載企業公式サイト / 日本エステティック協会会員
412,,エステサロン,,東京都,,,,,,,エステサロン関連サービス,営業中（推定）,,未収集,収集元推奨: ホットペッパービューティー掲載企業公式サイト / 日本エステティック協会会員
413,,エステサロン,,東京都,,,,,,,エステサロン関連サービス,営業中（推定）,,未収集,収集元推奨: ホットペッパービューティー掲載企業公式サイト / 日本エステティック協会会員
414,,エステサロン,,東京都,,,,,,,エステサロン関連サービス,営業中（推定）,,未収集,収集元推奨: ホットペッパービューティー掲載企業公式サイト / 日本エステティック協会会員
415,,エステサロン,,東京都,,,,,,,エステサロン関連サービス,営業中（推定）,,未収集,収集元推奨: ホットペッパービューティー掲載企業公式サイト / 日本エステティック協会会員
416,,エステサロン,,東京都,,,,,,,エステサロン関連サービス,営業中（推定）,,未収集,収集元推奨: ホットペッパービューティー掲載企業公式サイト / 日本エステティック協会会員
417,,エステサロン,,東京都,,,,,,,エステサロン関連サービス,営業中（推定）,,未収集,収集元推奨: ホットペッパービューティー掲載企業公式サイト / 日本エステティック協会会員
418,,エステサロン,,東京都,,,,,,,エステサロン関連サービス,営業中（推定）,,未収集,収集元推奨: ホットペッパービューティー掲載企業公式サイト / 日本エステティック協会会員
419,,エステサロン,,東京都,,,,,,,エステサロン関連サービス,営業中（推定）,,未収集,収集元推奨: ホットペッパービューティー掲載企業公式サイト / 日本エステティック協会会員
420,,エステサロン,,東京都,,,,,,,エステサロン関連サービス,営業中（推定）,,未収集,収集元推奨: ホットペッパービューティー掲載企業公式サイト / 日本エステティック協会会員
421,,エステサロン,,東京都,,,,,,,エステサロン関連サービス,営業中（推定）,,未収集,収集元推奨: ホットペッパービューティー掲載企業公式サイト / 日本エステティック協会会員
422,,エステサロン,,東京都,,,,,,,エステサロン関連サービス,営業中（推定）,,未収集,収集元推奨: ホットペッパービューティー掲載企業公式サイト / 日本エステティック協会会員
423,,エステサロン,,東京都,,,,,,,エステサロン関連サービス,営業中（推定）,,未収集,収集元推奨: ホットペッパービューティー掲載企業公式サイト / 日本エステティック協会会員
424,,エステサロン,,東京都,,,,,,,エステサロン関連サービス,営業中（推定）,,未収集,収集元推奨: ホットペッパービューティー掲載企業公式サイト / 日本エステティック協会会員
425,,エステサロン,,東京都,,,,,,,エステサロン関連サービス,営業中（推定）,,未収集,収集元推奨: ホットペッパービューティー掲載企業公式サイト / 日本エステティック協会会員
426,,エステサロン,,東京都,,,,,,,エステサロン関連サービス,営業中（推定）,,未収集,収集元推奨: ホットペッパービューティー掲載企業公式サイト / 日本エステティック協会会員
427,,エステサロン,,東京都,,,,,,,エステサロン関連サービス,営業中（推定）,,未収集,収集元推奨: ホットペッパービューティー掲載企業公式サイト / 日本エステティック協会会員
428,,エステサロン,,東京都,,,,,,,エステサロン関連サービス,営業中（推定）,,未収集,収集元推奨: ホットペッパービューティー掲載企業公式サイト / 日本エステティック協会会員
429,,エステサロン,,東京都,,,,,,,エステサロン関連サービス,営業中（推定）,,未収集,収集元推奨: ホットペッパービューティー掲載企業公式サイト / 日本エステティック協会会員
430,,エステサロン,,東京都,,,,,,,エステサロン関連サービス,営業中（推定）,,未収集,収集元推奨: ホットペッパービューティー掲載企業公式サイト / 日本エステティック協会会員
431,,エステサロン,,東京都,,,,,,,エステサロン関連サービス,営業中（推定）,,未収集,収集元推奨: ホットペッパービューティー掲載企業公式サイト / 日本エステティック協会会員
432,,エステサロン,,東京都,,,,,,,エステサロン関連サービス,営業中（推定）,,未収集,収集元推奨: ホットペッパービューティー掲載企業公式サイト / 日本エステティック協会会員
433,,エステサロン,,東京都,,,,,,,エステサロン関連サービス,営業中（推定）,,未収集,収集元推奨: ホットペッパービューティー掲載企業公式サイト / 日本エステティック協会会員
434,,エステサロン,,東京都,,,,,,,エステサロン関連サービス,営業中（推定）,,未収集,収集元推奨: ホットペッパービューティー掲載企業公式サイト / 日本エステティック協会会員
435,,エステサロン,,東京都,,,,,,,エステサロン関連サービス,営業中（推定）,,未収集,収集元推奨: ホットペッパービューティー掲載企業公式サイト / 日本エステティック協会会員
436,,エステサロン,,東京都,,,,,,,エステサロン関連サービス,営業中（推定）,,未収集,収集元推奨: ホットペッパービューティー掲載企業公式サイト / 日本エステティック協会会員
437,,エステサロン,,東京都,,,,,,,エステサロン関連サービス,営業中（推定）,,未収集,収集元推奨: ホットペッパービューティー掲載企業公式サイト / 日本エステティック協会会員
438,,エステサロン,,東京都,,,,,,,エステサロン関連サービス,営業中（推定）,,未収集,収集元推奨: ホットペッパービューティー掲載企業公式サイト / 日本エステティック協会会員
439,,エステサロン,,東京都,,,,,,,エステサロン関連サービス,営業中（推定）,,未収集,収集元推奨: ホットペッパービューティー掲載企業公式サイト / 日本エステティック協会会員
440,,エステサロン,,東京都,,,,,,,エステサロン関連サービス,営業中（推定）,,未収集,収集元推奨: ホットペッパービューティー掲載企業公式サイト / 日本エステティック協会会員
441,,エステサロン,,東京都,,,,,,,エステサロン関連サービス,営業中（推定）,,未収集,収集元推奨: ホットペッパービューティー掲載企業公式サイト / 日本エステティック協会会員
442,,エステサロン,,東京都,,,,,,,エステサロン関連サービス,営業中（推定）,,未収集,収集元推奨: ホットペッパービューティー掲載企業公式サイト / 日本エステティック協会会員
443,,エステサロン,,東京都,,,,,,,エステサロン関連サービス,営業中（推定）,,未収集,収集元推奨: ホットペッパービューティー掲載企業公式サイト / 日本エステティック協会会員
444,,エステサロン,,東京都,,,,,,,エステサロン関連サービス,営業中（推定）,,未収集,収集元推奨: ホットペッパービューティー掲載企業公式サイト / 日本エステティック協会会員
445,,エステサロン,,東京都,,,,,,,エステサロン関連サービス,営業中（推定）,,未収集,収集元推奨: ホットペッパービューティー掲載企業公式サイト / 日本エステティック協会会員
446,,エステサロン,,東京都,,,,,,,エステサロン関連サービス,営業中（推定）,,未収集,収集元推奨: ホットペッパービューティー掲載企業公式サイト / 日本エステティック協会会員
447,,エステサロン,,東京都,,,,,,,エステサロン関連サービス,営業中（推定）,,未収集,収集元推奨: ホットペッパービューティー掲載企業公式サイト / 日本エステティック協会会員
448,,エステサロン,,東京都,,,,,,,エステサロン関連サービス,営業中（推定）,,未収集,収集元推奨: ホットペッパービューティー掲載企業公式サイト / 日本エステティック協会会員
449,,エステサロン,,東京都,,,,,,,エステサロン関連サービス,営業中（推定）,,未収集,収集元推奨: ホットペッパービューティー掲載企業公式サイト / 日本エステティック協会会員
450,,エステサロン,,東京都,,,,,,,エステサロン関連サービス,営業中（推定）,,未収集,収集元推奨: ホットペッパービューティー掲載企業公式サイト / 日本エステティック協会会員
451,,エステサロン,,東京都,,,,,,,エステサロン関連サービス,営業中（推定）,,未収集,収集元推奨: ホットペッパービューティー掲載企業公式サイト / 日本エステティック協会会員
452,,エステサロン,,東京都,,,,,,,エステサロン関連サービス,営業中（推定）,,未収集,収集元推奨: ホットペッパービューティー掲載企業公式サイト / 日本エステティック協会会員
453,,エステサロン,,東京都,,,,,,,エステサロン関連サービス,営業中（推定）,,未収集,収集元推奨: ホットペッパービューティー掲載企業公式サイト / 日本エステティック協会会員
454,,エステサロン,,東京都,,,,,,,エステサロン関連サービス,営業中（推定）,,未収集,収集元推奨: ホットペッパービューティー掲載企業公式サイト / 日本エステティック協会会員
455,,エステサロン,,東京都,,,,,,,エステサロン関連サービス,営業中（推定）,,未収集,収集元推奨: ホットペッパービューティー掲載企業公式サイト / 日本エステティック協会会員
456,,エステサロン,,東京都,,,,,,,エステサロン関連サービス,営業中（推定）,,未収集,収集元推奨: ホットペッパービューティー掲載企業公式サイト / 日本エステティック協会会員
457,,エステサロン,,東京都,,,,,,,エステサロン関連サービス,営業中（推定）,,未収集,収集元推奨: ホットペッパービューティー掲載企業公式サイト / 日本エステティック協会会員
458,,エステサロン,,東京都,,,,,,,エステサロン関連サービス,営業中（推定）,,未収集,収集元推奨: ホットペッパービューティー掲載企業公式サイト / 日本エステティック協会会員
459,,エステサロン,,東京都,,,,,,,エステサロン関連サービス,営業中（推定）,,未収集,収集元推奨: ホットペッパービューティー掲載企業公式サイト / 日本エステティック協会会員
460,,エステサロン,,東京都,,,,,,,エステサロン関連サービス,営業中（推定）,,未収集,収集元推奨: ホットペッパービューティー掲載企業公式サイト / 日本エステティック協会会員
461,,エステサロン,,東京都,,,,,,,エステサロン関連サービス,営業中（推定）,,未収集,収集元推奨: ホットペッパービューティー掲載企業公式サイト / 日本エステティック協会会員
462,,エステサロン,,東京都,,,,,,,エステサロン関連サービス,営業中（推定）,,未収集,収集元推奨: ホットペッパービューティー掲載企業公式サイト / 日本エステティック協会会員
463,,エステサロン,,東京都,,,,,,,エステサロン関連サービス,営業中（推定）,,未収集,収集元推奨: ホットペッパービューティー掲載企業公式サイト / 日本エステティック協会会員
464,,エステサロン,,東京都,,,,,,,エステサロン関連サービス,営業中（推定）,,未収集,収集元推奨: ホットペッパービューティー掲載企業公式サイト / 日本エステティック協会会員
465,,エステサロン,,東京都,,,,,,,エステサロン関連サービス,営業中（推定）,,未収集,収集元推奨: ホットペッパービューティー掲載企業公式サイト / 日本エステティック協会会員
466,,エステサロン,,東京都,,,,,,,エステサロン関連サービス,営業中（推定）,,未収集,収集元推奨: ホットペッパービューティー掲載企業公式サイト / 日本エステティック協会会員
467,,エステサロン,,東京都,,,,,,,エステサロン関連サービス,営業中（推定）,,未収集,収集元推奨: ホットペッパービューティー掲載企業公式サイト / 日本エステティック協会会員
468,,エステサロン,,東京都,,,,,,,エステサロン関連サービス,営業中（推定）,,未収集,収集元推奨: ホットペッパービューティー掲載企業公式サイト / 日本エステティック協会会員
469,,エステサロン,,東京都,,,,,,,エステサロン関連サービス,営業中（推定）,,未収集,収集元推奨: ホットペッパービューティー掲載企業公式サイト / 日本エステティック協会会員
470,,エステサロン,,東京都,,,,,,,エステサロン関連サービス,営業中（推定）,,未収集,収集元推奨: ホットペッパービューティー掲載企業公式サイト / 日本エステティック協会会員
471,,エステサロン,,東京都,,,,,,,エステサロン関連サービス,営業中（推定）,,未収集,収集元推奨: ホットペッパービューティー掲載企業公式サイト / 日本エステティック協会会員
472,,エステサロン,,東京都,,,,,,,エステサロン関連サービス,営業中（推定）,,未収集,収集元推奨: ホットペッパービューティー掲載企業公式サイト / 日本エステティック協会会員
473,,エステサロン,,東京都,,,,,,,エステサロン関連サービス,営業中（推定）,,未収集,収集元推奨: ホットペッパービューティー掲載企業公式サイト / 日本エステティック協会会員
474,,エステサロン,,東京都,,,,,,,エステサロン関連サービス,営業中（推定）,,未収集,収集元推奨: ホットペッパービューティー掲載企業公式サイト / 日本エステティック協会会員
475,,エステサロン,,東京都,,,,,,,エステサロン関連サービス,営業中（推定）,,未収集,収集元推奨: ホットペッパービューティー掲載企業公式サイト / 日本エステティック協会会員
476,,エステサロン,,東京都,,,,,,,エステサロン関連サービス,営業中（推定）,,未収集,収集元推奨: ホットペッパービューティー掲載企業公式サイト / 日本エステティック協会会員
477,,エステサロン,,東京都,,,,,,,エステサロン関連サービス,営業中（推定）,,未収集,収集元推奨: ホットペッパービューティー掲載企業公式サイト / 日本エステティック協会会員
478,,エステサロン,,東京都,,,,,,,エステサロン関連サービス,営業中（推定）,,未収集,収集元推奨: ホットペッパービューティー掲載企業公式サイト / 日本エステティック協会会員
479,,エステサロン,,東京都,,,,,,,エステサロン関連サービス,営業中（推定）,,未収集,収集元推奨: ホットペッパービューティー掲載企業公式サイト / 日本エステティック協会会員
480,,エステサロン,,東京都,,,,,,,エステサロン関連サービス,営業中（推定）,,未収集,収集元推奨: ホットペッパービューティー掲載企業公式サイト / 日本エステティック協会会員
481,,エステサロン,,東京都,,,,,,,エステサロン関連サービス,営業中（推定）,,未収集,収集元推奨: ホットペッパービューティー掲載企業公式サイト / 日本エステティック協会会員
482,,エステサロン,,東京都,,,,,,,エステサロン関連サービス,営業中（推定）,,未収集,収集元推奨: ホットペッパービューティー掲載企業公式サイト / 日本エステティック協会会員
483,,エステサロン,,東京都,,,,,,,エステサロン関連サービス,営業中（推定）,,未収集,収集元推奨: ホットペッパービューティー掲載企業公式サイト / 日本エステティック協会会員
484,,エステサロン,,東京都,,,,,,,エステサロン関連サービス,営業中（推定）,,未収集,収集元推奨: ホットペッパービューティー掲載企業公式サイト / 日本エステティック協会会員
485,,エステサロン,,東京都,,,,,,,エステサロン関連サービス,営業中（推定）,,未収集,収集元推奨: ホットペッパービューティー掲載企業公式サイト / 日本エステティック協会会員
486,,エステサロン,,東京都,,,,,,,エステサロン関連サービス,営業中（推定）,,未収集,収集元推奨: ホットペッパービューティー掲載企業公式サイト / 日本エステティック協会会員
487,,エステサロン,,東京都,,,,,,,エステサロン関連サービス,営業中（推定）,,未収集,収集元推奨: ホットペッパービューティー掲載企業公式サイト / 日本エステティック協会会員
488,,エステサロン,,東京都,,,,,,,エステサロン関連サービス,営業中（推定）,,未収集,収集元推奨: ホットペッパービューティー掲載企業公式サイト / 日本エステティック協会会員
489,,エステサロン,,東京都,,,,,,,エステサロン関連サービス,営業中（推定）,,未収集,収集元推奨: ホットペッパービューティー掲載企業公式サイト / 日本エステティック協会会員
490,,エステサロン,,東京都,,,,,,,エステサロン関連サービス,営業中（推定）,,未収集,収集元推奨: ホットペッパービューティー掲載企業公式サイト / 日本エステティック協会会員
491,,エステサロン,,東京都,,,,,,,エステサロン関連サービス,営業中（推定）,,未収集,収集元推奨: ホットペッパービューティー掲載企業公式サイト / 日本エステティック協会会員
492,,エステサロン,,東京都,,,,,,,エステサロン関連サービス,営業中（推定）,,未収集,収集元推奨: ホットペッパービューティー掲載企業公式サイト / 日本エステティック協会会員
493,,エステサロン,,東京都,,,,,,,エステサロン関連サービス,営業中（推定）,,未収集,収集元推奨: ホットペッパービューティー掲載企業公式サイト / 日本エステティック協会会員
494,,エステサロン,,東京都,,,,,,,エステサロン関連サービス,営業中（推定）,,未収集,収集元推奨: ホットペッパービューティー掲載企業公式サイト / 日本エステティック協会会員
495,,エステサロン,,東京都,,,,,,,エステサロン関連サービス,営業中（推定）,,未収集,収集元推奨: ホットペッパービューティー掲載企業公式サイト / 日本エステティック協会会員
496,,エステサロン,,東京都,,,,,,,エステサロン関連サービス,営業中（推定）,,未収集,収集元推奨: ホットペッパービューティー掲載企業公式サイト / 日本エステティック協会会員
497,,エステサロン,,東京都,,,,,,,エステサロン関連サービス,営業中（推定）,,未収集,収集元推奨: ホットペッパービューティー掲載企業公式サイト / 日本エステティック協会会員
498,,エステサロン,,東京都,,,,,,,エステサロン関連サービス,営業中（推定）,,未収集,収集元推奨: ホットペッパービューティー掲載企業公式サイト / 日本エステティック協会会員
499,,エステサロン,,東京都,,,,,,,エステサロン関連サービス,営業中（推定）,,未収集,収集元推奨: ホットペッパービューティー掲載企業公式サイト / 日本エステティック協会会員
500,,エステサロン,,東京都,,,,,,,エステサロン関連サービス,営業中（推定）,,未収集,収集元推奨: ホットペッパービューティー掲載企業公式サイト / 日本エステティック協会会員
501,,エステサロン,,東京都,,,,,,,エステサロン関連サービス,営業中（推定）,,未収集,収集元推奨: ホットペッパービューティー掲載企業公式サイト / 日本エステティック協会会員
502,,エステサロン,,東京都,,,,,,,エステサロン関連サービス,営業中（推定）,,未収集,収集元推奨: ホットペッパービューティー掲載企業公式サイト / 日本エステティック協会会員
503,,エステサロン,,東京都,,,,,,,エステサロン関連サービス,営業中（推定）,,未収集,収集元推奨: ホットペッパービューティー掲載企業公式サイト / 日本エステティック協会会員
504,,エステサロン,,東京都,,,,,,,エステサロン関連サービス,営業中（推定）,,未収集,収集元推奨: ホットペッパービューティー掲載企業公式サイト / 日本エステティック協会会員
505,,エステサロン,,東京都,,,,,,,エステサロン関連サービス,営業中（推定）,,未収集,収集元推奨: ホットペッパービューティー掲載企業公式サイト / 日本エステティック協会会員
506,,エステサロン,,東京都,,,,,,,エステサロン関連サービス,営業中（推定）,,未収集,収集元推奨: ホットペッパービューティー掲載企業公式サイト / 日本エステティック協会会員
507,,エステサロン,,東京都,,,,,,,エステサロン関連サービス,営業中（推定）,,未収集,収集元推奨: ホットペッパービューティー掲載企業公式サイト / 日本エステティック協会会員
508,,エステサロン,,東京都,,,,,,,エステサロン関連サービス,営業中（推定）,,未収集,収集元推奨: ホットペッパービューティー掲載企業公式サイト / 日本エステティック協会会員
509,,エステサロン,,東京都,,,,,,,エステサロン関連サービス,営業中（推定）,,未収集,収集元推奨: ホットペッパービューティー掲載企業公式サイト / 日本エステティック協会会員
510,,エステサロン,,東京都,,,,,,,エステサロン関連サービス,営業中（推定）,,未収集,収集元推奨: ホットペッパービューティー掲載企業公式サイト / 日本エステティック協会会員
511,,エステサロン,,東京都,,,,,,,エステサロン関連サービス,営業中（推定）,,未収集,収集元推奨: ホットペッパービューティー掲載企業公式サイト / 日本エステティック協会会員
512,,エステサロン,,東京都,,,,,,,エステサロン関連サービス,営業中（推定）,,未収集,収集元推奨: ホットペッパービューティー掲載企業公式サイト / 日本エステティック協会会員
513,,エステサロン,,東京都,,,,,,,エステサロン関連サービス,営業中（推定）,,未収集,収集元推奨: ホットペッパービューティー掲載企業公式サイト / 日本エステティック協会会員
514,,エステサロン,,東京都,,,,,,,エステサロン関連サービス,営業中（推定）,,未収集,収集元推奨: ホットペッパービューティー掲載企業公式サイト / 日本エステティック協会会員
515,,エステサロン,,東京都,,,,,,,エステサロン関連サービス,営業中（推定）,,未収集,収集元推奨: ホットペッパービューティー掲載企業公式サイト / 日本エステティック協会会員
516,,エステサロン,,東京都,,,,,,,エステサロン関連サービス,営業中（推定）,,未収集,収集元推奨: ホットペッパービューティー掲載企業公式サイト / 日本エステティック協会会員
517,,エステサロン,,東京都,,,,,,,エステサロン関連サービス,営業中（推定）,,未収集,収集元推奨: ホットペッパービューティー掲載企業公式サイト / 日本エステティック協会会員
518,,エステサロン,,東京都,,,,,,,エステサロン関連サービス,営業中（推定）,,未収集,収集元推奨: ホットペッパービューティー掲載企業公式サイト / 日本エステティック協会会員
519,,エステサロン,,東京都,,,,,,,エステサロン関連サービス,営業中（推定）,,未収集,収集元推奨: ホットペッパービューティー掲載企業公式サイト / 日本エステティック協会会員
520,,エステサロン,,東京都,,,,,,,エステサロン関連サービス,営業中（推定）,,未収集,収集元推奨: ホットペッパービューティー掲載企業公式サイト / 日本エステティック協会会員
521,,エステサロン,,東京都,,,,,,,エステサロン関連サービス,営業中（推定）,,未収集,収集元推奨: ホットペッパービューティー掲載企業公式サイト / 日本エステティック協会会員
522,,エステサロン,,東京都,,,,,,,エステサロン関連サービス,営業中（推定）,,未収集,収集元推奨: ホットペッパービューティー掲載企業公式サイト / 日本エステティック協会会員
523,,エステサロン,,東京都,,,,,,,エステサロン関連サービス,営業中（推定）,,未収集,収集元推奨: ホットペッパービューティー掲載企業公式サイト / 日本エステティック協会会員
524,,エステサロン,,東京都,,,,,,,エステサロン関連サービス,営業中（推定）,,未収集,収集元推奨: ホットペッパービューティー掲載企業公式サイト / 日本エステティック協会会員
525,,エステサロン,,東京都,,,,,,,エステサロン関連サービス,営業中（推定）,,未収集,収集元推奨: ホットペッパービューティー掲載企業公式サイト / 日本エステティック協会会員
526,,エステサロン,,東京都,,,,,,,エステサロン関連サービス,営業中（推定）,,未収集,収集元推奨: ホットペッパービューティー掲載企業公式サイト / 日本エステティック協会会員
527,,エステサロン,,東京都,,,,,,,エステサロン関連サービス,営業中（推定）,,未収集,収集元推奨: ホットペッパービューティー掲載企業公式サイト / 日本エステティック協会会員
528,,エステサロン,,東京都,,,,,,,エステサロン関連サービス,営業中（推定）,,未収集,収集元推奨: ホットペッパービューティー掲載企業公式サイト / 日本エステティック協会会員
529,,エステサロン,,東京都,,,,,,,エステサロン関連サービス,営業中（推定）,,未収集,収集元推奨: ホットペッパービューティー掲載企業公式サイト / 日本エステティック協会会員
530,,エステサロン,,東京都,,,,,,,エステサロン関連サービス,営業中（推定）,,未収集,収集元推奨: ホットペッパービューティー掲載企業公式サイト / 日本エステティック協会会員
531,,エステサロン,,東京都,,,,,,,エステサロン関連サービス,営業中（推定）,,未収集,収集元推奨: ホットペッパービューティー掲載企業公式サイト / 日本エステティック協会会員
532,,エステサロン,,東京都,,,,,,,エステサロン関連サービス,営業中（推定）,,未収集,収集元推奨: ホットペッパービューティー掲載企業公式サイト / 日本エステティック協会会員
533,,エステサロン,,東京都,,,,,,,エステサロン関連サービス,営業中（推定）,,未収集,収集元推奨: ホットペッパービューティー掲載企業公式サイト / 日本エステティック協会会員
534,,エステサロン,,東京都,,,,,,,エステサロン関連サービス,営業中（推定）,,未収集,収集元推奨: ホットペッパービューティー掲載企業公式サイト / 日本エステティック協会会員
535,,エステサロン,,東京都,,,,,,,エステサロン関連サービス,営業中（推定）,,未収集,収集元推奨: ホットペッパービューティー掲載企業公式サイト / 日本エステティック協会会員
536,,エステサロン,,東京都,,,,,,,エステサロン関連サービス,営業中（推定）,,未収集,収集元推奨: ホットペッパービューティー掲載企業公式サイト / 日本エステティック協会会員
537,,エステサロン,,東京都,,,,,,,エステサロン関連サービス,営業中（推定）,,未収集,収集元推奨: ホットペッパービューティー掲載企業公式サイト / 日本エステティック協会会員
538,,エステサロン,,東京都,,,,,,,エステサロン関連サービス,営業中（推定）,,未収集,収集元推奨: ホットペッパービューティー掲載企業公式サイト / 日本エステティック協会会員
539,,エステサロン,,東京都,,,,,,,エステサロン関連サービス,営業中（推定）,,未収集,収集元推奨: ホットペッパービューティー掲載企業公式サイト / 日本エステティック協会会員
540,,エステサロン,,東京都,,,,,,,エステサロン関連サービス,営業中（推定）,,未収集,収集元推奨: ホットペッパービューティー掲載企業公式サイト / 日本エステティック協会会員
541,,エステサロン,,東京都,,,,,,,エステサロン関連サービス,営業中（推定）,,未収集,収集元推奨: ホットペッパービューティー掲載企業公式サイト / 日本エステティック協会会員
542,,エステサロン,,東京都,,,,,,,エステサロン関連サービス,営業中（推定）,,未収集,収集元推奨: ホットペッパービューティー掲載企業公式サイト / 日本エステティック協会会員
543,,エステサロン,,東京都,,,,,,,エステサロン関連サービス,営業中（推定）,,未収集,収集元推奨: ホットペッパービューティー掲載企業公式サイト / 日本エステティック協会会員
544,,エステサロン,,東京都,,,,,,,エステサロン関連サービス,営業中（推定）,,未収集,収集元推奨: ホットペッパービューティー掲載企業公式サイト / 日本エステティック協会会員
545,,エステサロン,,東京都,,,,,,,エステサロン関連サービス,営業中（推定）,,未収集,収集元推奨: ホットペッパービューティー掲載企業公式サイト / 日本エステティック協会会員
546,,エステサロン,,東京都,,,,,,,エステサロン関連サービス,営業中（推定）,,未収集,収集元推奨: ホットペッパービューティー掲載企業公式サイト / 日本エステティック協会会員
547,,エステサロン,,東京都,,,,,,,エステサロン関連サービス,営業中（推定）,,未収集,収集元推奨: ホットペッパービューティー掲載企業公式サイト / 日本エステティック協会会員
548,,エステサロン,,東京都,,,,,,,エステサロン関連サービス,営業中（推定）,,未収集,収集元推奨: ホットペッパービューティー掲載企業公式サイト / 日本エステティック協会会員
549,,エステサロン,,東京都,,,,,,,エステサロン関連サービス,営業中（推定）,,未収集,収集元推奨: ホットペッパービューティー掲載企業公式サイト / 日本エステティック協会会員
550,,エステサロン,,東京都,,,,,,,エステサロン関連サービス,営業中（推定）,,未収集,収集元推奨: ホットペッパービューティー掲載企業公式サイト / 日本エステティック協会会員
551,,エステサロン,,東京都,,,,,,,エステサロン関連サービス,営業中（推定）,,未収集,収集元推奨: ホットペッパービューティー掲載企業公式サイト / 日本エステティック協会会員
552,,エステサロン,,東京都,,,,,,,エステサロン関連サービス,営業中（推定）,,未収集,収集元推奨: ホットペッパービューティー掲載企業公式サイト / 日本エステティック協会会員
553,,エステサロン,,東京都,,,,,,,エステサロン関連サービス,営業中（推定）,,未収集,収集元推奨: ホットペッパービューティー掲載企業公式サイト / 日本エステティック協会会員
554,,エステサロン,,東京都,,,,,,,エステサロン関連サービス,営業中（推定）,,未収集,収集元推奨: ホットペッパービューティー掲載企業公式サイト / 日本エステティック協会会員
555,,エステサロン,,東京都,,,,,,,エステサロン関連サービス,営業中（推定）,,未収集,収集元推奨: ホットペッパービューティー掲載企業公式サイト / 日本エステティック協会会員
556,,エステサロン,,東京都,,,,,,,エステサロン関連サービス,営業中（推定）,,未収集,収集元推奨: ホットペッパービューティー掲載企業公式サイト / 日本エステティック協会会員
557,,エステサロン,,東京都,,,,,,,エステサロン関連サービス,営業中（推定）,,未収集,収集元推奨: ホットペッパービューティー掲載企業公式サイト / 日本エステティック協会会員
558,,エステサロン,,東京都,,,,,,,エステサロン関連サービス,営業中（推定）,,未収集,収集元推奨: ホットペッパービューティー掲載企業公式サイト / 日本エステティック協会会員
559,,エステサロン,,東京都,,,,,,,エステサロン関連サービス,営業中（推定）,,未収集,収集元推奨: ホットペッパービューティー掲載企業公式サイト / 日本エステティック協会会員
560,,エステサロン,,東京都,,,,,,,エステサロン関連サービス,営業中（推定）,,未収集,収集元推奨: ホットペッパービューティー掲載企業公式サイト / 日本エステティック協会会員
561,,エステサロン,,東京都,,,,,,,エステサロン関連サービス,営業中（推定）,,未収集,収集元推奨: ホットペッパービューティー掲載企業公式サイト / 日本エステティック協会会員
562,,エステサロン,,東京都,,,,,,,エステサロン関連サービス,営業中（推定）,,未収集,収集元推奨: ホットペッパービューティー掲載企業公式サイト / 日本エステティック協会会員
563,,エステサロン,,東京都,,,,,,,エステサロン関連サービス,営業中（推定）,,未収集,収集元推奨: ホットペッパービューティー掲載企業公式サイト / 日本エステティック協会会員
564,,エステサロン,,東京都,,,,,,,エステサロン関連サービス,営業中（推定）,,未収集,収集元推奨: ホットペッパービューティー掲載企業公式サイト / 日本エステティック協会会員
565,,エステサロン,,東京都,,,,,,,エステサロン関連サービス,営業中（推定）,,未収集,収集元推奨: ホットペッパービューティー掲載企業公式サイト / 日本エステティック協会会員
566,,エステサロン,,東京都,,,,,,,エステサロン関連サービス,営業中（推定）,,未収集,収集元推奨: ホットペッパービューティー掲載企業公式サイト / 日本エステティック協会会員
567,,エステサロン,,東京都,,,,,,,エステサロン関連サービス,営業中（推定）,,未収集,収集元推奨: ホットペッパービューティー掲載企業公式サイト / 日本エステティック協会会員
568,,エステサロン,,東京都,,,,,,,エステサロン関連サービス,営業中（推定）,,未収集,収集元推奨: ホットペッパービューティー掲載企業公式サイト / 日本エステティック協会会員
569,,エステサロン,,東京都,,,,,,,エステサロン関連サービス,営業中（推定）,,未収集,収集元推奨: ホットペッパービューティー掲載企業公式サイト / 日本エステティック協会会員
570,,エステサロン,,東京都,,,,,,,エステサロン関連サービス,営業中（推定）,,未収集,収集元推奨: ホットペッパービューティー掲載企業公式サイト / 日本エステティック協会会員
571,,エステサロン,,東京都,,,,,,,エステサロン関連サービス,営業中（推定）,,未収集,収集元推奨: ホットペッパービューティー掲載企業公式サイト / 日本エステティック協会会員
572,,エステサロン,,東京都,,,,,,,エステサロン関連サービス,営業中（推定）,,未収集,収集元推奨: ホットペッパービューティー掲載企業公式サイト / 日本エステティック協会会員
573,,エステサロン,,東京都,,,,,,,エステサロン関連サービス,営業中（推定）,,未収集,収集元推奨: ホットペッパービューティー掲載企業公式サイト / 日本エステティック協会会員
574,,エステサロン,,東京都,,,,,,,エステサロン関連サービス,営業中（推定）,,未収集,収集元推奨: ホットペッパービューティー掲載企業公式サイト / 日本エステティック協会会員
575,,エステサロン,,東京都,,,,,,,エステサロン関連サービス,営業中（推定）,,未収集,収集元推奨: ホットペッパービューティー掲載企業公式サイト / 日本エステティック協会会員
576,,エステサロン,,東京都,,,,,,,エステサロン関連サービス,営業中（推定）,,未収集,収集元推奨: ホットペッパービューティー掲載企業公式サイト / 日本エステティック協会会員
577,,エステサロン,,東京都,,,,,,,エステサロン関連サービス,営業中（推定）,,未収集,収集元推奨: ホットペッパービューティー掲載企業公式サイト / 日本エステティック協会会員
578,,エステサロン,,東京都,,,,,,,エステサロン関連サービス,営業中（推定）,,未収集,収集元推奨: ホットペッパービューティー掲載企業公式サイト / 日本エステティック協会会員
579,,エステサロン,,東京都,,,,,,,エステサロン関連サービス,営業中（推定）,,未収集,収集元推奨: ホットペッパービューティー掲載企業公式サイト / 日本エステティック協会会員
580,,エステサロン,,東京都,,,,,,,エステサロン関連サービス,営業中（推定）,,未収集,収集元推奨: ホットペッパービューティー掲載企業公式サイト / 日本エステティック協会会員
581,,エステサロン,,東京都,,,,,,,エステサロン関連サービス,営業中（推定）,,未収集,収集元推奨: ホットペッパービューティー掲載企業公式サイト / 日本エステティック協会会員
582,,エステサロン,,東京都,,,,,,,エステサロン関連サービス,営業中（推定）,,未収集,収集元推奨: ホットペッパービューティー掲載企業公式サイト / 日本エステティック協会会員
583,,エステサロン,,東京都,,,,,,,エステサロン関連サービス,営業中（推定）,,未収集,収集元推奨: ホットペッパービューティー掲載企業公式サイト / 日本エステティック協会会員
584,,エステサロン,,東京都,,,,,,,エステサロン関連サービス,営業中（推定）,,未収集,収集元推奨: ホットペッパービューティー掲載企業公式サイト / 日本エステティック協会会員
585,,エステサロン,,東京都,,,,,,,エステサロン関連サービス,営業中（推定）,,未収集,収集元推奨: ホットペッパービューティー掲載企業公式サイト / 日本エステティック協会会員
586,,エステサロン,,東京都,,,,,,,エステサロン関連サービス,営業中（推定）,,未収集,収集元推奨: ホットペッパービューティー掲載企業公式サイト / 日本エステティック協会会員
587,,エステサロン,,東京都,,,,,,,エステサロン関連サービス,営業中（推定）,,未収集,収集元推奨: ホットペッパービューティー掲載企業公式サイト / 日本エステティック協会会員
588,,エステサロン,,東京都,,,,,,,エステサロン関連サービス,営業中（推定）,,未収集,収集元推奨: ホットペッパービューティー掲載企業公式サイト / 日本エステティック協会会員
589,,エステサロン,,東京都,,,,,,,エステサロン関連サービス,営業中（推定）,,未収集,収集元推奨: ホットペッパービューティー掲載企業公式サイト / 日本エステティック協会会員
590,,エステサロン,,東京都,,,,,,,エステサロン関連サービス,営業中（推定）,,未収集,収集元推奨: ホットペッパービューティー掲載企業公式サイト / 日本エステティック協会会員
591,,エステサロン,,東京都,,,,,,,エステサロン関連サービス,営業中（推定）,,未収集,収集元推奨: ホットペッパービューティー掲載企業公式サイト / 日本エステティック協会会員
592,,エステサロン,,東京都,,,,,,,エステサロン関連サービス,営業中（推定）,,未収集,収集元推奨: ホットペッパービューティー掲載企業公式サイト / 日本エステティック協会会員
593,,エステサロン,,東京都,,,,,,,エステサロン関連サービス,営業中（推定）,,未収集,収集元推奨: ホットペッパービューティー掲載企業公式サイト / 日本エステティック協会会員
594,,エステサロン,,東京都,,,,,,,エステサロン関連サービス,営業中（推定）,,未収集,収集元推奨: ホットペッパービューティー掲載企業公式サイト / 日本エステティック協会会員
595,,エステサロン,,東京都,,,,,,,エステサロン関連サービス,営業中（推定）,,未収集,収集元推奨: ホットペッパービューティー掲載企業公式サイト / 日本エステティック協会会員
596,,エステサロン,,東京都,,,,,,,エステサロン関連サービス,営業中（推定）,,未収集,収集元推奨: ホットペッパービューティー掲載企業公式サイト / 日本エステティック協会会員
597,,エステサロン,,東京都,,,,,,,エステサロン関連サービス,営業中（推定）,,未収集,収集元推奨: ホットペッパービューティー掲載企業公式サイト / 日本エステティック協会会員
598,,エステサロン,,東京都,,,,,,,エステサロン関連サービス,営業中（推定）,,未収集,収集元推奨: ホットペッパービューティー掲載企業公式サイト / 日本エステティック協会会員
599,,エステサロン,,東京都,,,,,,,エステサロン関連サービス,営業中（推定）,,未収集,収集元推奨: ホットペッパービューティー掲載企業公式サイト / 日本エステティック協会会員
600,,エステサロン,,東京都,,,,,,,エステサロン関連サービス,営業中（推定）,,未収集,収集元推奨: ホットペッパービューティー掲載企業公式サイト / 日本エステティック協会会員
601,,エステサロン,,東京都,,,,,,,エステサロン関連サービス,営業中（推定）,,未収集,収集元推奨: ホットペッパービューティー掲載企業公式サイト / 日本エステティック協会会員
602,,エステサロン,,東京都,,,,,,,エステサロン関連サービス,営業中（推定）,,未収集,収集元推奨: ホットペッパービューティー掲載企業公式サイト / 日本エステティック協会会員
603,,エステサロン,,東京都,,,,,,,エステサロン関連サービス,営業中（推定）,,未収集,収集元推奨: ホットペッパービューティー掲載企業公式サイト / 日本エステティック協会会員
604,,エステサロン,,東京都,,,,,,,エステサロン関連サービス,営業中（推定）,,未収集,収集元推奨: ホットペッパービューティー掲載企業公式サイト / 日本エステティック協会会員
605,,エステサロン,,東京都,,,,,,,エステサロン関連サービス,営業中（推定）,,未収集,収集元推奨: ホットペッパービューティー掲載企業公式サイト / 日本エステティック協会会員
606,,エステサロン,,東京都,,,,,,,エステサロン関連サービス,営業中（推定）,,未収集,収集元推奨: ホットペッパービューティー掲載企業公式サイト / 日本エステティック協会会員
607,,エステサロン,,東京都,,,,,,,エステサロン関連サービス,営業中（推定）,,未収集,収集元推奨: ホットペッパービューティー掲載企業公式サイト / 日本エステティック協会会員
608,,エステサロン,,東京都,,,,,,,エステサロン関連サービス,営業中（推定）,,未収集,収集元推奨: ホットペッパービューティー掲載企業公式サイト / 日本エステティック協会会員
609,,エステサロン,,東京都,,,,,,,エステサロン関連サービス,営業中（推定）,,未収集,収集元推奨: ホットペッパービューティー掲載企業公式サイト / 日本エステティック協会会員
610,,エステサロン,,東京都,,,,,,,エステサロン関連サービス,営業中（推定）,,未収集,収集元推奨: ホットペッパービューティー掲載企業公式サイト / 日本エステティック協会会員
611,,エステサロン,,東京都,,,,,,,エステサロン関連サービス,営業中（推定）,,未収集,収集元推奨: ホットペッパービューティー掲載企業公式サイト / 日本エステティック協会会員
612,,エステサロン,,東京都,,,,,,,エステサロン関連サービス,営業中（推定）,,未収集,収集元推奨: ホットペッパービューティー掲載企業公式サイト / 日本エステティック協会会員
613,,エステサロン,,東京都,,,,,,,エステサロン関連サービス,営業中（推定）,,未収集,収集元推奨: ホットペッパービューティー掲載企業公式サイト / 日本エステティック協会会員
614,,エステサロン,,東京都,,,,,,,エステサロン関連サービス,営業中（推定）,,未収集,収集元推奨: ホットペッパービューティー掲載企業公式サイト / 日本エステティック協会会員
615,,エステサロン,,東京都,,,,,,,エステサロン関連サービス,営業中（推定）,,未収集,収集元推奨: ホットペッパービューティー掲載企業公式サイト / 日本エステティック協会会員
616,,エステサロン,,東京都,,,,,,,エステサロン関連サービス,営業中（推定）,,未収集,収集元推奨: ホットペッパービューティー掲載企業公式サイト / 日本エステティック協会会員
617,,エステサロン,,東京都,,,,,,,エステサロン関連サービス,営業中（推定）,,未収集,収集元推奨: ホットペッパービューティー掲載企業公式サイト / 日本エステティック協会会員
618,,エステサロン,,東京都,,,,,,,エステサロン関連サービス,営業中（推定）,,未収集,収集元推奨: ホットペッパービューティー掲載企業公式サイト / 日本エステティック協会会員
619,,エステサロン,,東京都,,,,,,,エステサロン関連サービス,営業中（推定）,,未収集,収集元推奨: ホットペッパービューティー掲載企業公式サイト / 日本エステティック協会会員
620,,エステサロン,,東京都,,,,,,,エステサロン関連サービス,営業中（推定）,,未収集,収集元推奨: ホットペッパービューティー掲載企業公式サイト / 日本エステティック協会会員
621,,エステサロン,,東京都,,,,,,,エステサロン関連サービス,営業中（推定）,,未収集,収集元推奨: ホットペッパービューティー掲載企業公式サイト / 日本エステティック協会会員
622,,エステサロン,,東京都,,,,,,,エステサロン関連サービス,営業中（推定）,,未収集,収集元推奨: ホットペッパービューティー掲載企業公式サイト / 日本エステティック協会会員
623,,エステサロン,,東京都,,,,,,,エステサロン関連サービス,営業中（推定）,,未収集,収集元推奨: ホットペッパービューティー掲載企業公式サイト / 日本エステティック協会会員
624,,エステサロン,,東京都,,,,,,,エステサロン関連サービス,営業中（推定）,,未収集,収集元推奨: ホットペッパービューティー掲載企業公式サイト / 日本エステティック協会会員
625,,エステサロン,,東京都,,,,,,,エステサロン関連サービス,営業中（推定）,,未収集,収集元推奨: ホットペッパービューティー掲載企業公式サイト / 日本エステティック協会会員
626,,エステサロン,,東京都,,,,,,,エステサロン関連サービス,営業中（推定）,,未収集,収集元推奨: ホットペッパービューティー掲載企業公式サイト / 日本エステティック協会会員
627,,エステサロン,,東京都,,,,,,,エステサロン関連サービス,営業中（推定）,,未収集,収集元推奨: ホットペッパービューティー掲載企業公式サイト / 日本エステティック協会会員
628,,エステサロン,,東京都,,,,,,,エステサロン関連サービス,営業中（推定）,,未収集,収集元推奨: ホットペッパービューティー掲載企業公式サイト / 日本エステティック協会会員
629,,エステサロン,,東京都,,,,,,,エステサロン関連サービス,営業中（推定）,,未収集,収集元推奨: ホットペッパービューティー掲載企業公式サイト / 日本エステティック協会会員
630,,エステサロン,,東京都,,,,,,,エステサロン関連サービス,営業中（推定）,,未収集,収集元推奨: ホットペッパービューティー掲載企業公式サイト / 日本エステティック協会会員
631,,エステサロン,,東京都,,,,,,,エステサロン関連サービス,営業中（推定）,,未収集,収集元推奨: ホットペッパービューティー掲載企業公式サイト / 日本エステティック協会会員
632,,エステサロン,,東京都,,,,,,,エステサロン関連サービス,営業中（推定）,,未収集,収集元推奨: ホットペッパービューティー掲載企業公式サイト / 日本エステティック協会会員
633,,エステサロン,,東京都,,,,,,,エステサロン関連サービス,営業中（推定）,,未収集,収集元推奨: ホットペッパービューティー掲載企業公式サイト / 日本エステティック協会会員
634,,エステサロン,,東京都,,,,,,,エステサロン関連サービス,営業中（推定）,,未収集,収集元推奨: ホットペッパービューティー掲載企業公式サイト / 日本エステティック協会会員
635,,エステサロン,,東京都,,,,,,,エステサロン関連サービス,営業中（推定）,,未収集,収集元推奨: ホットペッパービューティー掲載企業公式サイト / 日本エステティック協会会員
636,,エステサロン,,東京都,,,,,,,エステサロン関連サービス,営業中（推定）,,未収集,収集元推奨: ホットペッパービューティー掲載企業公式サイト / 日本エステティック協会会員
637,,エステサロン,,東京都,,,,,,,エステサロン関連サービス,営業中（推定）,,未収集,収集元推奨: ホットペッパービューティー掲載企業公式サイト / 日本エステティック協会会員
638,,エステサロン,,東京都,,,,,,,エステサロン関連サービス,営業中（推定）,,未収集,収集元推奨: ホットペッパービューティー掲載企業公式サイト / 日本エステティック協会会員
639,,エステサロン,,東京都,,,,,,,エステサロン関連サービス,営業中（推定）,,未収集,収集元推奨: ホットペッパービューティー掲載企業公式サイト / 日本エステティック協会会員
640,,エステサロン,,東京都,,,,,,,エステサロン関連サービス,営業中（推定）,,未収集,収集元推奨: ホットペッパービューティー掲載企業公式サイト / 日本エステティック協会会員
641,,エステサロン,,東京都,,,,,,,エステサロン関連サービス,営業中（推定）,,未収集,収集元推奨: ホットペッパービューティー掲載企業公式サイト / 日本エステティック協会会員
642,,エステサロン,,東京都,,,,,,,エステサロン関連サービス,営業中（推定）,,未収集,収集元推奨: ホットペッパービューティー掲載企業公式サイト / 日本エステティック協会会員
643,,エステサロン,,東京都,,,,,,,エステサロン関連サービス,営業中（推定）,,未収集,収集元推奨: ホットペッパービューティー掲載企業公式サイト / 日本エステティック協会会員
644,,エステサロン,,東京都,,,,,,,エステサロン関連サービス,営業中（推定）,,未収集,収集元推奨: ホットペッパービューティー掲載企業公式サイト / 日本エステティック協会会員
645,,エステサロン,,東京都,,,,,,,エステサロン関連サービス,営業中（推定）,,未収集,収集元推奨: ホットペッパービューティー掲載企業公式サイト / 日本エステティック協会会員
646,,エステサロン,,東京都,,,,,,,エステサロン関連サービス,営業中（推定）,,未収集,収集元推奨: ホットペッパービューティー掲載企業公式サイト / 日本エステティック協会会員
647,,エステサロン,,東京都,,,,,,,エステサロン関連サービス,営業中（推定）,,未収集,収集元推奨: ホットペッパービューティー掲載企業公式サイト / 日本エステティック協会会員
648,,エステサロン,,東京都,,,,,,,エステサロン関連サービス,営業中（推定）,,未収集,収集元推奨: ホットペッパービューティー掲載企業公式サイト / 日本エステティック協会会員
649,,エステサロン,,東京都,,,,,,,エステサロン関連サービス,営業中（推定）,,未収集,収集元推奨: ホットペッパービューティー掲載企業公式サイト / 日本エステティック協会会員
650,,エステサロン,,東京都,,,,,,,エステサロン関連サービス,営業中（推定）,,未収集,収集元推奨: ホットペッパービューティー掲載企業公式サイト / 日本エステティック協会会員
651,,エステサロン,,東京都,,,,,,,エステサロン関連サービス,営業中（推定）,,未収集,収集元推奨: ホットペッパービューティー掲載企業公式サイト / 日本エステティック協会会員
652,,エステサロン,,東京都,,,,,,,エステサロン関連サービス,営業中（推定）,,未収集,収集元推奨: ホットペッパービューティー掲載企業公式サイト / 日本エステティック協会会員
653,,エステサロン,,東京都,,,,,,,エステサロン関連サービス,営業中（推定）,,未収集,収集元推奨: ホットペッパービューティー掲載企業公式サイト / 日本エステティック協会会員
654,,エステサロン,,東京都,,,,,,,エステサロン関連サービス,営業中（推定）,,未収集,収集元推奨: ホットペッパービューティー掲載企業公式サイト / 日本エステティック協会会員
655,,エステサロン,,東京都,,,,,,,エステサロン関連サービス,営業中（推定）,,未収集,収集元推奨: ホットペッパービューティー掲載企業公式サイト / 日本エステティック協会会員
656,,エステサロン,,東京都,,,,,,,エステサロン関連サービス,営業中（推定）,,未収集,収集元推奨: ホットペッパービューティー掲載企業公式サイト / 日本エステティック協会会員
657,,エステサロン,,東京都,,,,,,,エステサロン関連サービス,営業中（推定）,,未収集,収集元推奨: ホットペッパービューティー掲載企業公式サイト / 日本エステティック協会会員
658,,エステサロン,,東京都,,,,,,,エステサロン関連サービス,営業中（推定）,,未収集,収集元推奨: ホットペッパービューティー掲載企業公式サイト / 日本エステティック協会会員
659,,エステサロン,,東京都,,,,,,,エステサロン関連サービス,営業中（推定）,,未収集,収集元推奨: ホットペッパービューティー掲載企業公式サイト / 日本エステティック協会会員
660,,エステサロン,,東京都,,,,,,,エステサロン関連サービス,営業中（推定）,,未収集,収集元推奨: ホットペッパービューティー掲載企業公式サイト / 日本エステティック協会会員
661,,エステサロン,,東京都,,,,,,,エステサロン関連サービス,営業中（推定）,,未収集,収集元推奨: ホットペッパービューティー掲載企業公式サイト / 日本エステティック協会会員
662,,エステサロン,,東京都,,,,,,,エステサロン関連サービス,営業中（推定）,,未収集,収集元推奨: ホットペッパービューティー掲載企業公式サイト / 日本エステティック協会会員
663,,エステサロン,,東京都,,,,,,,エステサロン関連サービス,営業中（推定）,,未収集,収集元推奨: ホットペッパービューティー掲載企業公式サイト / 日本エステティック協会会員
664,,エステサロン,,東京都,,,,,,,エステサロン関連サービス,営業中（推定）,,未収集,収集元推奨: ホットペッパービューティー掲載企業公式サイト / 日本エステティック協会会員
665,,エステサロン,,東京都,,,,,,,エステサロン関連サービス,営業中（推定）,,未収集,収集元推奨: ホットペッパービューティー掲載企業公式サイト / 日本エステティック協会会員
666,,エステサロン,,東京都,,,,,,,エステサロン関連サービス,営業中（推定）,,未収集,収集元推奨: ホットペッパービューティー掲載企業公式サイト / 日本エステティック協会会員
667,,エステサロン,,東京都,,,,,,,エステサロン関連サービス,営業中（推定）,,未収集,収集元推奨: ホットペッパービューティー掲載企業公式サイト / 日本エステティック協会会員
668,,エステサロン,,東京都,,,,,,,エステサロン関連サービス,営業中（推定）,,未収集,収集元推奨: ホットペッパービューティー掲載企業公式サイト / 日本エステティック協会会員
669,,エステサロン,,東京都,,,,,,,エステサロン関連サービス,営業中（推定）,,未収集,収集元推奨: ホットペッパービューティー掲載企業公式サイト / 日本エステティック協会会員
670,,エステサロン,,東京都,,,,,,,エステサロン関連サービス,営業中（推定）,,未収集,収集元推奨: ホットペッパービューティー掲載企業公式サイト / 日本エステティック協会会員
671,,エステサロン,,東京都,,,,,,,エステサロン関連サービス,営業中（推定）,,未収集,収集元推奨: ホットペッパービューティー掲載企業公式サイト / 日本エステティック協会会員
672,,エステサロン,,東京都,,,,,,,エステサロン関連サービス,営業中（推定）,,未収集,収集元推奨: ホットペッパービューティー掲載企業公式サイト / 日本エステティック協会会員
673,,エステサロン,,東京都,,,,,,,エステサロン関連サービス,営業中（推定）,,未収集,収集元推奨: ホットペッパービューティー掲載企業公式サイト / 日本エステティック協会会員
674,,エステサロン,,東京都,,,,,,,エステサロン関連サービス,営業中（推定）,,未収集,収集元推奨: ホットペッパービューティー掲載企業公式サイト / 日本エステティック協会会員
675,,エステサロン,,東京都,,,,,,,エステサロン関連サービス,営業中（推定）,,未収集,収集元推奨: ホットペッパービューティー掲載企業公式サイト / 日本エステティック協会会員
676,,エステサロン,,東京都,,,,,,,エステサロン関連サービス,営業中（推定）,,未収集,収集元推奨: ホットペッパービューティー掲載企業公式サイト / 日本エステティック協会会員
677,,エステサロン,,東京都,,,,,,,エステサロン関連サービス,営業中（推定）,,未収集,収集元推奨: ホットペッパービューティー掲載企業公式サイト / 日本エステティック協会会員
678,,エステサロン,,東京都,,,,,,,エステサロン関連サービス,営業中（推定）,,未収集,収集元推奨: ホットペッパービューティー掲載企業公式サイト / 日本エステティック協会会員
679,,エステサロン,,東京都,,,,,,,エステサロン関連サービス,営業中（推定）,,未収集,収集元推奨: ホットペッパービューティー掲載企業公式サイト / 日本エステティック協会会員
680,,エステサロン,,東京都,,,,,,,エステサロン関連サービス,営業中（推定）,,未収集,収集元推奨: ホットペッパービューティー掲載企業公式サイト / 日本エステティック協会会員
681,,エステサロン,,東京都,,,,,,,エステサロン関連サービス,営業中（推定）,,未収集,収集元推奨: ホットペッパービューティー掲載企業公式サイト / 日本エステティック協会会員
682,,エステサロン,,東京都,,,,,,,エステサロン関連サービス,営業中（推定）,,未収集,収集元推奨: ホットペッパービューティー掲載企業公式サイト / 日本エステティック協会会員
683,,エステサロン,,東京都,,,,,,,エステサロン関連サービス,営業中（推定）,,未収集,収集元推奨: ホットペッパービューティー掲載企業公式サイト / 日本エステティック協会会員
684,,エステサロン,,東京都,,,,,,,エステサロン関連サービス,営業中（推定）,,未収集,収集元推奨: ホットペッパービューティー掲載企業公式サイト / 日本エステティック協会会員
685,,エステサロン,,東京都,,,,,,,エステサロン関連サービス,営業中（推定）,,未収集,収集元推奨: ホットペッパービューティー掲載企業公式サイト / 日本エステティック協会会員
686,,エステサロン,,東京都,,,,,,,エステサロン関連サービス,営業中（推定）,,未収集,収集元推奨: ホットペッパービューティー掲載企業公式サイト / 日本エステティック協会会員
687,,エステサロン,,東京都,,,,,,,エステサロン関連サービス,営業中（推定）,,未収集,収集元推奨: ホットペッパービューティー掲載企業公式サイト / 日本エステティック協会会員
688,,エステサロン,,東京都,,,,,,,エステサロン関連サービス,営業中（推定）,,未収集,収集元推奨: ホットペッパービューティー掲載企業公式サイト / 日本エステティック協会会員
689,,エステサロン,,東京都,,,,,,,エステサロン関連サービス,営業中（推定）,,未収集,収集元推奨: ホットペッパービューティー掲載企業公式サイト / 日本エステティック協会会員
690,,エステサロン,,東京都,,,,,,,エステサロン関連サービス,営業中（推定）,,未収集,収集元推奨: ホットペッパービューティー掲載企業公式サイト / 日本エステティック協会会員
691,,エステサロン,,東京都,,,,,,,エステサロン関連サービス,営業中（推定）,,未収集,収集元推奨: ホットペッパービューティー掲載企業公式サイト / 日本エステティック協会会員
692,,エステサロン,,東京都,,,,,,,エステサロン関連サービス,営業中（推定）,,未収集,収集元推奨: ホットペッパービューティー掲載企業公式サイト / 日本エステティック協会会員
693,,エステサロン,,東京都,,,,,,,エステサロン関連サービス,営業中（推定）,,未収集,収集元推奨: ホットペッパービューティー掲載企業公式サイト / 日本エステティック協会会員
694,,エステサロン,,東京都,,,,,,,エステサロン関連サービス,営業中（推定）,,未収集,収集元推奨: ホットペッパービューティー掲載企業公式サイト / 日本エステティック協会会員
695,,エステサロン,,東京都,,,,,,,エステサロン関連サービス,営業中（推定）,,未収集,収集元推奨: ホットペッパービューティー掲載企業公式サイト / 日本エステティック協会会員
696,,エステサロン,,東京都,,,,,,,エステサロン関連サービス,営業中（推定）,,未収集,収集元推奨: ホットペッパービューティー掲載企業公式サイト / 日本エステティック協会会員
697,,エステサロン,,東京都,,,,,,,エステサロン関連サービス,営業中（推定）,,未収集,収集元推奨: ホットペッパービューティー掲載企業公式サイト / 日本エステティック協会会員
698,,エステサロン,,東京都,,,,,,,エステサロン関連サービス,営業中（推定）,,未収集,収集元推奨: ホットペッパービューティー掲載企業公式サイト / 日本エステティック協会会員
699,,エステサロン,,東京都,,,,,,,エステサロン関連サービス,営業中（推定）,,未収集,収集元推奨: ホットペッパービューティー掲載企業公式サイト / 日本エステティック協会会員
700,,エステサロン,,東京都,,,,,,,エステサロン関連サービス,営業中（推定）,,未収集,収集元推奨: ホットペッパービューティー掲載企業公式サイト / 日本エステティック協会会員
701,,エステサロン,,東京都,,,,,,,エステサロン関連サービス,営業中（推定）,,未収集,収集元推奨: ホットペッパービューティー掲載企業公式サイト / 日本エステティック協会会員
702,,エステサロン,,東京都,,,,,,,エステサロン関連サービス,営業中（推定）,,未収集,収集元推奨: ホットペッパービューティー掲載企業公式サイト / 日本エステティック協会会員
703,,エステサロン,,東京都,,,,,,,エステサロン関連サービス,営業中（推定）,,未収集,収集元推奨: ホットペッパービューティー掲載企業公式サイト / 日本エステティック協会会員
704,,エステサロン,,東京都,,,,,,,エステサロン関連サービス,営業中（推定）,,未収集,収集元推奨: ホットペッパービューティー掲載企業公式サイト / 日本エステティック協会会員
705,,エステサロン,,東京都,,,,,,,エステサロン関連サービス,営業中（推定）,,未収集,収集元推奨: ホットペッパービューティー掲載企業公式サイト / 日本エステティック協会会員
706,,エステサロン,,東京都,,,,,,,エステサロン関連サービス,営業中（推定）,,未収集,収集元推奨: ホットペッパービューティー掲載企業公式サイト / 日本エステティック協会会員
707,,エステサロン,,東京都,,,,,,,エステサロン関連サービス,営業中（推定）,,未収集,収集元推奨: ホットペッパービューティー掲載企業公式サイト / 日本エステティック協会会員
708,,エステサロン,,東京都,,,,,,,エステサロン関連サービス,営業中（推定）,,未収集,収集元推奨: ホットペッパービューティー掲載企業公式サイト / 日本エステティック協会会員
709,,エステサロン,,東京都,,,,,,,エステサロン関連サービス,営業中（推定）,,未収集,収集元推奨: ホットペッパービューティー掲載企業公式サイト / 日本エステティック協会会員
710,,エステサロン,,東京都,,,,,,,エステサロン関連サービス,営業中（推定）,,未収集,収集元推奨: ホットペッパービューティー掲載企業公式サイト / 日本エステティック協会会員
711,,エステサロン,,東京都,,,,,,,エステサロン関連サービス,営業中（推定）,,未収集,収集元推奨: ホットペッパービューティー掲載企業公式サイト / 日本エステティック協会会員
712,,エステサロン,,東京都,,,,,,,エステサロン関連サービス,営業中（推定）,,未収集,収集元推奨: ホットペッパービューティー掲載企業公式サイト / 日本エステティック協会会員
713,,エステサロン,,東京都,,,,,,,エステサロン関連サービス,営業中（推定）,,未収集,収集元推奨: ホットペッパービューティー掲載企業公式サイト / 日本エステティック協会会員
714,,エステサロン,,東京都,,,,,,,エステサロン関連サービス,営業中（推定）,,未収集,収集元推奨: ホットペッパービューティー掲載企業公式サイト / 日本エステティック協会会員
715,,エステサロン,,東京都,,,,,,,エステサロン関連サービス,営業中（推定）,,未収集,収集元推奨: ホットペッパービューティー掲載企業公式サイト / 日本エステティック協会会員
716,,エステサロン,,東京都,,,,,,,エステサロン関連サービス,営業中（推定）,,未収集,収集元推奨: ホットペッパービューティー掲載企業公式サイト / 日本エステティック協会会員
717,,エステサロン,,東京都,,,,,,,エステサロン関連サービス,営業中（推定）,,未収集,収集元推奨: ホットペッパービューティー掲載企業公式サイト / 日本エステティック協会会員
718,,エステサロン,,東京都,,,,,,,エステサロン関連サービス,営業中（推定）,,未収集,収集元推奨: ホットペッパービューティー掲載企業公式サイト / 日本エステティック協会会員
719,,エステサロン,,東京都,,,,,,,エステサロン関連サービス,営業中（推定）,,未収集,収集元推奨: ホットペッパービューティー掲載企業公式サイト / 日本エステティック協会会員
720,,エステサロン,,東京都,,,,,,,エステサロン関連サービス,営業中（推定）,,未収集,収集元推奨: ホットペッパービューティー掲載企業公式サイト / 日本エステティック協会会員
721,,エステサロン,,東京都,,,,,,,エステサロン関連サービス,営業中（推定）,,未収集,収集元推奨: ホットペッパービューティー掲載企業公式サイト / 日本エステティック協会会員
722,,エステサロン,,東京都,,,,,,,エステサロン関連サービス,営業中（推定）,,未収集,収集元推奨: ホットペッパービューティー掲載企業公式サイト / 日本エステティック協会会員
723,,エステサロン,,東京都,,,,,,,エステサロン関連サービス,営業中（推定）,,未収集,収集元推奨: ホットペッパービューティー掲載企業公式サイト / 日本エステティック協会会員
724,,エステサロン,,東京都,,,,,,,エステサロン関連サービス,営業中（推定）,,未収集,収集元推奨: ホットペッパービューティー掲載企業公式サイト / 日本エステティック協会会員
725,,エステサロン,,東京都,,,,,,,エステサロン関連サービス,営業中（推定）,,未収集,収集元推奨: ホットペッパービューティー掲載企業公式サイト / 日本エステティック協会会員
726,,エステサロン,,東京都,,,,,,,エステサロン関連サービス,営業中（推定）,,未収集,収集元推奨: ホットペッパービューティー掲載企業公式サイト / 日本エステティック協会会員
727,,エステサロン,,東京都,,,,,,,エステサロン関連サービス,営業中（推定）,,未収集,収集元推奨: ホットペッパービューティー掲載企業公式サイト / 日本エステティック協会会員
728,,エステサロン,,東京都,,,,,,,エステサロン関連サービス,営業中（推定）,,未収集,収集元推奨: ホットペッパービューティー掲載企業公式サイト / 日本エステティック協会会員
729,,エステサロン,,東京都,,,,,,,エステサロン関連サービス,営業中（推定）,,未収集,収集元推奨: ホットペッパービューティー掲載企業公式サイト / 日本エステティック協会会員
730,,エステサロン,,東京都,,,,,,,エステサロン関連サービス,営業中（推定）,,未収集,収集元推奨: ホットペッパービューティー掲載企業公式サイト / 日本エステティック協会会員
731,,エステサロン,,東京都,,,,,,,エステサロン関連サービス,営業中（推定）,,未収集,収集元推奨: ホットペッパービューティー掲載企業公式サイト / 日本エステティック協会会員
732,,ネイルサロン,,東京都,,,,,,,ネイルサロン関連サービス,営業中（推定）,,未収集,収集元推奨: JNA（日本ネイリスト協会）会員 / ホットペッパービューティー
733,,ネイルサロン,,東京都,,,,,,,ネイルサロン関連サービス,営業中（推定）,,未収集,収集元推奨: JNA（日本ネイリスト協会）会員 / ホットペッパービューティー
734,,ネイルサロン,,東京都,,,,,,,ネイルサロン関連サービス,営業中（推定）,,未収集,収集元推奨: JNA（日本ネイリスト協会）会員 / ホットペッパービューティー
735,,ネイルサロン,,東京都,,,,,,,ネイルサロン関連サービス,営業中（推定）,,未収集,収集元推奨: JNA（日本ネイリスト協会）会員 / ホットペッパービューティー
736,,ネイルサロン,,東京都,,,,,,,ネイルサロン関連サービス,営業中（推定）,,未収集,収集元推奨: JNA（日本ネイリスト協会）会員 / ホットペッパービューティー
737,,ネイルサロン,,東京都,,,,,,,ネイルサロン関連サービス,営業中（推定）,,未収集,収集元推奨: JNA（日本ネイリスト協会）会員 / ホットペッパービューティー
738,,ネイルサロン,,東京都,,,,,,,ネイルサロン関連サービス,営業中（推定）,,未収集,収集元推奨: JNA（日本ネイリスト協会）会員 / ホットペッパービューティー
739,,ネイルサロン,,東京都,,,,,,,ネイルサロン関連サービス,営業中（推定）,,未収集,収集元推奨: JNA（日本ネイリスト協会）会員 / ホットペッパービューティー
740,,ネイルサロン,,東京都,,,,,,,ネイルサロン関連サービス,営業中（推定）,,未収集,収集元推奨: JNA（日本ネイリスト協会）会員 / ホットペッパービューティー
741,,ネイルサロン,,東京都,,,,,,,ネイルサロン関連サービス,営業中（推定）,,未収集,収集元推奨: JNA（日本ネイリスト協会）会員 / ホットペッパービューティー
742,,ネイルサロン,,東京都,,,,,,,ネイルサロン関連サービス,営業中（推定）,,未収集,収集元推奨: JNA（日本ネイリスト協会）会員 / ホットペッパービューティー
743,,ネイルサロン,,東京都,,,,,,,ネイルサロン関連サービス,営業中（推定）,,未収集,収集元推奨: JNA（日本ネイリスト協会）会員 / ホットペッパービューティー
744,,ネイルサロン,,東京都,,,,,,,ネイルサロン関連サービス,営業中（推定）,,未収集,収集元推奨: JNA（日本ネイリスト協会）会員 / ホットペッパービューティー
745,,ネイルサロン,,東京都,,,,,,,ネイルサロン関連サービス,営業中（推定）,,未収集,収集元推奨: JNA（日本ネイリスト協会）会員 / ホットペッパービューティー
746,,ネイルサロン,,東京都,,,,,,,ネイルサロン関連サービス,営業中（推定）,,未収集,収集元推奨: JNA（日本ネイリスト協会）会員 / ホットペッパービューティー
747,,ネイルサロン,,東京都,,,,,,,ネイルサロン関連サービス,営業中（推定）,,未収集,収集元推奨: JNA（日本ネイリスト協会）会員 / ホットペッパービューティー
748,,ネイルサロン,,東京都,,,,,,,ネイルサロン関連サービス,営業中（推定）,,未収集,収集元推奨: JNA（日本ネイリスト協会）会員 / ホットペッパービューティー
749,,ネイルサロン,,東京都,,,,,,,ネイルサロン関連サービス,営業中（推定）,,未収集,収集元推奨: JNA（日本ネイリスト協会）会員 / ホットペッパービューティー
750,,ネイルサロン,,東京都,,,,,,,ネイルサロン関連サービス,営業中（推定）,,未収集,収集元推奨: JNA（日本ネイリスト協会）会員 / ホットペッパービューティー
751,,ネイルサロン,,東京都,,,,,,,ネイルサロン関連サービス,営業中（推定）,,未収集,収集元推奨: JNA（日本ネイリスト協会）会員 / ホットペッパービューティー
752,,ネイルサロン,,東京都,,,,,,,ネイルサロン関連サービス,営業中（推定）,,未収集,収集元推奨: JNA（日本ネイリスト協会）会員 / ホットペッパービューティー
753,,ネイルサロン,,東京都,,,,,,,ネイルサロン関連サービス,営業中（推定）,,未収集,収集元推奨: JNA（日本ネイリスト協会）会員 / ホットペッパービューティー
754,,ネイルサロン,,東京都,,,,,,,ネイルサロン関連サービス,営業中（推定）,,未収集,収集元推奨: JNA（日本ネイリスト協会）会員 / ホットペッパービューティー
755,,ネイルサロン,,東京都,,,,,,,ネイルサロン関連サービス,営業中（推定）,,未収集,収集元推奨: JNA（日本ネイリスト協会）会員 / ホットペッパービューティー
756,,ネイルサロン,,東京都,,,,,,,ネイルサロン関連サービス,営業中（推定）,,未収集,収集元推奨: JNA（日本ネイリスト協会）会員 / ホットペッパービューティー
757,,ネイルサロン,,東京都,,,,,,,ネイルサロン関連サービス,営業中（推定）,,未収集,収集元推奨: JNA（日本ネイリスト協会）会員 / ホットペッパービューティー
758,,ネイルサロン,,東京都,,,,,,,ネイルサロン関連サービス,営業中（推定）,,未収集,収集元推奨: JNA（日本ネイリスト協会）会員 / ホットペッパービューティー
759,,ネイルサロン,,東京都,,,,,,,ネイルサロン関連サービス,営業中（推定）,,未収集,収集元推奨: JNA（日本ネイリスト協会）会員 / ホットペッパービューティー
760,,ネイルサロン,,東京都,,,,,,,ネイルサロン関連サービス,営業中（推定）,,未収集,収集元推奨: JNA（日本ネイリスト協会）会員 / ホットペッパービューティー
761,,ネイルサロン,,東京都,,,,,,,ネイルサロン関連サービス,営業中（推定）,,未収集,収集元推奨: JNA（日本ネイリスト協会）会員 / ホットペッパービューティー
762,,ネイルサロン,,東京都,,,,,,,ネイルサロン関連サービス,営業中（推定）,,未収集,収集元推奨: JNA（日本ネイリスト協会）会員 / ホットペッパービューティー
763,,ネイルサロン,,東京都,,,,,,,ネイルサロン関連サービス,営業中（推定）,,未収集,収集元推奨: JNA（日本ネイリスト協会）会員 / ホットペッパービューティー
764,,ネイルサロン,,東京都,,,,,,,ネイルサロン関連サービス,営業中（推定）,,未収集,収集元推奨: JNA（日本ネイリスト協会）会員 / ホットペッパービューティー
765,,ネイルサロン,,東京都,,,,,,,ネイルサロン関連サービス,営業中（推定）,,未収集,収集元推奨: JNA（日本ネイリスト協会）会員 / ホットペッパービューティー
766,,ネイルサロン,,東京都,,,,,,,ネイルサロン関連サービス,営業中（推定）,,未収集,収集元推奨: JNA（日本ネイリスト協会）会員 / ホットペッパービューティー
767,,ネイルサロン,,東京都,,,,,,,ネイルサロン関連サービス,営業中（推定）,,未収集,収集元推奨: JNA（日本ネイリスト協会）会員 / ホットペッパービューティー
768,,ネイルサロン,,東京都,,,,,,,ネイルサロン関連サービス,営業中（推定）,,未収集,収集元推奨: JNA（日本ネイリスト協会）会員 / ホットペッパービューティー
769,,ネイルサロン,,東京都,,,,,,,ネイルサロン関連サービス,営業中（推定）,,未収集,収集元推奨: JNA（日本ネイリスト協会）会員 / ホットペッパービューティー
770,,ネイルサロン,,東京都,,,,,,,ネイルサロン関連サービス,営業中（推定）,,未収集,収集元推奨: JNA（日本ネイリスト協会）会員 / ホットペッパービューティー
771,,ネイルサロン,,東京都,,,,,,,ネイルサロン関連サービス,営業中（推定）,,未収集,収集元推奨: JNA（日本ネイリスト協会）会員 / ホットペッパービューティー
772,,ネイルサロン,,東京都,,,,,,,ネイルサロン関連サービス,営業中（推定）,,未収集,収集元推奨: JNA（日本ネイリスト協会）会員 / ホットペッパービューティー
773,,ネイルサロン,,東京都,,,,,,,ネイルサロン関連サービス,営業中（推定）,,未収集,収集元推奨: JNA（日本ネイリスト協会）会員 / ホットペッパービューティー
774,,ネイルサロン,,東京都,,,,,,,ネイルサロン関連サービス,営業中（推定）,,未収集,収集元推奨: JNA（日本ネイリスト協会）会員 / ホットペッパービューティー
775,,ネイルサロン,,東京都,,,,,,,ネイルサロン関連サービス,営業中（推定）,,未収集,収集元推奨: JNA（日本ネイリスト協会）会員 / ホットペッパービューティー
776,,ネイルサロン,,東京都,,,,,,,ネイルサロン関連サービス,営業中（推定）,,未収集,収集元推奨: JNA（日本ネイリスト協会）会員 / ホットペッパービューティー
777,,ネイルサロン,,東京都,,,,,,,ネイルサロン関連サービス,営業中（推定）,,未収集,収集元推奨: JNA（日本ネイリスト協会）会員 / ホットペッパービューティー
778,,ネイルサロン,,東京都,,,,,,,ネイルサロン関連サービス,営業中（推定）,,未収集,収集元推奨: JNA（日本ネイリスト協会）会員 / ホットペッパービューティー
779,,ネイルサロン,,東京都,,,,,,,ネイルサロン関連サービス,営業中（推定）,,未収集,収集元推奨: JNA（日本ネイリスト協会）会員 / ホットペッパービューティー
780,,ネイルサロン,,東京都,,,,,,,ネイルサロン関連サービス,営業中（推定）,,未収集,収集元推奨: JNA（日本ネイリスト協会）会員 / ホットペッパービューティー
781,,ネイルサロン,,東京都,,,,,,,ネイルサロン関連サービス,営業中（推定）,,未収集,収集元推奨: JNA（日本ネイリスト協会）会員 / ホットペッパービューティー
782,,ネイルサロン,,東京都,,,,,,,ネイルサロン関連サービス,営業中（推定）,,未収集,収集元推奨: JNA（日本ネイリスト協会）会員 / ホットペッパービューティー
783,,ネイルサロン,,東京都,,,,,,,ネイルサロン関連サービス,営業中（推定）,,未収集,収集元推奨: JNA（日本ネイリスト協会）会員 / ホットペッパービューティー
784,,ネイルサロン,,東京都,,,,,,,ネイルサロン関連サービス,営業中（推定）,,未収集,収集元推奨: JNA（日本ネイリスト協会）会員 / ホットペッパービューティー
785,,ネイルサロン,,東京都,,,,,,,ネイルサロン関連サービス,営業中（推定）,,未収集,収集元推奨: JNA（日本ネイリスト協会）会員 / ホットペッパービューティー
786,,ネイルサロン,,東京都,,,,,,,ネイルサロン関連サービス,営業中（推定）,,未収集,収集元推奨: JNA（日本ネイリスト協会）会員 / ホットペッパービューティー
787,,ネイルサロン,,東京都,,,,,,,ネイルサロン関連サービス,営業中（推定）,,未収集,収集元推奨: JNA（日本ネイリスト協会）会員 / ホットペッパービューティー
788,,ネイルサロン,,東京都,,,,,,,ネイルサロン関連サービス,営業中（推定）,,未収集,収集元推奨: JNA（日本ネイリスト協会）会員 / ホットペッパービューティー
789,,ネイルサロン,,東京都,,,,,,,ネイルサロン関連サービス,営業中（推定）,,未収集,収集元推奨: JNA（日本ネイリスト協会）会員 / ホットペッパービューティー
790,,ネイルサロン,,東京都,,,,,,,ネイルサロン関連サービス,営業中（推定）,,未収集,収集元推奨: JNA（日本ネイリスト協会）会員 / ホットペッパービューティー
791,,ネイルサロン,,東京都,,,,,,,ネイルサロン関連サービス,営業中（推定）,,未収集,収集元推奨: JNA（日本ネイリスト協会）会員 / ホットペッパービューティー
792,,ネイルサロン,,東京都,,,,,,,ネイルサロン関連サービス,営業中（推定）,,未収集,収集元推奨: JNA（日本ネイリスト協会）会員 / ホットペッパービューティー
793,,ネイルサロン,,東京都,,,,,,,ネイルサロン関連サービス,営業中（推定）,,未収集,収集元推奨: JNA（日本ネイリスト協会）会員 / ホットペッパービューティー
794,,ネイルサロン,,東京都,,,,,,,ネイルサロン関連サービス,営業中（推定）,,未収集,収集元推奨: JNA（日本ネイリスト協会）会員 / ホットペッパービューティー
795,,ネイルサロン,,東京都,,,,,,,ネイルサロン関連サービス,営業中（推定）,,未収集,収集元推奨: JNA（日本ネイリスト協会）会員 / ホットペッパービューティー
796,,ネイルサロン,,東京都,,,,,,,ネイルサロン関連サービス,営業中（推定）,,未収集,収集元推奨: JNA（日本ネイリスト協会）会員 / ホットペッパービューティー
797,,ネイルサロン,,東京都,,,,,,,ネイルサロン関連サービス,営業中（推定）,,未収集,収集元推奨: JNA（日本ネイリスト協会）会員 / ホットペッパービューティー
798,,ネイルサロン,,東京都,,,,,,,ネイルサロン関連サービス,営業中（推定）,,未収集,収集元推奨: JNA（日本ネイリスト協会）会員 / ホットペッパービューティー
799,,ネイルサロン,,東京都,,,,,,,ネイルサロン関連サービス,営業中（推定）,,未収集,収集元推奨: JNA（日本ネイリスト協会）会員 / ホットペッパービューティー
800,,ネイルサロン,,東京都,,,,,,,ネイルサロン関連サービス,営業中（推定）,,未収集,収集元推奨: JNA（日本ネイリスト協会）会員 / ホットペッパービューティー
801,,ネイルサロン,,東京都,,,,,,,ネイルサロン関連サービス,営業中（推定）,,未収集,収集元推奨: JNA（日本ネイリスト協会）会員 / ホットペッパービューティー
802,,ネイルサロン,,東京都,,,,,,,ネイルサロン関連サービス,営業中（推定）,,未収集,収集元推奨: JNA（日本ネイリスト協会）会員 / ホットペッパービューティー
803,,ネイルサロン,,東京都,,,,,,,ネイルサロン関連サービス,営業中（推定）,,未収集,収集元推奨: JNA（日本ネイリスト協会）会員 / ホットペッパービューティー
804,,ネイルサロン,,東京都,,,,,,,ネイルサロン関連サービス,営業中（推定）,,未収集,収集元推奨: JNA（日本ネイリスト協会）会員 / ホットペッパービューティー
805,,ネイルサロン,,東京都,,,,,,,ネイルサロン関連サービス,営業中（推定）,,未収集,収集元推奨: JNA（日本ネイリスト協会）会員 / ホットペッパービューティー
806,,ネイルサロン,,東京都,,,,,,,ネイルサロン関連サービス,営業中（推定）,,未収集,収集元推奨: JNA（日本ネイリスト協会）会員 / ホットペッパービューティー
807,,ネイルサロン,,東京都,,,,,,,ネイルサロン関連サービス,営業中（推定）,,未収集,収集元推奨: JNA（日本ネイリスト協会）会員 / ホットペッパービューティー
808,,ネイルサロン,,東京都,,,,,,,ネイルサロン関連サービス,営業中（推定）,,未収集,収集元推奨: JNA（日本ネイリスト協会）会員 / ホットペッパービューティー
809,,ネイルサロン,,東京都,,,,,,,ネイルサロン関連サービス,営業中（推定）,,未収集,収集元推奨: JNA（日本ネイリスト協会）会員 / ホットペッパービューティー
810,,ネイルサロン,,東京都,,,,,,,ネイルサロン関連サービス,営業中（推定）,,未収集,収集元推奨: JNA（日本ネイリスト協会）会員 / ホットペッパービューティー
811,,ネイルサロン,,東京都,,,,,,,ネイルサロン関連サービス,営業中（推定）,,未収集,収集元推奨: JNA（日本ネイリスト協会）会員 / ホットペッパービューティー
812,,ネイルサロン,,東京都,,,,,,,ネイルサロン関連サービス,営業中（推定）,,未収集,収集元推奨: JNA（日本ネイリスト協会）会員 / ホットペッパービューティー
813,,ネイルサロン,,東京都,,,,,,,ネイルサロン関連サービス,営業中（推定）,,未収集,収集元推奨: JNA（日本ネイリスト協会）会員 / ホットペッパービューティー
814,,ネイルサロン,,東京都,,,,,,,ネイルサロン関連サービス,営業中（推定）,,未収集,収集元推奨: JNA（日本ネイリスト協会）会員 / ホットペッパービューティー
815,,ネイルサロン,,東京都,,,,,,,ネイルサロン関連サービス,営業中（推定）,,未収集,収集元推奨: JNA（日本ネイリスト協会）会員 / ホットペッパービューティー
816,,ネイルサロン,,東京都,,,,,,,ネイルサロン関連サービス,営業中（推定）,,未収集,収集元推奨: JNA（日本ネイリスト協会）会員 / ホットペッパービューティー
817,,ネイルサロン,,東京都,,,,,,,ネイルサロン関連サービス,営業中（推定）,,未収集,収集元推奨: JNA（日本ネイリスト協会）会員 / ホットペッパービューティー
818,,ネイルサロン,,東京都,,,,,,,ネイルサロン関連サービス,営業中（推定）,,未収集,収集元推奨: JNA（日本ネイリスト協会）会員 / ホットペッパービューティー
819,,ネイルサロン,,東京都,,,,,,,ネイルサロン関連サービス,営業中（推定）,,未収集,収集元推奨: JNA（日本ネイリスト協会）会員 / ホットペッパービューティー
820,,ネイルサロン,,東京都,,,,,,,ネイルサロン関連サービス,営業中（推定）,,未収集,収集元推奨: JNA（日本ネイリスト協会）会員 / ホットペッパービューティー
821,,ネイルサロン,,東京都,,,,,,,ネイルサロン関連サービス,営業中（推定）,,未収集,収集元推奨: JNA（日本ネイリスト協会）会員 / ホットペッパービューティー
822,,ネイルサロン,,東京都,,,,,,,ネイルサロン関連サービス,営業中（推定）,,未収集,収集元推奨: JNA（日本ネイリスト協会）会員 / ホットペッパービューティー
823,,ネイルサロン,,東京都,,,,,,,ネイルサロン関連サービス,営業中（推定）,,未収集,収集元推奨: JNA（日本ネイリスト協会）会員 / ホットペッパービューティー
824,,ネイルサロン,,東京都,,,,,,,ネイルサロン関連サービス,営業中（推定）,,未収集,収集元推奨: JNA（日本ネイリスト協会）会員 / ホットペッパービューティー
825,,ネイルサロン,,東京都,,,,,,,ネイルサロン関連サービス,営業中（推定）,,未収集,収集元推奨: JNA（日本ネイリスト協会）会員 / ホットペッパービューティー
826,,ネイルサロン,,東京都,,,,,,,ネイルサロン関連サービス,営業中（推定）,,未収集,収集元推奨: JNA（日本ネイリスト協会）会員 / ホットペッパービューティー
827,,ネイルサロン,,東京都,,,,,,,ネイルサロン関連サービス,営業中（推定）,,未収集,収集元推奨: JNA（日本ネイリスト協会）会員 / ホットペッパービューティー
828,,ネイルサロン,,東京都,,,,,,,ネイルサロン関連サービス,営業中（推定）,,未収集,収集元推奨: JNA（日本ネイリスト協会）会員 / ホットペッパービューティー
829,,ネイルサロン,,東京都,,,,,,,ネイルサロン関連サービス,営業中（推定）,,未収集,収集元推奨: JNA（日本ネイリスト協会）会員 / ホットペッパービューティー
830,,ネイルサロン,,東京都,,,,,,,ネイルサロン関連サービス,営業中（推定）,,未収集,収集元推奨: JNA（日本ネイリスト協会）会員 / ホットペッパービューティー
831,,ネイルサロン,,東京都,,,,,,,ネイルサロン関連サービス,営業中（推定）,,未収集,収集元推奨: JNA（日本ネイリスト協会）会員 / ホットペッパービューティー
832,,ネイルサロン,,東京都,,,,,,,ネイルサロン関連サービス,営業中（推定）,,未収集,収集元推奨: JNA（日本ネイリスト協会）会員 / ホットペッパービューティー
833,,ネイルサロン,,東京都,,,,,,,ネイルサロン関連サービス,営業中（推定）,,未収集,収集元推奨: JNA（日本ネイリスト協会）会員 / ホットペッパービューティー
834,,ネイルサロン,,東京都,,,,,,,ネイルサロン関連サービス,営業中（推定）,,未収集,収集元推奨: JNA（日本ネイリスト協会）会員 / ホットペッパービューティー
835,,ネイルサロン,,東京都,,,,,,,ネイルサロン関連サービス,営業中（推定）,,未収集,収集元推奨: JNA（日本ネイリスト協会）会員 / ホットペッパービューティー
836,,ネイルサロン,,東京都,,,,,,,ネイルサロン関連サービス,営業中（推定）,,未収集,収集元推奨: JNA（日本ネイリスト協会）会員 / ホットペッパービューティー
837,,ネイルサロン,,東京都,,,,,,,ネイルサロン関連サービス,営業中（推定）,,未収集,収集元推奨: JNA（日本ネイリスト協会）会員 / ホットペッパービューティー
838,,ネイルサロン,,東京都,,,,,,,ネイルサロン関連サービス,営業中（推定）,,未収集,収集元推奨: JNA（日本ネイリスト協会）会員 / ホットペッパービューティー
839,,ネイルサロン,,東京都,,,,,,,ネイルサロン関連サービス,営業中（推定）,,未収集,収集元推奨: JNA（日本ネイリスト協会）会員 / ホットペッパービューティー
840,,ネイルサロン,,東京都,,,,,,,ネイルサロン関連サービス,営業中（推定）,,未収集,収集元推奨: JNA（日本ネイリスト協会）会員 / ホットペッパービューティー
841,,ネイルサロン,,東京都,,,,,,,ネイルサロン関連サービス,営業中（推定）,,未収集,収集元推奨: JNA（日本ネイリスト協会）会員 / ホットペッパービューティー
842,,ネイルサロン,,東京都,,,,,,,ネイルサロン関連サービス,営業中（推定）,,未収集,収集元推奨: JNA（日本ネイリスト協会）会員 / ホットペッパービューティー
843,,ネイルサロン,,東京都,,,,,,,ネイルサロン関連サービス,営業中（推定）,,未収集,収集元推奨: JNA（日本ネイリスト協会）会員 / ホットペッパービューティー
844,,ネイルサロン,,東京都,,,,,,,ネイルサロン関連サービス,営業中（推定）,,未収集,収集元推奨: JNA（日本ネイリスト協会）会員 / ホットペッパービューティー
845,,ネイルサロン,,東京都,,,,,,,ネイルサロン関連サービス,営業中（推定）,,未収集,収集元推奨: JNA（日本ネイリスト協会）会員 / ホットペッパービューティー
846,,ネイルサロン,,東京都,,,,,,,ネイルサロン関連サービス,営業中（推定）,,未収集,収集元推奨: JNA（日本ネイリスト協会）会員 / ホットペッパービューティー
847,,ネイルサロン,,東京都,,,,,,,ネイルサロン関連サービス,営業中（推定）,,未収集,収集元推奨: JNA（日本ネイリスト協会）会員 / ホットペッパービューティー
848,,ネイルサロン,,東京都,,,,,,,ネイルサロン関連サービス,営業中（推定）,,未収集,収集元推奨: JNA（日本ネイリスト協会）会員 / ホットペッパービューティー
849,,ネイルサロン,,東京都,,,,,,,ネイルサロン関連サービス,営業中（推定）,,未収集,収集元推奨: JNA（日本ネイリスト協会）会員 / ホットペッパービューティー
850,,ネイルサロン,,東京都,,,,,,,ネイルサロン関連サービス,営業中（推定）,,未収集,収集元推奨: JNA（日本ネイリスト協会）会員 / ホットペッパービューティー
851,,ネイルサロン,,東京都,,,,,,,ネイルサロン関連サービス,営業中（推定）,,未収集,収集元推奨: JNA（日本ネイリスト協会）会員 / ホットペッパービューティー
852,,ネイルサロン,,東京都,,,,,,,ネイルサロン関連サービス,営業中（推定）,,未収集,収集元推奨: JNA（日本ネイリスト協会）会員 / ホットペッパービューティー
853,,ネイルサロン,,東京都,,,,,,,ネイルサロン関連サービス,営業中（推定）,,未収集,収集元推奨: JNA（日本ネイリスト協会）会員 / ホットペッパービューティー
854,,ネイルサロン,,東京都,,,,,,,ネイルサロン関連サービス,営業中（推定）,,未収集,収集元推奨: JNA（日本ネイリスト協会）会員 / ホットペッパービューティー
855,,ネイルサロン,,東京都,,,,,,,ネイルサロン関連サービス,営業中（推定）,,未収集,収集元推奨: JNA（日本ネイリスト協会）会員 / ホットペッパービューティー
856,,ネイルサロン,,東京都,,,,,,,ネイルサロン関連サービス,営業中（推定）,,未収集,収集元推奨: JNA（日本ネイリスト協会）会員 / ホットペッパービューティー
857,,ネイルサロン,,東京都,,,,,,,ネイルサロン関連サービス,営業中（推定）,,未収集,収集元推奨: JNA（日本ネイリスト協会）会員 / ホットペッパービューティー
858,,ネイルサロン,,東京都,,,,,,,ネイルサロン関連サービス,営業中（推定）,,未収集,収集元推奨: JNA（日本ネイリスト協会）会員 / ホットペッパービューティー
859,,ネイルサロン,,東京都,,,,,,,ネイルサロン関連サービス,営業中（推定）,,未収集,収集元推奨: JNA（日本ネイリスト協会）会員 / ホットペッパービューティー
860,,ネイルサロン,,東京都,,,,,,,ネイルサロン関連サービス,営業中（推定）,,未収集,収集元推奨: JNA（日本ネイリスト協会）会員 / ホットペッパービューティー
861,,ネイルサロン,,東京都,,,,,,,ネイルサロン関連サービス,営業中（推定）,,未収集,収集元推奨: JNA（日本ネイリスト協会）会員 / ホットペッパービューティー
862,,ネイルサロン,,東京都,,,,,,,ネイルサロン関連サービス,営業中（推定）,,未収集,収集元推奨: JNA（日本ネイリスト協会）会員 / ホットペッパービューティー
863,,ネイルサロン,,東京都,,,,,,,ネイルサロン関連サービス,営業中（推定）,,未収集,収集元推奨: JNA（日本ネイリスト協会）会員 / ホットペッパービューティー
864,,ネイルサロン,,東京都,,,,,,,ネイルサロン関連サービス,営業中（推定）,,未収集,収集元推奨: JNA（日本ネイリスト協会）会員 / ホットペッパービューティー
865,,ネイルサロン,,東京都,,,,,,,ネイルサロン関連サービス,営業中（推定）,,未収集,収集元推奨: JNA（日本ネイリスト協会）会員 / ホットペッパービューティー
866,,ネイルサロン,,東京都,,,,,,,ネイルサロン関連サービス,営業中（推定）,,未収集,収集元推奨: JNA（日本ネイリスト協会）会員 / ホットペッパービューティー
867,,ネイルサロン,,東京都,,,,,,,ネイルサロン関連サービス,営業中（推定）,,未収集,収集元推奨: JNA（日本ネイリスト協会）会員 / ホットペッパービューティー
868,,ネイルサロン,,東京都,,,,,,,ネイルサロン関連サービス,営業中（推定）,,未収集,収集元推奨: JNA（日本ネイリスト協会）会員 / ホットペッパービューティー
869,,ネイルサロン,,東京都,,,,,,,ネイルサロン関連サービス,営業中（推定）,,未収集,収集元推奨: JNA（日本ネイリスト協会）会員 / ホットペッパービューティー
870,,ネイルサロン,,東京都,,,,,,,ネイルサロン関連サービス,営業中（推定）,,未収集,収集元推奨: JNA（日本ネイリスト協会）会員 / ホットペッパービューティー
871,,ネイルサロン,,東京都,,,,,,,ネイルサロン関連サービス,営業中（推定）,,未収集,収集元推奨: JNA（日本ネイリスト協会）会員 / ホットペッパービューティー
872,,ネイルサロン,,東京都,,,,,,,ネイルサロン関連サービス,営業中（推定）,,未収集,収集元推奨: JNA（日本ネイリスト協会）会員 / ホットペッパービューティー
873,,ネイルサロン,,東京都,,,,,,,ネイルサロン関連サービス,営業中（推定）,,未収集,収集元推奨: JNA（日本ネイリスト協会）会員 / ホットペッパービューティー
874,,ネイルサロン,,東京都,,,,,,,ネイルサロン関連サービス,営業中（推定）,,未収集,収集元推奨: JNA（日本ネイリスト協会）会員 / ホットペッパービューティー
875,,ネイルサロン,,東京都,,,,,,,ネイルサロン関連サービス,営業中（推定）,,未収集,収集元推奨: JNA（日本ネイリスト協会）会員 / ホットペッパービューティー
876,,ネイルサロン,,東京都,,,,,,,ネイルサロン関連サービス,営業中（推定）,,未収集,収集元推奨: JNA（日本ネイリスト協会）会員 / ホットペッパービューティー
877,,ネイルサロン,,東京都,,,,,,,ネイルサロン関連サービス,営業中（推定）,,未収集,収集元推奨: JNA（日本ネイリスト協会）会員 / ホットペッパービューティー
878,,ネイルサロン,,東京都,,,,,,,ネイルサロン関連サービス,営業中（推定）,,未収集,収集元推奨: JNA（日本ネイリスト協会）会員 / ホットペッパービューティー
879,,ネイルサロン,,東京都,,,,,,,ネイルサロン関連サービス,営業中（推定）,,未収集,収集元推奨: JNA（日本ネイリスト協会）会員 / ホットペッパービューティー
880,,ネイルサロン,,東京都,,,,,,,ネイルサロン関連サービス,営業中（推定）,,未収集,収集元推奨: JNA（日本ネイリスト協会）会員 / ホットペッパービューティー
881,,ネイルサロン,,東京都,,,,,,,ネイルサロン関連サービス,営業中（推定）,,未収集,収集元推奨: JNA（日本ネイリスト協会）会員 / ホットペッパービューティー
882,,ネイルサロン,,東京都,,,,,,,ネイルサロン関連サービス,営業中（推定）,,未収集,収集元推奨: JNA（日本ネイリスト協会）会員 / ホットペッパービューティー
883,,ネイルサロン,,東京都,,,,,,,ネイルサロン関連サービス,営業中（推定）,,未収集,収集元推奨: JNA（日本ネイリスト協会）会員 / ホットペッパービューティー
884,,ネイルサロン,,東京都,,,,,,,ネイルサロン関連サービス,営業中（推定）,,未収集,収集元推奨: JNA（日本ネイリスト協会）会員 / ホットペッパービューティー
885,,ネイルサロン,,東京都,,,,,,,ネイルサロン関連サービス,営業中（推定）,,未収集,収集元推奨: JNA（日本ネイリスト協会）会員 / ホットペッパービューティー
886,,ネイルサロン,,東京都,,,,,,,ネイルサロン関連サービス,営業中（推定）,,未収集,収集元推奨: JNA（日本ネイリスト協会）会員 / ホットペッパービューティー
887,,ネイルサロン,,東京都,,,,,,,ネイルサロン関連サービス,営業中（推定）,,未収集,収集元推奨: JNA（日本ネイリスト協会）会員 / ホットペッパービューティー
888,,ネイルサロン,,東京都,,,,,,,ネイルサロン関連サービス,営業中（推定）,,未収集,収集元推奨: JNA（日本ネイリスト協会）会員 / ホットペッパービューティー
889,,ネイルサロン,,東京都,,,,,,,ネイルサロン関連サービス,営業中（推定）,,未収集,収集元推奨: JNA（日本ネイリスト協会）会員 / ホットペッパービューティー
890,,ネイルサロン,,東京都,,,,,,,ネイルサロン関連サービス,営業中（推定）,,未収集,収集元推奨: JNA（日本ネイリスト協会）会員 / ホットペッパービューティー
891,,ネイルサロン,,東京都,,,,,,,ネイルサロン関連サービス,営業中（推定）,,未収集,収集元推奨: JNA（日本ネイリスト協会）会員 / ホットペッパービューティー
892,,ネイルサロン,,東京都,,,,,,,ネイルサロン関連サービス,営業中（推定）,,未収集,収集元推奨: JNA（日本ネイリスト協会）会員 / ホットペッパービューティー
893,,ネイルサロン,,東京都,,,,,,,ネイルサロン関連サービス,営業中（推定）,,未収集,収集元推奨: JNA（日本ネイリスト協会）会員 / ホットペッパービューティー
894,,ネイルサロン,,東京都,,,,,,,ネイルサロン関連サービス,営業中（推定）,,未収集,収集元推奨: JNA（日本ネイリスト協会）会員 / ホットペッパービューティー
895,,ネイルサロン,,東京都,,,,,,,ネイルサロン関連サービス,営業中（推定）,,未収集,収集元推奨: JNA（日本ネイリスト協会）会員 / ホットペッパービューティー
896,,ネイルサロン,,東京都,,,,,,,ネイルサロン関連サービス,営業中（推定）,,未収集,収集元推奨: JNA（日本ネイリスト協会）会員 / ホットペッパービューティー
897,,ネイルサロン,,東京都,,,,,,,ネイルサロン関連サービス,営業中（推定）,,未収集,収集元推奨: JNA（日本ネイリスト協会）会員 / ホットペッパービューティー
898,,ネイルサロン,,東京都,,,,,,,ネイルサロン関連サービス,営業中（推定）,,未収集,収集元推奨: JNA（日本ネイリスト協会）会員 / ホットペッパービューティー
899,,ネイルサロン,,東京都,,,,,,,ネイルサロン関連サービス,営業中（推定）,,未収集,収集元推奨: JNA（日本ネイリスト協会）会員 / ホットペッパービューティー
900,,ネイルサロン,,東京都,,,,,,,ネイルサロン関連サービス,営業中（推定）,,未収集,収集元推奨: JNA（日本ネイリスト協会）会員 / ホットペッパービューティー
901,,ネイルサロン,,東京都,,,,,,,ネイルサロン関連サービス,営業中（推定）,,未収集,収集元推奨: JNA（日本ネイリスト協会）会員 / ホットペッパービューティー
902,,ネイルサロン,,東京都,,,,,,,ネイルサロン関連サービス,営業中（推定）,,未収集,収集元推奨: JNA（日本ネイリスト協会）会員 / ホットペッパービューティー
903,,ネイルサロン,,東京都,,,,,,,ネイルサロン関連サービス,営業中（推定）,,未収集,収集元推奨: JNA（日本ネイリスト協会）会員 / ホットペッパービューティー
904,,ネイルサロン,,東京都,,,,,,,ネイルサロン関連サービス,営業中（推定）,,未収集,収集元推奨: JNA（日本ネイリスト協会）会員 / ホットペッパービューティー
905,,ネイルサロン,,東京都,,,,,,,ネイルサロン関連サービス,営業中（推定）,,未収集,収集元推奨: JNA（日本ネイリスト協会）会員 / ホットペッパービューティー
906,,ネイルサロン,,東京都,,,,,,,ネイルサロン関連サービス,営業中（推定）,,未収集,収集元推奨: JNA（日本ネイリスト協会）会員 / ホットペッパービューティー
907,,ネイルサロン,,東京都,,,,,,,ネイルサロン関連サービス,営業中（推定）,,未収集,収集元推奨: JNA（日本ネイリスト協会）会員 / ホットペッパービューティー
908,,ネイルサロン,,東京都,,,,,,,ネイルサロン関連サービス,営業中（推定）,,未収集,収集元推奨: JNA（日本ネイリスト協会）会員 / ホットペッパービューティー
909,,ネイルサロン,,東京都,,,,,,,ネイルサロン関連サービス,営業中（推定）,,未収集,収集元推奨: JNA（日本ネイリスト協会）会員 / ホットペッパービューティー
910,,ネイルサロン,,東京都,,,,,,,ネイルサロン関連サービス,営業中（推定）,,未収集,収集元推奨: JNA（日本ネイリスト協会）会員 / ホットペッパービューティー
911,,ネイルサロン,,東京都,,,,,,,ネイルサロン関連サービス,営業中（推定）,,未収集,収集元推奨: JNA（日本ネイリスト協会）会員 / ホットペッパービューティー
912,,ネイルサロン,,東京都,,,,,,,ネイルサロン関連サービス,営業中（推定）,,未収集,収集元推奨: JNA（日本ネイリスト協会）会員 / ホットペッパービューティー
913,,ネイルサロン,,東京都,,,,,,,ネイルサロン関連サービス,営業中（推定）,,未収集,収集元推奨: JNA（日本ネイリスト協会）会員 / ホットペッパービューティー
914,,ネイルサロン,,東京都,,,,,,,ネイルサロン関連サービス,営業中（推定）,,未収集,収集元推奨: JNA（日本ネイリスト協会）会員 / ホットペッパービューティー
915,,ネイルサロン,,東京都,,,,,,,ネイルサロン関連サービス,営業中（推定）,,未収集,収集元推奨: JNA（日本ネイリスト協会）会員 / ホットペッパービューティー
916,,ネイルサロン,,東京都,,,,,,,ネイルサロン関連サービス,営業中（推定）,,未収集,収集元推奨: JNA（日本ネイリスト協会）会員 / ホットペッパービューティー
917,,ネイルサロン,,東京都,,,,,,,ネイルサロン関連サービス,営業中（推定）,,未収集,収集元推奨: JNA（日本ネイリスト協会）会員 / ホットペッパービューティー
918,,ネイルサロン,,東京都,,,,,,,ネイルサロン関連サービス,営業中（推定）,,未収集,収集元推奨: JNA（日本ネイリスト協会）会員 / ホットペッパービューティー
919,,ネイルサロン,,東京都,,,,,,,ネイルサロン関連サービス,営業中（推定）,,未収集,収集元推奨: JNA（日本ネイリスト協会）会員 / ホットペッパービューティー
920,,ネイルサロン,,東京都,,,,,,,ネイルサロン関連サービス,営業中（推定）,,未収集,収集元推奨: JNA（日本ネイリスト協会）会員 / ホットペッパービューティー
921,,ネイルサロン,,東京都,,,,,,,ネイルサロン関連サービス,営業中（推定）,,未収集,収集元推奨: JNA（日本ネイリスト協会）会員 / ホットペッパービューティー
922,,ネイルサロン,,東京都,,,,,,,ネイルサロン関連サービス,営業中（推定）,,未収集,収集元推奨: JNA（日本ネイリスト協会）会員 / ホットペッパービューティー
923,,ネイルサロン,,東京都,,,,,,,ネイルサロン関連サービス,営業中（推定）,,未収集,収集元推奨: JNA（日本ネイリスト協会）会員 / ホットペッパービューティー
924,,ネイルサロン,,東京都,,,,,,,ネイルサロン関連サービス,営業中（推定）,,未収集,収集元推奨: JNA（日本ネイリスト協会）会員 / ホットペッパービューティー
925,,ネイルサロン,,東京都,,,,,,,ネイルサロン関連サービス,営業中（推定）,,未収集,収集元推奨: JNA（日本ネイリスト協会）会員 / ホットペッパービューティー
926,,ネイルサロン,,東京都,,,,,,,ネイルサロン関連サービス,営業中（推定）,,未収集,収集元推奨: JNA（日本ネイリスト協会）会員 / ホットペッパービューティー
927,,ネイルサロン,,東京都,,,,,,,ネイルサロン関連サービス,営業中（推定）,,未収集,収集元推奨: JNA（日本ネイリスト協会）会員 / ホットペッパービューティー
928,,ネイルサロン,,東京都,,,,,,,ネイルサロン関連サービス,営業中（推定）,,未収集,収集元推奨: JNA（日本ネイリスト協会）会員 / ホットペッパービューティー
929,,ネイルサロン,,東京都,,,,,,,ネイルサロン関連サービス,営業中（推定）,,未収集,収集元推奨: JNA（日本ネイリスト協会）会員 / ホットペッパービューティー
930,,ネイルサロン,,東京都,,,,,,,ネイルサロン関連サービス,営業中（推定）,,未収集,収集元推奨: JNA（日本ネイリスト協会）会員 / ホットペッパービューティー
931,,ネイルサロン,,東京都,,,,,,,ネイルサロン関連サービス,営業中（推定）,,未収集,収集元推奨: JNA（日本ネイリスト協会）会員 / ホットペッパービューティー
932,,ネイルサロン,,東京都,,,,,,,ネイルサロン関連サービス,営業中（推定）,,未収集,収集元推奨: JNA（日本ネイリスト協会）会員 / ホットペッパービューティー
933,,ネイルサロン,,東京都,,,,,,,ネイルサロン関連サービス,営業中（推定）,,未収集,収集元推奨: JNA（日本ネイリスト協会）会員 / ホットペッパービューティー
934,,ネイルサロン,,東京都,,,,,,,ネイルサロン関連サービス,営業中（推定）,,未収集,収集元推奨: JNA（日本ネイリスト協会）会員 / ホットペッパービューティー
935,,ネイルサロン,,東京都,,,,,,,ネイルサロン関連サービス,営業中（推定）,,未収集,収集元推奨: JNA（日本ネイリスト協会）会員 / ホットペッパービューティー
936,,ネイルサロン,,東京都,,,,,,,ネイルサロン関連サービス,営業中（推定）,,未収集,収集元推奨: JNA（日本ネイリスト協会）会員 / ホットペッパービューティー
937,,ネイルサロン,,東京都,,,,,,,ネイルサロン関連サービス,営業中（推定）,,未収集,収集元推奨: JNA（日本ネイリスト協会）会員 / ホットペッパービューティー
938,,ネイルサロン,,東京都,,,,,,,ネイルサロン関連サービス,営業中（推定）,,未収集,収集元推奨: JNA（日本ネイリスト協会）会員 / ホットペッパービューティー
939,,ネイルサロン,,東京都,,,,,,,ネイルサロン関連サービス,営業中（推定）,,未収集,収集元推奨: JNA（日本ネイリスト協会）会員 / ホットペッパービューティー
940,,ネイルサロン,,東京都,,,,,,,ネイルサロン関連サービス,営業中（推定）,,未収集,収集元推奨: JNA（日本ネイリスト協会）会員 / ホットペッパービューティー
941,,ネイルサロン,,東京都,,,,,,,ネイルサロン関連サービス,営業中（推定）,,未収集,収集元推奨: JNA（日本ネイリスト協会）会員 / ホットペッパービューティー
942,,ネイルサロン,,東京都,,,,,,,ネイルサロン関連サービス,営業中（推定）,,未収集,収集元推奨: JNA（日本ネイリスト協会）会員 / ホットペッパービューティー
943,,ネイルサロン,,東京都,,,,,,,ネイルサロン関連サービス,営業中（推定）,,未収集,収集元推奨: JNA（日本ネイリスト協会）会員 / ホットペッパービューティー
944,,ネイルサロン,,東京都,,,,,,,ネイルサロン関連サービス,営業中（推定）,,未収集,収集元推奨: JNA（日本ネイリスト協会）会員 / ホットペッパービューティー
945,,ネイルサロン,,東京都,,,,,,,ネイルサロン関連サービス,営業中（推定）,,未収集,収集元推奨: JNA（日本ネイリスト協会）会員 / ホットペッパービューティー
946,,ネイルサロン,,東京都,,,,,,,ネイルサロン関連サービス,営業中（推定）,,未収集,収集元推奨: JNA（日本ネイリスト協会）会員 / ホットペッパービューティー
947,,ネイルサロン,,東京都,,,,,,,ネイルサロン関連サービス,営業中（推定）,,未収集,収集元推奨: JNA（日本ネイリスト協会）会員 / ホットペッパービューティー
948,,ネイルサロン,,東京都,,,,,,,ネイルサロン関連サービス,営業中（推定）,,未収集,収集元推奨: JNA（日本ネイリスト協会）会員 / ホットペッパービューティー
949,,ネイルサロン,,東京都,,,,,,,ネイルサロン関連サービス,営業中（推定）,,未収集,収集元推奨: JNA（日本ネイリスト協会）会員 / ホットペッパービューティー
950,,ネイルサロン,,東京都,,,,,,,ネイルサロン関連サービス,営業中（推定）,,未収集,収集元推奨: JNA（日本ネイリスト協会）会員 / ホットペッパービューティー
951,,ネイルサロン,,東京都,,,,,,,ネイルサロン関連サービス,営業中（推定）,,未収集,収集元推奨: JNA（日本ネイリスト協会）会員 / ホットペッパービューティー
952,,ネイルサロン,,東京都,,,,,,,ネイルサロン関連サービス,営業中（推定）,,未収集,収集元推奨: JNA（日本ネイリスト協会）会員 / ホットペッパービューティー
953,,ネイルサロン,,東京都,,,,,,,ネイルサロン関連サービス,営業中（推定）,,未収集,収集元推奨: JNA（日本ネイリスト協会）会員 / ホットペッパービューティー
954,,ネイルサロン,,東京都,,,,,,,ネイルサロン関連サービス,営業中（推定）,,未収集,収集元推奨: JNA（日本ネイリスト協会）会員 / ホットペッパービューティー
955,,ネイルサロン,,東京都,,,,,,,ネイルサロン関連サービス,営業中（推定）,,未収集,収集元推奨: JNA（日本ネイリスト協会）会員 / ホットペッパービューティー
956,,ネイルサロン,,東京都,,,,,,,ネイルサロン関連サービス,営業中（推定）,,未収集,収集元推奨: JNA（日本ネイリスト協会）会員 / ホットペッパービューティー
957,,ネイルサロン,,東京都,,,,,,,ネイルサロン関連サービス,営業中（推定）,,未収集,収集元推奨: JNA（日本ネイリスト協会）会員 / ホットペッパービューティー
958,,ネイルサロン,,東京都,,,,,,,ネイルサロン関連サービス,営業中（推定）,,未収集,収集元推奨: JNA（日本ネイリスト協会）会員 / ホットペッパービューティー
959,,ネイルサロン,,東京都,,,,,,,ネイルサロン関連サービス,営業中（推定）,,未収集,収集元推奨: JNA（日本ネイリスト協会）会員 / ホットペッパービューティー
960,,ネイルサロン,,東京都,,,,,,,ネイルサロン関連サービス,営業中（推定）,,未収集,収集元推奨: JNA（日本ネイリスト協会）会員 / ホットペッパービューティー
961,,ネイルサロン,,東京都,,,,,,,ネイルサロン関連サービス,営業中（推定）,,未収集,収集元推奨: JNA（日本ネイリスト協会）会員 / ホットペッパービューティー
962,,ネイルサロン,,東京都,,,,,,,ネイルサロン関連サービス,営業中（推定）,,未収集,収集元推奨: JNA（日本ネイリスト協会）会員 / ホットペッパービューティー
963,,ネイルサロン,,東京都,,,,,,,ネイルサロン関連サービス,営業中（推定）,,未収集,収集元推奨: JNA（日本ネイリスト協会）会員 / ホットペッパービューティー
964,,ネイルサロン,,東京都,,,,,,,ネイルサロン関連サービス,営業中（推定）,,未収集,収集元推奨: JNA（日本ネイリスト協会）会員 / ホットペッパービューティー
965,,ネイルサロン,,東京都,,,,,,,ネイルサロン関連サービス,営業中（推定）,,未収集,収集元推奨: JNA（日本ネイリスト協会）会員 / ホットペッパービューティー
966,,ネイルサロン,,東京都,,,,,,,ネイルサロン関連サービス,営業中（推定）,,未収集,収集元推奨: JNA（日本ネイリスト協会）会員 / ホットペッパービューティー
967,,ネイルサロン,,東京都,,,,,,,ネイルサロン関連サービス,営業中（推定）,,未収集,収集元推奨: JNA（日本ネイリスト協会）会員 / ホットペッパービューティー
968,,ネイルサロン,,東京都,,,,,,,ネイルサロン関連サービス,営業中（推定）,,未収集,収集元推奨: JNA（日本ネイリスト協会）会員 / ホットペッパービューティー
969,,ネイルサロン,,東京都,,,,,,,ネイルサロン関連サービス,営業中（推定）,,未収集,収集元推奨: JNA（日本ネイリスト協会）会員 / ホットペッパービューティー
970,,ネイルサロン,,東京都,,,,,,,ネイルサロン関連サービス,営業中（推定）,,未収集,収集元推奨: JNA（日本ネイリスト協会）会員 / ホットペッパービューティー
971,,ネイルサロン,,東京都,,,,,,,ネイルサロン関連サービス,営業中（推定）,,未収集,収集元推奨: JNA（日本ネイリスト協会）会員 / ホットペッパービューティー
972,,ネイルサロン,,東京都,,,,,,,ネイルサロン関連サービス,営業中（推定）,,未収集,収集元推奨: JNA（日本ネイリスト協会）会員 / ホットペッパービューティー
973,,ネイルサロン,,東京都,,,,,,,ネイルサロン関連サービス,営業中（推定）,,未収集,収集元推奨: JNA（日本ネイリスト協会）会員 / ホットペッパービューティー
974,,ネイルサロン,,東京都,,,,,,,ネイルサロン関連サービス,営業中（推定）,,未収集,収集元推奨: JNA（日本ネイリスト協会）会員 / ホットペッパービューティー
975,,ネイルサロン,,東京都,,,,,,,ネイルサロン関連サービス,営業中（推定）,,未収集,収集元推奨: JNA（日本ネイリスト協会）会員 / ホットペッパービューティー
976,,ネイルサロン,,東京都,,,,,,,ネイルサロン関連サービス,営業中（推定）,,未収集,収集元推奨: JNA（日本ネイリスト協会）会員 / ホットペッパービューティー
977,,ネイルサロン,,東京都,,,,,,,ネイルサロン関連サービス,営業中（推定）,,未収集,収集元推奨: JNA（日本ネイリスト協会）会員 / ホットペッパービューティー
978,,ネイルサロン,,東京都,,,,,,,ネイルサロン関連サービス,営業中（推定）,,未収集,収集元推奨: JNA（日本ネイリスト協会）会員 / ホットペッパービューティー
979,,ネイルサロン,,東京都,,,,,,,ネイルサロン関連サービス,営業中（推定）,,未収集,収集元推奨: JNA（日本ネイリスト協会）会員 / ホットペッパービューティー
980,,ネイルサロン,,東京都,,,,,,,ネイルサロン関連サービス,営業中（推定）,,未収集,収集元推奨: JNA（日本ネイリスト協会）会員 / ホットペッパービューティー
981,,ネイルサロン,,東京都,,,,,,,ネイルサロン関連サービス,営業中（推定）,,未収集,収集元推奨: JNA（日本ネイリスト協会）会員 / ホットペッパービューティー
982,,ネイルサロン,,東京都,,,,,,,ネイルサロン関連サービス,営業中（推定）,,未収集,収集元推奨: JNA（日本ネイリスト協会）会員 / ホットペッパービューティー
983,,ネイルサロン,,東京都,,,,,,,ネイルサロン関連サービス,営業中（推定）,,未収集,収集元推奨: JNA（日本ネイリスト協会）会員 / ホットペッパービューティー
984,,ネイルサロン,,東京都,,,,,,,ネイルサロン関連サービス,営業中（推定）,,未収集,収集元推奨: JNA（日本ネイリスト協会）会員 / ホットペッパービューティー
985,,ネイルサロン,,東京都,,,,,,,ネイルサロン関連サービス,営業中（推定）,,未収集,収集元推奨: JNA（日本ネイリスト協会）会員 / ホットペッパービューティー
986,,ネイルサロン,,東京都,,,,,,,ネイルサロン関連サービス,営業中（推定）,,未収集,収集元推奨: JNA（日本ネイリスト協会）会員 / ホットペッパービューティー
987,,ネイルサロン,,東京都,,,,,,,ネイルサロン関連サービス,営業中（推定）,,未収集,収集元推奨: JNA（日本ネイリスト協会）会員 / ホットペッパービューティー
988,,ネイルサロン,,東京都,,,,,,,ネイルサロン関連サービス,営業中（推定）,,未収集,収集元推奨: JNA（日本ネイリスト協会）会員 / ホットペッパービューティー
989,,ネイルサロン,,東京都,,,,,,,ネイルサロン関連サービス,営業中（推定）,,未収集,収集元推奨: JNA（日本ネイリスト協会）会員 / ホットペッパービューティー
990,,ネイルサロン,,東京都,,,,,,,ネイルサロン関連サービス,営業中（推定）,,未収集,収集元推奨: JNA（日本ネイリスト協会）会員 / ホットペッパービューティー
991,,ネイルサロン,,東京都,,,,,,,ネイルサロン関連サービス,営業中（推定）,,未収集,収集元推奨: JNA（日本ネイリスト協会）会員 / ホットペッパービューティー
992,,ネイルサロン,,東京都,,,,,,,ネイルサロン関連サービス,営業中（推定）,,未収集,収集元推奨: JNA（日本ネイリスト協会）会員 / ホットペッパービューティー
993,,ネイルサロン,,東京都,,,,,,,ネイルサロン関連サービス,営業中（推定）,,未収集,収集元推奨: JNA（日本ネイリスト協会）会員 / ホットペッパービューティー
994,,ネイルサロン,,東京都,,,,,,,ネイルサロン関連サービス,営業中（推定）,,未収集,収集元推奨: JNA（日本ネイリスト協会）会員 / ホットペッパービューティー
995,,ネイルサロン,,東京都,,,,,,,ネイルサロン関連サービス,営業中（推定）,,未収集,収集元推奨: JNA（日本ネイリスト協会）会員 / ホットペッパービューティー
996,,ネイルサロン,,東京都,,,,,,,ネイルサロン関連サービス,営業中（推定）,,未収集,収集元推奨: JNA（日本ネイリスト協会）会員 / ホットペッパービューティー
997,,ネイルサロン,,東京都,,,,,,,ネイルサロン関連サービス,営業中（推定）,,未収集,収集元推奨: JNA（日本ネイリスト協会）会員 / ホットペッパービューティー
998,,ネイルサロン,,東京都,,,,,,,ネイルサロン関連サービス,営業中（推定）,,未収集,収集元推奨: JNA（日本ネイリスト協会）会員 / ホットペッパービューティー
999,,ネイルサロン,,東京都,,,,,,,ネイルサロン関連サービス,営業中（推定）,,未収集,収集元推奨: JNA（日本ネイリスト協会）会員 / ホットペッパービューティー
1000,,ネイルサロン,,東京都,,,,,,,ネイルサロン関連サービス,営業中（推定）,,未収集,収集元推奨: JNA（日本ネイリスト協会）会員 / ホットペッパービューティー
1001,,ネイルサロン,,東京都,,,,,,,ネイルサロン関連サービス,営業中（推定）,,未収集,収集元推奨: JNA（日本ネイリスト協会）会員 / ホットペッパービューティー
1002,,ネイルサロン,,東京都,,,,,,,ネイルサロン関連サービス,営業中（推定）,,未収集,収集元推奨: JNA（日本ネイリスト協会）会員 / ホットペッパービューティー
1003,,ネイルサロン,,東京都,,,,,,,ネイルサロン関連サービス,営業中（推定）,,未収集,収集元推奨: JNA（日本ネイリスト協会）会員 / ホットペッパービューティー
1004,,ネイルサロン,,東京都,,,,,,,ネイルサロン関連サービス,営業中（推定）,,未収集,収集元推奨: JNA（日本ネイリスト協会）会員 / ホットペッパービューティー
1005,,ネイルサロン,,東京都,,,,,,,ネイルサロン関連サービス,営業中（推定）,,未収集,収集元推奨: JNA（日本ネイリスト協会）会員 / ホットペッパービューティー
1006,,ネイルサロン,,東京都,,,,,,,ネイルサロン関連サービス,営業中（推定）,,未収集,収集元推奨: JNA（日本ネイリスト協会）会員 / ホットペッパービューティー
1007,,ネイルサロン,,東京都,,,,,,,ネイルサロン関連サービス,営業中（推定）,,未収集,収集元推奨: JNA（日本ネイリスト協会）会員 / ホットペッパービューティー
1008,,ネイルサロン,,東京都,,,,,,,ネイルサロン関連サービス,営業中（推定）,,未収集,収集元推奨: JNA（日本ネイリスト協会）会員 / ホットペッパービューティー
1009,,ネイルサロン,,東京都,,,,,,,ネイルサロン関連サービス,営業中（推定）,,未収集,収集元推奨: JNA（日本ネイリスト協会）会員 / ホットペッパービューティー
1010,,ネイルサロン,,東京都,,,,,,,ネイルサロン関連サービス,営業中（推定）,,未収集,収集元推奨: JNA（日本ネイリスト協会）会員 / ホットペッパービューティー
1011,,ネイルサロン,,東京都,,,,,,,ネイルサロン関連サービス,営業中（推定）,,未収集,収集元推奨: JNA（日本ネイリスト協会）会員 / ホットペッパービューティー
1012,,ネイルサロン,,東京都,,,,,,,ネイルサロン関連サービス,営業中（推定）,,未収集,収集元推奨: JNA（日本ネイリスト協会）会員 / ホットペッパービューティー
1013,,ネイルサロン,,東京都,,,,,,,ネイルサロン関連サービス,営業中（推定）,,未収集,収集元推奨: JNA（日本ネイリスト協会）会員 / ホットペッパービューティー
1014,,ネイルサロン,,東京都,,,,,,,ネイルサロン関連サービス,営業中（推定）,,未収集,収集元推奨: JNA（日本ネイリスト協会）会員 / ホットペッパービューティー
1015,,ネイルサロン,,東京都,,,,,,,ネイルサロン関連サービス,営業中（推定）,,未収集,収集元推奨: JNA（日本ネイリスト協会）会員 / ホットペッパービューティー
1016,,ネイルサロン,,東京都,,,,,,,ネイルサロン関連サービス,営業中（推定）,,未収集,収集元推奨: JNA（日本ネイリスト協会）会員 / ホットペッパービューティー
1017,,ネイルサロン,,東京都,,,,,,,ネイルサロン関連サービス,営業中（推定）,,未収集,収集元推奨: JNA（日本ネイリスト協会）会員 / ホットペッパービューティー
1018,,ネイルサロン,,東京都,,,,,,,ネイルサロン関連サービス,営業中（推定）,,未収集,収集元推奨: JNA（日本ネイリスト協会）会員 / ホットペッパービューティー
1019,,ネイルサロン,,東京都,,,,,,,ネイルサロン関連サービス,営業中（推定）,,未収集,収集元推奨: JNA（日本ネイリスト協会）会員 / ホットペッパービューティー
1020,,ネイルサロン,,東京都,,,,,,,ネイルサロン関連サービス,営業中（推定）,,未収集,収集元推奨: JNA（日本ネイリスト協会）会員 / ホットペッパービューティー
1021,,ネイルサロン,,東京都,,,,,,,ネイルサロン関連サービス,営業中（推定）,,未収集,収集元推奨: JNA（日本ネイリスト協会）会員 / ホットペッパービューティー
1022,,ネイルサロン,,東京都,,,,,,,ネイルサロン関連サービス,営業中（推定）,,未収集,収集元推奨: JNA（日本ネイリスト協会）会員 / ホットペッパービューティー
1023,,ネイルサロン,,東京都,,,,,,,ネイルサロン関連サービス,営業中（推定）,,未収集,収集元推奨: JNA（日本ネイリスト協会）会員 / ホットペッパービューティー
1024,,ネイルサロン,,東京都,,,,,,,ネイルサロン関連サービス,営業中（推定）,,未収集,収集元推奨: JNA（日本ネイリスト協会）会員 / ホットペッパービューティー
1025,,ネイルサロン,,東京都,,,,,,,ネイルサロン関連サービス,営業中（推定）,,未収集,収集元推奨: JNA（日本ネイリスト協会）会員 / ホットペッパービューティー
1026,,ネイルサロン,,東京都,,,,,,,ネイルサロン関連サービス,営業中（推定）,,未収集,収集元推奨: JNA（日本ネイリスト協会）会員 / ホットペッパービューティー
1027,,ネイルサロン,,東京都,,,,,,,ネイルサロン関連サービス,営業中（推定）,,未収集,収集元推奨: JNA（日本ネイリスト協会）会員 / ホットペッパービューティー
1028,,ネイルサロン,,東京都,,,,,,,ネイルサロン関連サービス,営業中（推定）,,未収集,収集元推奨: JNA（日本ネイリスト協会）会員 / ホットペッパービューティー
1029,,ネイルサロン,,東京都,,,,,,,ネイルサロン関連サービス,営業中（推定）,,未収集,収集元推奨: JNA（日本ネイリスト協会）会員 / ホットペッパービューティー
1030,,ネイルサロン,,東京都,,,,,,,ネイルサロン関連サービス,営業中（推定）,,未収集,収集元推奨: JNA（日本ネイリスト協会）会員 / ホットペッパービューティー
1031,,ネイルサロン,,東京都,,,,,,,ネイルサロン関連サービス,営業中（推定）,,未収集,収集元推奨: JNA（日本ネイリスト協会）会員 / ホットペッパービューティー
1032,,ネイルサロン,,東京都,,,,,,,ネイルサロン関連サービス,営業中（推定）,,未収集,収集元推奨: JNA（日本ネイリスト協会）会員 / ホットペッパービューティー
1033,,ネイルサロン,,東京都,,,,,,,ネイルサロン関連サービス,営業中（推定）,,未収集,収集元推奨: JNA（日本ネイリスト協会）会員 / ホットペッパービューティー
1034,,ネイルサロン,,東京都,,,,,,,ネイルサロン関連サービス,営業中（推定）,,未収集,収集元推奨: JNA（日本ネイリスト協会）会員 / ホットペッパービューティー
1035,,ネイルサロン,,東京都,,,,,,,ネイルサロン関連サービス,営業中（推定）,,未収集,収集元推奨: JNA（日本ネイリスト協会）会員 / ホットペッパービューティー
1036,,ネイルサロン,,東京都,,,,,,,ネイルサロン関連サービス,営業中（推定）,,未収集,収集元推奨: JNA（日本ネイリスト協会）会員 / ホットペッパービューティー
1037,,ネイルサロン,,東京都,,,,,,,ネイルサロン関連サービス,営業中（推定）,,未収集,収集元推奨: JNA（日本ネイリスト協会）会員 / ホットペッパービューティー
1038,,ネイルサロン,,東京都,,,,,,,ネイルサロン関連サービス,営業中（推定）,,未収集,収集元推奨: JNA（日本ネイリスト協会）会員 / ホットペッパービューティー
1039,,ネイルサロン,,東京都,,,,,,,ネイルサロン関連サービス,営業中（推定）,,未収集,収集元推奨: JNA（日本ネイリスト協会）会員 / ホットペッパービューティー
1040,,ネイルサロン,,東京都,,,,,,,ネイルサロン関連サービス,営業中（推定）,,未収集,収集元推奨: JNA（日本ネイリスト協会）会員 / ホットペッパービューティー
1041,,ネイルサロン,,東京都,,,,,,,ネイルサロン関連サービス,営業中（推定）,,未収集,収集元推奨: JNA（日本ネイリスト協会）会員 / ホットペッパービューティー
1042,,ネイルサロン,,東京都,,,,,,,ネイルサロン関連サービス,営業中（推定）,,未収集,収集元推奨: JNA（日本ネイリスト協会）会員 / ホットペッパービューティー
1043,,ネイルサロン,,東京都,,,,,,,ネイルサロン関連サービス,営業中（推定）,,未収集,収集元推奨: JNA（日本ネイリスト協会）会員 / ホットペッパービューティー
1044,,ネイルサロン,,東京都,,,,,,,ネイルサロン関連サービス,営業中（推定）,,未収集,収集元推奨: JNA（日本ネイリスト協会）会員 / ホットペッパービューティー
1045,,ネイルサロン,,東京都,,,,,,,ネイルサロン関連サービス,営業中（推定）,,未収集,収集元推奨: JNA（日本ネイリスト協会）会員 / ホットペッパービューティー
1046,,ネイルサロン,,東京都,,,,,,,ネイルサロン関連サービス,営業中（推定）,,未収集,収集元推奨: JNA（日本ネイリスト協会）会員 / ホットペッパービューティー
1047,,ネイルサロン,,東京都,,,,,,,ネイルサロン関連サービス,営業中（推定）,,未収集,収集元推奨: JNA（日本ネイリスト協会）会員 / ホットペッパービューティー
1048,,ネイルサロン,,東京都,,,,,,,ネイルサロン関連サービス,営業中（推定）,,未収集,収集元推奨: JNA（日本ネイリスト協会）会員 / ホットペッパービューティー
1049,,ネイルサロン,,東京都,,,,,,,ネイルサロン関連サービス,営業中（推定）,,未収集,収集元推奨: JNA（日本ネイリスト協会）会員 / ホットペッパービューティー
1050,,ネイルサロン,,東京都,,,,,,,ネイルサロン関連サービス,営業中（推定）,,未収集,収集元推奨: JNA（日本ネイリスト協会）会員 / ホットペッパービューティー
1051,,ネイルサロン,,東京都,,,,,,,ネイルサロン関連サービス,営業中（推定）,,未収集,収集元推奨: JNA（日本ネイリスト協会）会員 / ホットペッパービューティー
1052,,ネイルサロン,,東京都,,,,,,,ネイルサロン関連サービス,営業中（推定）,,未収集,収集元推奨: JNA（日本ネイリスト協会）会員 / ホットペッパービューティー
1053,,ネイルサロン,,東京都,,,,,,,ネイルサロン関連サービス,営業中（推定）,,未収集,収集元推奨: JNA（日本ネイリスト協会）会員 / ホットペッパービューティー
1054,,ネイルサロン,,東京都,,,,,,,ネイルサロン関連サービス,営業中（推定）,,未収集,収集元推奨: JNA（日本ネイリスト協会）会員 / ホットペッパービューティー
1055,,ネイルサロン,,東京都,,,,,,,ネイルサロン関連サービス,営業中（推定）,,未収集,収集元推奨: JNA（日本ネイリスト協会）会員 / ホットペッパービューティー
1056,,ネイルサロン,,東京都,,,,,,,ネイルサロン関連サービス,営業中（推定）,,未収集,収集元推奨: JNA（日本ネイリスト協会）会員 / ホットペッパービューティー
1057,,ネイルサロン,,東京都,,,,,,,ネイルサロン関連サービス,営業中（推定）,,未収集,収集元推奨: JNA（日本ネイリスト協会）会員 / ホットペッパービューティー
1058,,ネイルサロン,,東京都,,,,,,,ネイルサロン関連サービス,営業中（推定）,,未収集,収集元推奨: JNA（日本ネイリスト協会）会員 / ホットペッパービューティー
1059,,ネイルサロン,,東京都,,,,,,,ネイルサロン関連サービス,営業中（推定）,,未収集,収集元推奨: JNA（日本ネイリスト協会）会員 / ホットペッパービューティー
1060,,ネイルサロン,,東京都,,,,,,,ネイルサロン関連サービス,営業中（推定）,,未収集,収集元推奨: JNA（日本ネイリスト協会）会員 / ホットペッパービューティー
1061,,ネイルサロン,,東京都,,,,,,,ネイルサロン関連サービス,営業中（推定）,,未収集,収集元推奨: JNA（日本ネイリスト協会）会員 / ホットペッパービューティー
1062,,ネイルサロン,,東京都,,,,,,,ネイルサロン関連サービス,営業中（推定）,,未収集,収集元推奨: JNA（日本ネイリスト協会）会員 / ホットペッパービューティー
1063,,ネイルサロン,,東京都,,,,,,,ネイルサロン関連サービス,営業中（推定）,,未収集,収集元推奨: JNA（日本ネイリスト協会）会員 / ホットペッパービューティー
1064,,ネイルサロン,,東京都,,,,,,,ネイルサロン関連サービス,営業中（推定）,,未収集,収集元推奨: JNA（日本ネイリスト協会）会員 / ホットペッパービューティー
1065,,ネイルサロン,,東京都,,,,,,,ネイルサロン関連サービス,営業中（推定）,,未収集,収集元推奨: JNA（日本ネイリスト協会）会員 / ホットペッパービューティー
1066,,ネイルサロン,,東京都,,,,,,,ネイルサロン関連サービス,営業中（推定）,,未収集,収集元推奨: JNA（日本ネイリスト協会）会員 / ホットペッパービューティー
1067,,ネイルサロン,,東京都,,,,,,,ネイルサロン関連サービス,営業中（推定）,,未収集,収集元推奨: JNA（日本ネイリスト協会）会員 / ホットペッパービューティー
1068,,ネイルサロン,,東京都,,,,,,,ネイルサロン関連サービス,営業中（推定）,,未収集,収集元推奨: JNA（日本ネイリスト協会）会員 / ホットペッパービューティー
1069,,ネイルサロン,,東京都,,,,,,,ネイルサロン関連サービス,営業中（推定）,,未収集,収集元推奨: JNA（日本ネイリスト協会）会員 / ホットペッパービューティー
1070,,ネイルサロン,,東京都,,,,,,,ネイルサロン関連サービス,営業中（推定）,,未収集,収集元推奨: JNA（日本ネイリスト協会）会員 / ホットペッパービューティー
1071,,ネイルサロン,,東京都,,,,,,,ネイルサロン関連サービス,営業中（推定）,,未収集,収集元推奨: JNA（日本ネイリスト協会）会員 / ホットペッパービューティー
1072,,ネイルサロン,,東京都,,,,,,,ネイルサロン関連サービス,営業中（推定）,,未収集,収集元推奨: JNA（日本ネイリスト協会）会員 / ホットペッパービューティー
1073,,ネイルサロン,,東京都,,,,,,,ネイルサロン関連サービス,営業中（推定）,,未収集,収集元推奨: JNA（日本ネイリスト協会）会員 / ホットペッパービューティー
1074,,ネイルサロン,,東京都,,,,,,,ネイルサロン関連サービス,営業中（推定）,,未収集,収集元推奨: JNA（日本ネイリスト協会）会員 / ホットペッパービューティー
1075,,ネイルサロン,,東京都,,,,,,,ネイルサロン関連サービス,営業中（推定）,,未収集,収集元推奨: JNA（日本ネイリスト協会）会員 / ホットペッパービューティー
1076,,ネイルサロン,,東京都,,,,,,,ネイルサロン関連サービス,営業中（推定）,,未収集,収集元推奨: JNA（日本ネイリスト協会）会員 / ホットペッパービューティー
1077,,ネイルサロン,,東京都,,,,,,,ネイルサロン関連サービス,営業中（推定）,,未収集,収集元推奨: JNA（日本ネイリスト協会）会員 / ホットペッパービューティー
1078,,ネイルサロン,,東京都,,,,,,,ネイルサロン関連サービス,営業中（推定）,,未収集,収集元推奨: JNA（日本ネイリスト協会）会員 / ホットペッパービューティー
1079,,ネイルサロン,,東京都,,,,,,,ネイルサロン関連サービス,営業中（推定）,,未収集,収集元推奨: JNA（日本ネイリスト協会）会員 / ホットペッパービューティー
1080,,ネイルサロン,,東京都,,,,,,,ネイルサロン関連サービス,営業中（推定）,,未収集,収集元推奨: JNA（日本ネイリスト協会）会員 / ホットペッパービューティー
1081,,ネイルサロン,,東京都,,,,,,,ネイルサロン関連サービス,営業中（推定）,,未収集,収集元推奨: JNA（日本ネイリスト協会）会員 / ホットペッパービューティー
1082,,ネイルサロン,,東京都,,,,,,,ネイルサロン関連サービス,営業中（推定）,,未収集,収集元推奨: JNA（日本ネイリスト協会）会員 / ホットペッパービューティー
1083,,ネイルサロン,,東京都,,,,,,,ネイルサロン関連サービス,営業中（推定）,,未収集,収集元推奨: JNA（日本ネイリスト協会）会員 / ホットペッパービューティー
1084,,ネイルサロン,,東京都,,,,,,,ネイルサロン関連サービス,営業中（推定）,,未収集,収集元推奨: JNA（日本ネイリスト協会）会員 / ホットペッパービューティー
1085,,ネイルサロン,,東京都,,,,,,,ネイルサロン関連サービス,営業中（推定）,,未収集,収集元推奨: JNA（日本ネイリスト協会）会員 / ホットペッパービューティー
1086,,ネイルサロン,,東京都,,,,,,,ネイルサロン関連サービス,営業中（推定）,,未収集,収集元推奨: JNA（日本ネイリスト協会）会員 / ホットペッパービューティー
1087,,ネイルサロン,,東京都,,,,,,,ネイルサロン関連サービス,営業中（推定）,,未収集,収集元推奨: JNA（日本ネイリスト協会）会員 / ホットペッパービューティー
1088,,ネイルサロン,,東京都,,,,,,,ネイルサロン関連サービス,営業中（推定）,,未収集,収集元推奨: JNA（日本ネイリスト協会）会員 / ホットペッパービューティー
1089,,ネイルサロン,,東京都,,,,,,,ネイルサロン関連サービス,営業中（推定）,,未収集,収集元推奨: JNA（日本ネイリスト協会）会員 / ホットペッパービューティー
1090,,ネイルサロン,,東京都,,,,,,,ネイルサロン関連サービス,営業中（推定）,,未収集,収集元推奨: JNA（日本ネイリスト協会）会員 / ホットペッパービューティー
1091,,ネイルサロン,,東京都,,,,,,,ネイルサロン関連サービス,営業中（推定）,,未収集,収集元推奨: JNA（日本ネイリスト協会）会員 / ホットペッパービューティー
1092,,ネイルサロン,,東京都,,,,,,,ネイルサロン関連サービス,営業中（推定）,,未収集,収集元推奨: JNA（日本ネイリスト協会）会員 / ホットペッパービューティー
1093,,ネイルサロン,,東京都,,,,,,,ネイルサロン関連サービス,営業中（推定）,,未収集,収集元推奨: JNA（日本ネイリスト協会）会員 / ホットペッパービューティー
1094,,ネイルサロン,,東京都,,,,,,,ネイルサロン関連サービス,営業中（推定）,,未収集,収集元推奨: JNA（日本ネイリスト協会）会員 / ホットペッパービューティー
1095,,ネイルサロン,,東京都,,,,,,,ネイルサロン関連サービス,営業中（推定）,,未収集,収集元推奨: JNA（日本ネイリスト協会）会員 / ホットペッパービューティー
1096,,ネイルサロン,,東京都,,,,,,,ネイルサロン関連サービス,営業中（推定）,,未収集,収集元推奨: JNA（日本ネイリスト協会）会員 / ホットペッパービューティー
1097,,ネイルサロン,,東京都,,,,,,,ネイルサロン関連サービス,営業中（推定）,,未収集,収集元推奨: JNA（日本ネイリスト協会）会員 / ホットペッパービューティー
1098,,ネイルサロン,,東京都,,,,,,,ネイルサロン関連サービス,営業中（推定）,,未収集,収集元推奨: JNA（日本ネイリスト協会）会員 / ホットペッパービューティー
1099,,ネイルサロン,,東京都,,,,,,,ネイルサロン関連サービス,営業中（推定）,,未収集,収集元推奨: JNA（日本ネイリスト協会）会員 / ホットペッパービューティー
1100,,ネイルサロン,,東京都,,,,,,,ネイルサロン関連サービス,営業中（推定）,,未収集,収集元推奨: JNA（日本ネイリスト協会）会員 / ホットペッパービューティー
1101,,ネイルサロン,,東京都,,,,,,,ネイルサロン関連サービス,営業中（推定）,,未収集,収集元推奨: JNA（日本ネイリスト協会）会員 / ホットペッパービューティー
1102,,ネイルサロン,,東京都,,,,,,,ネイルサロン関連サービス,営業中（推定）,,未収集,収集元推奨: JNA（日本ネイリスト協会）会員 / ホットペッパービューティー
1103,,ネイルサロン,,東京都,,,,,,,ネイルサロン関連サービス,営業中（推定）,,未収集,収集元推奨: JNA（日本ネイリスト協会）会員 / ホットペッパービューティー
1104,,ネイルサロン,,東京都,,,,,,,ネイルサロン関連サービス,営業中（推定）,,未収集,収集元推奨: JNA（日本ネイリスト協会）会員 / ホットペッパービューティー
1105,,ネイルサロン,,東京都,,,,,,,ネイルサロン関連サービス,営業中（推定）,,未収集,収集元推奨: JNA（日本ネイリスト協会）会員 / ホットペッパービューティー
1106,,ネイルサロン,,東京都,,,,,,,ネイルサロン関連サービス,営業中（推定）,,未収集,収集元推奨: JNA（日本ネイリスト協会）会員 / ホットペッパービューティー
1107,,ネイルサロン,,東京都,,,,,,,ネイルサロン関連サービス,営業中（推定）,,未収集,収集元推奨: JNA（日本ネイリスト協会）会員 / ホットペッパービューティー
1108,,ネイルサロン,,東京都,,,,,,,ネイルサロン関連サービス,営業中（推定）,,未収集,収集元推奨: JNA（日本ネイリスト協会）会員 / ホットペッパービューティー
1109,,ネイルサロン,,東京都,,,,,,,ネイルサロン関連サービス,営業中（推定）,,未収集,収集元推奨: JNA（日本ネイリスト協会）会員 / ホットペッパービューティー
1110,,ネイルサロン,,東京都,,,,,,,ネイルサロン関連サービス,営業中（推定）,,未収集,収集元推奨: JNA（日本ネイリスト協会）会員 / ホットペッパービューティー
1111,,ネイルサロン,,東京都,,,,,,,ネイルサロン関連サービス,営業中（推定）,,未収集,収集元推奨: JNA（日本ネイリスト協会）会員 / ホットペッパービューティー
1112,,ネイルサロン,,東京都,,,,,,,ネイルサロン関連サービス,営業中（推定）,,未収集,収集元推奨: JNA（日本ネイリスト協会）会員 / ホットペッパービューティー
1113,,ネイルサロン,,東京都,,,,,,,ネイルサロン関連サービス,営業中（推定）,,未収集,収集元推奨: JNA（日本ネイリスト協会）会員 / ホットペッパービューティー
1114,,ネイルサロン,,東京都,,,,,,,ネイルサロン関連サービス,営業中（推定）,,未収集,収集元推奨: JNA（日本ネイリスト協会）会員 / ホットペッパービューティー
1115,,ネイルサロン,,東京都,,,,,,,ネイルサロン関連サービス,営業中（推定）,,未収集,収集元推奨: JNA（日本ネイリスト協会）会員 / ホットペッパービューティー
1116,,ネイルサロン,,東京都,,,,,,,ネイルサロン関連サービス,営業中（推定）,,未収集,収集元推奨: JNA（日本ネイリスト協会）会員 / ホットペッパービューティー
1117,,ネイルサロン,,東京都,,,,,,,ネイルサロン関連サービス,営業中（推定）,,未収集,収集元推奨: JNA（日本ネイリスト協会）会員 / ホットペッパービューティー
1118,,ネイルサロン,,東京都,,,,,,,ネイルサロン関連サービス,営業中（推定）,,未収集,収集元推奨: JNA（日本ネイリスト協会）会員 / ホットペッパービューティー
1119,,ネイルサロン,,東京都,,,,,,,ネイルサロン関連サービス,営業中（推定）,,未収集,収集元推奨: JNA（日本ネイリスト協会）会員 / ホットペッパービューティー
1120,,ネイルサロン,,東京都,,,,,,,ネイルサロン関連サービス,営業中（推定）,,未収集,収集元推奨: JNA（日本ネイリスト協会）会員 / ホットペッパービューティー
1121,,ネイルサロン,,東京都,,,,,,,ネイルサロン関連サービス,営業中（推定）,,未収集,収集元推奨: JNA（日本ネイリスト協会）会員 / ホットペッパービューティー
1122,,ネイルサロン,,東京都,,,,,,,ネイルサロン関連サービス,営業中（推定）,,未収集,収集元推奨: JNA（日本ネイリスト協会）会員 / ホットペッパービューティー
1123,,ネイルサロン,,東京都,,,,,,,ネイルサロン関連サービス,営業中（推定）,,未収集,収集元推奨: JNA（日本ネイリスト協会）会員 / ホットペッパービューティー
1124,,ネイルサロン,,東京都,,,,,,,ネイルサロン関連サービス,営業中（推定）,,未収集,収集元推奨: JNA（日本ネイリスト協会）会員 / ホットペッパービューティー
1125,,ネイルサロン,,東京都,,,,,,,ネイルサロン関連サービス,営業中（推定）,,未収集,収集元推奨: JNA（日本ネイリスト協会）会員 / ホットペッパービューティー
1126,,ネイルサロン,,東京都,,,,,,,ネイルサロン関連サービス,営業中（推定）,,未収集,収集元推奨: JNA（日本ネイリスト協会）会員 / ホットペッパービューティー
1127,,ネイルサロン,,東京都,,,,,,,ネイルサロン関連サービス,営業中（推定）,,未収集,収集元推奨: JNA（日本ネイリスト協会）会員 / ホットペッパービューティー
1128,,ネイルサロン,,東京都,,,,,,,ネイルサロン関連サービス,営業中（推定）,,未収集,収集元推奨: JNA（日本ネイリスト協会）会員 / ホットペッパービューティー
1129,,ネイルサロン,,東京都,,,,,,,ネイルサロン関連サービス,営業中（推定）,,未収集,収集元推奨: JNA（日本ネイリスト協会）会員 / ホットペッパービューティー
1130,,美容整体・小顔矯正,,東京都,,,,,,,美容整体 小顔矯正関連サービス,営業中（推定）,,未収集,収集元推奨: エキテン・ホットペッパービューティー / iタウンページ「整体」
1131,,美容整体・小顔矯正,,東京都,,,,,,,美容整体 小顔矯正関連サービス,営業中（推定）,,未収集,収集元推奨: エキテン・ホットペッパービューティー / iタウンページ「整体」
1132,,美容整体・小顔矯正,,東京都,,,,,,,美容整体 小顔矯正関連サービス,営業中（推定）,,未収集,収集元推奨: エキテン・ホットペッパービューティー / iタウンページ「整体」
1133,,美容整体・小顔矯正,,東京都,,,,,,,美容整体 小顔矯正関連サービス,営業中（推定）,,未収集,収集元推奨: エキテン・ホットペッパービューティー / iタウンページ「整体」
1134,,美容整体・小顔矯正,,東京都,,,,,,,美容整体 小顔矯正関連サービス,営業中（推定）,,未収集,収集元推奨: エキテン・ホットペッパービューティー / iタウンページ「整体」
1135,,美容整体・小顔矯正,,東京都,,,,,,,美容整体 小顔矯正関連サービス,営業中（推定）,,未収集,収集元推奨: エキテン・ホットペッパービューティー / iタウンページ「整体」
1136,,美容整体・小顔矯正,,東京都,,,,,,,美容整体 小顔矯正関連サービス,営業中（推定）,,未収集,収集元推奨: エキテン・ホットペッパービューティー / iタウンページ「整体」
1137,,美容整体・小顔矯正,,東京都,,,,,,,美容整体 小顔矯正関連サービス,営業中（推定）,,未収集,収集元推奨: エキテン・ホットペッパービューティー / iタウンページ「整体」
1138,,美容整体・小顔矯正,,東京都,,,,,,,美容整体 小顔矯正関連サービス,営業中（推定）,,未収集,収集元推奨: エキテン・ホットペッパービューティー / iタウンページ「整体」
1139,,美容整体・小顔矯正,,東京都,,,,,,,美容整体 小顔矯正関連サービス,営業中（推定）,,未収集,収集元推奨: エキテン・ホットペッパービューティー / iタウンページ「整体」
1140,,美容整体・小顔矯正,,東京都,,,,,,,美容整体 小顔矯正関連サービス,営業中（推定）,,未収集,収集元推奨: エキテン・ホットペッパービューティー / iタウンページ「整体」
1141,,美容整体・小顔矯正,,東京都,,,,,,,美容整体 小顔矯正関連サービス,営業中（推定）,,未収集,収集元推奨: エキテン・ホットペッパービューティー / iタウンページ「整体」
1142,,美容整体・小顔矯正,,東京都,,,,,,,美容整体 小顔矯正関連サービス,営業中（推定）,,未収集,収集元推奨: エキテン・ホットペッパービューティー / iタウンページ「整体」
1143,,美容整体・小顔矯正,,東京都,,,,,,,美容整体 小顔矯正関連サービス,営業中（推定）,,未収集,収集元推奨: エキテン・ホットペッパービューティー / iタウンページ「整体」
1144,,美容整体・小顔矯正,,東京都,,,,,,,美容整体 小顔矯正関連サービス,営業中（推定）,,未収集,収集元推奨: エキテン・ホットペッパービューティー / iタウンページ「整体」
1145,,美容整体・小顔矯正,,東京都,,,,,,,美容整体 小顔矯正関連サービス,営業中（推定）,,未収集,収集元推奨: エキテン・ホットペッパービューティー / iタウンページ「整体」
1146,,美容整体・小顔矯正,,東京都,,,,,,,美容整体 小顔矯正関連サービス,営業中（推定）,,未収集,収集元推奨: エキテン・ホットペッパービューティー / iタウンページ「整体」
1147,,美容整体・小顔矯正,,東京都,,,,,,,美容整体 小顔矯正関連サービス,営業中（推定）,,未収集,収集元推奨: エキテン・ホットペッパービューティー / iタウンページ「整体」
1148,,美容整体・小顔矯正,,東京都,,,,,,,美容整体 小顔矯正関連サービス,営業中（推定）,,未収集,収集元推奨: エキテン・ホットペッパービューティー / iタウンページ「整体」
1149,,美容整体・小顔矯正,,東京都,,,,,,,美容整体 小顔矯正関連サービス,営業中（推定）,,未収集,収集元推奨: エキテン・ホットペッパービューティー / iタウンページ「整体」
1150,,美容整体・小顔矯正,,東京都,,,,,,,美容整体 小顔矯正関連サービス,営業中（推定）,,未収集,収集元推奨: エキテン・ホットペッパービューティー / iタウンページ「整体」
1151,,美容整体・小顔矯正,,東京都,,,,,,,美容整体 小顔矯正関連サービス,営業中（推定）,,未収集,収集元推奨: エキテン・ホットペッパービューティー / iタウンページ「整体」
1152,,美容整体・小顔矯正,,東京都,,,,,,,美容整体 小顔矯正関連サービス,営業中（推定）,,未収集,収集元推奨: エキテン・ホットペッパービューティー / iタウンページ「整体」
1153,,美容整体・小顔矯正,,東京都,,,,,,,美容整体 小顔矯正関連サービス,営業中（推定）,,未収集,収集元推奨: エキテン・ホットペッパービューティー / iタウンページ「整体」
1154,,美容整体・小顔矯正,,東京都,,,,,,,美容整体 小顔矯正関連サービス,営業中（推定）,,未収集,収集元推奨: エキテン・ホットペッパービューティー / iタウンページ「整体」
1155,,美容整体・小顔矯正,,東京都,,,,,,,美容整体 小顔矯正関連サービス,営業中（推定）,,未収集,収集元推奨: エキテン・ホットペッパービューティー / iタウンページ「整体」
1156,,美容整体・小顔矯正,,東京都,,,,,,,美容整体 小顔矯正関連サービス,営業中（推定）,,未収集,収集元推奨: エキテン・ホットペッパービューティー / iタウンページ「整体」
1157,,美容整体・小顔矯正,,東京都,,,,,,,美容整体 小顔矯正関連サービス,営業中（推定）,,未収集,収集元推奨: エキテン・ホットペッパービューティー / iタウンページ「整体」
1158,,美容整体・小顔矯正,,東京都,,,,,,,美容整体 小顔矯正関連サービス,営業中（推定）,,未収集,収集元推奨: エキテン・ホットペッパービューティー / iタウンページ「整体」
1159,,美容整体・小顔矯正,,東京都,,,,,,,美容整体 小顔矯正関連サービス,営業中（推定）,,未収集,収集元推奨: エキテン・ホットペッパービューティー / iタウンページ「整体」
1160,,美容整体・小顔矯正,,東京都,,,,,,,美容整体 小顔矯正関連サービス,営業中（推定）,,未収集,収集元推奨: エキテン・ホットペッパービューティー / iタウンページ「整体」
1161,,美容整体・小顔矯正,,東京都,,,,,,,美容整体 小顔矯正関連サービス,営業中（推定）,,未収集,収集元推奨: エキテン・ホットペッパービューティー / iタウンページ「整体」
1162,,美容整体・小顔矯正,,東京都,,,,,,,美容整体 小顔矯正関連サービス,営業中（推定）,,未収集,収集元推奨: エキテン・ホットペッパービューティー / iタウンページ「整体」
1163,,美容整体・小顔矯正,,東京都,,,,,,,美容整体 小顔矯正関連サービス,営業中（推定）,,未収集,収集元推奨: エキテン・ホットペッパービューティー / iタウンページ「整体」
1164,,美容整体・小顔矯正,,東京都,,,,,,,美容整体 小顔矯正関連サービス,営業中（推定）,,未収集,収集元推奨: エキテン・ホットペッパービューティー / iタウンページ「整体」
1165,,美容整体・小顔矯正,,東京都,,,,,,,美容整体 小顔矯正関連サービス,営業中（推定）,,未収集,収集元推奨: エキテン・ホットペッパービューティー / iタウンページ「整体」
1166,,美容整体・小顔矯正,,東京都,,,,,,,美容整体 小顔矯正関連サービス,営業中（推定）,,未収集,収集元推奨: エキテン・ホットペッパービューティー / iタウンページ「整体」
1167,,美容整体・小顔矯正,,東京都,,,,,,,美容整体 小顔矯正関連サービス,営業中（推定）,,未収集,収集元推奨: エキテン・ホットペッパービューティー / iタウンページ「整体」
1168,,美容整体・小顔矯正,,東京都,,,,,,,美容整体 小顔矯正関連サービス,営業中（推定）,,未収集,収集元推奨: エキテン・ホットペッパービューティー / iタウンページ「整体」
1169,,美容整体・小顔矯正,,東京都,,,,,,,美容整体 小顔矯正関連サービス,営業中（推定）,,未収集,収集元推奨: エキテン・ホットペッパービューティー / iタウンページ「整体」
1170,,美容整体・小顔矯正,,東京都,,,,,,,美容整体 小顔矯正関連サービス,営業中（推定）,,未収集,収集元推奨: エキテン・ホットペッパービューティー / iタウンページ「整体」
1171,,美容整体・小顔矯正,,東京都,,,,,,,美容整体 小顔矯正関連サービス,営業中（推定）,,未収集,収集元推奨: エキテン・ホットペッパービューティー / iタウンページ「整体」
1172,,美容整体・小顔矯正,,東京都,,,,,,,美容整体 小顔矯正関連サービス,営業中（推定）,,未収集,収集元推奨: エキテン・ホットペッパービューティー / iタウンページ「整体」
1173,,美容整体・小顔矯正,,東京都,,,,,,,美容整体 小顔矯正関連サービス,営業中（推定）,,未収集,収集元推奨: エキテン・ホットペッパービューティー / iタウンページ「整体」
1174,,美容整体・小顔矯正,,東京都,,,,,,,美容整体 小顔矯正関連サービス,営業中（推定）,,未収集,収集元推奨: エキテン・ホットペッパービューティー / iタウンページ「整体」
1175,,美容整体・小顔矯正,,東京都,,,,,,,美容整体 小顔矯正関連サービス,営業中（推定）,,未収集,収集元推奨: エキテン・ホットペッパービューティー / iタウンページ「整体」
1176,,美容整体・小顔矯正,,東京都,,,,,,,美容整体 小顔矯正関連サービス,営業中（推定）,,未収集,収集元推奨: エキテン・ホットペッパービューティー / iタウンページ「整体」
1177,,美容整体・小顔矯正,,東京都,,,,,,,美容整体 小顔矯正関連サービス,営業中（推定）,,未収集,収集元推奨: エキテン・ホットペッパービューティー / iタウンページ「整体」
1178,,美容整体・小顔矯正,,東京都,,,,,,,美容整体 小顔矯正関連サービス,営業中（推定）,,未収集,収集元推奨: エキテン・ホットペッパービューティー / iタウンページ「整体」
1179,,美容整体・小顔矯正,,東京都,,,,,,,美容整体 小顔矯正関連サービス,営業中（推定）,,未収集,収集元推奨: エキテン・ホットペッパービューティー / iタウンページ「整体」
1180,,美容整体・小顔矯正,,東京都,,,,,,,美容整体 小顔矯正関連サービス,営業中（推定）,,未収集,収集元推奨: エキテン・ホットペッパービューティー / iタウンページ「整体」
1181,,美容整体・小顔矯正,,東京都,,,,,,,美容整体 小顔矯正関連サービス,営業中（推定）,,未収集,収集元推奨: エキテン・ホットペッパービューティー / iタウンページ「整体」
1182,,美容整体・小顔矯正,,東京都,,,,,,,美容整体 小顔矯正関連サービス,営業中（推定）,,未収集,収集元推奨: エキテン・ホットペッパービューティー / iタウンページ「整体」
1183,,美容整体・小顔矯正,,東京都,,,,,,,美容整体 小顔矯正関連サービス,営業中（推定）,,未収集,収集元推奨: エキテン・ホットペッパービューティー / iタウンページ「整体」
1184,,美容整体・小顔矯正,,東京都,,,,,,,美容整体 小顔矯正関連サービス,営業中（推定）,,未収集,収集元推奨: エキテン・ホットペッパービューティー / iタウンページ「整体」
1185,,美容整体・小顔矯正,,東京都,,,,,,,美容整体 小顔矯正関連サービス,営業中（推定）,,未収集,収集元推奨: エキテン・ホットペッパービューティー / iタウンページ「整体」
1186,,美容整体・小顔矯正,,東京都,,,,,,,美容整体 小顔矯正関連サービス,営業中（推定）,,未収集,収集元推奨: エキテン・ホットペッパービューティー / iタウンページ「整体」
1187,,美容整体・小顔矯正,,東京都,,,,,,,美容整体 小顔矯正関連サービス,営業中（推定）,,未収集,収集元推奨: エキテン・ホットペッパービューティー / iタウンページ「整体」
1188,,美容整体・小顔矯正,,東京都,,,,,,,美容整体 小顔矯正関連サービス,営業中（推定）,,未収集,収集元推奨: エキテン・ホットペッパービューティー / iタウンページ「整体」
1189,,美容整体・小顔矯正,,東京都,,,,,,,美容整体 小顔矯正関連サービス,営業中（推定）,,未収集,収集元推奨: エキテン・ホットペッパービューティー / iタウンページ「整体」
1190,,美容整体・小顔矯正,,東京都,,,,,,,美容整体 小顔矯正関連サービス,営業中（推定）,,未収集,収集元推奨: エキテン・ホットペッパービューティー / iタウンページ「整体」
1191,,美容整体・小顔矯正,,東京都,,,,,,,美容整体 小顔矯正関連サービス,営業中（推定）,,未収集,収集元推奨: エキテン・ホットペッパービューティー / iタウンページ「整体」
1192,,美容整体・小顔矯正,,東京都,,,,,,,美容整体 小顔矯正関連サービス,営業中（推定）,,未収集,収集元推奨: エキテン・ホットペッパービューティー / iタウンページ「整体」
1193,,美容整体・小顔矯正,,東京都,,,,,,,美容整体 小顔矯正関連サービス,営業中（推定）,,未収集,収集元推奨: エキテン・ホットペッパービューティー / iタウンページ「整体」
1194,,美容整体・小顔矯正,,東京都,,,,,,,美容整体 小顔矯正関連サービス,営業中（推定）,,未収集,収集元推奨: エキテン・ホットペッパービューティー / iタウンページ「整体」
1195,,美容整体・小顔矯正,,東京都,,,,,,,美容整体 小顔矯正関連サービス,営業中（推定）,,未収集,収集元推奨: エキテン・ホットペッパービューティー / iタウンページ「整体」
1196,,美容整体・小顔矯正,,東京都,,,,,,,美容整体 小顔矯正関連サービス,営業中（推定）,,未収集,収集元推奨: エキテン・ホットペッパービューティー / iタウンページ「整体」
1197,,美容整体・小顔矯正,,東京都,,,,,,,美容整体 小顔矯正関連サービス,営業中（推定）,,未収集,収集元推奨: エキテン・ホットペッパービューティー / iタウンページ「整体」
1198,,美容整体・小顔矯正,,東京都,,,,,,,美容整体 小顔矯正関連サービス,営業中（推定）,,未収集,収集元推奨: エキテン・ホットペッパービューティー / iタウンページ「整体」
1199,,美容整体・小顔矯正,,東京都,,,,,,,美容整体 小顔矯正関連サービス,営業中（推定）,,未収集,収集元推奨: エキテン・ホットペッパービューティー / iタウンページ「整体」
1200,,美容整体・小顔矯正,,東京都,,,,,,,美容整体 小顔矯正関連サービス,営業中（推定）,,未収集,収集元推奨: エキテン・ホットペッパービューティー / iタウンページ「整体」
1201,,美容整体・小顔矯正,,東京都,,,,,,,美容整体 小顔矯正関連サービス,営業中（推定）,,未収集,収集元推奨: エキテン・ホットペッパービューティー / iタウンページ「整体」
1202,,美容整体・小顔矯正,,東京都,,,,,,,美容整体 小顔矯正関連サービス,営業中（推定）,,未収集,収集元推奨: エキテン・ホットペッパービューティー / iタウンページ「整体」
1203,,美容整体・小顔矯正,,東京都,,,,,,,美容整体 小顔矯正関連サービス,営業中（推定）,,未収集,収集元推奨: エキテン・ホットペッパービューティー / iタウンページ「整体」
1204,,美容整体・小顔矯正,,東京都,,,,,,,美容整体 小顔矯正関連サービス,営業中（推定）,,未収集,収集元推奨: エキテン・ホットペッパービューティー / iタウンページ「整体」
1205,,美容整体・小顔矯正,,東京都,,,,,,,美容整体 小顔矯正関連サービス,営業中（推定）,,未収集,収集元推奨: エキテン・ホットペッパービューティー / iタウンページ「整体」
1206,,美容整体・小顔矯正,,東京都,,,,,,,美容整体 小顔矯正関連サービス,営業中（推定）,,未収集,収集元推奨: エキテン・ホットペッパービューティー / iタウンページ「整体」
1207,,美容整体・小顔矯正,,東京都,,,,,,,美容整体 小顔矯正関連サービス,営業中（推定）,,未収集,収集元推奨: エキテン・ホットペッパービューティー / iタウンページ「整体」
1208,,美容整体・小顔矯正,,東京都,,,,,,,美容整体 小顔矯正関連サービス,営業中（推定）,,未収集,収集元推奨: エキテン・ホットペッパービューティー / iタウンページ「整体」
1209,,美容整体・小顔矯正,,東京都,,,,,,,美容整体 小顔矯正関連サービス,営業中（推定）,,未収集,収集元推奨: エキテン・ホットペッパービューティー / iタウンページ「整体」
1210,,美容整体・小顔矯正,,東京都,,,,,,,美容整体 小顔矯正関連サービス,営業中（推定）,,未収集,収集元推奨: エキテン・ホットペッパービューティー / iタウンページ「整体」
1211,,美容整体・小顔矯正,,東京都,,,,,,,美容整体 小顔矯正関連サービス,営業中（推定）,,未収集,収集元推奨: エキテン・ホットペッパービューティー / iタウンページ「整体」
1212,,美容整体・小顔矯正,,東京都,,,,,,,美容整体 小顔矯正関連サービス,営業中（推定）,,未収集,収集元推奨: エキテン・ホットペッパービューティー / iタウンページ「整体」
1213,,美容整体・小顔矯正,,東京都,,,,,,,美容整体 小顔矯正関連サービス,営業中（推定）,,未収集,収集元推奨: エキテン・ホットペッパービューティー / iタウンページ「整体」
1214,,美容整体・小顔矯正,,東京都,,,,,,,美容整体 小顔矯正関連サービス,営業中（推定）,,未収集,収集元推奨: エキテン・ホットペッパービューティー / iタウンページ「整体」
1215,,美容整体・小顔矯正,,東京都,,,,,,,美容整体 小顔矯正関連サービス,営業中（推定）,,未収集,収集元推奨: エキテン・ホットペッパービューティー / iタウンページ「整体」
1216,,美容整体・小顔矯正,,東京都,,,,,,,美容整体 小顔矯正関連サービス,営業中（推定）,,未収集,収集元推奨: エキテン・ホットペッパービューティー / iタウンページ「整体」
1217,,美容整体・小顔矯正,,東京都,,,,,,,美容整体 小顔矯正関連サービス,営業中（推定）,,未収集,収集元推奨: エキテン・ホットペッパービューティー / iタウンページ「整体」
1218,,美容整体・小顔矯正,,東京都,,,,,,,美容整体 小顔矯正関連サービス,営業中（推定）,,未収集,収集元推奨: エキテン・ホットペッパービューティー / iタウンページ「整体」
1219,,美容整体・小顔矯正,,東京都,,,,,,,美容整体 小顔矯正関連サービス,営業中（推定）,,未収集,収集元推奨: エキテン・ホットペッパービューティー / iタウンページ「整体」
1220,,美容整体・小顔矯正,,東京都,,,,,,,美容整体 小顔矯正関連サービス,営業中（推定）,,未収集,収集元推奨: エキテン・ホットペッパービューティー / iタウンページ「整体」
1221,,美容整体・小顔矯正,,東京都,,,,,,,美容整体 小顔矯正関連サービス,営業中（推定）,,未収集,収集元推奨: エキテン・ホットペッパービューティー / iタウンページ「整体」
1222,,美容整体・小顔矯正,,東京都,,,,,,,美容整体 小顔矯正関連サービス,営業中（推定）,,未収集,収集元推奨: エキテン・ホットペッパービューティー / iタウンページ「整体」
1223,,美容整体・小顔矯正,,東京都,,,,,,,美容整体 小顔矯正関連サービス,営業中（推定）,,未収集,収集元推奨: エキテン・ホットペッパービューティー / iタウンページ「整体」
1224,,美容整体・小顔矯正,,東京都,,,,,,,美容整体 小顔矯正関連サービス,営業中（推定）,,未収集,収集元推奨: エキテン・ホットペッパービューティー / iタウンページ「整体」
1225,,美容整体・小顔矯正,,東京都,,,,,,,美容整体 小顔矯正関連サービス,営業中（推定）,,未収集,収集元推奨: エキテン・ホットペッパービューティー / iタウンページ「整体」
1226,,美容整体・小顔矯正,,東京都,,,,,,,美容整体 小顔矯正関連サービス,営業中（推定）,,未収集,収集元推奨: エキテン・ホットペッパービューティー / iタウンページ「整体」
1227,,美容整体・小顔矯正,,東京都,,,,,,,美容整体 小顔矯正関連サービス,営業中（推定）,,未収集,収集元推奨: エキテン・ホットペッパービューティー / iタウンページ「整体」
1228,,美容整体・小顔矯正,,東京都,,,,,,,美容整体 小顔矯正関連サービス,営業中（推定）,,未収集,収集元推奨: エキテン・ホットペッパービューティー / iタウンページ「整体」
1229,,美容整体・小顔矯正,,東京都,,,,,,,美容整体 小顔矯正関連サービス,営業中（推定）,,未収集,収集元推奨: エキテン・ホットペッパービューティー / iタウンページ「整体」
1230,,美容整体・小顔矯正,,東京都,,,,,,,美容整体 小顔矯正関連サービス,営業中（推定）,,未収集,収集元推奨: エキテン・ホットペッパービューティー / iタウンページ「整体」
1231,,美容整体・小顔矯正,,東京都,,,,,,,美容整体 小顔矯正関連サービス,営業中（推定）,,未収集,収集元推奨: エキテン・ホットペッパービューティー / iタウンページ「整体」
1232,,美容整体・小顔矯正,,東京都,,,,,,,美容整体 小顔矯正関連サービス,営業中（推定）,,未収集,収集元推奨: エキテン・ホットペッパービューティー / iタウンページ「整体」
1233,,美容整体・小顔矯正,,東京都,,,,,,,美容整体 小顔矯正関連サービス,営業中（推定）,,未収集,収集元推奨: エキテン・ホットペッパービューティー / iタウンページ「整体」
1234,,美容整体・小顔矯正,,東京都,,,,,,,美容整体 小顔矯正関連サービス,営業中（推定）,,未収集,収集元推奨: エキテン・ホットペッパービューティー / iタウンページ「整体」
1235,,美容整体・小顔矯正,,東京都,,,,,,,美容整体 小顔矯正関連サービス,営業中（推定）,,未収集,収集元推奨: エキテン・ホットペッパービューティー / iタウンページ「整体」
1236,,美容整体・小顔矯正,,東京都,,,,,,,美容整体 小顔矯正関連サービス,営業中（推定）,,未収集,収集元推奨: エキテン・ホットペッパービューティー / iタウンページ「整体」
1237,,美容整体・小顔矯正,,東京都,,,,,,,美容整体 小顔矯正関連サービス,営業中（推定）,,未収集,収集元推奨: エキテン・ホットペッパービューティー / iタウンページ「整体」
1238,,美容整体・小顔矯正,,東京都,,,,,,,美容整体 小顔矯正関連サービス,営業中（推定）,,未収集,収集元推奨: エキテン・ホットペッパービューティー / iタウンページ「整体」
1239,,美容整体・小顔矯正,,東京都,,,,,,,美容整体 小顔矯正関連サービス,営業中（推定）,,未収集,収集元推奨: エキテン・ホットペッパービューティー / iタウンページ「整体」
1240,,美容整体・小顔矯正,,東京都,,,,,,,美容整体 小顔矯正関連サービス,営業中（推定）,,未収集,収集元推奨: エキテン・ホットペッパービューティー / iタウンページ「整体」
1241,,美容整体・小顔矯正,,東京都,,,,,,,美容整体 小顔矯正関連サービス,営業中（推定）,,未収集,収集元推奨: エキテン・ホットペッパービューティー / iタウンページ「整体」
1242,,美容整体・小顔矯正,,東京都,,,,,,,美容整体 小顔矯正関連サービス,営業中（推定）,,未収集,収集元推奨: エキテン・ホットペッパービューティー / iタウンページ「整体」
1243,,美容整体・小顔矯正,,東京都,,,,,,,美容整体 小顔矯正関連サービス,営業中（推定）,,未収集,収集元推奨: エキテン・ホットペッパービューティー / iタウンページ「整体」
1244,,美容整体・小顔矯正,,東京都,,,,,,,美容整体 小顔矯正関連サービス,営業中（推定）,,未収集,収集元推奨: エキテン・ホットペッパービューティー / iタウンページ「整体」
1245,,美容整体・小顔矯正,,東京都,,,,,,,美容整体 小顔矯正関連サービス,営業中（推定）,,未収集,収集元推奨: エキテン・ホットペッパービューティー / iタウンページ「整体」
1246,,美容整体・小顔矯正,,東京都,,,,,,,美容整体 小顔矯正関連サービス,営業中（推定）,,未収集,収集元推奨: エキテン・ホットペッパービューティー / iタウンページ「整体」
1247,,美容整体・小顔矯正,,東京都,,,,,,,美容整体 小顔矯正関連サービス,営業中（推定）,,未収集,収集元推奨: エキテン・ホットペッパービューティー / iタウンページ「整体」
1248,,美容整体・小顔矯正,,東京都,,,,,,,美容整体 小顔矯正関連サービス,営業中（推定）,,未収集,収集元推奨: エキテン・ホットペッパービューティー / iタウンページ「整体」
1249,,美容整体・小顔矯正,,東京都,,,,,,,美容整体 小顔矯正関連サービス,営業中（推定）,,未収集,収集元推奨: エキテン・ホットペッパービューティー / iタウンページ「整体」
1250,,美容整体・小顔矯正,,東京都,,,,,,,美容整体 小顔矯正関連サービス,営業中（推定）,,未収集,収集元推奨: エキテン・ホットペッパービューティー / iタウンページ「整体」
1251,,美容整体・小顔矯正,,東京都,,,,,,,美容整体 小顔矯正関連サービス,営業中（推定）,,未収集,収集元推奨: エキテン・ホットペッパービューティー / iタウンページ「整体」
1252,,美容整体・小顔矯正,,東京都,,,,,,,美容整体 小顔矯正関連サービス,営業中（推定）,,未収集,収集元推奨: エキテン・ホットペッパービューティー / iタウンページ「整体」
1253,,美容整体・小顔矯正,,東京都,,,,,,,美容整体 小顔矯正関連サービス,営業中（推定）,,未収集,収集元推奨: エキテン・ホットペッパービューティー / iタウンページ「整体」
1254,,美容整体・小顔矯正,,東京都,,,,,,,美容整体 小顔矯正関連サービス,営業中（推定）,,未収集,収集元推奨: エキテン・ホットペッパービューティー / iタウンページ「整体」
1255,,美容整体・小顔矯正,,東京都,,,,,,,美容整体 小顔矯正関連サービス,営業中（推定）,,未収集,収集元推奨: エキテン・ホットペッパービューティー / iタウンページ「整体」
1256,,美容整体・小顔矯正,,東京都,,,,,,,美容整体 小顔矯正関連サービス,営業中（推定）,,未収集,収集元推奨: エキテン・ホットペッパービューティー / iタウンページ「整体」
1257,,美容整体・小顔矯正,,東京都,,,,,,,美容整体 小顔矯正関連サービス,営業中（推定）,,未収集,収集元推奨: エキテン・ホットペッパービューティー / iタウンページ「整体」
1258,,美容整体・小顔矯正,,東京都,,,,,,,美容整体 小顔矯正関連サービス,営業中（推定）,,未収集,収集元推奨: エキテン・ホットペッパービューティー / iタウンページ「整体」
1259,,美容整体・小顔矯正,,東京都,,,,,,,美容整体 小顔矯正関連サービス,営業中（推定）,,未収集,収集元推奨: エキテン・ホットペッパービューティー / iタウンページ「整体」
1260,,美容整体・小顔矯正,,東京都,,,,,,,美容整体 小顔矯正関連サービス,営業中（推定）,,未収集,収集元推奨: エキテン・ホットペッパービューティー / iタウンページ「整体」
1261,,美容整体・小顔矯正,,東京都,,,,,,,美容整体 小顔矯正関連サービス,営業中（推定）,,未収集,収集元推奨: エキテン・ホットペッパービューティー / iタウンページ「整体」
1262,,美容整体・小顔矯正,,東京都,,,,,,,美容整体 小顔矯正関連サービス,営業中（推定）,,未収集,収集元推奨: エキテン・ホットペッパービューティー / iタウンページ「整体」
1263,,美容整体・小顔矯正,,東京都,,,,,,,美容整体 小顔矯正関連サービス,営業中（推定）,,未収集,収集元推奨: エキテン・ホットペッパービューティー / iタウンページ「整体」
1264,,美容整体・小顔矯正,,東京都,,,,,,,美容整体 小顔矯正関連サービス,営業中（推定）,,未収集,収集元推奨: エキテン・ホットペッパービューティー / iタウンページ「整体」
1265,,美容整体・小顔矯正,,東京都,,,,,,,美容整体 小顔矯正関連サービス,営業中（推定）,,未収集,収集元推奨: エキテン・ホットペッパービューティー / iタウンページ「整体」
1266,,美容整体・小顔矯正,,東京都,,,,,,,美容整体 小顔矯正関連サービス,営業中（推定）,,未収集,収集元推奨: エキテン・ホットペッパービューティー / iタウンページ「整体」
1267,,美容整体・小顔矯正,,東京都,,,,,,,美容整体 小顔矯正関連サービス,営業中（推定）,,未収集,収集元推奨: エキテン・ホットペッパービューティー / iタウンページ「整体」
1268,,美容整体・小顔矯正,,東京都,,,,,,,美容整体 小顔矯正関連サービス,営業中（推定）,,未収集,収集元推奨: エキテン・ホットペッパービューティー / iタウンページ「整体」
1269,,美容整体・小顔矯正,,東京都,,,,,,,美容整体 小顔矯正関連サービス,営業中（推定）,,未収集,収集元推奨: エキテン・ホットペッパービューティー / iタウンページ「整体」
1270,,美容整体・小顔矯正,,東京都,,,,,,,美容整体 小顔矯正関連サービス,営業中（推定）,,未収集,収集元推奨: エキテン・ホットペッパービューティー / iタウンページ「整体」
1271,,美容整体・小顔矯正,,東京都,,,,,,,美容整体 小顔矯正関連サービス,営業中（推定）,,未収集,収集元推奨: エキテン・ホットペッパービューティー / iタウンページ「整体」
1272,,美容整体・小顔矯正,,東京都,,,,,,,美容整体 小顔矯正関連サービス,営業中（推定）,,未収集,収集元推奨: エキテン・ホットペッパービューティー / iタウンページ「整体」
1273,,美容整体・小顔矯正,,東京都,,,,,,,美容整体 小顔矯正関連サービス,営業中（推定）,,未収集,収集元推奨: エキテン・ホットペッパービューティー / iタウンページ「整体」
1274,,美容整体・小顔矯正,,東京都,,,,,,,美容整体 小顔矯正関連サービス,営業中（推定）,,未収集,収集元推奨: エキテン・ホットペッパービューティー / iタウンページ「整体」
1275,,美容整体・小顔矯正,,東京都,,,,,,,美容整体 小顔矯正関連サービス,営業中（推定）,,未収集,収集元推奨: エキテン・ホットペッパービューティー / iタウンページ「整体」
1276,,美容整体・小顔矯正,,東京都,,,,,,,美容整体 小顔矯正関連サービス,営業中（推定）,,未収集,収集元推奨: エキテン・ホットペッパービューティー / iタウンページ「整体」
1277,,美容整体・小顔矯正,,東京都,,,,,,,美容整体 小顔矯正関連サービス,営業中（推定）,,未収集,収集元推奨: エキテン・ホットペッパービューティー / iタウンページ「整体」
1278,,美容整体・小顔矯正,,東京都,,,,,,,美容整体 小顔矯正関連サービス,営業中（推定）,,未収集,収集元推奨: エキテン・ホットペッパービューティー / iタウンページ「整体」
1279,,美容整体・小顔矯正,,東京都,,,,,,,美容整体 小顔矯正関連サービス,営業中（推定）,,未収集,収集元推奨: エキテン・ホットペッパービューティー / iタウンページ「整体」
1280,,美容整体・小顔矯正,,東京都,,,,,,,美容整体 小顔矯正関連サービス,営業中（推定）,,未収集,収集元推奨: エキテン・ホットペッパービューティー / iタウンページ「整体」
1281,,美容整体・小顔矯正,,東京都,,,,,,,美容整体 小顔矯正関連サービス,営業中（推定）,,未収集,収集元推奨: エキテン・ホットペッパービューティー / iタウンページ「整体」
1282,,美容整体・小顔矯正,,東京都,,,,,,,美容整体 小顔矯正関連サービス,営業中（推定）,,未収集,収集元推奨: エキテン・ホットペッパービューティー / iタウンページ「整体」
1283,,美容整体・小顔矯正,,東京都,,,,,,,美容整体 小顔矯正関連サービス,営業中（推定）,,未収集,収集元推奨: エキテン・ホットペッパービューティー / iタウンページ「整体」
1284,,美容整体・小顔矯正,,東京都,,,,,,,美容整体 小顔矯正関連サービス,営業中（推定）,,未収集,収集元推奨: エキテン・ホットペッパービューティー / iタウンページ「整体」
1285,,美容整体・小顔矯正,,東京都,,,,,,,美容整体 小顔矯正関連サービス,営業中（推定）,,未収集,収集元推奨: エキテン・ホットペッパービューティー / iタウンページ「整体」
1286,,美容整体・小顔矯正,,東京都,,,,,,,美容整体 小顔矯正関連サービス,営業中（推定）,,未収集,収集元推奨: エキテン・ホットペッパービューティー / iタウンページ「整体」
1287,,美容整体・小顔矯正,,東京都,,,,,,,美容整体 小顔矯正関連サービス,営業中（推定）,,未収集,収集元推奨: エキテン・ホットペッパービューティー / iタウンページ「整体」
1288,,美容整体・小顔矯正,,東京都,,,,,,,美容整体 小顔矯正関連サービス,営業中（推定）,,未収集,収集元推奨: エキテン・ホットペッパービューティー / iタウンページ「整体」
1289,,美容整体・小顔矯正,,東京都,,,,,,,美容整体 小顔矯正関連サービス,営業中（推定）,,未収集,収集元推奨: エキテン・ホットペッパービューティー / iタウンページ「整体」
1290,,美容整体・小顔矯正,,東京都,,,,,,,美容整体 小顔矯正関連サービス,営業中（推定）,,未収集,収集元推奨: エキテン・ホットペッパービューティー / iタウンページ「整体」
1291,,美容整体・小顔矯正,,東京都,,,,,,,美容整体 小顔矯正関連サービス,営業中（推定）,,未収集,収集元推奨: エキテン・ホットペッパービューティー / iタウンページ「整体」
1292,,美容整体・小顔矯正,,東京都,,,,,,,美容整体 小顔矯正関連サービス,営業中（推定）,,未収集,収集元推奨: エキテン・ホットペッパービューティー / iタウンページ「整体」
1293,,美容整体・小顔矯正,,東京都,,,,,,,美容整体 小顔矯正関連サービス,営業中（推定）,,未収集,収集元推奨: エキテン・ホットペッパービューティー / iタウンページ「整体」
1294,,美容整体・小顔矯正,,東京都,,,,,,,美容整体 小顔矯正関連サービス,営業中（推定）,,未収集,収集元推奨: エキテン・ホットペッパービューティー / iタウンページ「整体」
1295,,美容整体・小顔矯正,,東京都,,,,,,,美容整体 小顔矯正関連サービス,営業中（推定）,,未収集,収集元推奨: エキテン・ホットペッパービューティー / iタウンページ「整体」
1296,,美容整体・小顔矯正,,東京都,,,,,,,美容整体 小顔矯正関連サービス,営業中（推定）,,未収集,収集元推奨: エキテン・ホットペッパービューティー / iタウンページ「整体」
1297,,美容整体・小顔矯正,,東京都,,,,,,,美容整体 小顔矯正関連サービス,営業中（推定）,,未収集,収集元推奨: エキテン・ホットペッパービューティー / iタウンページ「整体」
1298,,美容整体・小顔矯正,,東京都,,,,,,,美容整体 小顔矯正関連サービス,営業中（推定）,,未収集,収集元推奨: エキテン・ホットペッパービューティー / iタウンページ「整体」
1299,,美容整体・小顔矯正,,東京都,,,,,,,美容整体 小顔矯正関連サービス,営業中（推定）,,未収集,収集元推奨: エキテン・ホットペッパービューティー / iタウンページ「整体」
1300,,美容整体・小顔矯正,,東京都,,,,,,,美容整体 小顔矯正関連サービス,営業中（推定）,,未収集,収集元推奨: エキテン・ホットペッパービューティー / iタウンページ「整体」
1301,,美容整体・小顔矯正,,東京都,,,,,,,美容整体 小顔矯正関連サービス,営業中（推定）,,未収集,収集元推奨: エキテン・ホットペッパービューティー / iタウンページ「整体」
1302,,美容整体・小顔矯正,,東京都,,,,,,,美容整体 小顔矯正関連サービス,営業中（推定）,,未収集,収集元推奨: エキテン・ホットペッパービューティー / iタウンページ「整体」
1303,,美容整体・小顔矯正,,東京都,,,,,,,美容整体 小顔矯正関連サービス,営業中（推定）,,未収集,収集元推奨: エキテン・ホットペッパービューティー / iタウンページ「整体」
1304,,美容整体・小顔矯正,,東京都,,,,,,,美容整体 小顔矯正関連サービス,営業中（推定）,,未収集,収集元推奨: エキテン・ホットペッパービューティー / iタウンページ「整体」
1305,,美容整体・小顔矯正,,東京都,,,,,,,美容整体 小顔矯正関連サービス,営業中（推定）,,未収集,収集元推奨: エキテン・ホットペッパービューティー / iタウンページ「整体」
1306,,美容整体・小顔矯正,,東京都,,,,,,,美容整体 小顔矯正関連サービス,営業中（推定）,,未収集,収集元推奨: エキテン・ホットペッパービューティー / iタウンページ「整体」
1307,,美容整体・小顔矯正,,東京都,,,,,,,美容整体 小顔矯正関連サービス,営業中（推定）,,未収集,収集元推奨: エキテン・ホットペッパービューティー / iタウンページ「整体」
1308,,美容整体・小顔矯正,,東京都,,,,,,,美容整体 小顔矯正関連サービス,営業中（推定）,,未収集,収集元推奨: エキテン・ホットペッパービューティー / iタウンページ「整体」
1309,,美容整体・小顔矯正,,東京都,,,,,,,美容整体 小顔矯正関連サービス,営業中（推定）,,未収集,収集元推奨: エキテン・ホットペッパービューティー / iタウンページ「整体」
1310,,美容整体・小顔矯正,,東京都,,,,,,,美容整体 小顔矯正関連サービス,営業中（推定）,,未収集,収集元推奨: エキテン・ホットペッパービューティー / iタウンページ「整体」
1311,,美容整体・小顔矯正,,東京都,,,,,,,美容整体 小顔矯正関連サービス,営業中（推定）,,未収集,収集元推奨: エキテン・ホットペッパービューティー / iタウンページ「整体」
1312,,美容整体・小顔矯正,,東京都,,,,,,,美容整体 小顔矯正関連サービス,営業中（推定）,,未収集,収集元推奨: エキテン・ホットペッパービューティー / iタウンページ「整体」
1313,,美容整体・小顔矯正,,東京都,,,,,,,美容整体 小顔矯正関連サービス,営業中（推定）,,未収集,収集元推奨: エキテン・ホットペッパービューティー / iタウンページ「整体」
1314,,美容整体・小顔矯正,,東京都,,,,,,,美容整体 小顔矯正関連サービス,営業中（推定）,,未収集,収集元推奨: エキテン・ホットペッパービューティー / iタウンページ「整体」
1315,,美容整体・小顔矯正,,東京都,,,,,,,美容整体 小顔矯正関連サービス,営業中（推定）,,未収集,収集元推奨: エキテン・ホットペッパービューティー / iタウンページ「整体」
1316,,美容整体・小顔矯正,,東京都,,,,,,,美容整体 小顔矯正関連サービス,営業中（推定）,,未収集,収集元推奨: エキテン・ホットペッパービューティー / iタウンページ「整体」
1317,,美容整体・小顔矯正,,東京都,,,,,,,美容整体 小顔矯正関連サービス,営業中（推定）,,未収集,収集元推奨: エキテン・ホットペッパービューティー / iタウンページ「整体」
1318,,美容整体・小顔矯正,,東京都,,,,,,,美容整体 小顔矯正関連サービス,営業中（推定）,,未収集,収集元推奨: エキテン・ホットペッパービューティー / iタウンページ「整体」
1319,,美容整体・小顔矯正,,東京都,,,,,,,美容整体 小顔矯正関連サービス,営業中（推定）,,未収集,収集元推奨: エキテン・ホットペッパービューティー / iタウンページ「整体」
1320,,美容整体・小顔矯正,,東京都,,,,,,,美容整体 小顔矯正関連サービス,営業中（推定）,,未収集,収集元推奨: エキテン・ホットペッパービューティー / iタウンページ「整体」
1321,,美容整体・小顔矯正,,東京都,,,,,,,美容整体 小顔矯正関連サービス,営業中（推定）,,未収集,収集元推奨: エキテン・ホットペッパービューティー / iタウンページ「整体」
1322,,美容整体・小顔矯正,,東京都,,,,,,,美容整体 小顔矯正関連サービス,営業中（推定）,,未収集,収集元推奨: エキテン・ホットペッパービューティー / iタウンページ「整体」
1323,,美容整体・小顔矯正,,東京都,,,,,,,美容整体 小顔矯正関連サービス,営業中（推定）,,未収集,収集元推奨: エキテン・ホットペッパービューティー / iタウンページ「整体」
1324,,美容整体・小顔矯正,,東京都,,,,,,,美容整体 小顔矯正関連サービス,営業中（推定）,,未収集,収集元推奨: エキテン・ホットペッパービューティー / iタウンページ「整体」
1325,,美容整体・小顔矯正,,東京都,,,,,,,美容整体 小顔矯正関連サービス,営業中（推定）,,未収集,収集元推奨: エキテン・ホットペッパービューティー / iタウンページ「整体」
1326,,美容整体・小顔矯正,,東京都,,,,,,,美容整体 小顔矯正関連サービス,営業中（推定）,,未収集,収集元推奨: エキテン・ホットペッパービューティー / iタウンページ「整体」
1327,,美容整体・小顔矯正,,東京都,,,,,,,美容整体 小顔矯正関連サービス,営業中（推定）,,未収集,収集元推奨: エキテン・ホットペッパービューティー / iタウンページ「整体」
1328,,美容整体・小顔矯正,,東京都,,,,,,,美容整体 小顔矯正関連サービス,営業中（推定）,,未収集,収集元推奨: エキテン・ホットペッパービューティー / iタウンページ「整体」
1329,,美容整体・小顔矯正,,東京都,,,,,,,美容整体 小顔矯正関連サービス,営業中（推定）,,未収集,収集元推奨: エキテン・ホットペッパービューティー / iタウンページ「整体」
1330,,美容整体・小顔矯正,,東京都,,,,,,,美容整体 小顔矯正関連サービス,営業中（推定）,,未収集,収集元推奨: エキテン・ホットペッパービューティー / iタウンページ「整体」
1331,,美容整体・小顔矯正,,東京都,,,,,,,美容整体 小顔矯正関連サービス,営業中（推定）,,未収集,収集元推奨: エキテン・ホットペッパービューティー / iタウンページ「整体」
1332,,美容整体・小顔矯正,,東京都,,,,,,,美容整体 小顔矯正関連サービス,営業中（推定）,,未収集,収集元推奨: エキテン・ホットペッパービューティー / iタウンページ「整体」
1333,,美容整体・小顔矯正,,東京都,,,,,,,美容整体 小顔矯正関連サービス,営業中（推定）,,未収集,収集元推奨: エキテン・ホットペッパービューティー / iタウンページ「整体」
1334,,美容整体・小顔矯正,,東京都,,,,,,,美容整体 小顔矯正関連サービス,営業中（推定）,,未収集,収集元推奨: エキテン・ホットペッパービューティー / iタウンページ「整体」
1335,,美容整体・小顔矯正,,東京都,,,,,,,美容整体 小顔矯正関連サービス,営業中（推定）,,未収集,収集元推奨: エキテン・ホットペッパービューティー / iタウンページ「整体」
1336,,美容整体・小顔矯正,,東京都,,,,,,,美容整体 小顔矯正関連サービス,営業中（推定）,,未収集,収集元推奨: エキテン・ホットペッパービューティー / iタウンページ「整体」
1337,,美容整体・小顔矯正,,東京都,,,,,,,美容整体 小顔矯正関連サービス,営業中（推定）,,未収集,収集元推奨: エキテン・ホットペッパービューティー / iタウンページ「整体」
1338,,美容整体・小顔矯正,,東京都,,,,,,,美容整体 小顔矯正関連サービス,営業中（推定）,,未収集,収集元推奨: エキテン・ホットペッパービューティー / iタウンページ「整体」
1339,,美容整体・小顔矯正,,東京都,,,,,,,美容整体 小顔矯正関連サービス,営業中（推定）,,未収集,収集元推奨: エキテン・ホットペッパービューティー / iタウンページ「整体」
1340,,美容整体・小顔矯正,,東京都,,,,,,,美容整体 小顔矯正関連サービス,営業中（推定）,,未収集,収集元推奨: エキテン・ホットペッパービューティー / iタウンページ「整体」
1341,,美容整体・小顔矯正,,東京都,,,,,,,美容整体 小顔矯正関連サービス,営業中（推定）,,未収集,収集元推奨: エキテン・ホットペッパービューティー / iタウンページ「整体」
1342,,美容整体・小顔矯正,,東京都,,,,,,,美容整体 小顔矯正関連サービス,営業中（推定）,,未収集,収集元推奨: エキテン・ホットペッパービューティー / iタウンページ「整体」
1343,,美容整体・小顔矯正,,東京都,,,,,,,美容整体 小顔矯正関連サービス,営業中（推定）,,未収集,収集元推奨: エキテン・ホットペッパービューティー / iタウンページ「整体」
1344,,美容整体・小顔矯正,,東京都,,,,,,,美容整体 小顔矯正関連サービス,営業中（推定）,,未収集,収集元推奨: エキテン・ホットペッパービューティー / iタウンページ「整体」
1345,,美容整体・小顔矯正,,東京都,,,,,,,美容整体 小顔矯正関連サービス,営業中（推定）,,未収集,収集元推奨: エキテン・ホットペッパービューティー / iタウンページ「整体」
1346,,美容整体・小顔矯正,,東京都,,,,,,,美容整体 小顔矯正関連サービス,営業中（推定）,,未収集,収集元推奨: エキテン・ホットペッパービューティー / iタウンページ「整体」
1347,,美容整体・小顔矯正,,東京都,,,,,,,美容整体 小顔矯正関連サービス,営業中（推定）,,未収集,収集元推奨: エキテン・ホットペッパービューティー / iタウンページ「整体」
1348,,美容整体・小顔矯正,,東京都,,,,,,,美容整体 小顔矯正関連サービス,営業中（推定）,,未収集,収集元推奨: エキテン・ホットペッパービューティー / iタウンページ「整体」
1349,,美容整体・小顔矯正,,東京都,,,,,,,美容整体 小顔矯正関連サービス,営業中（推定）,,未収集,収集元推奨: エキテン・ホットペッパービューティー / iタウンページ「整体」
1350,,美容整体・小顔矯正,,東京都,,,,,,,美容整体 小顔矯正関連サービス,営業中（推定）,,未収集,収集元推奨: エキテン・ホットペッパービューティー / iタウンページ「整体」
1351,,美容整体・小顔矯正,,東京都,,,,,,,美容整体 小顔矯正関連サービス,営業中（推定）,,未収集,収集元推奨: エキテン・ホットペッパービューティー / iタウンページ「整体」
1352,,美容整体・小顔矯正,,東京都,,,,,,,美容整体 小顔矯正関連サービス,営業中（推定）,,未収集,収集元推奨: エキテン・ホットペッパービューティー / iタウンページ「整体」
1353,,美容整体・小顔矯正,,東京都,,,,,,,美容整体 小顔矯正関連サービス,営業中（推定）,,未収集,収集元推奨: エキテン・ホットペッパービューティー / iタウンページ「整体」
1354,,美容整体・小顔矯正,,東京都,,,,,,,美容整体 小顔矯正関連サービス,営業中（推定）,,未収集,収集元推奨: エキテン・ホットペッパービューティー / iタウンページ「整体」
1355,,美容整体・小顔矯正,,東京都,,,,,,,美容整体 小顔矯正関連サービス,営業中（推定）,,未収集,収集元推奨: エキテン・ホットペッパービューティー / iタウンページ「整体」
1356,,美容整体・小顔矯正,,東京都,,,,,,,美容整体 小顔矯正関連サービス,営業中（推定）,,未収集,収集元推奨: エキテン・ホットペッパービューティー / iタウンページ「整体」
1357,,美容整体・小顔矯正,,東京都,,,,,,,美容整体 小顔矯正関連サービス,営業中（推定）,,未収集,収集元推奨: エキテン・ホットペッパービューティー / iタウンページ「整体」
1358,,美容整体・小顔矯正,,東京都,,,,,,,美容整体 小顔矯正関連サービス,営業中（推定）,,未収集,収集元推奨: エキテン・ホットペッパービューティー / iタウンページ「整体」
1359,,美容整体・小顔矯正,,東京都,,,,,,,美容整体 小顔矯正関連サービス,営業中（推定）,,未収集,収集元推奨: エキテン・ホットペッパービューティー / iタウンページ「整体」
1360,,美容整体・小顔矯正,,東京都,,,,,,,美容整体 小顔矯正関連サービス,営業中（推定）,,未収集,収集元推奨: エキテン・ホットペッパービューティー / iタウンページ「整体」
1361,,美容整体・小顔矯正,,東京都,,,,,,,美容整体 小顔矯正関連サービス,営業中（推定）,,未収集,収集元推奨: エキテン・ホットペッパービューティー / iタウンページ「整体」
1362,,美容整体・小顔矯正,,東京都,,,,,,,美容整体 小顔矯正関連サービス,営業中（推定）,,未収集,収集元推奨: エキテン・ホットペッパービューティー / iタウンページ「整体」
1363,,美容整体・小顔矯正,,東京都,,,,,,,美容整体 小顔矯正関連サービス,営業中（推定）,,未収集,収集元推奨: エキテン・ホットペッパービューティー / iタウンページ「整体」
1364,,美容整体・小顔矯正,,東京都,,,,,,,美容整体 小顔矯正関連サービス,営業中（推定）,,未収集,収集元推奨: エキテン・ホットペッパービューティー / iタウンページ「整体」
1365,,美容整体・小顔矯正,,東京都,,,,,,,美容整体 小顔矯正関連サービス,営業中（推定）,,未収集,収集元推奨: エキテン・ホットペッパービューティー / iタウンページ「整体」
1366,,美容整体・小顔矯正,,東京都,,,,,,,美容整体 小顔矯正関連サービス,営業中（推定）,,未収集,収集元推奨: エキテン・ホットペッパービューティー / iタウンページ「整体」
1367,,美容整体・小顔矯正,,東京都,,,,,,,美容整体 小顔矯正関連サービス,営業中（推定）,,未収集,収集元推奨: エキテン・ホットペッパービューティー / iタウンページ「整体」
1368,,美容整体・小顔矯正,,東京都,,,,,,,美容整体 小顔矯正関連サービス,営業中（推定）,,未収集,収集元推奨: エキテン・ホットペッパービューティー / iタウンページ「整体」
1369,,美容整体・小顔矯正,,東京都,,,,,,,美容整体 小顔矯正関連サービス,営業中（推定）,,未収集,収集元推奨: エキテン・ホットペッパービューティー / iタウンページ「整体」
1370,,美容整体・小顔矯正,,東京都,,,,,,,美容整体 小顔矯正関連サービス,営業中（推定）,,未収集,収集元推奨: エキテン・ホットペッパービューティー / iタウンページ「整体」
1371,,美容整体・小顔矯正,,東京都,,,,,,,美容整体 小顔矯正関連サービス,営業中（推定）,,未収集,収集元推奨: エキテン・ホットペッパービューティー / iタウンページ「整体」
1372,,美容整体・小顔矯正,,東京都,,,,,,,美容整体 小顔矯正関連サービス,営業中（推定）,,未収集,収集元推奨: エキテン・ホットペッパービューティー / iタウンページ「整体」
1373,,美容整体・小顔矯正,,東京都,,,,,,,美容整体 小顔矯正関連サービス,営業中（推定）,,未収集,収集元推奨: エキテン・ホットペッパービューティー / iタウンページ「整体」
1374,,美容整体・小顔矯正,,東京都,,,,,,,美容整体 小顔矯正関連サービス,営業中（推定）,,未収集,収集元推奨: エキテン・ホットペッパービューティー / iタウンページ「整体」
1375,,美容整体・小顔矯正,,東京都,,,,,,,美容整体 小顔矯正関連サービス,営業中（推定）,,未収集,収集元推奨: エキテン・ホットペッパービューティー / iタウンページ「整体」
1376,,美容整体・小顔矯正,,東京都,,,,,,,美容整体 小顔矯正関連サービス,営業中（推定）,,未収集,収集元推奨: エキテン・ホットペッパービューティー / iタウンページ「整体」
1377,,美容整体・小顔矯正,,東京都,,,,,,,美容整体 小顔矯正関連サービス,営業中（推定）,,未収集,収集元推奨: エキテン・ホットペッパービューティー / iタウンページ「整体」
1378,,美容整体・小顔矯正,,東京都,,,,,,,美容整体 小顔矯正関連サービス,営業中（推定）,,未収集,収集元推奨: エキテン・ホットペッパービューティー / iタウンページ「整体」
1379,,美容整体・小顔矯正,,東京都,,,,,,,美容整体 小顔矯正関連サービス,営業中（推定）,,未収集,収集元推奨: エキテン・ホットペッパービューティー / iタウンページ「整体」
1380,,美容整体・小顔矯正,,東京都,,,,,,,美容整体 小顔矯正関連サービス,営業中（推定）,,未収集,収集元推奨: エキテン・ホットペッパービューティー / iタウンページ「整体」
1381,,美容整体・小顔矯正,,東京都,,,,,,,美容整体 小顔矯正関連サービス,営業中（推定）,,未収集,収集元推奨: エキテン・ホットペッパービューティー / iタウンページ「整体」
1382,,美容整体・小顔矯正,,東京都,,,,,,,美容整体 小顔矯正関連サービス,営業中（推定）,,未収集,収集元推奨: エキテン・ホットペッパービューティー / iタウンページ「整体」
1383,,美容整体・小顔矯正,,東京都,,,,,,,美容整体 小顔矯正関連サービス,営業中（推定）,,未収集,収集元推奨: エキテン・ホットペッパービューティー / iタウンページ「整体」
1384,,美容整体・小顔矯正,,東京都,,,,,,,美容整体 小顔矯正関連サービス,営業中（推定）,,未収集,収集元推奨: エキテン・ホットペッパービューティー / iタウンページ「整体」
1385,,美容整体・小顔矯正,,東京都,,,,,,,美容整体 小顔矯正関連サービス,営業中（推定）,,未収集,収集元推奨: エキテン・ホットペッパービューティー / iタウンページ「整体」
1386,,美容整体・小顔矯正,,東京都,,,,,,,美容整体 小顔矯正関連サービス,営業中（推定）,,未収集,収集元推奨: エキテン・ホットペッパービューティー / iタウンページ「整体」
1387,,美容整体・小顔矯正,,東京都,,,,,,,美容整体 小顔矯正関連サービス,営業中（推定）,,未収集,収集元推奨: エキテン・ホットペッパービューティー / iタウンページ「整体」
1388,,美容整体・小顔矯正,,東京都,,,,,,,美容整体 小顔矯正関連サービス,営業中（推定）,,未収集,収集元推奨: エキテン・ホットペッパービューティー / iタウンページ「整体」
1389,,美容整体・小顔矯正,,東京都,,,,,,,美容整体 小顔矯正関連サービス,営業中（推定）,,未収集,収集元推奨: エキテン・ホットペッパービューティー / iタウンページ「整体」
1390,,美容整体・小顔矯正,,東京都,,,,,,,美容整体 小顔矯正関連サービス,営業中（推定）,,未収集,収集元推奨: エキテン・ホットペッパービューティー / iタウンページ「整体」
1391,,美容整体・小顔矯正,,東京都,,,,,,,美容整体 小顔矯正関連サービス,営業中（推定）,,未収集,収集元推奨: エキテン・ホットペッパービューティー / iタウンページ「整体」
1392,,美容整体・小顔矯正,,東京都,,,,,,,美容整体 小顔矯正関連サービス,営業中（推定）,,未収集,収集元推奨: エキテン・ホットペッパービューティー / iタウンページ「整体」
1393,,美容整体・小顔矯正,,東京都,,,,,,,美容整体 小顔矯正関連サービス,営業中（推定）,,未収集,収集元推奨: エキテン・ホットペッパービューティー / iタウンページ「整体」
1394,,美容整体・小顔矯正,,東京都,,,,,,,美容整体 小顔矯正関連サービス,営業中（推定）,,未収集,収集元推奨: エキテン・ホットペッパービューティー / iタウンページ「整体」
1395,,美容整体・小顔矯正,,東京都,,,,,,,美容整体 小顔矯正関連サービス,営業中（推定）,,未収集,収集元推奨: エキテン・ホットペッパービューティー / iタウンページ「整体」
1396,,美容鍼灸院,,東京都,,,,,,,美容鍼灸院関連サービス,営業中（推定）,,未収集,収集元推奨: 日本鍼灸師会地方師会会員名簿 / 鍼灸ポータルサイト
1397,,美容鍼灸院,,東京都,,,,,,,美容鍼灸院関連サービス,営業中（推定）,,未収集,収集元推奨: 日本鍼灸師会地方師会会員名簿 / 鍼灸ポータルサイト
1398,,美容鍼灸院,,東京都,,,,,,,美容鍼灸院関連サービス,営業中（推定）,,未収集,収集元推奨: 日本鍼灸師会地方師会会員名簿 / 鍼灸ポータルサイト
1399,,美容鍼灸院,,東京都,,,,,,,美容鍼灸院関連サービス,営業中（推定）,,未収集,収集元推奨: 日本鍼灸師会地方師会会員名簿 / 鍼灸ポータルサイト
1400,,美容鍼灸院,,東京都,,,,,,,美容鍼灸院関連サービス,営業中（推定）,,未収集,収集元推奨: 日本鍼灸師会地方師会会員名簿 / 鍼灸ポータルサイト
1401,,美容鍼灸院,,東京都,,,,,,,美容鍼灸院関連サービス,営業中（推定）,,未収集,収集元推奨: 日本鍼灸師会地方師会会員名簿 / 鍼灸ポータルサイト
1402,,美容鍼灸院,,東京都,,,,,,,美容鍼灸院関連サービス,営業中（推定）,,未収集,収集元推奨: 日本鍼灸師会地方師会会員名簿 / 鍼灸ポータルサイト
1403,,美容鍼灸院,,東京都,,,,,,,美容鍼灸院関連サービス,営業中（推定）,,未収集,収集元推奨: 日本鍼灸師会地方師会会員名簿 / 鍼灸ポータルサイト
1404,,美容鍼灸院,,東京都,,,,,,,美容鍼灸院関連サービス,営業中（推定）,,未収集,収集元推奨: 日本鍼灸師会地方師会会員名簿 / 鍼灸ポータルサイト
1405,,美容鍼灸院,,東京都,,,,,,,美容鍼灸院関連サービス,営業中（推定）,,未収集,収集元推奨: 日本鍼灸師会地方師会会員名簿 / 鍼灸ポータルサイト
1406,,美容鍼灸院,,東京都,,,,,,,美容鍼灸院関連サービス,営業中（推定）,,未収集,収集元推奨: 日本鍼灸師会地方師会会員名簿 / 鍼灸ポータルサイト
1407,,美容鍼灸院,,東京都,,,,,,,美容鍼灸院関連サービス,営業中（推定）,,未収集,収集元推奨: 日本鍼灸師会地方師会会員名簿 / 鍼灸ポータルサイト
1408,,美容鍼灸院,,東京都,,,,,,,美容鍼灸院関連サービス,営業中（推定）,,未収集,収集元推奨: 日本鍼灸師会地方師会会員名簿 / 鍼灸ポータルサイト
1409,,美容鍼灸院,,東京都,,,,,,,美容鍼灸院関連サービス,営業中（推定）,,未収集,収集元推奨: 日本鍼灸師会地方師会会員名簿 / 鍼灸ポータルサイト
1410,,美容鍼灸院,,東京都,,,,,,,美容鍼灸院関連サービス,営業中（推定）,,未収集,収集元推奨: 日本鍼灸師会地方師会会員名簿 / 鍼灸ポータルサイト
1411,,美容鍼灸院,,東京都,,,,,,,美容鍼灸院関連サービス,営業中（推定）,,未収集,収集元推奨: 日本鍼灸師会地方師会会員名簿 / 鍼灸ポータルサイト
1412,,美容鍼灸院,,東京都,,,,,,,美容鍼灸院関連サービス,営業中（推定）,,未収集,収集元推奨: 日本鍼灸師会地方師会会員名簿 / 鍼灸ポータルサイト
1413,,美容鍼灸院,,東京都,,,,,,,美容鍼灸院関連サービス,営業中（推定）,,未収集,収集元推奨: 日本鍼灸師会地方師会会員名簿 / 鍼灸ポータルサイト
1414,,美容鍼灸院,,東京都,,,,,,,美容鍼灸院関連サービス,営業中（推定）,,未収集,収集元推奨: 日本鍼灸師会地方師会会員名簿 / 鍼灸ポータルサイト
1415,,美容鍼灸院,,東京都,,,,,,,美容鍼灸院関連サービス,営業中（推定）,,未収集,収集元推奨: 日本鍼灸師会地方師会会員名簿 / 鍼灸ポータルサイト
1416,,美容鍼灸院,,東京都,,,,,,,美容鍼灸院関連サービス,営業中（推定）,,未収集,収集元推奨: 日本鍼灸師会地方師会会員名簿 / 鍼灸ポータルサイト
1417,,美容鍼灸院,,東京都,,,,,,,美容鍼灸院関連サービス,営業中（推定）,,未収集,収集元推奨: 日本鍼灸師会地方師会会員名簿 / 鍼灸ポータルサイト
1418,,美容鍼灸院,,東京都,,,,,,,美容鍼灸院関連サービス,営業中（推定）,,未収集,収集元推奨: 日本鍼灸師会地方師会会員名簿 / 鍼灸ポータルサイト
1419,,美容鍼灸院,,東京都,,,,,,,美容鍼灸院関連サービス,営業中（推定）,,未収集,収集元推奨: 日本鍼灸師会地方師会会員名簿 / 鍼灸ポータルサイト
1420,,美容鍼灸院,,東京都,,,,,,,美容鍼灸院関連サービス,営業中（推定）,,未収集,収集元推奨: 日本鍼灸師会地方師会会員名簿 / 鍼灸ポータルサイト
1421,,美容鍼灸院,,東京都,,,,,,,美容鍼灸院関連サービス,営業中（推定）,,未収集,収集元推奨: 日本鍼灸師会地方師会会員名簿 / 鍼灸ポータルサイト
1422,,美容鍼灸院,,東京都,,,,,,,美容鍼灸院関連サービス,営業中（推定）,,未収集,収集元推奨: 日本鍼灸師会地方師会会員名簿 / 鍼灸ポータルサイト
1423,,美容鍼灸院,,東京都,,,,,,,美容鍼灸院関連サービス,営業中（推定）,,未収集,収集元推奨: 日本鍼灸師会地方師会会員名簿 / 鍼灸ポータルサイト
1424,,美容鍼灸院,,東京都,,,,,,,美容鍼灸院関連サービス,営業中（推定）,,未収集,収集元推奨: 日本鍼灸師会地方師会会員名簿 / 鍼灸ポータルサイト
1425,,美容鍼灸院,,東京都,,,,,,,美容鍼灸院関連サービス,営業中（推定）,,未収集,収集元推奨: 日本鍼灸師会地方師会会員名簿 / 鍼灸ポータルサイト
1426,,美容鍼灸院,,東京都,,,,,,,美容鍼灸院関連サービス,営業中（推定）,,未収集,収集元推奨: 日本鍼灸師会地方師会会員名簿 / 鍼灸ポータルサイト
1427,,美容鍼灸院,,東京都,,,,,,,美容鍼灸院関連サービス,営業中（推定）,,未収集,収集元推奨: 日本鍼灸師会地方師会会員名簿 / 鍼灸ポータルサイト
1428,,美容鍼灸院,,東京都,,,,,,,美容鍼灸院関連サービス,営業中（推定）,,未収集,収集元推奨: 日本鍼灸師会地方師会会員名簿 / 鍼灸ポータルサイト
1429,,美容鍼灸院,,東京都,,,,,,,美容鍼灸院関連サービス,営業中（推定）,,未収集,収集元推奨: 日本鍼灸師会地方師会会員名簿 / 鍼灸ポータルサイト
1430,,美容鍼灸院,,東京都,,,,,,,美容鍼灸院関連サービス,営業中（推定）,,未収集,収集元推奨: 日本鍼灸師会地方師会会員名簿 / 鍼灸ポータルサイト
1431,,美容鍼灸院,,東京都,,,,,,,美容鍼灸院関連サービス,営業中（推定）,,未収集,収集元推奨: 日本鍼灸師会地方師会会員名簿 / 鍼灸ポータルサイト
1432,,美容鍼灸院,,東京都,,,,,,,美容鍼灸院関連サービス,営業中（推定）,,未収集,収集元推奨: 日本鍼灸師会地方師会会員名簿 / 鍼灸ポータルサイト
1433,,美容鍼灸院,,東京都,,,,,,,美容鍼灸院関連サービス,営業中（推定）,,未収集,収集元推奨: 日本鍼灸師会地方師会会員名簿 / 鍼灸ポータルサイト
1434,,美容鍼灸院,,東京都,,,,,,,美容鍼灸院関連サービス,営業中（推定）,,未収集,収集元推奨: 日本鍼灸師会地方師会会員名簿 / 鍼灸ポータルサイト
1435,,美容鍼灸院,,東京都,,,,,,,美容鍼灸院関連サービス,営業中（推定）,,未収集,収集元推奨: 日本鍼灸師会地方師会会員名簿 / 鍼灸ポータルサイト
1436,,美容鍼灸院,,東京都,,,,,,,美容鍼灸院関連サービス,営業中（推定）,,未収集,収集元推奨: 日本鍼灸師会地方師会会員名簿 / 鍼灸ポータルサイト
1437,,美容鍼灸院,,東京都,,,,,,,美容鍼灸院関連サービス,営業中（推定）,,未収集,収集元推奨: 日本鍼灸師会地方師会会員名簿 / 鍼灸ポータルサイト
1438,,美容鍼灸院,,東京都,,,,,,,美容鍼灸院関連サービス,営業中（推定）,,未収集,収集元推奨: 日本鍼灸師会地方師会会員名簿 / 鍼灸ポータルサイト
1439,,美容鍼灸院,,東京都,,,,,,,美容鍼灸院関連サービス,営業中（推定）,,未収集,収集元推奨: 日本鍼灸師会地方師会会員名簿 / 鍼灸ポータルサイト
1440,,美容鍼灸院,,東京都,,,,,,,美容鍼灸院関連サービス,営業中（推定）,,未収集,収集元推奨: 日本鍼灸師会地方師会会員名簿 / 鍼灸ポータルサイト
1441,,美容鍼灸院,,東京都,,,,,,,美容鍼灸院関連サービス,営業中（推定）,,未収集,収集元推奨: 日本鍼灸師会地方師会会員名簿 / 鍼灸ポータルサイト
1442,,美容鍼灸院,,東京都,,,,,,,美容鍼灸院関連サービス,営業中（推定）,,未収集,収集元推奨: 日本鍼灸師会地方師会会員名簿 / 鍼灸ポータルサイト
1443,,美容鍼灸院,,東京都,,,,,,,美容鍼灸院関連サービス,営業中（推定）,,未収集,収集元推奨: 日本鍼灸師会地方師会会員名簿 / 鍼灸ポータルサイト
1444,,美容鍼灸院,,東京都,,,,,,,美容鍼灸院関連サービス,営業中（推定）,,未収集,収集元推奨: 日本鍼灸師会地方師会会員名簿 / 鍼灸ポータルサイト
1445,,美容鍼灸院,,東京都,,,,,,,美容鍼灸院関連サービス,営業中（推定）,,未収集,収集元推奨: 日本鍼灸師会地方師会会員名簿 / 鍼灸ポータルサイト
1446,,美容鍼灸院,,東京都,,,,,,,美容鍼灸院関連サービス,営業中（推定）,,未収集,収集元推奨: 日本鍼灸師会地方師会会員名簿 / 鍼灸ポータルサイト
1447,,美容鍼灸院,,東京都,,,,,,,美容鍼灸院関連サービス,営業中（推定）,,未収集,収集元推奨: 日本鍼灸師会地方師会会員名簿 / 鍼灸ポータルサイト
1448,,美容鍼灸院,,東京都,,,,,,,美容鍼灸院関連サービス,営業中（推定）,,未収集,収集元推奨: 日本鍼灸師会地方師会会員名簿 / 鍼灸ポータルサイト
1449,,美容鍼灸院,,東京都,,,,,,,美容鍼灸院関連サービス,営業中（推定）,,未収集,収集元推奨: 日本鍼灸師会地方師会会員名簿 / 鍼灸ポータルサイト
1450,,美容鍼灸院,,東京都,,,,,,,美容鍼灸院関連サービス,営業中（推定）,,未収集,収集元推奨: 日本鍼灸師会地方師会会員名簿 / 鍼灸ポータルサイト
1451,,美容鍼灸院,,東京都,,,,,,,美容鍼灸院関連サービス,営業中（推定）,,未収集,収集元推奨: 日本鍼灸師会地方師会会員名簿 / 鍼灸ポータルサイト
1452,,美容鍼灸院,,東京都,,,,,,,美容鍼灸院関連サービス,営業中（推定）,,未収集,収集元推奨: 日本鍼灸師会地方師会会員名簿 / 鍼灸ポータルサイト
1453,,美容鍼灸院,,東京都,,,,,,,美容鍼灸院関連サービス,営業中（推定）,,未収集,収集元推奨: 日本鍼灸師会地方師会会員名簿 / 鍼灸ポータルサイト
1454,,美容鍼灸院,,東京都,,,,,,,美容鍼灸院関連サービス,営業中（推定）,,未収集,収集元推奨: 日本鍼灸師会地方師会会員名簿 / 鍼灸ポータルサイト
1455,,美容鍼灸院,,東京都,,,,,,,美容鍼灸院関連サービス,営業中（推定）,,未収集,収集元推奨: 日本鍼灸師会地方師会会員名簿 / 鍼灸ポータルサイト
1456,,美容鍼灸院,,東京都,,,,,,,美容鍼灸院関連サービス,営業中（推定）,,未収集,収集元推奨: 日本鍼灸師会地方師会会員名簿 / 鍼灸ポータルサイト
1457,,美容鍼灸院,,東京都,,,,,,,美容鍼灸院関連サービス,営業中（推定）,,未収集,収集元推奨: 日本鍼灸師会地方師会会員名簿 / 鍼灸ポータルサイト
1458,,美容鍼灸院,,東京都,,,,,,,美容鍼灸院関連サービス,営業中（推定）,,未収集,収集元推奨: 日本鍼灸師会地方師会会員名簿 / 鍼灸ポータルサイト
1459,,美容鍼灸院,,東京都,,,,,,,美容鍼灸院関連サービス,営業中（推定）,,未収集,収集元推奨: 日本鍼灸師会地方師会会員名簿 / 鍼灸ポータルサイト
1460,,美容鍼灸院,,東京都,,,,,,,美容鍼灸院関連サービス,営業中（推定）,,未収集,収集元推奨: 日本鍼灸師会地方師会会員名簿 / 鍼灸ポータルサイト
1461,,美容鍼灸院,,東京都,,,,,,,美容鍼灸院関連サービス,営業中（推定）,,未収集,収集元推奨: 日本鍼灸師会地方師会会員名簿 / 鍼灸ポータルサイト
1462,,美容鍼灸院,,東京都,,,,,,,美容鍼灸院関連サービス,営業中（推定）,,未収集,収集元推奨: 日本鍼灸師会地方師会会員名簿 / 鍼灸ポータルサイト
1463,,美容鍼灸院,,東京都,,,,,,,美容鍼灸院関連サービス,営業中（推定）,,未収集,収集元推奨: 日本鍼灸師会地方師会会員名簿 / 鍼灸ポータルサイト
1464,,美容鍼灸院,,東京都,,,,,,,美容鍼灸院関連サービス,営業中（推定）,,未収集,収集元推奨: 日本鍼灸師会地方師会会員名簿 / 鍼灸ポータルサイト
1465,,美容鍼灸院,,東京都,,,,,,,美容鍼灸院関連サービス,営業中（推定）,,未収集,収集元推奨: 日本鍼灸師会地方師会会員名簿 / 鍼灸ポータルサイト
1466,,美容鍼灸院,,東京都,,,,,,,美容鍼灸院関連サービス,営業中（推定）,,未収集,収集元推奨: 日本鍼灸師会地方師会会員名簿 / 鍼灸ポータルサイト
1467,,美容鍼灸院,,東京都,,,,,,,美容鍼灸院関連サービス,営業中（推定）,,未収集,収集元推奨: 日本鍼灸師会地方師会会員名簿 / 鍼灸ポータルサイト
1468,,美容鍼灸院,,東京都,,,,,,,美容鍼灸院関連サービス,営業中（推定）,,未収集,収集元推奨: 日本鍼灸師会地方師会会員名簿 / 鍼灸ポータルサイト
1469,,美容鍼灸院,,東京都,,,,,,,美容鍼灸院関連サービス,営業中（推定）,,未収集,収集元推奨: 日本鍼灸師会地方師会会員名簿 / 鍼灸ポータルサイト
1470,,美容鍼灸院,,東京都,,,,,,,美容鍼灸院関連サービス,営業中（推定）,,未収集,収集元推奨: 日本鍼灸師会地方師会会員名簿 / 鍼灸ポータルサイト
1471,,美容鍼灸院,,東京都,,,,,,,美容鍼灸院関連サービス,営業中（推定）,,未収集,収集元推奨: 日本鍼灸師会地方師会会員名簿 / 鍼灸ポータルサイト
1472,,美容鍼灸院,,東京都,,,,,,,美容鍼灸院関連サービス,営業中（推定）,,未収集,収集元推奨: 日本鍼灸師会地方師会会員名簿 / 鍼灸ポータルサイト
1473,,美容鍼灸院,,東京都,,,,,,,美容鍼灸院関連サービス,営業中（推定）,,未収集,収集元推奨: 日本鍼灸師会地方師会会員名簿 / 鍼灸ポータルサイト
1474,,美容鍼灸院,,東京都,,,,,,,美容鍼灸院関連サービス,営業中（推定）,,未収集,収集元推奨: 日本鍼灸師会地方師会会員名簿 / 鍼灸ポータルサイト
1475,,美容鍼灸院,,東京都,,,,,,,美容鍼灸院関連サービス,営業中（推定）,,未収集,収集元推奨: 日本鍼灸師会地方師会会員名簿 / 鍼灸ポータルサイト
1476,,美容鍼灸院,,東京都,,,,,,,美容鍼灸院関連サービス,営業中（推定）,,未収集,収集元推奨: 日本鍼灸師会地方師会会員名簿 / 鍼灸ポータルサイト
1477,,美容鍼灸院,,東京都,,,,,,,美容鍼灸院関連サービス,営業中（推定）,,未収集,収集元推奨: 日本鍼灸師会地方師会会員名簿 / 鍼灸ポータルサイト
1478,,美容鍼灸院,,東京都,,,,,,,美容鍼灸院関連サービス,営業中（推定）,,未収集,収集元推奨: 日本鍼灸師会地方師会会員名簿 / 鍼灸ポータルサイト
1479,,美容鍼灸院,,東京都,,,,,,,美容鍼灸院関連サービス,営業中（推定）,,未収集,収集元推奨: 日本鍼灸師会地方師会会員名簿 / 鍼灸ポータルサイト
1480,,美容鍼灸院,,東京都,,,,,,,美容鍼灸院関連サービス,営業中（推定）,,未収集,収集元推奨: 日本鍼灸師会地方師会会員名簿 / 鍼灸ポータルサイト
1481,,美容鍼灸院,,東京都,,,,,,,美容鍼灸院関連サービス,営業中（推定）,,未収集,収集元推奨: 日本鍼灸師会地方師会会員名簿 / 鍼灸ポータルサイト
1482,,美容鍼灸院,,東京都,,,,,,,美容鍼灸院関連サービス,営業中（推定）,,未収集,収集元推奨: 日本鍼灸師会地方師会会員名簿 / 鍼灸ポータルサイト
1483,,美容鍼灸院,,東京都,,,,,,,美容鍼灸院関連サービス,営業中（推定）,,未収集,収集元推奨: 日本鍼灸師会地方師会会員名簿 / 鍼灸ポータルサイト
1484,,美容鍼灸院,,東京都,,,,,,,美容鍼灸院関連サービス,営業中（推定）,,未収集,収集元推奨: 日本鍼灸師会地方師会会員名簿 / 鍼灸ポータルサイト
1485,,美容鍼灸院,,東京都,,,,,,,美容鍼灸院関連サービス,営業中（推定）,,未収集,収集元推奨: 日本鍼灸師会地方師会会員名簿 / 鍼灸ポータルサイト
1486,,美容鍼灸院,,東京都,,,,,,,美容鍼灸院関連サービス,営業中（推定）,,未収集,収集元推奨: 日本鍼灸師会地方師会会員名簿 / 鍼灸ポータルサイト
1487,,美容鍼灸院,,東京都,,,,,,,美容鍼灸院関連サービス,営業中（推定）,,未収集,収集元推奨: 日本鍼灸師会地方師会会員名簿 / 鍼灸ポータルサイト
1488,,美容鍼灸院,,東京都,,,,,,,美容鍼灸院関連サービス,営業中（推定）,,未収集,収集元推奨: 日本鍼灸師会地方師会会員名簿 / 鍼灸ポータルサイト
1489,,美容鍼灸院,,東京都,,,,,,,美容鍼灸院関連サービス,営業中（推定）,,未収集,収集元推奨: 日本鍼灸師会地方師会会員名簿 / 鍼灸ポータルサイト
1490,,美容鍼灸院,,東京都,,,,,,,美容鍼灸院関連サービス,営業中（推定）,,未収集,収集元推奨: 日本鍼灸師会地方師会会員名簿 / 鍼灸ポータルサイト
1491,,美容鍼灸院,,東京都,,,,,,,美容鍼灸院関連サービス,営業中（推定）,,未収集,収集元推奨: 日本鍼灸師会地方師会会員名簿 / 鍼灸ポータルサイト
1492,,美容鍼灸院,,東京都,,,,,,,美容鍼灸院関連サービス,営業中（推定）,,未収集,収集元推奨: 日本鍼灸師会地方師会会員名簿 / 鍼灸ポータルサイト
1493,,美容鍼灸院,,東京都,,,,,,,美容鍼灸院関連サービス,営業中（推定）,,未収集,収集元推奨: 日本鍼灸師会地方師会会員名簿 / 鍼灸ポータルサイト
1494,,美容鍼灸院,,東京都,,,,,,,美容鍼灸院関連サービス,営業中（推定）,,未収集,収集元推奨: 日本鍼灸師会地方師会会員名簿 / 鍼灸ポータルサイト
1495,,美容鍼灸院,,東京都,,,,,,,美容鍼灸院関連サービス,営業中（推定）,,未収集,収集元推奨: 日本鍼灸師会地方師会会員名簿 / 鍼灸ポータルサイト
1496,,美容鍼灸院,,東京都,,,,,,,美容鍼灸院関連サービス,営業中（推定）,,未収集,収集元推奨: 日本鍼灸師会地方師会会員名簿 / 鍼灸ポータルサイト
1497,,美容鍼灸院,,東京都,,,,,,,美容鍼灸院関連サービス,営業中（推定）,,未収集,収集元推奨: 日本鍼灸師会地方師会会員名簿 / 鍼灸ポータルサイト
1498,,美容鍼灸院,,東京都,,,,,,,美容鍼灸院関連サービス,営業中（推定）,,未収集,収集元推奨: 日本鍼灸師会地方師会会員名簿 / 鍼灸ポータルサイト
1499,,美容鍼灸院,,東京都,,,,,,,美容鍼灸院関連サービス,営業中（推定）,,未収集,収集元推奨: 日本鍼灸師会地方師会会員名簿 / 鍼灸ポータルサイト
1500,,美容鍼灸院,,東京都,,,,,,,美容鍼灸院関連サービス,営業中（推定）,,未収集,収集元推奨: 日本鍼灸師会地方師会会員名簿 / 鍼灸ポータルサイト
1501,,美容鍼灸院,,東京都,,,,,,,美容鍼灸院関連サービス,営業中（推定）,,未収集,収集元推奨: 日本鍼灸師会地方師会会員名簿 / 鍼灸ポータルサイト
1502,,美容鍼灸院,,東京都,,,,,,,美容鍼灸院関連サービス,営業中（推定）,,未収集,収集元推奨: 日本鍼灸師会地方師会会員名簿 / 鍼灸ポータルサイト
1503,,美容鍼灸院,,東京都,,,,,,,美容鍼灸院関連サービス,営業中（推定）,,未収集,収集元推奨: 日本鍼灸師会地方師会会員名簿 / 鍼灸ポータルサイト
1504,,美容鍼灸院,,東京都,,,,,,,美容鍼灸院関連サービス,営業中（推定）,,未収集,収集元推奨: 日本鍼灸師会地方師会会員名簿 / 鍼灸ポータルサイト
1505,,美容鍼灸院,,東京都,,,,,,,美容鍼灸院関連サービス,営業中（推定）,,未収集,収集元推奨: 日本鍼灸師会地方師会会員名簿 / 鍼灸ポータルサイト
1506,,美容鍼灸院,,東京都,,,,,,,美容鍼灸院関連サービス,営業中（推定）,,未収集,収集元推奨: 日本鍼灸師会地方師会会員名簿 / 鍼灸ポータルサイト
1507,,美容鍼灸院,,東京都,,,,,,,美容鍼灸院関連サービス,営業中（推定）,,未収集,収集元推奨: 日本鍼灸師会地方師会会員名簿 / 鍼灸ポータルサイト
1508,,美容鍼灸院,,東京都,,,,,,,美容鍼灸院関連サービス,営業中（推定）,,未収集,収集元推奨: 日本鍼灸師会地方師会会員名簿 / 鍼灸ポータルサイト
1509,,美容鍼灸院,,東京都,,,,,,,美容鍼灸院関連サービス,営業中（推定）,,未収集,収集元推奨: 日本鍼灸師会地方師会会員名簿 / 鍼灸ポータルサイト
1510,,美容鍼灸院,,東京都,,,,,,,美容鍼灸院関連サービス,営業中（推定）,,未収集,収集元推奨: 日本鍼灸師会地方師会会員名簿 / 鍼灸ポータルサイト
1511,,美容鍼灸院,,東京都,,,,,,,美容鍼灸院関連サービス,営業中（推定）,,未収集,収集元推奨: 日本鍼灸師会地方師会会員名簿 / 鍼灸ポータルサイト
1512,,美容鍼灸院,,東京都,,,,,,,美容鍼灸院関連サービス,営業中（推定）,,未収集,収集元推奨: 日本鍼灸師会地方師会会員名簿 / 鍼灸ポータルサイト
1513,,美容鍼灸院,,東京都,,,,,,,美容鍼灸院関連サービス,営業中（推定）,,未収集,収集元推奨: 日本鍼灸師会地方師会会員名簿 / 鍼灸ポータルサイト
1514,,美容鍼灸院,,東京都,,,,,,,美容鍼灸院関連サービス,営業中（推定）,,未収集,収集元推奨: 日本鍼灸師会地方師会会員名簿 / 鍼灸ポータルサイト
1515,,美容鍼灸院,,東京都,,,,,,,美容鍼灸院関連サービス,営業中（推定）,,未収集,収集元推奨: 日本鍼灸師会地方師会会員名簿 / 鍼灸ポータルサイト
1516,,美容鍼灸院,,東京都,,,,,,,美容鍼灸院関連サービス,営業中（推定）,,未収集,収集元推奨: 日本鍼灸師会地方師会会員名簿 / 鍼灸ポータルサイト
1517,,美容鍼灸院,,東京都,,,,,,,美容鍼灸院関連サービス,営業中（推定）,,未収集,収集元推奨: 日本鍼灸師会地方師会会員名簿 / 鍼灸ポータルサイト
1518,,美容鍼灸院,,東京都,,,,,,,美容鍼灸院関連サービス,営業中（推定）,,未収集,収集元推奨: 日本鍼灸師会地方師会会員名簿 / 鍼灸ポータルサイト
1519,,美容鍼灸院,,東京都,,,,,,,美容鍼灸院関連サービス,営業中（推定）,,未収集,収集元推奨: 日本鍼灸師会地方師会会員名簿 / 鍼灸ポータルサイト
1520,,美容鍼灸院,,東京都,,,,,,,美容鍼灸院関連サービス,営業中（推定）,,未収集,収集元推奨: 日本鍼灸師会地方師会会員名簿 / 鍼灸ポータルサイト
1521,,美容鍼灸院,,東京都,,,,,,,美容鍼灸院関連サービス,営業中（推定）,,未収集,収集元推奨: 日本鍼灸師会地方師会会員名簿 / 鍼灸ポータルサイト
1522,,美容鍼灸院,,東京都,,,,,,,美容鍼灸院関連サービス,営業中（推定）,,未収集,収集元推奨: 日本鍼灸師会地方師会会員名簿 / 鍼灸ポータルサイト
1523,,美容鍼灸院,,東京都,,,,,,,美容鍼灸院関連サービス,営業中（推定）,,未収集,収集元推奨: 日本鍼灸師会地方師会会員名簿 / 鍼灸ポータルサイト
1524,,美容鍼灸院,,東京都,,,,,,,美容鍼灸院関連サービス,営業中（推定）,,未収集,収集元推奨: 日本鍼灸師会地方師会会員名簿 / 鍼灸ポータルサイト
1525,,美容鍼灸院,,東京都,,,,,,,美容鍼灸院関連サービス,営業中（推定）,,未収集,収集元推奨: 日本鍼灸師会地方師会会員名簿 / 鍼灸ポータルサイト
1526,,美容鍼灸院,,東京都,,,,,,,美容鍼灸院関連サービス,営業中（推定）,,未収集,収集元推奨: 日本鍼灸師会地方師会会員名簿 / 鍼灸ポータルサイト
1527,,美容鍼灸院,,東京都,,,,,,,美容鍼灸院関連サービス,営業中（推定）,,未収集,収集元推奨: 日本鍼灸師会地方師会会員名簿 / 鍼灸ポータルサイト
1528,,美容鍼灸院,,東京都,,,,,,,美容鍼灸院関連サービス,営業中（推定）,,未収集,収集元推奨: 日本鍼灸師会地方師会会員名簿 / 鍼灸ポータルサイト
1529,,美容鍼灸院,,東京都,,,,,,,美容鍼灸院関連サービス,営業中（推定）,,未収集,収集元推奨: 日本鍼灸師会地方師会会員名簿 / 鍼灸ポータルサイト
1530,,美容鍼灸院,,東京都,,,,,,,美容鍼灸院関連サービス,営業中（推定）,,未収集,収集元推奨: 日本鍼灸師会地方師会会員名簿 / 鍼灸ポータルサイト
1531,,美容鍼灸院,,東京都,,,,,,,美容鍼灸院関連サービス,営業中（推定）,,未収集,収集元推奨: 日本鍼灸師会地方師会会員名簿 / 鍼灸ポータルサイト
1532,,美容鍼灸院,,東京都,,,,,,,美容鍼灸院関連サービス,営業中（推定）,,未収集,収集元推奨: 日本鍼灸師会地方師会会員名簿 / 鍼灸ポータルサイト
1533,,美容鍼灸院,,東京都,,,,,,,美容鍼灸院関連サービス,営業中（推定）,,未収集,収集元推奨: 日本鍼灸師会地方師会会員名簿 / 鍼灸ポータルサイト
1534,,美容鍼灸院,,東京都,,,,,,,美容鍼灸院関連サービス,営業中（推定）,,未収集,収集元推奨: 日本鍼灸師会地方師会会員名簿 / 鍼灸ポータルサイト
1535,,美容鍼灸院,,東京都,,,,,,,美容鍼灸院関連サービス,営業中（推定）,,未収集,収集元推奨: 日本鍼灸師会地方師会会員名簿 / 鍼灸ポータルサイト
1536,,美容鍼灸院,,東京都,,,,,,,美容鍼灸院関連サービス,営業中（推定）,,未収集,収集元推奨: 日本鍼灸師会地方師会会員名簿 / 鍼灸ポータルサイト
1537,,美容鍼灸院,,東京都,,,,,,,美容鍼灸院関連サービス,営業中（推定）,,未収集,収集元推奨: 日本鍼灸師会地方師会会員名簿 / 鍼灸ポータルサイト
1538,,美容鍼灸院,,東京都,,,,,,,美容鍼灸院関連サービス,営業中（推定）,,未収集,収集元推奨: 日本鍼灸師会地方師会会員名簿 / 鍼灸ポータルサイト
1539,,美容鍼灸院,,東京都,,,,,,,美容鍼灸院関連サービス,営業中（推定）,,未収集,収集元推奨: 日本鍼灸師会地方師会会員名簿 / 鍼灸ポータルサイト
1540,,美容鍼灸院,,東京都,,,,,,,美容鍼灸院関連サービス,営業中（推定）,,未収集,収集元推奨: 日本鍼灸師会地方師会会員名簿 / 鍼灸ポータルサイト
1541,,美容鍼灸院,,東京都,,,,,,,美容鍼灸院関連サービス,営業中（推定）,,未収集,収集元推奨: 日本鍼灸師会地方師会会員名簿 / 鍼灸ポータルサイト
1542,,美容鍼灸院,,東京都,,,,,,,美容鍼灸院関連サービス,営業中（推定）,,未収集,収集元推奨: 日本鍼灸師会地方師会会員名簿 / 鍼灸ポータルサイト
1543,,美容鍼灸院,,東京都,,,,,,,美容鍼灸院関連サービス,営業中（推定）,,未収集,収集元推奨: 日本鍼灸師会地方師会会員名簿 / 鍼灸ポータルサイト
1544,,美容鍼灸院,,東京都,,,,,,,美容鍼灸院関連サービス,営業中（推定）,,未収集,収集元推奨: 日本鍼灸師会地方師会会員名簿 / 鍼灸ポータルサイト
1545,,美容鍼灸院,,東京都,,,,,,,美容鍼灸院関連サービス,営業中（推定）,,未収集,収集元推奨: 日本鍼灸師会地方師会会員名簿 / 鍼灸ポータルサイト
1546,,美容鍼灸院,,東京都,,,,,,,美容鍼灸院関連サービス,営業中（推定）,,未収集,収集元推奨: 日本鍼灸師会地方師会会員名簿 / 鍼灸ポータルサイト
1547,,美容鍼灸院,,東京都,,,,,,,美容鍼灸院関連サービス,営業中（推定）,,未収集,収集元推奨: 日本鍼灸師会地方師会会員名簿 / 鍼灸ポータルサイト
1548,,美容鍼灸院,,東京都,,,,,,,美容鍼灸院関連サービス,営業中（推定）,,未収集,収集元推奨: 日本鍼灸師会地方師会会員名簿 / 鍼灸ポータルサイト
1549,,美容鍼灸院,,東京都,,,,,,,美容鍼灸院関連サービス,営業中（推定）,,未収集,収集元推奨: 日本鍼灸師会地方師会会員名簿 / 鍼灸ポータルサイト
1550,,美容鍼灸院,,東京都,,,,,,,美容鍼灸院関連サービス,営業中（推定）,,未収集,収集元推奨: 日本鍼灸師会地方師会会員名簿 / 鍼灸ポータルサイト
1551,,美容鍼灸院,,東京都,,,,,,,美容鍼灸院関連サービス,営業中（推定）,,未収集,収集元推奨: 日本鍼灸師会地方師会会員名簿 / 鍼灸ポータルサイト
1552,,美容鍼灸院,,東京都,,,,,,,美容鍼灸院関連サービス,営業中（推定）,,未収集,収集元推奨: 日本鍼灸師会地方師会会員名簿 / 鍼灸ポータルサイト
1553,,美容鍼灸院,,東京都,,,,,,,美容鍼灸院関連サービス,営業中（推定）,,未収集,収集元推奨: 日本鍼灸師会地方師会会員名簿 / 鍼灸ポータルサイト
1554,,美容鍼灸院,,東京都,,,,,,,美容鍼灸院関連サービス,営業中（推定）,,未収集,収集元推奨: 日本鍼灸師会地方師会会員名簿 / 鍼灸ポータルサイト
1555,,美容鍼灸院,,東京都,,,,,,,美容鍼灸院関連サービス,営業中（推定）,,未収集,収集元推奨: 日本鍼灸師会地方師会会員名簿 / 鍼灸ポータルサイト
1556,,美容鍼灸院,,東京都,,,,,,,美容鍼灸院関連サービス,営業中（推定）,,未収集,収集元推奨: 日本鍼灸師会地方師会会員名簿 / 鍼灸ポータルサイト
1557,,美容鍼灸院,,東京都,,,,,,,美容鍼灸院関連サービス,営業中（推定）,,未収集,収集元推奨: 日本鍼灸師会地方師会会員名簿 / 鍼灸ポータルサイト
1558,,美容鍼灸院,,東京都,,,,,,,美容鍼灸院関連サービス,営業中（推定）,,未収集,収集元推奨: 日本鍼灸師会地方師会会員名簿 / 鍼灸ポータルサイト
1559,,美容鍼灸院,,東京都,,,,,,,美容鍼灸院関連サービス,営業中（推定）,,未収集,収集元推奨: 日本鍼灸師会地方師会会員名簿 / 鍼灸ポータルサイト
1560,,美容鍼灸院,,東京都,,,,,,,美容鍼灸院関連サービス,営業中（推定）,,未収集,収集元推奨: 日本鍼灸師会地方師会会員名簿 / 鍼灸ポータルサイト
1561,,美容鍼灸院,,東京都,,,,,,,美容鍼灸院関連サービス,営業中（推定）,,未収集,収集元推奨: 日本鍼灸師会地方師会会員名簿 / 鍼灸ポータルサイト
1562,,美容鍼灸院,,東京都,,,,,,,美容鍼灸院関連サービス,営業中（推定）,,未収集,収集元推奨: 日本鍼灸師会地方師会会員名簿 / 鍼灸ポータルサイト
1563,,美容鍼灸院,,東京都,,,,,,,美容鍼灸院関連サービス,営業中（推定）,,未収集,収集元推奨: 日本鍼灸師会地方師会会員名簿 / 鍼灸ポータルサイト
1564,,美容鍼灸院,,東京都,,,,,,,美容鍼灸院関連サービス,営業中（推定）,,未収集,収集元推奨: 日本鍼灸師会地方師会会員名簿 / 鍼灸ポータルサイト
1565,,美容鍼灸院,,東京都,,,,,,,美容鍼灸院関連サービス,営業中（推定）,,未収集,収集元推奨: 日本鍼灸師会地方師会会員名簿 / 鍼灸ポータルサイト
1566,,美容鍼灸院,,東京都,,,,,,,美容鍼灸院関連サービス,営業中（推定）,,未収集,収集元推奨: 日本鍼灸師会地方師会会員名簿 / 鍼灸ポータルサイト
1567,,美容鍼灸院,,東京都,,,,,,,美容鍼灸院関連サービス,営業中（推定）,,未収集,収集元推奨: 日本鍼灸師会地方師会会員名簿 / 鍼灸ポータルサイト
1568,,美容鍼灸院,,東京都,,,,,,,美容鍼灸院関連サービス,営業中（推定）,,未収集,収集元推奨: 日本鍼灸師会地方師会会員名簿 / 鍼灸ポータルサイト
1569,,美容鍼灸院,,東京都,,,,,,,美容鍼灸院関連サービス,営業中（推定）,,未収集,収集元推奨: 日本鍼灸師会地方師会会員名簿 / 鍼灸ポータルサイト
1570,,美容鍼灸院,,東京都,,,,,,,美容鍼灸院関連サービス,営業中（推定）,,未収集,収集元推奨: 日本鍼灸師会地方師会会員名簿 / 鍼灸ポータルサイト
1571,,美容鍼灸院,,東京都,,,,,,,美容鍼灸院関連サービス,営業中（推定）,,未収集,収集元推奨: 日本鍼灸師会地方師会会員名簿 / 鍼灸ポータルサイト
1572,,美容鍼灸院,,東京都,,,,,,,美容鍼灸院関連サービス,営業中（推定）,,未収集,収集元推奨: 日本鍼灸師会地方師会会員名簿 / 鍼灸ポータルサイト
1573,,美容鍼灸院,,東京都,,,,,,,美容鍼灸院関連サービス,営業中（推定）,,未収集,収集元推奨: 日本鍼灸師会地方師会会員名簿 / 鍼灸ポータルサイト
1574,,美容鍼灸院,,東京都,,,,,,,美容鍼灸院関連サービス,営業中（推定）,,未収集,収集元推奨: 日本鍼灸師会地方師会会員名簿 / 鍼灸ポータルサイト
1575,,美容鍼灸院,,東京都,,,,,,,美容鍼灸院関連サービス,営業中（推定）,,未収集,収集元推奨: 日本鍼灸師会地方師会会員名簿 / 鍼灸ポータルサイト
1576,,美容鍼灸院,,東京都,,,,,,,美容鍼灸院関連サービス,営業中（推定）,,未収集,収集元推奨: 日本鍼灸師会地方師会会員名簿 / 鍼灸ポータルサイト
1577,,美容鍼灸院,,東京都,,,,,,,美容鍼灸院関連サービス,営業中（推定）,,未収集,収集元推奨: 日本鍼灸師会地方師会会員名簿 / 鍼灸ポータルサイト
1578,,美容鍼灸院,,東京都,,,,,,,美容鍼灸院関連サービス,営業中（推定）,,未収集,収集元推奨: 日本鍼灸師会地方師会会員名簿 / 鍼灸ポータルサイト
1579,,美容鍼灸院,,東京都,,,,,,,美容鍼灸院関連サービス,営業中（推定）,,未収集,収集元推奨: 日本鍼灸師会地方師会会員名簿 / 鍼灸ポータルサイト
1580,,美容鍼灸院,,東京都,,,,,,,美容鍼灸院関連サービス,営業中（推定）,,未収集,収集元推奨: 日本鍼灸師会地方師会会員名簿 / 鍼灸ポータルサイト
1581,,美容鍼灸院,,東京都,,,,,,,美容鍼灸院関連サービス,営業中（推定）,,未収集,収集元推奨: 日本鍼灸師会地方師会会員名簿 / 鍼灸ポータルサイト
1582,,美容鍼灸院,,東京都,,,,,,,美容鍼灸院関連サービス,営業中（推定）,,未収集,収集元推奨: 日本鍼灸師会地方師会会員名簿 / 鍼灸ポータルサイト
1583,,美容鍼灸院,,東京都,,,,,,,美容鍼灸院関連サービス,営業中（推定）,,未収集,収集元推奨: 日本鍼灸師会地方師会会員名簿 / 鍼灸ポータルサイト
1584,,美容鍼灸院,,東京都,,,,,,,美容鍼灸院関連サービス,営業中（推定）,,未収集,収集元推奨: 日本鍼灸師会地方師会会員名簿 / 鍼灸ポータルサイト
1585,,美容鍼灸院,,東京都,,,,,,,美容鍼灸院関連サービス,営業中（推定）,,未収集,収集元推奨: 日本鍼灸師会地方師会会員名簿 / 鍼灸ポータルサイト
1586,,美容鍼灸院,,東京都,,,,,,,美容鍼灸院関連サービス,営業中（推定）,,未収集,収集元推奨: 日本鍼灸師会地方師会会員名簿 / 鍼灸ポータルサイト
1587,,美容鍼灸院,,東京都,,,,,,,美容鍼灸院関連サービス,営業中（推定）,,未収集,収集元推奨: 日本鍼灸師会地方師会会員名簿 / 鍼灸ポータルサイト
1588,,美容鍼灸院,,東京都,,,,,,,美容鍼灸院関連サービス,営業中（推定）,,未収集,収集元推奨: 日本鍼灸師会地方師会会員名簿 / 鍼灸ポータルサイト
1589,,美容鍼灸院,,東京都,,,,,,,美容鍼灸院関連サービス,営業中（推定）,,未収集,収集元推奨: 日本鍼灸師会地方師会会員名簿 / 鍼灸ポータルサイト
1590,,美容鍼灸院,,東京都,,,,,,,美容鍼灸院関連サービス,営業中（推定）,,未収集,収集元推奨: 日本鍼灸師会地方師会会員名簿 / 鍼灸ポータルサイト
1591,,美容鍼灸院,,東京都,,,,,,,美容鍼灸院関連サービス,営業中（推定）,,未収集,収集元推奨: 日本鍼灸師会地方師会会員名簿 / 鍼灸ポータルサイト
1592,,美容鍼灸院,,東京都,,,,,,,美容鍼灸院関連サービス,営業中（推定）,,未収集,収集元推奨: 日本鍼灸師会地方師会会員名簿 / 鍼灸ポータルサイト
1593,,美容鍼灸院,,東京都,,,,,,,美容鍼灸院関連サービス,営業中（推定）,,未収集,収集元推奨: 日本鍼灸師会地方師会会員名簿 / 鍼灸ポータルサイト
1594,,美容鍼灸院,,東京都,,,,,,,美容鍼灸院関連サービス,営業中（推定）,,未収集,収集元推奨: 日本鍼灸師会地方師会会員名簿 / 鍼灸ポータルサイト
1595,,美容鍼灸院,,東京都,,,,,,,美容鍼灸院関連サービス,営業中（推定）,,未収集,収集元推奨: 日本鍼灸師会地方師会会員名簿 / 鍼灸ポータルサイト
1596,,美容鍼灸院,,東京都,,,,,,,美容鍼灸院関連サービス,営業中（推定）,,未収集,収集元推奨: 日本鍼灸師会地方師会会員名簿 / 鍼灸ポータルサイト
1597,,美容鍼灸院,,東京都,,,,,,,美容鍼灸院関連サービス,営業中（推定）,,未収集,収集元推奨: 日本鍼灸師会地方師会会員名簿 / 鍼灸ポータルサイト
1598,,美容鍼灸院,,東京都,,,,,,,美容鍼灸院関連サービス,営業中（推定）,,未収集,収集元推奨: 日本鍼灸師会地方師会会員名簿 / 鍼灸ポータルサイト
1599,,美容鍼灸院,,東京都,,,,,,,美容鍼灸院関連サービス,営業中（推定）,,未収集,収集元推奨: 日本鍼灸師会地方師会会員名簿 / 鍼灸ポータルサイト
1600,,美容鍼灸院,,東京都,,,,,,,美容鍼灸院関連サービス,営業中（推定）,,未収集,収集元推奨: 日本鍼灸師会地方師会会員名簿 / 鍼灸ポータルサイト
1601,,美容鍼灸院,,東京都,,,,,,,美容鍼灸院関連サービス,営業中（推定）,,未収集,収集元推奨: 日本鍼灸師会地方師会会員名簿 / 鍼灸ポータルサイト
1602,,美容鍼灸院,,東京都,,,,,,,美容鍼灸院関連サービス,営業中（推定）,,未収集,収集元推奨: 日本鍼灸師会地方師会会員名簿 / 鍼灸ポータルサイト
1603,,美容鍼灸院,,東京都,,,,,,,美容鍼灸院関連サービス,営業中（推定）,,未収集,収集元推奨: 日本鍼灸師会地方師会会員名簿 / 鍼灸ポータルサイト
1604,,美容鍼灸院,,東京都,,,,,,,美容鍼灸院関連サービス,営業中（推定）,,未収集,収集元推奨: 日本鍼灸師会地方師会会員名簿 / 鍼灸ポータルサイト
1605,,美容鍼灸院,,東京都,,,,,,,美容鍼灸院関連サービス,営業中（推定）,,未収集,収集元推奨: 日本鍼灸師会地方師会会員名簿 / 鍼灸ポータルサイト
1606,,美容鍼灸院,,東京都,,,,,,,美容鍼灸院関連サービス,営業中（推定）,,未収集,収集元推奨: 日本鍼灸師会地方師会会員名簿 / 鍼灸ポータルサイト
1607,,美容鍼灸院,,東京都,,,,,,,美容鍼灸院関連サービス,営業中（推定）,,未収集,収集元推奨: 日本鍼灸師会地方師会会員名簿 / 鍼灸ポータルサイト
1608,,アロマ・リラクゼーション,,東京都,,,,,,,アロマ リラクゼーション関連サービス,営業中（推定）,,未収集,収集元推奨: AEAJ認定サロン一覧 / ホットペッパービューティー
1609,,アロマ・リラクゼーション,,東京都,,,,,,,アロマ リラクゼーション関連サービス,営業中（推定）,,未収集,収集元推奨: AEAJ認定サロン一覧 / ホットペッパービューティー
1610,,アロマ・リラクゼーション,,東京都,,,,,,,アロマ リラクゼーション関連サービス,営業中（推定）,,未収集,収集元推奨: AEAJ認定サロン一覧 / ホットペッパービューティー
1611,,アロマ・リラクゼーション,,東京都,,,,,,,アロマ リラクゼーション関連サービス,営業中（推定）,,未収集,収集元推奨: AEAJ認定サロン一覧 / ホットペッパービューティー
1612,,アロマ・リラクゼーション,,東京都,,,,,,,アロマ リラクゼーション関連サービス,営業中（推定）,,未収集,収集元推奨: AEAJ認定サロン一覧 / ホットペッパービューティー
1613,,アロマ・リラクゼーション,,東京都,,,,,,,アロマ リラクゼーション関連サービス,営業中（推定）,,未収集,収集元推奨: AEAJ認定サロン一覧 / ホットペッパービューティー
1614,,アロマ・リラクゼーション,,東京都,,,,,,,アロマ リラクゼーション関連サービス,営業中（推定）,,未収集,収集元推奨: AEAJ認定サロン一覧 / ホットペッパービューティー
1615,,アロマ・リラクゼーション,,東京都,,,,,,,アロマ リラクゼーション関連サービス,営業中（推定）,,未収集,収集元推奨: AEAJ認定サロン一覧 / ホットペッパービューティー
1616,,アロマ・リラクゼーション,,東京都,,,,,,,アロマ リラクゼーション関連サービス,営業中（推定）,,未収集,収集元推奨: AEAJ認定サロン一覧 / ホットペッパービューティー
1617,,アロマ・リラクゼーション,,東京都,,,,,,,アロマ リラクゼーション関連サービス,営業中（推定）,,未収集,収集元推奨: AEAJ認定サロン一覧 / ホットペッパービューティー
1618,,アロマ・リラクゼーション,,東京都,,,,,,,アロマ リラクゼーション関連サービス,営業中（推定）,,未収集,収集元推奨: AEAJ認定サロン一覧 / ホットペッパービューティー
1619,,アロマ・リラクゼーション,,東京都,,,,,,,アロマ リラクゼーション関連サービス,営業中（推定）,,未収集,収集元推奨: AEAJ認定サロン一覧 / ホットペッパービューティー
1620,,アロマ・リラクゼーション,,東京都,,,,,,,アロマ リラクゼーション関連サービス,営業中（推定）,,未収集,収集元推奨: AEAJ認定サロン一覧 / ホットペッパービューティー
1621,,アロマ・リラクゼーション,,東京都,,,,,,,アロマ リラクゼーション関連サービス,営業中（推定）,,未収集,収集元推奨: AEAJ認定サロン一覧 / ホットペッパービューティー
1622,,アロマ・リラクゼーション,,東京都,,,,,,,アロマ リラクゼーション関連サービス,営業中（推定）,,未収集,収集元推奨: AEAJ認定サロン一覧 / ホットペッパービューティー
1623,,アロマ・リラクゼーション,,東京都,,,,,,,アロマ リラクゼーション関連サービス,営業中（推定）,,未収集,収集元推奨: AEAJ認定サロン一覧 / ホットペッパービューティー
1624,,アロマ・リラクゼーション,,東京都,,,,,,,アロマ リラクゼーション関連サービス,営業中（推定）,,未収集,収集元推奨: AEAJ認定サロン一覧 / ホットペッパービューティー
1625,,アロマ・リラクゼーション,,東京都,,,,,,,アロマ リラクゼーション関連サービス,営業中（推定）,,未収集,収集元推奨: AEAJ認定サロン一覧 / ホットペッパービューティー
1626,,アロマ・リラクゼーション,,東京都,,,,,,,アロマ リラクゼーション関連サービス,営業中（推定）,,未収集,収集元推奨: AEAJ認定サロン一覧 / ホットペッパービューティー
1627,,アロマ・リラクゼーション,,東京都,,,,,,,アロマ リラクゼーション関連サービス,営業中（推定）,,未収集,収集元推奨: AEAJ認定サロン一覧 / ホットペッパービューティー
1628,,アロマ・リラクゼーション,,東京都,,,,,,,アロマ リラクゼーション関連サービス,営業中（推定）,,未収集,収集元推奨: AEAJ認定サロン一覧 / ホットペッパービューティー
1629,,アロマ・リラクゼーション,,東京都,,,,,,,アロマ リラクゼーション関連サービス,営業中（推定）,,未収集,収集元推奨: AEAJ認定サロン一覧 / ホットペッパービューティー
1630,,アロマ・リラクゼーション,,東京都,,,,,,,アロマ リラクゼーション関連サービス,営業中（推定）,,未収集,収集元推奨: AEAJ認定サロン一覧 / ホットペッパービューティー
1631,,アロマ・リラクゼーション,,東京都,,,,,,,アロマ リラクゼーション関連サービス,営業中（推定）,,未収集,収集元推奨: AEAJ認定サロン一覧 / ホットペッパービューティー
1632,,アロマ・リラクゼーション,,東京都,,,,,,,アロマ リラクゼーション関連サービス,営業中（推定）,,未収集,収集元推奨: AEAJ認定サロン一覧 / ホットペッパービューティー
1633,,アロマ・リラクゼーション,,東京都,,,,,,,アロマ リラクゼーション関連サービス,営業中（推定）,,未収集,収集元推奨: AEAJ認定サロン一覧 / ホットペッパービューティー
1634,,アロマ・リラクゼーション,,東京都,,,,,,,アロマ リラクゼーション関連サービス,営業中（推定）,,未収集,収集元推奨: AEAJ認定サロン一覧 / ホットペッパービューティー
1635,,アロマ・リラクゼーション,,東京都,,,,,,,アロマ リラクゼーション関連サービス,営業中（推定）,,未収集,収集元推奨: AEAJ認定サロン一覧 / ホットペッパービューティー
1636,,アロマ・リラクゼーション,,東京都,,,,,,,アロマ リラクゼーション関連サービス,営業中（推定）,,未収集,収集元推奨: AEAJ認定サロン一覧 / ホットペッパービューティー
1637,,アロマ・リラクゼーション,,東京都,,,,,,,アロマ リラクゼーション関連サービス,営業中（推定）,,未収集,収集元推奨: AEAJ認定サロン一覧 / ホットペッパービューティー
1638,,アロマ・リラクゼーション,,東京都,,,,,,,アロマ リラクゼーション関連サービス,営業中（推定）,,未収集,収集元推奨: AEAJ認定サロン一覧 / ホットペッパービューティー
1639,,アロマ・リラクゼーション,,東京都,,,,,,,アロマ リラクゼーション関連サービス,営業中（推定）,,未収集,収集元推奨: AEAJ認定サロン一覧 / ホットペッパービューティー
1640,,アロマ・リラクゼーション,,東京都,,,,,,,アロマ リラクゼーション関連サービス,営業中（推定）,,未収集,収集元推奨: AEAJ認定サロン一覧 / ホットペッパービューティー
1641,,アロマ・リラクゼーション,,東京都,,,,,,,アロマ リラクゼーション関連サービス,営業中（推定）,,未収集,収集元推奨: AEAJ認定サロン一覧 / ホットペッパービューティー
1642,,アロマ・リラクゼーション,,東京都,,,,,,,アロマ リラクゼーション関連サービス,営業中（推定）,,未収集,収集元推奨: AEAJ認定サロン一覧 / ホットペッパービューティー
1643,,アロマ・リラクゼーション,,東京都,,,,,,,アロマ リラクゼーション関連サービス,営業中（推定）,,未収集,収集元推奨: AEAJ認定サロン一覧 / ホットペッパービューティー
1644,,アロマ・リラクゼーション,,東京都,,,,,,,アロマ リラクゼーション関連サービス,営業中（推定）,,未収集,収集元推奨: AEAJ認定サロン一覧 / ホットペッパービューティー
1645,,アロマ・リラクゼーション,,東京都,,,,,,,アロマ リラクゼーション関連サービス,営業中（推定）,,未収集,収集元推奨: AEAJ認定サロン一覧 / ホットペッパービューティー
1646,,アロマ・リラクゼーション,,東京都,,,,,,,アロマ リラクゼーション関連サービス,営業中（推定）,,未収集,収集元推奨: AEAJ認定サロン一覧 / ホットペッパービューティー
1647,,アロマ・リラクゼーション,,東京都,,,,,,,アロマ リラクゼーション関連サービス,営業中（推定）,,未収集,収集元推奨: AEAJ認定サロン一覧 / ホットペッパービューティー
1648,,アロマ・リラクゼーション,,東京都,,,,,,,アロマ リラクゼーション関連サービス,営業中（推定）,,未収集,収集元推奨: AEAJ認定サロン一覧 / ホットペッパービューティー
1649,,アロマ・リラクゼーション,,東京都,,,,,,,アロマ リラクゼーション関連サービス,営業中（推定）,,未収集,収集元推奨: AEAJ認定サロン一覧 / ホットペッパービューティー
1650,,アロマ・リラクゼーション,,東京都,,,,,,,アロマ リラクゼーション関連サービス,営業中（推定）,,未収集,収集元推奨: AEAJ認定サロン一覧 / ホットペッパービューティー
1651,,アロマ・リラクゼーション,,東京都,,,,,,,アロマ リラクゼーション関連サービス,営業中（推定）,,未収集,収集元推奨: AEAJ認定サロン一覧 / ホットペッパービューティー
1652,,アロマ・リラクゼーション,,東京都,,,,,,,アロマ リラクゼーション関連サービス,営業中（推定）,,未収集,収集元推奨: AEAJ認定サロン一覧 / ホットペッパービューティー
1653,,アロマ・リラクゼーション,,東京都,,,,,,,アロマ リラクゼーション関連サービス,営業中（推定）,,未収集,収集元推奨: AEAJ認定サロン一覧 / ホットペッパービューティー
1654,,アロマ・リラクゼーション,,東京都,,,,,,,アロマ リラクゼーション関連サービス,営業中（推定）,,未収集,収集元推奨: AEAJ認定サロン一覧 / ホットペッパービューティー
1655,,アロマ・リラクゼーション,,東京都,,,,,,,アロマ リラクゼーション関連サービス,営業中（推定）,,未収集,収集元推奨: AEAJ認定サロン一覧 / ホットペッパービューティー
1656,,アロマ・リラクゼーション,,東京都,,,,,,,アロマ リラクゼーション関連サービス,営業中（推定）,,未収集,収集元推奨: AEAJ認定サロン一覧 / ホットペッパービューティー
1657,,アロマ・リラクゼーション,,東京都,,,,,,,アロマ リラクゼーション関連サービス,営業中（推定）,,未収集,収集元推奨: AEAJ認定サロン一覧 / ホットペッパービューティー
1658,,アロマ・リラクゼーション,,東京都,,,,,,,アロマ リラクゼーション関連サービス,営業中（推定）,,未収集,収集元推奨: AEAJ認定サロン一覧 / ホットペッパービューティー
1659,,アロマ・リラクゼーション,,東京都,,,,,,,アロマ リラクゼーション関連サービス,営業中（推定）,,未収集,収集元推奨: AEAJ認定サロン一覧 / ホットペッパービューティー
1660,,アロマ・リラクゼーション,,東京都,,,,,,,アロマ リラクゼーション関連サービス,営業中（推定）,,未収集,収集元推奨: AEAJ認定サロン一覧 / ホットペッパービューティー
1661,,アロマ・リラクゼーション,,東京都,,,,,,,アロマ リラクゼーション関連サービス,営業中（推定）,,未収集,収集元推奨: AEAJ認定サロン一覧 / ホットペッパービューティー
1662,,アロマ・リラクゼーション,,東京都,,,,,,,アロマ リラクゼーション関連サービス,営業中（推定）,,未収集,収集元推奨: AEAJ認定サロン一覧 / ホットペッパービューティー
1663,,アロマ・リラクゼーション,,東京都,,,,,,,アロマ リラクゼーション関連サービス,営業中（推定）,,未収集,収集元推奨: AEAJ認定サロン一覧 / ホットペッパービューティー
1664,,アロマ・リラクゼーション,,東京都,,,,,,,アロマ リラクゼーション関連サービス,営業中（推定）,,未収集,収集元推奨: AEAJ認定サロン一覧 / ホットペッパービューティー
1665,,アロマ・リラクゼーション,,東京都,,,,,,,アロマ リラクゼーション関連サービス,営業中（推定）,,未収集,収集元推奨: AEAJ認定サロン一覧 / ホットペッパービューティー
1666,,アロマ・リラクゼーション,,東京都,,,,,,,アロマ リラクゼーション関連サービス,営業中（推定）,,未収集,収集元推奨: AEAJ認定サロン一覧 / ホットペッパービューティー
1667,,アロマ・リラクゼーション,,東京都,,,,,,,アロマ リラクゼーション関連サービス,営業中（推定）,,未収集,収集元推奨: AEAJ認定サロン一覧 / ホットペッパービューティー
1668,,アロマ・リラクゼーション,,東京都,,,,,,,アロマ リラクゼーション関連サービス,営業中（推定）,,未収集,収集元推奨: AEAJ認定サロン一覧 / ホットペッパービューティー
1669,,アロマ・リラクゼーション,,東京都,,,,,,,アロマ リラクゼーション関連サービス,営業中（推定）,,未収集,収集元推奨: AEAJ認定サロン一覧 / ホットペッパービューティー
1670,,アロマ・リラクゼーション,,東京都,,,,,,,アロマ リラクゼーション関連サービス,営業中（推定）,,未収集,収集元推奨: AEAJ認定サロン一覧 / ホットペッパービューティー
1671,,アロマ・リラクゼーション,,東京都,,,,,,,アロマ リラクゼーション関連サービス,営業中（推定）,,未収集,収集元推奨: AEAJ認定サロン一覧 / ホットペッパービューティー
1672,,アロマ・リラクゼーション,,東京都,,,,,,,アロマ リラクゼーション関連サービス,営業中（推定）,,未収集,収集元推奨: AEAJ認定サロン一覧 / ホットペッパービューティー
1673,,アロマ・リラクゼーション,,東京都,,,,,,,アロマ リラクゼーション関連サービス,営業中（推定）,,未収集,収集元推奨: AEAJ認定サロン一覧 / ホットペッパービューティー
1674,,アロマ・リラクゼーション,,東京都,,,,,,,アロマ リラクゼーション関連サービス,営業中（推定）,,未収集,収集元推奨: AEAJ認定サロン一覧 / ホットペッパービューティー
1675,,アロマ・リラクゼーション,,東京都,,,,,,,アロマ リラクゼーション関連サービス,営業中（推定）,,未収集,収集元推奨: AEAJ認定サロン一覧 / ホットペッパービューティー
1676,,アロマ・リラクゼーション,,東京都,,,,,,,アロマ リラクゼーション関連サービス,営業中（推定）,,未収集,収集元推奨: AEAJ認定サロン一覧 / ホットペッパービューティー
1677,,アロマ・リラクゼーション,,東京都,,,,,,,アロマ リラクゼーション関連サービス,営業中（推定）,,未収集,収集元推奨: AEAJ認定サロン一覧 / ホットペッパービューティー
1678,,アロマ・リラクゼーション,,東京都,,,,,,,アロマ リラクゼーション関連サービス,営業中（推定）,,未収集,収集元推奨: AEAJ認定サロン一覧 / ホットペッパービューティー
1679,,アロマ・リラクゼーション,,東京都,,,,,,,アロマ リラクゼーション関連サービス,営業中（推定）,,未収集,収集元推奨: AEAJ認定サロン一覧 / ホットペッパービューティー
1680,,アロマ・リラクゼーション,,東京都,,,,,,,アロマ リラクゼーション関連サービス,営業中（推定）,,未収集,収集元推奨: AEAJ認定サロン一覧 / ホットペッパービューティー
1681,,アロマ・リラクゼーション,,東京都,,,,,,,アロマ リラクゼーション関連サービス,営業中（推定）,,未収集,収集元推奨: AEAJ認定サロン一覧 / ホットペッパービューティー
1682,,アロマ・リラクゼーション,,東京都,,,,,,,アロマ リラクゼーション関連サービス,営業中（推定）,,未収集,収集元推奨: AEAJ認定サロン一覧 / ホットペッパービューティー
1683,,アロマ・リラクゼーション,,東京都,,,,,,,アロマ リラクゼーション関連サービス,営業中（推定）,,未収集,収集元推奨: AEAJ認定サロン一覧 / ホットペッパービューティー
1684,,アロマ・リラクゼーション,,東京都,,,,,,,アロマ リラクゼーション関連サービス,営業中（推定）,,未収集,収集元推奨: AEAJ認定サロン一覧 / ホットペッパービューティー
1685,,アロマ・リラクゼーション,,東京都,,,,,,,アロマ リラクゼーション関連サービス,営業中（推定）,,未収集,収集元推奨: AEAJ認定サロン一覧 / ホットペッパービューティー
1686,,アロマ・リラクゼーション,,東京都,,,,,,,アロマ リラクゼーション関連サービス,営業中（推定）,,未収集,収集元推奨: AEAJ認定サロン一覧 / ホットペッパービューティー
1687,,アロマ・リラクゼーション,,東京都,,,,,,,アロマ リラクゼーション関連サービス,営業中（推定）,,未収集,収集元推奨: AEAJ認定サロン一覧 / ホットペッパービューティー
1688,,アロマ・リラクゼーション,,東京都,,,,,,,アロマ リラクゼーション関連サービス,営業中（推定）,,未収集,収集元推奨: AEAJ認定サロン一覧 / ホットペッパービューティー
1689,,アロマ・リラクゼーション,,東京都,,,,,,,アロマ リラクゼーション関連サービス,営業中（推定）,,未収集,収集元推奨: AEAJ認定サロン一覧 / ホットペッパービューティー
1690,,アロマ・リラクゼーション,,東京都,,,,,,,アロマ リラクゼーション関連サービス,営業中（推定）,,未収集,収集元推奨: AEAJ認定サロン一覧 / ホットペッパービューティー
1691,,アロマ・リラクゼーション,,東京都,,,,,,,アロマ リラクゼーション関連サービス,営業中（推定）,,未収集,収集元推奨: AEAJ認定サロン一覧 / ホットペッパービューティー
1692,,アロマ・リラクゼーション,,東京都,,,,,,,アロマ リラクゼーション関連サービス,営業中（推定）,,未収集,収集元推奨: AEAJ認定サロン一覧 / ホットペッパービューティー
1693,,アロマ・リラクゼーション,,東京都,,,,,,,アロマ リラクゼーション関連サービス,営業中（推定）,,未収集,収集元推奨: AEAJ認定サロン一覧 / ホットペッパービューティー
1694,,アロマ・リラクゼーション,,東京都,,,,,,,アロマ リラクゼーション関連サービス,営業中（推定）,,未収集,収集元推奨: AEAJ認定サロン一覧 / ホットペッパービューティー
1695,,アロマ・リラクゼーション,,東京都,,,,,,,アロマ リラクゼーション関連サービス,営業中（推定）,,未収集,収集元推奨: AEAJ認定サロン一覧 / ホットペッパービューティー
1696,,アロマ・リラクゼーション,,東京都,,,,,,,アロマ リラクゼーション関連サービス,営業中（推定）,,未収集,収集元推奨: AEAJ認定サロン一覧 / ホットペッパービューティー
1697,,アロマ・リラクゼーション,,東京都,,,,,,,アロマ リラクゼーション関連サービス,営業中（推定）,,未収集,収集元推奨: AEAJ認定サロン一覧 / ホットペッパービューティー
1698,,アロマ・リラクゼーション,,東京都,,,,,,,アロマ リラクゼーション関連サービス,営業中（推定）,,未収集,収集元推奨: AEAJ認定サロン一覧 / ホットペッパービューティー
1699,,アロマ・リラクゼーション,,東京都,,,,,,,アロマ リラクゼーション関連サービス,営業中（推定）,,未収集,収集元推奨: AEAJ認定サロン一覧 / ホットペッパービューティー
1700,,アロマ・リラクゼーション,,東京都,,,,,,,アロマ リラクゼーション関連サービス,営業中（推定）,,未収集,収集元推奨: AEAJ認定サロン一覧 / ホットペッパービューティー
1701,,アロマ・リラクゼーション,,東京都,,,,,,,アロマ リラクゼーション関連サービス,営業中（推定）,,未収集,収集元推奨: AEAJ認定サロン一覧 / ホットペッパービューティー
1702,,アロマ・リラクゼーション,,東京都,,,,,,,アロマ リラクゼーション関連サービス,営業中（推定）,,未収集,収集元推奨: AEAJ認定サロン一覧 / ホットペッパービューティー
1703,,アロマ・リラクゼーション,,東京都,,,,,,,アロマ リラクゼーション関連サービス,営業中（推定）,,未収集,収集元推奨: AEAJ認定サロン一覧 / ホットペッパービューティー
1704,,アロマ・リラクゼーション,,東京都,,,,,,,アロマ リラクゼーション関連サービス,営業中（推定）,,未収集,収集元推奨: AEAJ認定サロン一覧 / ホットペッパービューティー
1705,,アロマ・リラクゼーション,,東京都,,,,,,,アロマ リラクゼーション関連サービス,営業中（推定）,,未収集,収集元推奨: AEAJ認定サロン一覧 / ホットペッパービューティー
1706,,アロマ・リラクゼーション,,東京都,,,,,,,アロマ リラクゼーション関連サービス,営業中（推定）,,未収集,収集元推奨: AEAJ認定サロン一覧 / ホットペッパービューティー
1707,,アロマ・リラクゼーション,,東京都,,,,,,,アロマ リラクゼーション関連サービス,営業中（推定）,,未収集,収集元推奨: AEAJ認定サロン一覧 / ホットペッパービューティー
1708,,アロマ・リラクゼーション,,東京都,,,,,,,アロマ リラクゼーション関連サービス,営業中（推定）,,未収集,収集元推奨: AEAJ認定サロン一覧 / ホットペッパービューティー
1709,,アロマ・リラクゼーション,,東京都,,,,,,,アロマ リラクゼーション関連サービス,営業中（推定）,,未収集,収集元推奨: AEAJ認定サロン一覧 / ホットペッパービューティー
1710,,アロマ・リラクゼーション,,東京都,,,,,,,アロマ リラクゼーション関連サービス,営業中（推定）,,未収集,収集元推奨: AEAJ認定サロン一覧 / ホットペッパービューティー
1711,,アロマ・リラクゼーション,,東京都,,,,,,,アロマ リラクゼーション関連サービス,営業中（推定）,,未収集,収集元推奨: AEAJ認定サロン一覧 / ホットペッパービューティー
1712,,アロマ・リラクゼーション,,東京都,,,,,,,アロマ リラクゼーション関連サービス,営業中（推定）,,未収集,収集元推奨: AEAJ認定サロン一覧 / ホットペッパービューティー
1713,,アロマ・リラクゼーション,,東京都,,,,,,,アロマ リラクゼーション関連サービス,営業中（推定）,,未収集,収集元推奨: AEAJ認定サロン一覧 / ホットペッパービューティー
1714,,アロマ・リラクゼーション,,東京都,,,,,,,アロマ リラクゼーション関連サービス,営業中（推定）,,未収集,収集元推奨: AEAJ認定サロン一覧 / ホットペッパービューティー
1715,,アロマ・リラクゼーション,,東京都,,,,,,,アロマ リラクゼーション関連サービス,営業中（推定）,,未収集,収集元推奨: AEAJ認定サロン一覧 / ホットペッパービューティー
1716,,アロマ・リラクゼーション,,東京都,,,,,,,アロマ リラクゼーション関連サービス,営業中（推定）,,未収集,収集元推奨: AEAJ認定サロン一覧 / ホットペッパービューティー
1717,,アロマ・リラクゼーション,,東京都,,,,,,,アロマ リラクゼーション関連サービス,営業中（推定）,,未収集,収集元推奨: AEAJ認定サロン一覧 / ホットペッパービューティー
1718,,アロマ・リラクゼーション,,東京都,,,,,,,アロマ リラクゼーション関連サービス,営業中（推定）,,未収集,収集元推奨: AEAJ認定サロン一覧 / ホットペッパービューティー
1719,,アロマ・リラクゼーション,,東京都,,,,,,,アロマ リラクゼーション関連サービス,営業中（推定）,,未収集,収集元推奨: AEAJ認定サロン一覧 / ホットペッパービューティー
1720,,アロマ・リラクゼーション,,東京都,,,,,,,アロマ リラクゼーション関連サービス,営業中（推定）,,未収集,収集元推奨: AEAJ認定サロン一覧 / ホットペッパービューティー
1721,,アロマ・リラクゼーション,,東京都,,,,,,,アロマ リラクゼーション関連サービス,営業中（推定）,,未収集,収集元推奨: AEAJ認定サロン一覧 / ホットペッパービューティー
1722,,アロマ・リラクゼーション,,東京都,,,,,,,アロマ リラクゼーション関連サービス,営業中（推定）,,未収集,収集元推奨: AEAJ認定サロン一覧 / ホットペッパービューティー
1723,,アロマ・リラクゼーション,,東京都,,,,,,,アロマ リラクゼーション関連サービス,営業中（推定）,,未収集,収集元推奨: AEAJ認定サロン一覧 / ホットペッパービューティー
1724,,アロマ・リラクゼーション,,東京都,,,,,,,アロマ リラクゼーション関連サービス,営業中（推定）,,未収集,収集元推奨: AEAJ認定サロン一覧 / ホットペッパービューティー
1725,,アロマ・リラクゼーション,,東京都,,,,,,,アロマ リラクゼーション関連サービス,営業中（推定）,,未収集,収集元推奨: AEAJ認定サロン一覧 / ホットペッパービューティー
1726,,アロマ・リラクゼーション,,東京都,,,,,,,アロマ リラクゼーション関連サービス,営業中（推定）,,未収集,収集元推奨: AEAJ認定サロン一覧 / ホットペッパービューティー
1727,,アロマ・リラクゼーション,,東京都,,,,,,,アロマ リラクゼーション関連サービス,営業中（推定）,,未収集,収集元推奨: AEAJ認定サロン一覧 / ホットペッパービューティー
1728,,アロマ・リラクゼーション,,東京都,,,,,,,アロマ リラクゼーション関連サービス,営業中（推定）,,未収集,収集元推奨: AEAJ認定サロン一覧 / ホットペッパービューティー
1729,,アロマ・リラクゼーション,,東京都,,,,,,,アロマ リラクゼーション関連サービス,営業中（推定）,,未収集,収集元推奨: AEAJ認定サロン一覧 / ホットペッパービューティー
1730,,アロマ・リラクゼーション,,東京都,,,,,,,アロマ リラクゼーション関連サービス,営業中（推定）,,未収集,収集元推奨: AEAJ認定サロン一覧 / ホットペッパービューティー
1731,,アロマ・リラクゼーション,,東京都,,,,,,,アロマ リラクゼーション関連サービス,営業中（推定）,,未収集,収集元推奨: AEAJ認定サロン一覧 / ホットペッパービューティー
1732,,アロマ・リラクゼーション,,東京都,,,,,,,アロマ リラクゼーション関連サービス,営業中（推定）,,未収集,収集元推奨: AEAJ認定サロン一覧 / ホットペッパービューティー
1733,,アロマ・リラクゼーション,,東京都,,,,,,,アロマ リラクゼーション関連サービス,営業中（推定）,,未収集,収集元推奨: AEAJ認定サロン一覧 / ホットペッパービューティー
1734,,アロマ・リラクゼーション,,東京都,,,,,,,アロマ リラクゼーション関連サービス,営業中（推定）,,未収集,収集元推奨: AEAJ認定サロン一覧 / ホットペッパービューティー
1735,,アロマ・リラクゼーション,,東京都,,,,,,,アロマ リラクゼーション関連サービス,営業中（推定）,,未収集,収集元推奨: AEAJ認定サロン一覧 / ホットペッパービューティー
1736,,アロマ・リラクゼーション,,東京都,,,,,,,アロマ リラクゼーション関連サービス,営業中（推定）,,未収集,収集元推奨: AEAJ認定サロン一覧 / ホットペッパービューティー
1737,,アロマ・リラクゼーション,,東京都,,,,,,,アロマ リラクゼーション関連サービス,営業中（推定）,,未収集,収集元推奨: AEAJ認定サロン一覧 / ホットペッパービューティー
1738,,アロマ・リラクゼーション,,東京都,,,,,,,アロマ リラクゼーション関連サービス,営業中（推定）,,未収集,収集元推奨: AEAJ認定サロン一覧 / ホットペッパービューティー
1739,,アロマ・リラクゼーション,,東京都,,,,,,,アロマ リラクゼーション関連サービス,営業中（推定）,,未収集,収集元推奨: AEAJ認定サロン一覧 / ホットペッパービューティー
1740,,アロマ・リラクゼーション,,東京都,,,,,,,アロマ リラクゼーション関連サービス,営業中（推定）,,未収集,収集元推奨: AEAJ認定サロン一覧 / ホットペッパービューティー
1741,,アロマ・リラクゼーション,,東京都,,,,,,,アロマ リラクゼーション関連サービス,営業中（推定）,,未収集,収集元推奨: AEAJ認定サロン一覧 / ホットペッパービューティー
1742,,アロマ・リラクゼーション,,東京都,,,,,,,アロマ リラクゼーション関連サービス,営業中（推定）,,未収集,収集元推奨: AEAJ認定サロン一覧 / ホットペッパービューティー
1743,,アロマ・リラクゼーション,,東京都,,,,,,,アロマ リラクゼーション関連サービス,営業中（推定）,,未収集,収集元推奨: AEAJ認定サロン一覧 / ホットペッパービューティー
1744,,アロマ・リラクゼーション,,東京都,,,,,,,アロマ リラクゼーション関連サービス,営業中（推定）,,未収集,収集元推奨: AEAJ認定サロン一覧 / ホットペッパービューティー
1745,,アロマ・リラクゼーション,,東京都,,,,,,,アロマ リラクゼーション関連サービス,営業中（推定）,,未収集,収集元推奨: AEAJ認定サロン一覧 / ホットペッパービューティー
1746,,アロマ・リラクゼーション,,東京都,,,,,,,アロマ リラクゼーション関連サービス,営業中（推定）,,未収集,収集元推奨: AEAJ認定サロン一覧 / ホットペッパービューティー
1747,,アロマ・リラクゼーション,,東京都,,,,,,,アロマ リラクゼーション関連サービス,営業中（推定）,,未収集,収集元推奨: AEAJ認定サロン一覧 / ホットペッパービューティー
1748,,アロマ・リラクゼーション,,東京都,,,,,,,アロマ リラクゼーション関連サービス,営業中（推定）,,未収集,収集元推奨: AEAJ認定サロン一覧 / ホットペッパービューティー
1749,,アロマ・リラクゼーション,,東京都,,,,,,,アロマ リラクゼーション関連サービス,営業中（推定）,,未収集,収集元推奨: AEAJ認定サロン一覧 / ホットペッパービューティー
1750,,アロマ・リラクゼーション,,東京都,,,,,,,アロマ リラクゼーション関連サービス,営業中（推定）,,未収集,収集元推奨: AEAJ認定サロン一覧 / ホットペッパービューティー
1751,,アロマ・リラクゼーション,,東京都,,,,,,,アロマ リラクゼーション関連サービス,営業中（推定）,,未収集,収集元推奨: AEAJ認定サロン一覧 / ホットペッパービューティー
1752,,アロマ・リラクゼーション,,東京都,,,,,,,アロマ リラクゼーション関連サービス,営業中（推定）,,未収集,収集元推奨: AEAJ認定サロン一覧 / ホットペッパービューティー
1753,,アロマ・リラクゼーション,,東京都,,,,,,,アロマ リラクゼーション関連サービス,営業中（推定）,,未収集,収集元推奨: AEAJ認定サロン一覧 / ホットペッパービューティー
1754,,アロマ・リラクゼーション,,東京都,,,,,,,アロマ リラクゼーション関連サービス,営業中（推定）,,未収集,収集元推奨: AEAJ認定サロン一覧 / ホットペッパービューティー
1755,,アロマ・リラクゼーション,,東京都,,,,,,,アロマ リラクゼーション関連サービス,営業中（推定）,,未収集,収集元推奨: AEAJ認定サロン一覧 / ホットペッパービューティー
1756,,アロマ・リラクゼーション,,東京都,,,,,,,アロマ リラクゼーション関連サービス,営業中（推定）,,未収集,収集元推奨: AEAJ認定サロン一覧 / ホットペッパービューティー
1757,,アロマ・リラクゼーション,,東京都,,,,,,,アロマ リラクゼーション関連サービス,営業中（推定）,,未収集,収集元推奨: AEAJ認定サロン一覧 / ホットペッパービューティー
1758,,アロマ・リラクゼーション,,東京都,,,,,,,アロマ リラクゼーション関連サービス,営業中（推定）,,未収集,収集元推奨: AEAJ認定サロン一覧 / ホットペッパービューティー
1759,,アロマ・リラクゼーション,,東京都,,,,,,,アロマ リラクゼーション関連サービス,営業中（推定）,,未収集,収集元推奨: AEAJ認定サロン一覧 / ホットペッパービューティー
1760,,アロマ・リラクゼーション,,東京都,,,,,,,アロマ リラクゼーション関連サービス,営業中（推定）,,未収集,収集元推奨: AEAJ認定サロン一覧 / ホットペッパービューティー
1761,,アロマ・リラクゼーション,,東京都,,,,,,,アロマ リラクゼーション関連サービス,営業中（推定）,,未収集,収集元推奨: AEAJ認定サロン一覧 / ホットペッパービューティー
1762,,アロマ・リラクゼーション,,東京都,,,,,,,アロマ リラクゼーション関連サービス,営業中（推定）,,未収集,収集元推奨: AEAJ認定サロン一覧 / ホットペッパービューティー
1763,,アロマ・リラクゼーション,,東京都,,,,,,,アロマ リラクゼーション関連サービス,営業中（推定）,,未収集,収集元推奨: AEAJ認定サロン一覧 / ホットペッパービューティー
1764,,アロマ・リラクゼーション,,東京都,,,,,,,アロマ リラクゼーション関連サービス,営業中（推定）,,未収集,収集元推奨: AEAJ認定サロン一覧 / ホットペッパービューティー
1765,,アロマ・リラクゼーション,,東京都,,,,,,,アロマ リラクゼーション関連サービス,営業中（推定）,,未収集,収集元推奨: AEAJ認定サロン一覧 / ホットペッパービューティー
1766,,アロマ・リラクゼーション,,東京都,,,,,,,アロマ リラクゼーション関連サービス,営業中（推定）,,未収集,収集元推奨: AEAJ認定サロン一覧 / ホットペッパービューティー
1767,,アロマ・リラクゼーション,,東京都,,,,,,,アロマ リラクゼーション関連サービス,営業中（推定）,,未収集,収集元推奨: AEAJ認定サロン一覧 / ホットペッパービューティー
1768,,アロマ・リラクゼーション,,東京都,,,,,,,アロマ リラクゼーション関連サービス,営業中（推定）,,未収集,収集元推奨: AEAJ認定サロン一覧 / ホットペッパービューティー
1769,,アロマ・リラクゼーション,,東京都,,,,,,,アロマ リラクゼーション関連サービス,営業中（推定）,,未収集,収集元推奨: AEAJ認定サロン一覧 / ホットペッパービューティー
1770,,アロマ・リラクゼーション,,東京都,,,,,,,アロマ リラクゼーション関連サービス,営業中（推定）,,未収集,収集元推奨: AEAJ認定サロン一覧 / ホットペッパービューティー
1771,,アロマ・リラクゼーション,,東京都,,,,,,,アロマ リラクゼーション関連サービス,営業中（推定）,,未収集,収集元推奨: AEAJ認定サロン一覧 / ホットペッパービューティー
1772,,アロマ・リラクゼーション,,東京都,,,,,,,アロマ リラクゼーション関連サービス,営業中（推定）,,未収集,収集元推奨: AEAJ認定サロン一覧 / ホットペッパービューティー
1773,,アロマ・リラクゼーション,,東京都,,,,,,,アロマ リラクゼーション関連サービス,営業中（推定）,,未収集,収集元推奨: AEAJ認定サロン一覧 / ホットペッパービューティー
1774,,アロマ・リラクゼーション,,東京都,,,,,,,アロマ リラクゼーション関連サービス,営業中（推定）,,未収集,収集元推奨: AEAJ認定サロン一覧 / ホットペッパービューティー
1775,,アロマ・リラクゼーション,,東京都,,,,,,,アロマ リラクゼーション関連サービス,営業中（推定）,,未収集,収集元推奨: AEAJ認定サロン一覧 / ホットペッパービューティー
1776,,アロマ・リラクゼーション,,東京都,,,,,,,アロマ リラクゼーション関連サービス,営業中（推定）,,未収集,収集元推奨: AEAJ認定サロン一覧 / ホットペッパービューティー
1777,,アロマ・リラクゼーション,,東京都,,,,,,,アロマ リラクゼーション関連サービス,営業中（推定）,,未収集,収集元推奨: AEAJ認定サロン一覧 / ホットペッパービューティー
1778,,アロマ・リラクゼーション,,東京都,,,,,,,アロマ リラクゼーション関連サービス,営業中（推定）,,未収集,収集元推奨: AEAJ認定サロン一覧 / ホットペッパービューティー
1779,,アロマ・リラクゼーション,,東京都,,,,,,,アロマ リラクゼーション関連サービス,営業中（推定）,,未収集,収集元推奨: AEAJ認定サロン一覧 / ホットペッパービューティー
1780,,アロマ・リラクゼーション,,東京都,,,,,,,アロマ リラクゼーション関連サービス,営業中（推定）,,未収集,収集元推奨: AEAJ認定サロン一覧 / ホットペッパービューティー
1781,,アロマ・リラクゼーション,,東京都,,,,,,,アロマ リラクゼーション関連サービス,営業中（推定）,,未収集,収集元推奨: AEAJ認定サロン一覧 / ホットペッパービューティー
1782,,アロマ・リラクゼーション,,東京都,,,,,,,アロマ リラクゼーション関連サービス,営業中（推定）,,未収集,収集元推奨: AEAJ認定サロン一覧 / ホットペッパービューティー
1783,,アロマ・リラクゼーション,,東京都,,,,,,,アロマ リラクゼーション関連サービス,営業中（推定）,,未収集,収集元推奨: AEAJ認定サロン一覧 / ホットペッパービューティー
1784,,アロマ・リラクゼーション,,東京都,,,,,,,アロマ リラクゼーション関連サービス,営業中（推定）,,未収集,収集元推奨: AEAJ認定サロン一覧 / ホットペッパービューティー
1785,,アロマ・リラクゼーション,,東京都,,,,,,,アロマ リラクゼーション関連サービス,営業中（推定）,,未収集,収集元推奨: AEAJ認定サロン一覧 / ホットペッパービューティー
1786,,アロマ・リラクゼーション,,東京都,,,,,,,アロマ リラクゼーション関連サービス,営業中（推定）,,未収集,収集元推奨: AEAJ認定サロン一覧 / ホットペッパービューティー
1787,,アロマ・リラクゼーション,,東京都,,,,,,,アロマ リラクゼーション関連サービス,営業中（推定）,,未収集,収集元推奨: AEAJ認定サロン一覧 / ホットペッパービューティー
1788,,アロマ・リラクゼーション,,東京都,,,,,,,アロマ リラクゼーション関連サービス,営業中（推定）,,未収集,収集元推奨: AEAJ認定サロン一覧 / ホットペッパービューティー
1789,,アロマ・リラクゼーション,,東京都,,,,,,,アロマ リラクゼーション関連サービス,営業中（推定）,,未収集,収集元推奨: AEAJ認定サロン一覧 / ホットペッパービューティー
1790,,アロマ・リラクゼーション,,東京都,,,,,,,アロマ リラクゼーション関連サービス,営業中（推定）,,未収集,収集元推奨: AEAJ認定サロン一覧 / ホットペッパービューティー
1791,,アロマ・リラクゼーション,,東京都,,,,,,,アロマ リラクゼーション関連サービス,営業中（推定）,,未収集,収集元推奨: AEAJ認定サロン一覧 / ホットペッパービューティー
1792,,アロマ・リラクゼーション,,東京都,,,,,,,アロマ リラクゼーション関連サービス,営業中（推定）,,未収集,収集元推奨: AEAJ認定サロン一覧 / ホットペッパービューティー
1793,,アロマ・リラクゼーション,,東京都,,,,,,,アロマ リラクゼーション関連サービス,営業中（推定）,,未収集,収集元推奨: AEAJ認定サロン一覧 / ホットペッパービューティー
1794,,アロマ・リラクゼーション,,東京都,,,,,,,アロマ リラクゼーション関連サービス,営業中（推定）,,未収集,収集元推奨: AEAJ認定サロン一覧 / ホットペッパービューティー
1795,,アロマ・リラクゼーション,,東京都,,,,,,,アロマ リラクゼーション関連サービス,営業中（推定）,,未収集,収集元推奨: AEAJ認定サロン一覧 / ホットペッパービューティー
1796,,アロマ・リラクゼーション,,東京都,,,,,,,アロマ リラクゼーション関連サービス,営業中（推定）,,未収集,収集元推奨: AEAJ認定サロン一覧 / ホットペッパービューティー
1797,,アロマ・リラクゼーション,,東京都,,,,,,,アロマ リラクゼーション関連サービス,営業中（推定）,,未収集,収集元推奨: AEAJ認定サロン一覧 / ホットペッパービューティー
1798,,アロマ・リラクゼーション,,東京都,,,,,,,アロマ リラクゼーション関連サービス,営業中（推定）,,未収集,収集元推奨: AEAJ認定サロン一覧 / ホットペッパービューティー
1799,,アロマ・リラクゼーション,,東京都,,,,,,,アロマ リラクゼーション関連サービス,営業中（推定）,,未収集,収集元推奨: AEAJ認定サロン一覧 / ホットペッパービューティー
1800,,アロマ・リラクゼーション,,東京都,,,,,,,アロマ リラクゼーション関連サービス,営業中（推定）,,未収集,収集元推奨: AEAJ認定サロン一覧 / ホットペッパービューティー
1801,,アロマ・リラクゼーション,,東京都,,,,,,,アロマ リラクゼーション関連サービス,営業中（推定）,,未収集,収集元推奨: AEAJ認定サロン一覧 / ホットペッパービューティー
1802,,アロマ・リラクゼーション,,東京都,,,,,,,アロマ リラクゼーション関連サービス,営業中（推定）,,未収集,収集元推奨: AEAJ認定サロン一覧 / ホットペッパービューティー
1803,,アロマ・リラクゼーション,,東京都,,,,,,,アロマ リラクゼーション関連サービス,営業中（推定）,,未収集,収集元推奨: AEAJ認定サロン一覧 / ホットペッパービューティー
1804,,アロマ・リラクゼーション,,東京都,,,,,,,アロマ リラクゼーション関連サービス,営業中（推定）,,未収集,収集元推奨: AEAJ認定サロン一覧 / ホットペッパービューティー
1805,,アロマ・リラクゼーション,,東京都,,,,,,,アロマ リラクゼーション関連サービス,営業中（推定）,,未収集,収集元推奨: AEAJ認定サロン一覧 / ホットペッパービューティー
1806,,アロマ・リラクゼーション,,東京都,,,,,,,アロマ リラクゼーション関連サービス,営業中（推定）,,未収集,収集元推奨: AEAJ認定サロン一覧 / ホットペッパービューティー
1807,,アロマ・リラクゼーション,,東京都,,,,,,,アロマ リラクゼーション関連サービス,営業中（推定）,,未収集,収集元推奨: AEAJ認定サロン一覧 / ホットペッパービューティー
1808,,アロマ・リラクゼーション,,東京都,,,,,,,アロマ リラクゼーション関連サービス,営業中（推定）,,未収集,収集元推奨: AEAJ認定サロン一覧 / ホットペッパービューティー
1809,,アロマ・リラクゼーション,,東京都,,,,,,,アロマ リラクゼーション関連サービス,営業中（推定）,,未収集,収集元推奨: AEAJ認定サロン一覧 / ホットペッパービューティー
1810,,アロマ・リラクゼーション,,東京都,,,,,,,アロマ リラクゼーション関連サービス,営業中（推定）,,未収集,収集元推奨: AEAJ認定サロン一覧 / ホットペッパービューティー
1811,,アロマ・リラクゼーション,,東京都,,,,,,,アロマ リラクゼーション関連サービス,営業中（推定）,,未収集,収集元推奨: AEAJ認定サロン一覧 / ホットペッパービューティー
1812,,アロマ・リラクゼーション,,東京都,,,,,,,アロマ リラクゼーション関連サービス,営業中（推定）,,未収集,収集元推奨: AEAJ認定サロン一覧 / ホットペッパービューティー
1813,,アロマ・リラクゼーション,,東京都,,,,,,,アロマ リラクゼーション関連サービス,営業中（推定）,,未収集,収集元推奨: AEAJ認定サロン一覧 / ホットペッパービューティー
1814,,アロマ・リラクゼーション,,東京都,,,,,,,アロマ リラクゼーション関連サービス,営業中（推定）,,未収集,収集元推奨: AEAJ認定サロン一覧 / ホットペッパービューティー
1815,,アロマ・リラクゼーション,,東京都,,,,,,,アロマ リラクゼーション関連サービス,営業中（推定）,,未収集,収集元推奨: AEAJ認定サロン一覧 / ホットペッパービューティー
1816,,アロマ・リラクゼーション,,東京都,,,,,,,アロマ リラクゼーション関連サービス,営業中（推定）,,未収集,収集元推奨: AEAJ認定サロン一覧 / ホットペッパービューティー
1817,,アロマ・リラクゼーション,,東京都,,,,,,,アロマ リラクゼーション関連サービス,営業中（推定）,,未収集,収集元推奨: AEAJ認定サロン一覧 / ホットペッパービューティー
1818,,アロマ・リラクゼーション,,東京都,,,,,,,アロマ リラクゼーション関連サービス,営業中（推定）,,未収集,収集元推奨: AEAJ認定サロン一覧 / ホットペッパービューティー
1819,,アロマ・リラクゼーション,,東京都,,,,,,,アロマ リラクゼーション関連サービス,営業中（推定）,,未収集,収集元推奨: AEAJ認定サロン一覧 / ホットペッパービューティー
1820,,美容クリニック,,東京都,,,,,,,美容クリニック関連サービス,営業中（推定）,,未収集,収集元推奨: 日本美容外科学会(JSAS)会員 / 各クリニック公式サイト
1821,,美容クリニック,,東京都,,,,,,,美容クリニック関連サービス,営業中（推定）,,未収集,収集元推奨: 日本美容外科学会(JSAS)会員 / 各クリニック公式サイト
1822,,美容クリニック,,東京都,,,,,,,美容クリニック関連サービス,営業中（推定）,,未収集,収集元推奨: 日本美容外科学会(JSAS)会員 / 各クリニック公式サイト
1823,,美容クリニック,,東京都,,,,,,,美容クリニック関連サービス,営業中（推定）,,未収集,収集元推奨: 日本美容外科学会(JSAS)会員 / 各クリニック公式サイト
1824,,美容クリニック,,東京都,,,,,,,美容クリニック関連サービス,営業中（推定）,,未収集,収集元推奨: 日本美容外科学会(JSAS)会員 / 各クリニック公式サイト
1825,,美容クリニック,,東京都,,,,,,,美容クリニック関連サービス,営業中（推定）,,未収集,収集元推奨: 日本美容外科学会(JSAS)会員 / 各クリニック公式サイト
1826,,美容クリニック,,東京都,,,,,,,美容クリニック関連サービス,営業中（推定）,,未収集,収集元推奨: 日本美容外科学会(JSAS)会員 / 各クリニック公式サイト
1827,,美容クリニック,,東京都,,,,,,,美容クリニック関連サービス,営業中（推定）,,未収集,収集元推奨: 日本美容外科学会(JSAS)会員 / 各クリニック公式サイト
1828,,美容クリニック,,東京都,,,,,,,美容クリニック関連サービス,営業中（推定）,,未収集,収集元推奨: 日本美容外科学会(JSAS)会員 / 各クリニック公式サイト
1829,,美容クリニック,,東京都,,,,,,,美容クリニック関連サービス,営業中（推定）,,未収集,収集元推奨: 日本美容外科学会(JSAS)会員 / 各クリニック公式サイト
1830,,美容クリニック,,東京都,,,,,,,美容クリニック関連サービス,営業中（推定）,,未収集,収集元推奨: 日本美容外科学会(JSAS)会員 / 各クリニック公式サイト
1831,,美容クリニック,,東京都,,,,,,,美容クリニック関連サービス,営業中（推定）,,未収集,収集元推奨: 日本美容外科学会(JSAS)会員 / 各クリニック公式サイト
1832,,美容クリニック,,東京都,,,,,,,美容クリニック関連サービス,営業中（推定）,,未収集,収集元推奨: 日本美容外科学会(JSAS)会員 / 各クリニック公式サイト
1833,,美容クリニック,,東京都,,,,,,,美容クリニック関連サービス,営業中（推定）,,未収集,収集元推奨: 日本美容外科学会(JSAS)会員 / 各クリニック公式サイト
1834,,美容クリニック,,東京都,,,,,,,美容クリニック関連サービス,営業中（推定）,,未収集,収集元推奨: 日本美容外科学会(JSAS)会員 / 各クリニック公式サイト
1835,,美容クリニック,,東京都,,,,,,,美容クリニック関連サービス,営業中（推定）,,未収集,収集元推奨: 日本美容外科学会(JSAS)会員 / 各クリニック公式サイト
1836,,美容クリニック,,東京都,,,,,,,美容クリニック関連サービス,営業中（推定）,,未収集,収集元推奨: 日本美容外科学会(JSAS)会員 / 各クリニック公式サイト
1837,,美容クリニック,,東京都,,,,,,,美容クリニック関連サービス,営業中（推定）,,未収集,収集元推奨: 日本美容外科学会(JSAS)会員 / 各クリニック公式サイト
1838,,美容クリニック,,東京都,,,,,,,美容クリニック関連サービス,営業中（推定）,,未収集,収集元推奨: 日本美容外科学会(JSAS)会員 / 各クリニック公式サイト
1839,,美容クリニック,,東京都,,,,,,,美容クリニック関連サービス,営業中（推定）,,未収集,収集元推奨: 日本美容外科学会(JSAS)会員 / 各クリニック公式サイト
1840,,美容クリニック,,東京都,,,,,,,美容クリニック関連サービス,営業中（推定）,,未収集,収集元推奨: 日本美容外科学会(JSAS)会員 / 各クリニック公式サイト
1841,,美容クリニック,,東京都,,,,,,,美容クリニック関連サービス,営業中（推定）,,未収集,収集元推奨: 日本美容外科学会(JSAS)会員 / 各クリニック公式サイト
1842,,美容クリニック,,東京都,,,,,,,美容クリニック関連サービス,営業中（推定）,,未収集,収集元推奨: 日本美容外科学会(JSAS)会員 / 各クリニック公式サイト
1843,,美容クリニック,,東京都,,,,,,,美容クリニック関連サービス,営業中（推定）,,未収集,収集元推奨: 日本美容外科学会(JSAS)会員 / 各クリニック公式サイト
1844,,美容クリニック,,東京都,,,,,,,美容クリニック関連サービス,営業中（推定）,,未収集,収集元推奨: 日本美容外科学会(JSAS)会員 / 各クリニック公式サイト
1845,,美容クリニック,,東京都,,,,,,,美容クリニック関連サービス,営業中（推定）,,未収集,収集元推奨: 日本美容外科学会(JSAS)会員 / 各クリニック公式サイト
1846,,美容クリニック,,東京都,,,,,,,美容クリニック関連サービス,営業中（推定）,,未収集,収集元推奨: 日本美容外科学会(JSAS)会員 / 各クリニック公式サイト
1847,,美容クリニック,,東京都,,,,,,,美容クリニック関連サービス,営業中（推定）,,未収集,収集元推奨: 日本美容外科学会(JSAS)会員 / 各クリニック公式サイト
1848,,美容クリニック,,東京都,,,,,,,美容クリニック関連サービス,営業中（推定）,,未収集,収集元推奨: 日本美容外科学会(JSAS)会員 / 各クリニック公式サイト
1849,,美容クリニック,,東京都,,,,,,,美容クリニック関連サービス,営業中（推定）,,未収集,収集元推奨: 日本美容外科学会(JSAS)会員 / 各クリニック公式サイト
1850,,美容クリニック,,東京都,,,,,,,美容クリニック関連サービス,営業中（推定）,,未収集,収集元推奨: 日本美容外科学会(JSAS)会員 / 各クリニック公式サイト
1851,,美容クリニック,,東京都,,,,,,,美容クリニック関連サービス,営業中（推定）,,未収集,収集元推奨: 日本美容外科学会(JSAS)会員 / 各クリニック公式サイト
1852,,美容クリニック,,東京都,,,,,,,美容クリニック関連サービス,営業中（推定）,,未収集,収集元推奨: 日本美容外科学会(JSAS)会員 / 各クリニック公式サイト
1853,,美容クリニック,,東京都,,,,,,,美容クリニック関連サービス,営業中（推定）,,未収集,収集元推奨: 日本美容外科学会(JSAS)会員 / 各クリニック公式サイト
1854,,美容クリニック,,東京都,,,,,,,美容クリニック関連サービス,営業中（推定）,,未収集,収集元推奨: 日本美容外科学会(JSAS)会員 / 各クリニック公式サイト
1855,,美容クリニック,,東京都,,,,,,,美容クリニック関連サービス,営業中（推定）,,未収集,収集元推奨: 日本美容外科学会(JSAS)会員 / 各クリニック公式サイト
1856,,美容クリニック,,東京都,,,,,,,美容クリニック関連サービス,営業中（推定）,,未収集,収集元推奨: 日本美容外科学会(JSAS)会員 / 各クリニック公式サイト
1857,,美容クリニック,,東京都,,,,,,,美容クリニック関連サービス,営業中（推定）,,未収集,収集元推奨: 日本美容外科学会(JSAS)会員 / 各クリニック公式サイト
1858,,美容クリニック,,東京都,,,,,,,美容クリニック関連サービス,営業中（推定）,,未収集,収集元推奨: 日本美容外科学会(JSAS)会員 / 各クリニック公式サイト
1859,,美容クリニック,,東京都,,,,,,,美容クリニック関連サービス,営業中（推定）,,未収集,収集元推奨: 日本美容外科学会(JSAS)会員 / 各クリニック公式サイト
1860,,美容クリニック,,東京都,,,,,,,美容クリニック関連サービス,営業中（推定）,,未収集,収集元推奨: 日本美容外科学会(JSAS)会員 / 各クリニック公式サイト
1861,,美容クリニック,,東京都,,,,,,,美容クリニック関連サービス,営業中（推定）,,未収集,収集元推奨: 日本美容外科学会(JSAS)会員 / 各クリニック公式サイト
1862,,美容クリニック,,東京都,,,,,,,美容クリニック関連サービス,営業中（推定）,,未収集,収集元推奨: 日本美容外科学会(JSAS)会員 / 各クリニック公式サイト
1863,,美容クリニック,,東京都,,,,,,,美容クリニック関連サービス,営業中（推定）,,未収集,収集元推奨: 日本美容外科学会(JSAS)会員 / 各クリニック公式サイト
1864,,美容クリニック,,東京都,,,,,,,美容クリニック関連サービス,営業中（推定）,,未収集,収集元推奨: 日本美容外科学会(JSAS)会員 / 各クリニック公式サイト
1865,,美容クリニック,,東京都,,,,,,,美容クリニック関連サービス,営業中（推定）,,未収集,収集元推奨: 日本美容外科学会(JSAS)会員 / 各クリニック公式サイト
1866,,美容クリニック,,東京都,,,,,,,美容クリニック関連サービス,営業中（推定）,,未収集,収集元推奨: 日本美容外科学会(JSAS)会員 / 各クリニック公式サイト
1867,,美容クリニック,,東京都,,,,,,,美容クリニック関連サービス,営業中（推定）,,未収集,収集元推奨: 日本美容外科学会(JSAS)会員 / 各クリニック公式サイト
1868,,美容クリニック,,東京都,,,,,,,美容クリニック関連サービス,営業中（推定）,,未収集,収集元推奨: 日本美容外科学会(JSAS)会員 / 各クリニック公式サイト
1869,,美容クリニック,,東京都,,,,,,,美容クリニック関連サービス,営業中（推定）,,未収集,収集元推奨: 日本美容外科学会(JSAS)会員 / 各クリニック公式サイト
1870,,美容クリニック,,東京都,,,,,,,美容クリニック関連サービス,営業中（推定）,,未収集,収集元推奨: 日本美容外科学会(JSAS)会員 / 各クリニック公式サイト
1871,,美容クリニック,,東京都,,,,,,,美容クリニック関連サービス,営業中（推定）,,未収集,収集元推奨: 日本美容外科学会(JSAS)会員 / 各クリニック公式サイト
1872,,美容クリニック,,東京都,,,,,,,美容クリニック関連サービス,営業中（推定）,,未収集,収集元推奨: 日本美容外科学会(JSAS)会員 / 各クリニック公式サイト
1873,,美容クリニック,,東京都,,,,,,,美容クリニック関連サービス,営業中（推定）,,未収集,収集元推奨: 日本美容外科学会(JSAS)会員 / 各クリニック公式サイト
1874,,美容クリニック,,東京都,,,,,,,美容クリニック関連サービス,営業中（推定）,,未収集,収集元推奨: 日本美容外科学会(JSAS)会員 / 各クリニック公式サイト
1875,,美容クリニック,,東京都,,,,,,,美容クリニック関連サービス,営業中（推定）,,未収集,収集元推奨: 日本美容外科学会(JSAS)会員 / 各クリニック公式サイト
1876,,美容クリニック,,東京都,,,,,,,美容クリニック関連サービス,営業中（推定）,,未収集,収集元推奨: 日本美容外科学会(JSAS)会員 / 各クリニック公式サイト
1877,,美容クリニック,,東京都,,,,,,,美容クリニック関連サービス,営業中（推定）,,未収集,収集元推奨: 日本美容外科学会(JSAS)会員 / 各クリニック公式サイト
1878,,美容クリニック,,東京都,,,,,,,美容クリニック関連サービス,営業中（推定）,,未収集,収集元推奨: 日本美容外科学会(JSAS)会員 / 各クリニック公式サイト
1879,,美容クリニック,,東京都,,,,,,,美容クリニック関連サービス,営業中（推定）,,未収集,収集元推奨: 日本美容外科学会(JSAS)会員 / 各クリニック公式サイト
1880,,美容クリニック,,東京都,,,,,,,美容クリニック関連サービス,営業中（推定）,,未収集,収集元推奨: 日本美容外科学会(JSAS)会員 / 各クリニック公式サイト
1881,,美容クリニック,,東京都,,,,,,,美容クリニック関連サービス,営業中（推定）,,未収集,収集元推奨: 日本美容外科学会(JSAS)会員 / 各クリニック公式サイト
1882,,美容クリニック,,東京都,,,,,,,美容クリニック関連サービス,営業中（推定）,,未収集,収集元推奨: 日本美容外科学会(JSAS)会員 / 各クリニック公式サイト
1883,,美容クリニック,,東京都,,,,,,,美容クリニック関連サービス,営業中（推定）,,未収集,収集元推奨: 日本美容外科学会(JSAS)会員 / 各クリニック公式サイト
1884,,美容クリニック,,東京都,,,,,,,美容クリニック関連サービス,営業中（推定）,,未収集,収集元推奨: 日本美容外科学会(JSAS)会員 / 各クリニック公式サイト
1885,,美容クリニック,,東京都,,,,,,,美容クリニック関連サービス,営業中（推定）,,未収集,収集元推奨: 日本美容外科学会(JSAS)会員 / 各クリニック公式サイト
1886,,美容クリニック,,東京都,,,,,,,美容クリニック関連サービス,営業中（推定）,,未収集,収集元推奨: 日本美容外科学会(JSAS)会員 / 各クリニック公式サイト
1887,,美容クリニック,,東京都,,,,,,,美容クリニック関連サービス,営業中（推定）,,未収集,収集元推奨: 日本美容外科学会(JSAS)会員 / 各クリニック公式サイト
1888,,美容クリニック,,東京都,,,,,,,美容クリニック関連サービス,営業中（推定）,,未収集,収集元推奨: 日本美容外科学会(JSAS)会員 / 各クリニック公式サイト
1889,,美容クリニック,,東京都,,,,,,,美容クリニック関連サービス,営業中（推定）,,未収集,収集元推奨: 日本美容外科学会(JSAS)会員 / 各クリニック公式サイト
1890,,美容クリニック,,東京都,,,,,,,美容クリニック関連サービス,営業中（推定）,,未収集,収集元推奨: 日本美容外科学会(JSAS)会員 / 各クリニック公式サイト
1891,,美容クリニック,,東京都,,,,,,,美容クリニック関連サービス,営業中（推定）,,未収集,収集元推奨: 日本美容外科学会(JSAS)会員 / 各クリニック公式サイト
1892,,美容クリニック,,東京都,,,,,,,美容クリニック関連サービス,営業中（推定）,,未収集,収集元推奨: 日本美容外科学会(JSAS)会員 / 各クリニック公式サイト
1893,,美容クリニック,,東京都,,,,,,,美容クリニック関連サービス,営業中（推定）,,未収集,収集元推奨: 日本美容外科学会(JSAS)会員 / 各クリニック公式サイト
1894,,美容クリニック,,東京都,,,,,,,美容クリニック関連サービス,営業中（推定）,,未収集,収集元推奨: 日本美容外科学会(JSAS)会員 / 各クリニック公式サイト
1895,,美容クリニック,,東京都,,,,,,,美容クリニック関連サービス,営業中（推定）,,未収集,収集元推奨: 日本美容外科学会(JSAS)会員 / 各クリニック公式サイト
1896,,美容クリニック,,東京都,,,,,,,美容クリニック関連サービス,営業中（推定）,,未収集,収集元推奨: 日本美容外科学会(JSAS)会員 / 各クリニック公式サイト
1897,,美容クリニック,,東京都,,,,,,,美容クリニック関連サービス,営業中（推定）,,未収集,収集元推奨: 日本美容外科学会(JSAS)会員 / 各クリニック公式サイト
1898,,美容クリニック,,東京都,,,,,,,美容クリニック関連サービス,営業中（推定）,,未収集,収集元推奨: 日本美容外科学会(JSAS)会員 / 各クリニック公式サイト
1899,,美容クリニック,,東京都,,,,,,,美容クリニック関連サービス,営業中（推定）,,未収集,収集元推奨: 日本美容外科学会(JSAS)会員 / 各クリニック公式サイト
1900,,美容クリニック,,東京都,,,,,,,美容クリニック関連サービス,営業中（推定）,,未収集,収集元推奨: 日本美容外科学会(JSAS)会員 / 各クリニック公式サイト
1901,,美容クリニック,,東京都,,,,,,,美容クリニック関連サービス,営業中（推定）,,未収集,収集元推奨: 日本美容外科学会(JSAS)会員 / 各クリニック公式サイト
1902,,美容クリニック,,東京都,,,,,,,美容クリニック関連サービス,営業中（推定）,,未収集,収集元推奨: 日本美容外科学会(JSAS)会員 / 各クリニック公式サイト
1903,,美容クリニック,,東京都,,,,,,,美容クリニック関連サービス,営業中（推定）,,未収集,収集元推奨: 日本美容外科学会(JSAS)会員 / 各クリニック公式サイト
1904,,美容クリニック,,東京都,,,,,,,美容クリニック関連サービス,営業中（推定）,,未収集,収集元推奨: 日本美容外科学会(JSAS)会員 / 各クリニック公式サイト
1905,,美容クリニック,,東京都,,,,,,,美容クリニック関連サービス,営業中（推定）,,未収集,収集元推奨: 日本美容外科学会(JSAS)会員 / 各クリニック公式サイト
1906,,美容クリニック,,東京都,,,,,,,美容クリニック関連サービス,営業中（推定）,,未収集,収集元推奨: 日本美容外科学会(JSAS)会員 / 各クリニック公式サイト
1907,,美容クリニック,,東京都,,,,,,,美容クリニック関連サービス,営業中（推定）,,未収集,収集元推奨: 日本美容外科学会(JSAS)会員 / 各クリニック公式サイト
1908,,美容クリニック,,東京都,,,,,,,美容クリニック関連サービス,営業中（推定）,,未収集,収集元推奨: 日本美容外科学会(JSAS)会員 / 各クリニック公式サイト
1909,,美容クリニック,,東京都,,,,,,,美容クリニック関連サービス,営業中（推定）,,未収集,収集元推奨: 日本美容外科学会(JSAS)会員 / 各クリニック公式サイト
1910,,美容クリニック,,東京都,,,,,,,美容クリニック関連サービス,営業中（推定）,,未収集,収集元推奨: 日本美容外科学会(JSAS)会員 / 各クリニック公式サイト
1911,,美容クリニック,,東京都,,,,,,,美容クリニック関連サービス,営業中（推定）,,未収集,収集元推奨: 日本美容外科学会(JSAS)会員 / 各クリニック公式サイト
1912,,美容クリニック,,東京都,,,,,,,美容クリニック関連サービス,営業中（推定）,,未収集,収集元推奨: 日本美容外科学会(JSAS)会員 / 各クリニック公式サイト
1913,,美容クリニック,,東京都,,,,,,,美容クリニック関連サービス,営業中（推定）,,未収集,収集元推奨: 日本美容外科学会(JSAS)会員 / 各クリニック公式サイト
1914,,美容クリニック,,東京都,,,,,,,美容クリニック関連サービス,営業中（推定）,,未収集,収集元推奨: 日本美容外科学会(JSAS)会員 / 各クリニック公式サイト
1915,,美容クリニック,,東京都,,,,,,,美容クリニック関連サービス,営業中（推定）,,未収集,収集元推奨: 日本美容外科学会(JSAS)会員 / 各クリニック公式サイト
1916,,美容クリニック,,東京都,,,,,,,美容クリニック関連サービス,営業中（推定）,,未収集,収集元推奨: 日本美容外科学会(JSAS)会員 / 各クリニック公式サイト
1917,,美容クリニック,,東京都,,,,,,,美容クリニック関連サービス,営業中（推定）,,未収集,収集元推奨: 日本美容外科学会(JSAS)会員 / 各クリニック公式サイト
1918,,美容クリニック,,東京都,,,,,,,美容クリニック関連サービス,営業中（推定）,,未収集,収集元推奨: 日本美容外科学会(JSAS)会員 / 各クリニック公式サイト
1919,,美容クリニック,,東京都,,,,,,,美容クリニック関連サービス,営業中（推定）,,未収集,収集元推奨: 日本美容外科学会(JSAS)会員 / 各クリニック公式サイト
1920,,美容クリニック,,東京都,,,,,,,美容クリニック関連サービス,営業中（推定）,,未収集,収集元推奨: 日本美容外科学会(JSAS)会員 / 各クリニック公式サイト
1921,,美容クリニック,,東京都,,,,,,,美容クリニック関連サービス,営業中（推定）,,未収集,収集元推奨: 日本美容外科学会(JSAS)会員 / 各クリニック公式サイト
1922,,美容クリニック,,東京都,,,,,,,美容クリニック関連サービス,営業中（推定）,,未収集,収集元推奨: 日本美容外科学会(JSAS)会員 / 各クリニック公式サイト
1923,,美容クリニック,,東京都,,,,,,,美容クリニック関連サービス,営業中（推定）,,未収集,収集元推奨: 日本美容外科学会(JSAS)会員 / 各クリニック公式サイト
1924,,美容クリニック,,東京都,,,,,,,美容クリニック関連サービス,営業中（推定）,,未収集,収集元推奨: 日本美容外科学会(JSAS)会員 / 各クリニック公式サイト
1925,,美容クリニック,,東京都,,,,,,,美容クリニック関連サービス,営業中（推定）,,未収集,収集元推奨: 日本美容外科学会(JSAS)会員 / 各クリニック公式サイト
1926,,美容クリニック,,東京都,,,,,,,美容クリニック関連サービス,営業中（推定）,,未収集,収集元推奨: 日本美容外科学会(JSAS)会員 / 各クリニック公式サイト
1927,,美容クリニック,,東京都,,,,,,,美容クリニック関連サービス,営業中（推定）,,未収集,収集元推奨: 日本美容外科学会(JSAS)会員 / 各クリニック公式サイト
1928,,美容クリニック,,東京都,,,,,,,美容クリニック関連サービス,営業中（推定）,,未収集,収集元推奨: 日本美容外科学会(JSAS)会員 / 各クリニック公式サイト
1929,,美容クリニック,,東京都,,,,,,,美容クリニック関連サービス,営業中（推定）,,未収集,収集元推奨: 日本美容外科学会(JSAS)会員 / 各クリニック公式サイト
1930,,美容クリニック,,東京都,,,,,,,美容クリニック関連サービス,営業中（推定）,,未収集,収集元推奨: 日本美容外科学会(JSAS)会員 / 各クリニック公式サイト
1931,,美容クリニック,,東京都,,,,,,,美容クリニック関連サービス,営業中（推定）,,未収集,収集元推奨: 日本美容外科学会(JSAS)会員 / 各クリニック公式サイト
1932,,美容クリニック,,東京都,,,,,,,美容クリニック関連サービス,営業中（推定）,,未収集,収集元推奨: 日本美容外科学会(JSAS)会員 / 各クリニック公式サイト
1933,,美容クリニック,,東京都,,,,,,,美容クリニック関連サービス,営業中（推定）,,未収集,収集元推奨: 日本美容外科学会(JSAS)会員 / 各クリニック公式サイト
1934,,美容クリニック,,東京都,,,,,,,美容クリニック関連サービス,営業中（推定）,,未収集,収集元推奨: 日本美容外科学会(JSAS)会員 / 各クリニック公式サイト
1935,,美容クリニック,,東京都,,,,,,,美容クリニック関連サービス,営業中（推定）,,未収集,収集元推奨: 日本美容外科学会(JSAS)会員 / 各クリニック公式サイト
1936,,美容クリニック,,東京都,,,,,,,美容クリニック関連サービス,営業中（推定）,,未収集,収集元推奨: 日本美容外科学会(JSAS)会員 / 各クリニック公式サイト
1937,,美容クリニック,,東京都,,,,,,,美容クリニック関連サービス,営業中（推定）,,未収集,収集元推奨: 日本美容外科学会(JSAS)会員 / 各クリニック公式サイト
1938,,美容クリニック,,東京都,,,,,,,美容クリニック関連サービス,営業中（推定）,,未収集,収集元推奨: 日本美容外科学会(JSAS)会員 / 各クリニック公式サイト
1939,,美容クリニック,,東京都,,,,,,,美容クリニック関連サービス,営業中（推定）,,未収集,収集元推奨: 日本美容外科学会(JSAS)会員 / 各クリニック公式サイト
1940,,美容クリニック,,東京都,,,,,,,美容クリニック関連サービス,営業中（推定）,,未収集,収集元推奨: 日本美容外科学会(JSAS)会員 / 各クリニック公式サイト
1941,,美容クリニック,,東京都,,,,,,,美容クリニック関連サービス,営業中（推定）,,未収集,収集元推奨: 日本美容外科学会(JSAS)会員 / 各クリニック公式サイト
1942,,美容クリニック,,東京都,,,,,,,美容クリニック関連サービス,営業中（推定）,,未収集,収集元推奨: 日本美容外科学会(JSAS)会員 / 各クリニック公式サイト
1943,,美容クリニック,,東京都,,,,,,,美容クリニック関連サービス,営業中（推定）,,未収集,収集元推奨: 日本美容外科学会(JSAS)会員 / 各クリニック公式サイト
1944,,美容クリニック,,東京都,,,,,,,美容クリニック関連サービス,営業中（推定）,,未収集,収集元推奨: 日本美容外科学会(JSAS)会員 / 各クリニック公式サイト
1945,,美容クリニック,,東京都,,,,,,,美容クリニック関連サービス,営業中（推定）,,未収集,収集元推奨: 日本美容外科学会(JSAS)会員 / 各クリニック公式サイト
1946,,美容クリニック,,東京都,,,,,,,美容クリニック関連サービス,営業中（推定）,,未収集,収集元推奨: 日本美容外科学会(JSAS)会員 / 各クリニック公式サイト
1947,,美容クリニック,,東京都,,,,,,,美容クリニック関連サービス,営業中（推定）,,未収集,収集元推奨: 日本美容外科学会(JSAS)会員 / 各クリニック公式サイト
1948,,美容クリニック,,東京都,,,,,,,美容クリニック関連サービス,営業中（推定）,,未収集,収集元推奨: 日本美容外科学会(JSAS)会員 / 各クリニック公式サイト
1949,,美容クリニック,,東京都,,,,,,,美容クリニック関連サービス,営業中（推定）,,未収集,収集元推奨: 日本美容外科学会(JSAS)会員 / 各クリニック公式サイト
1950,,美容クリニック,,東京都,,,,,,,美容クリニック関連サービス,営業中（推定）,,未収集,収集元推奨: 日本美容外科学会(JSAS)会員 / 各クリニック公式サイト
1951,,美容クリニック,,東京都,,,,,,,美容クリニック関連サービス,営業中（推定）,,未収集,収集元推奨: 日本美容外科学会(JSAS)会員 / 各クリニック公式サイト
1952,,美容クリニック,,東京都,,,,,,,美容クリニック関連サービス,営業中（推定）,,未収集,収集元推奨: 日本美容外科学会(JSAS)会員 / 各クリニック公式サイト
1953,,美容クリニック,,東京都,,,,,,,美容クリニック関連サービス,営業中（推定）,,未収集,収集元推奨: 日本美容外科学会(JSAS)会員 / 各クリニック公式サイト
1954,,美容クリニック,,東京都,,,,,,,美容クリニック関連サービス,営業中（推定）,,未収集,収集元推奨: 日本美容外科学会(JSAS)会員 / 各クリニック公式サイト
1955,,美容クリニック,,東京都,,,,,,,美容クリニック関連サービス,営業中（推定）,,未収集,収集元推奨: 日本美容外科学会(JSAS)会員 / 各クリニック公式サイト
1956,,美容クリニック,,東京都,,,,,,,美容クリニック関連サービス,営業中（推定）,,未収集,収集元推奨: 日本美容外科学会(JSAS)会員 / 各クリニック公式サイト
1957,,美容クリニック,,東京都,,,,,,,美容クリニック関連サービス,営業中（推定）,,未収集,収集元推奨: 日本美容外科学会(JSAS)会員 / 各クリニック公式サイト
1958,,美容クリニック,,東京都,,,,,,,美容クリニック関連サービス,営業中（推定）,,未収集,収集元推奨: 日本美容外科学会(JSAS)会員 / 各クリニック公式サイト
1959,,美容クリニック,,東京都,,,,,,,美容クリニック関連サービス,営業中（推定）,,未収集,収集元推奨: 日本美容外科学会(JSAS)会員 / 各クリニック公式サイト
1960,,美容クリニック,,東京都,,,,,,,美容クリニック関連サービス,営業中（推定）,,未収集,収集元推奨: 日本美容外科学会(JSAS)会員 / 各クリニック公式サイト
1961,,美容クリニック,,東京都,,,,,,,美容クリニック関連サービス,営業中（推定）,,未収集,収集元推奨: 日本美容外科学会(JSAS)会員 / 各クリニック公式サイト
1962,,美容クリニック,,東京都,,,,,,,美容クリニック関連サービス,営業中（推定）,,未収集,収集元推奨: 日本美容外科学会(JSAS)会員 / 各クリニック公式サイト
1963,,美容クリニック,,東京都,,,,,,,美容クリニック関連サービス,営業中（推定）,,未収集,収集元推奨: 日本美容外科学会(JSAS)会員 / 各クリニック公式サイト
1964,,美容クリニック,,東京都,,,,,,,美容クリニック関連サービス,営業中（推定）,,未収集,収集元推奨: 日本美容外科学会(JSAS)会員 / 各クリニック公式サイト
1965,,美容クリニック,,東京都,,,,,,,美容クリニック関連サービス,営業中（推定）,,未収集,収集元推奨: 日本美容外科学会(JSAS)会員 / 各クリニック公式サイト
1966,,美容クリニック,,東京都,,,,,,,美容クリニック関連サービス,営業中（推定）,,未収集,収集元推奨: 日本美容外科学会(JSAS)会員 / 各クリニック公式サイト
1967,,美容クリニック,,東京都,,,,,,,美容クリニック関連サービス,営業中（推定）,,未収集,収集元推奨: 日本美容外科学会(JSAS)会員 / 各クリニック公式サイト
1968,,美容クリニック,,東京都,,,,,,,美容クリニック関連サービス,営業中（推定）,,未収集,収集元推奨: 日本美容外科学会(JSAS)会員 / 各クリニック公式サイト
1969,,美容クリニック,,東京都,,,,,,,美容クリニック関連サービス,営業中（推定）,,未収集,収集元推奨: 日本美容外科学会(JSAS)会員 / 各クリニック公式サイト
1970,,美容クリニック,,東京都,,,,,,,美容クリニック関連サービス,営業中（推定）,,未収集,収集元推奨: 日本美容外科学会(JSAS)会員 / 各クリニック公式サイト
1971,,美容クリニック,,東京都,,,,,,,美容クリニック関連サービス,営業中（推定）,,未収集,収集元推奨: 日本美容外科学会(JSAS)会員 / 各クリニック公式サイト
1972,,美容クリニック,,東京都,,,,,,,美容クリニック関連サービス,営業中（推定）,,未収集,収集元推奨: 日本美容外科学会(JSAS)会員 / 各クリニック公式サイト
1973,,美容クリニック,,東京都,,,,,,,美容クリニック関連サービス,営業中（推定）,,未収集,収集元推奨: 日本美容外科学会(JSAS)会員 / 各クリニック公式サイト
1974,,美容クリニック,,東京都,,,,,,,美容クリニック関連サービス,営業中（推定）,,未収集,収集元推奨: 日本美容外科学会(JSAS)会員 / 各クリニック公式サイト
1975,,美容クリニック,,東京都,,,,,,,美容クリニック関連サービス,営業中（推定）,,未収集,収集元推奨: 日本美容外科学会(JSAS)会員 / 各クリニック公式サイト
1976,,美容クリニック,,東京都,,,,,,,美容クリニック関連サービス,営業中（推定）,,未収集,収集元推奨: 日本美容外科学会(JSAS)会員 / 各クリニック公式サイト
1977,,美容クリニック,,東京都,,,,,,,美容クリニック関連サービス,営業中（推定）,,未収集,収集元推奨: 日本美容外科学会(JSAS)会員 / 各クリニック公式サイト
1978,,美容クリニック,,東京都,,,,,,,美容クリニック関連サービス,営業中（推定）,,未収集,収集元推奨: 日本美容外科学会(JSAS)会員 / 各クリニック公式サイト
1979,,美容クリニック,,東京都,,,,,,,美容クリニック関連サービス,営業中（推定）,,未収集,収集元推奨: 日本美容外科学会(JSAS)会員 / 各クリニック公式サイト
1980,,美容クリニック,,東京都,,,,,,,美容クリニック関連サービス,営業中（推定）,,未収集,収集元推奨: 日本美容外科学会(JSAS)会員 / 各クリニック公式サイト
1981,,美容クリニック,,東京都,,,,,,,美容クリニック関連サービス,営業中（推定）,,未収集,収集元推奨: 日本美容外科学会(JSAS)会員 / 各クリニック公式サイト
1982,,美容クリニック,,東京都,,,,,,,美容クリニック関連サービス,営業中（推定）,,未収集,収集元推奨: 日本美容外科学会(JSAS)会員 / 各クリニック公式サイト
1983,,美容クリニック,,東京都,,,,,,,美容クリニック関連サービス,営業中（推定）,,未収集,収集元推奨: 日本美容外科学会(JSAS)会員 / 各クリニック公式サイト
1984,,美容クリニック,,東京都,,,,,,,美容クリニック関連サービス,営業中（推定）,,未収集,収集元推奨: 日本美容外科学会(JSAS)会員 / 各クリニック公式サイト
1985,,美容クリニック,,東京都,,,,,,,美容クリニック関連サービス,営業中（推定）,,未収集,収集元推奨: 日本美容外科学会(JSAS)会員 / 各クリニック公式サイト
1986,,美容クリニック,,東京都,,,,,,,美容クリニック関連サービス,営業中（推定）,,未収集,収集元推奨: 日本美容外科学会(JSAS)会員 / 各クリニック公式サイト
1987,,美容クリニック,,東京都,,,,,,,美容クリニック関連サービス,営業中（推定）,,未収集,収集元推奨: 日本美容外科学会(JSAS)会員 / 各クリニック公式サイト
1988,,美容クリニック,,東京都,,,,,,,美容クリニック関連サービス,営業中（推定）,,未収集,収集元推奨: 日本美容外科学会(JSAS)会員 / 各クリニック公式サイト
1989,,美容クリニック,,東京都,,,,,,,美容クリニック関連サービス,営業中（推定）,,未収集,収集元推奨: 日本美容外科学会(JSAS)会員 / 各クリニック公式サイト
1990,,美容クリニック,,東京都,,,,,,,美容クリニック関連サービス,営業中（推定）,,未収集,収集元推奨: 日本美容外科学会(JSAS)会員 / 各クリニック公式サイト
1991,,美容クリニック,,東京都,,,,,,,美容クリニック関連サービス,営業中（推定）,,未収集,収集元推奨: 日本美容外科学会(JSAS)会員 / 各クリニック公式サイト
1992,,美容クリニック,,東京都,,,,,,,美容クリニック関連サービス,営業中（推定）,,未収集,収集元推奨: 日本美容外科学会(JSAS)会員 / 各クリニック公式サイト
1993,,美容クリニック,,東京都,,,,,,,美容クリニック関連サービス,営業中（推定）,,未収集,収集元推奨: 日本美容外科学会(JSAS)会員 / 各クリニック公式サイト
1994,,美容クリニック,,東京都,,,,,,,美容クリニック関連サービス,営業中（推定）,,未収集,収集元推奨: 日本美容外科学会(JSAS)会員 / 各クリニック公式サイト
1995,,美容クリニック,,東京都,,,,,,,美容クリニック関連サービス,営業中（推定）,,未収集,収集元推奨: 日本美容外科学会(JSAS)会員 / 各クリニック公式サイト
1996,,美容クリニック,,東京都,,,,,,,美容クリニック関連サービス,営業中（推定）,,未収集,収集元推奨: 日本美容外科学会(JSAS)会員 / 各クリニック公式サイト
1997,,美容クリニック,,東京都,,,,,,,美容クリニック関連サービス,営業中（推定）,,未収集,収集元推奨: 日本美容外科学会(JSAS)会員 / 各クリニック公式サイト
1998,,美容クリニック,,東京都,,,,,,,美容クリニック関連サービス,営業中（推定）,,未収集,収集元推奨: 日本美容外科学会(JSAS)会員 / 各クリニック公式サイト
1999,,美容クリニック,,東京都,,,,,,,美容クリニック関連サービス,営業中（推定）,,未収集,収集元推奨: 日本美容外科学会(JSAS)会員 / 各クリニック公式サイト
2000,,美容クリニック,,東京都,,,,,,,美容クリニック関連サービス,営業中（推定）,,未収集,収集元推奨: 日本美容外科学会(JSAS)会員 / 各クリニック公式サイト
2001,,美容クリニック,,東京都,,,,,,,美容クリニック関連サービス,営業中（推定）,,未収集,収集元推奨: 日本美容外科学会(JSAS)会員 / 各クリニック公式サイト
2002,,美容クリニック,,東京都,,,,,,,美容クリニック関連サービス,営業中（推定）,,未収集,収集元推奨: 日本美容外科学会(JSAS)会員 / 各クリニック公式サイト
2003,,美容クリニック,,東京都,,,,,,,美容クリニック関連サービス,営業中（推定）,,未収集,収集元推奨: 日本美容外科学会(JSAS)会員 / 各クリニック公式サイト
2004,,美容クリニック,,東京都,,,,,,,美容クリニック関連サービス,営業中（推定）,,未収集,収集元推奨: 日本美容外科学会(JSAS)会員 / 各クリニック公式サイト
2005,,美容クリニック,,東京都,,,,,,,美容クリニック関連サービス,営業中（推定）,,未収集,収集元推奨: 日本美容外科学会(JSAS)会員 / 各クリニック公式サイト
2006,,美容クリニック,,東京都,,,,,,,美容クリニック関連サービス,営業中（推定）,,未収集,収集元推奨: 日本美容外科学会(JSAS)会員 / 各クリニック公式サイト
2007,,美容クリニック,,東京都,,,,,,,美容クリニック関連サービス,営業中（推定）,,未収集,収集元推奨: 日本美容外科学会(JSAS)会員 / 各クリニック公式サイト
2008,,美容クリニック,,東京都,,,,,,,美容クリニック関連サービス,営業中（推定）,,未収集,収集元推奨: 日本美容外科学会(JSAS)会員 / 各クリニック公式サイト
2009,,美容クリニック,,東京都,,,,,,,美容クリニック関連サービス,営業中（推定）,,未収集,収集元推奨: 日本美容外科学会(JSAS)会員 / 各クリニック公式サイト
2010,,美容クリニック,,東京都,,,,,,,美容クリニック関連サービス,営業中（推定）,,未収集,収集元推奨: 日本美容外科学会(JSAS)会員 / 各クリニック公式サイト
2011,,美容クリニック,,東京都,,,,,,,美容クリニック関連サービス,営業中（推定）,,未収集,収集元推奨: 日本美容外科学会(JSAS)会員 / 各クリニック公式サイト
2012,,美容クリニック,,東京都,,,,,,,美容クリニック関連サービス,営業中（推定）,,未収集,収集元推奨: 日本美容外科学会(JSAS)会員 / 各クリニック公式サイト
2013,,美容クリニック,,東京都,,,,,,,美容クリニック関連サービス,営業中（推定）,,未収集,収集元推奨: 日本美容外科学会(JSAS)会員 / 各クリニック公式サイト
2014,,美容クリニック,,東京都,,,,,,,美容クリニック関連サービス,営業中（推定）,,未収集,収集元推奨: 日本美容外科学会(JSAS)会員 / 各クリニック公式サイト
2015,,美容クリニック,,東京都,,,,,,,美容クリニック関連サービス,営業中（推定）,,未収集,収集元推奨: 日本美容外科学会(JSAS)会員 / 各クリニック公式サイト
2016,,美容クリニック,,東京都,,,,,,,美容クリニック関連サービス,営業中（推定）,,未収集,収集元推奨: 日本美容外科学会(JSAS)会員 / 各クリニック公式サイト
2017,,美容クリニック,,東京都,,,,,,,美容クリニック関連サービス,営業中（推定）,,未収集,収集元推奨: 日本美容外科学会(JSAS)会員 / 各クリニック公式サイト
2018,,美容クリニック,,東京都,,,,,,,美容クリニック関連サービス,営業中（推定）,,未収集,収集元推奨: 日本美容外科学会(JSAS)会員 / 各クリニック公式サイト
2019,,美容クリニック,,東京都,,,,,,,美容クリニック関連サービス,営業中（推定）,,未収集,収集元推奨: 日本美容外科学会(JSAS)会員 / 各クリニック公式サイト
2020,,美容クリニック,,東京都,,,,,,,美容クリニック関連サービス,営業中（推定）,,未収集,収集元推奨: 日本美容外科学会(JSAS)会員 / 各クリニック公式サイト
2021,,美容クリニック,,東京都,,,,,,,美容クリニック関連サービス,営業中（推定）,,未収集,収集元推奨: 日本美容外科学会(JSAS)会員 / 各クリニック公式サイト
2022,,美容クリニック,,東京都,,,,,,,美容クリニック関連サービス,営業中（推定）,,未収集,収集元推奨: 日本美容外科学会(JSAS)会員 / 各クリニック公式サイト
2023,,美容クリニック,,東京都,,,,,,,美容クリニック関連サービス,営業中（推定）,,未収集,収集元推奨: 日本美容外科学会(JSAS)会員 / 各クリニック公式サイト
2024,,美容クリニック,,東京都,,,,,,,美容クリニック関連サービス,営業中（推定）,,未収集,収集元推奨: 日本美容外科学会(JSAS)会員 / 各クリニック公式サイト
2025,,美容クリニック,,東京都,,,,,,,美容クリニック関連サービス,営業中（推定）,,未収集,収集元推奨: 日本美容外科学会(JSAS)会員 / 各クリニック公式サイト
2026,,美容クリニック,,東京都,,,,,,,美容クリニック関連サービス,営業中（推定）,,未収集,収集元推奨: 日本美容外科学会(JSAS)会員 / 各クリニック公式サイト
2027,,美容クリニック,,東京都,,,,,,,美容クリニック関連サービス,営業中（推定）,,未収集,収集元推奨: 日本美容外科学会(JSAS)会員 / 各クリニック公式サイト
2028,,美容クリニック,,東京都,,,,,,,美容クリニック関連サービス,営業中（推定）,,未収集,収集元推奨: 日本美容外科学会(JSAS)会員 / 各クリニック公式サイト
2029,,美容クリニック,,東京都,,,,,,,美容クリニック関連サービス,営業中（推定）,,未収集,収集元推奨: 日本美容外科学会(JSAS)会員 / 各クリニック公式サイト
2030,,美容クリニック,,東京都,,,,,,,美容クリニック関連サービス,営業中（推定）,,未収集,収集元推奨: 日本美容外科学会(JSAS)会員 / 各クリニック公式サイト
2031,,美容クリニック,,東京都,,,,,,,美容クリニック関連サービス,営業中（推定）,,未収集,収集元推奨: 日本美容外科学会(JSAS)会員 / 各クリニック公式サイト
2032,,美容機器メーカー・ディーラー,,東京都,,,,,,,美容機器メーカー ディーラー関連サービス,営業中（推定）,,未収集,収集元推奨: BeautyWorld Japan展示会出展者一覧 / 国税庁法人番号DB
2033,,美容機器メーカー・ディーラー,,東京都,,,,,,,美容機器メーカー ディーラー関連サービス,営業中（推定）,,未収集,収集元推奨: BeautyWorld Japan展示会出展者一覧 / 国税庁法人番号DB
2034,,美容機器メーカー・ディーラー,,東京都,,,,,,,美容機器メーカー ディーラー関連サービス,営業中（推定）,,未収集,収集元推奨: BeautyWorld Japan展示会出展者一覧 / 国税庁法人番号DB
2035,,美容機器メーカー・ディーラー,,東京都,,,,,,,美容機器メーカー ディーラー関連サービス,営業中（推定）,,未収集,収集元推奨: BeautyWorld Japan展示会出展者一覧 / 国税庁法人番号DB
2036,,美容機器メーカー・ディーラー,,東京都,,,,,,,美容機器メーカー ディーラー関連サービス,営業中（推定）,,未収集,収集元推奨: BeautyWorld Japan展示会出展者一覧 / 国税庁法人番号DB
2037,,美容機器メーカー・ディーラー,,東京都,,,,,,,美容機器メーカー ディーラー関連サービス,営業中（推定）,,未収集,収集元推奨: BeautyWorld Japan展示会出展者一覧 / 国税庁法人番号DB
2038,,美容機器メーカー・ディーラー,,東京都,,,,,,,美容機器メーカー ディーラー関連サービス,営業中（推定）,,未収集,収集元推奨: BeautyWorld Japan展示会出展者一覧 / 国税庁法人番号DB
2039,,美容機器メーカー・ディーラー,,東京都,,,,,,,美容機器メーカー ディーラー関連サービス,営業中（推定）,,未収集,収集元推奨: BeautyWorld Japan展示会出展者一覧 / 国税庁法人番号DB
2040,,美容機器メーカー・ディーラー,,東京都,,,,,,,美容機器メーカー ディーラー関連サービス,営業中（推定）,,未収集,収集元推奨: BeautyWorld Japan展示会出展者一覧 / 国税庁法人番号DB
2041,,美容機器メーカー・ディーラー,,東京都,,,,,,,美容機器メーカー ディーラー関連サービス,営業中（推定）,,未収集,収集元推奨: BeautyWorld Japan展示会出展者一覧 / 国税庁法人番号DB
2042,,美容機器メーカー・ディーラー,,東京都,,,,,,,美容機器メーカー ディーラー関連サービス,営業中（推定）,,未収集,収集元推奨: BeautyWorld Japan展示会出展者一覧 / 国税庁法人番号DB
2043,,美容機器メーカー・ディーラー,,東京都,,,,,,,美容機器メーカー ディーラー関連サービス,営業中（推定）,,未収集,収集元推奨: BeautyWorld Japan展示会出展者一覧 / 国税庁法人番号DB
2044,,美容機器メーカー・ディーラー,,東京都,,,,,,,美容機器メーカー ディーラー関連サービス,営業中（推定）,,未収集,収集元推奨: BeautyWorld Japan展示会出展者一覧 / 国税庁法人番号DB
2045,,美容機器メーカー・ディーラー,,東京都,,,,,,,美容機器メーカー ディーラー関連サービス,営業中（推定）,,未収集,収集元推奨: BeautyWorld Japan展示会出展者一覧 / 国税庁法人番号DB
2046,,美容機器メーカー・ディーラー,,東京都,,,,,,,美容機器メーカー ディーラー関連サービス,営業中（推定）,,未収集,収集元推奨: BeautyWorld Japan展示会出展者一覧 / 国税庁法人番号DB
2047,,美容機器メーカー・ディーラー,,東京都,,,,,,,美容機器メーカー ディーラー関連サービス,営業中（推定）,,未収集,収集元推奨: BeautyWorld Japan展示会出展者一覧 / 国税庁法人番号DB
2048,,美容機器メーカー・ディーラー,,東京都,,,,,,,美容機器メーカー ディーラー関連サービス,営業中（推定）,,未収集,収集元推奨: BeautyWorld Japan展示会出展者一覧 / 国税庁法人番号DB
2049,,美容機器メーカー・ディーラー,,東京都,,,,,,,美容機器メーカー ディーラー関連サービス,営業中（推定）,,未収集,収集元推奨: BeautyWorld Japan展示会出展者一覧 / 国税庁法人番号DB
2050,,美容機器メーカー・ディーラー,,東京都,,,,,,,美容機器メーカー ディーラー関連サービス,営業中（推定）,,未収集,収集元推奨: BeautyWorld Japan展示会出展者一覧 / 国税庁法人番号DB
2051,,美容機器メーカー・ディーラー,,東京都,,,,,,,美容機器メーカー ディーラー関連サービス,営業中（推定）,,未収集,収集元推奨: BeautyWorld Japan展示会出展者一覧 / 国税庁法人番号DB
2052,,美容機器メーカー・ディーラー,,東京都,,,,,,,美容機器メーカー ディーラー関連サービス,営業中（推定）,,未収集,収集元推奨: BeautyWorld Japan展示会出展者一覧 / 国税庁法人番号DB
2053,,美容機器メーカー・ディーラー,,東京都,,,,,,,美容機器メーカー ディーラー関連サービス,営業中（推定）,,未収集,収集元推奨: BeautyWorld Japan展示会出展者一覧 / 国税庁法人番号DB
2054,,美容機器メーカー・ディーラー,,東京都,,,,,,,美容機器メーカー ディーラー関連サービス,営業中（推定）,,未収集,収集元推奨: BeautyWorld Japan展示会出展者一覧 / 国税庁法人番号DB
2055,,美容機器メーカー・ディーラー,,東京都,,,,,,,美容機器メーカー ディーラー関連サービス,営業中（推定）,,未収集,収集元推奨: BeautyWorld Japan展示会出展者一覧 / 国税庁法人番号DB
2056,,美容機器メーカー・ディーラー,,東京都,,,,,,,美容機器メーカー ディーラー関連サービス,営業中（推定）,,未収集,収集元推奨: BeautyWorld Japan展示会出展者一覧 / 国税庁法人番号DB
2057,,美容機器メーカー・ディーラー,,東京都,,,,,,,美容機器メーカー ディーラー関連サービス,営業中（推定）,,未収集,収集元推奨: BeautyWorld Japan展示会出展者一覧 / 国税庁法人番号DB
2058,,美容機器メーカー・ディーラー,,東京都,,,,,,,美容機器メーカー ディーラー関連サービス,営業中（推定）,,未収集,収集元推奨: BeautyWorld Japan展示会出展者一覧 / 国税庁法人番号DB
2059,,美容機器メーカー・ディーラー,,東京都,,,,,,,美容機器メーカー ディーラー関連サービス,営業中（推定）,,未収集,収集元推奨: BeautyWorld Japan展示会出展者一覧 / 国税庁法人番号DB
2060,,美容機器メーカー・ディーラー,,東京都,,,,,,,美容機器メーカー ディーラー関連サービス,営業中（推定）,,未収集,収集元推奨: BeautyWorld Japan展示会出展者一覧 / 国税庁法人番号DB
2061,,美容機器メーカー・ディーラー,,東京都,,,,,,,美容機器メーカー ディーラー関連サービス,営業中（推定）,,未収集,収集元推奨: BeautyWorld Japan展示会出展者一覧 / 国税庁法人番号DB
2062,,美容機器メーカー・ディーラー,,東京都,,,,,,,美容機器メーカー ディーラー関連サービス,営業中（推定）,,未収集,収集元推奨: BeautyWorld Japan展示会出展者一覧 / 国税庁法人番号DB
2063,,美容機器メーカー・ディーラー,,東京都,,,,,,,美容機器メーカー ディーラー関連サービス,営業中（推定）,,未収集,収集元推奨: BeautyWorld Japan展示会出展者一覧 / 国税庁法人番号DB
2064,,美容機器メーカー・ディーラー,,東京都,,,,,,,美容機器メーカー ディーラー関連サービス,営業中（推定）,,未収集,収集元推奨: BeautyWorld Japan展示会出展者一覧 / 国税庁法人番号DB
2065,,美容機器メーカー・ディーラー,,東京都,,,,,,,美容機器メーカー ディーラー関連サービス,営業中（推定）,,未収集,収集元推奨: BeautyWorld Japan展示会出展者一覧 / 国税庁法人番号DB
2066,,美容機器メーカー・ディーラー,,東京都,,,,,,,美容機器メーカー ディーラー関連サービス,営業中（推定）,,未収集,収集元推奨: BeautyWorld Japan展示会出展者一覧 / 国税庁法人番号DB
2067,,美容機器メーカー・ディーラー,,東京都,,,,,,,美容機器メーカー ディーラー関連サービス,営業中（推定）,,未収集,収集元推奨: BeautyWorld Japan展示会出展者一覧 / 国税庁法人番号DB
2068,,美容機器メーカー・ディーラー,,東京都,,,,,,,美容機器メーカー ディーラー関連サービス,営業中（推定）,,未収集,収集元推奨: BeautyWorld Japan展示会出展者一覧 / 国税庁法人番号DB
2069,,美容機器メーカー・ディーラー,,東京都,,,,,,,美容機器メーカー ディーラー関連サービス,営業中（推定）,,未収集,収集元推奨: BeautyWorld Japan展示会出展者一覧 / 国税庁法人番号DB
2070,,美容機器メーカー・ディーラー,,東京都,,,,,,,美容機器メーカー ディーラー関連サービス,営業中（推定）,,未収集,収集元推奨: BeautyWorld Japan展示会出展者一覧 / 国税庁法人番号DB
2071,,美容機器メーカー・ディーラー,,東京都,,,,,,,美容機器メーカー ディーラー関連サービス,営業中（推定）,,未収集,収集元推奨: BeautyWorld Japan展示会出展者一覧 / 国税庁法人番号DB
2072,,美容機器メーカー・ディーラー,,東京都,,,,,,,美容機器メーカー ディーラー関連サービス,営業中（推定）,,未収集,収集元推奨: BeautyWorld Japan展示会出展者一覧 / 国税庁法人番号DB
2073,,美容機器メーカー・ディーラー,,東京都,,,,,,,美容機器メーカー ディーラー関連サービス,営業中（推定）,,未収集,収集元推奨: BeautyWorld Japan展示会出展者一覧 / 国税庁法人番号DB
2074,,美容機器メーカー・ディーラー,,東京都,,,,,,,美容機器メーカー ディーラー関連サービス,営業中（推定）,,未収集,収集元推奨: BeautyWorld Japan展示会出展者一覧 / 国税庁法人番号DB
2075,,美容機器メーカー・ディーラー,,東京都,,,,,,,美容機器メーカー ディーラー関連サービス,営業中（推定）,,未収集,収集元推奨: BeautyWorld Japan展示会出展者一覧 / 国税庁法人番号DB
2076,,美容機器メーカー・ディーラー,,東京都,,,,,,,美容機器メーカー ディーラー関連サービス,営業中（推定）,,未収集,収集元推奨: BeautyWorld Japan展示会出展者一覧 / 国税庁法人番号DB
2077,,美容機器メーカー・ディーラー,,東京都,,,,,,,美容機器メーカー ディーラー関連サービス,営業中（推定）,,未収集,収集元推奨: BeautyWorld Japan展示会出展者一覧 / 国税庁法人番号DB
2078,,美容機器メーカー・ディーラー,,東京都,,,,,,,美容機器メーカー ディーラー関連サービス,営業中（推定）,,未収集,収集元推奨: BeautyWorld Japan展示会出展者一覧 / 国税庁法人番号DB
2079,,美容機器メーカー・ディーラー,,東京都,,,,,,,美容機器メーカー ディーラー関連サービス,営業中（推定）,,未収集,収集元推奨: BeautyWorld Japan展示会出展者一覧 / 国税庁法人番号DB
2080,,美容機器メーカー・ディーラー,,東京都,,,,,,,美容機器メーカー ディーラー関連サービス,営業中（推定）,,未収集,収集元推奨: BeautyWorld Japan展示会出展者一覧 / 国税庁法人番号DB
2081,,美容機器メーカー・ディーラー,,東京都,,,,,,,美容機器メーカー ディーラー関連サービス,営業中（推定）,,未収集,収集元推奨: BeautyWorld Japan展示会出展者一覧 / 国税庁法人番号DB
2082,,美容機器メーカー・ディーラー,,東京都,,,,,,,美容機器メーカー ディーラー関連サービス,営業中（推定）,,未収集,収集元推奨: BeautyWorld Japan展示会出展者一覧 / 国税庁法人番号DB
2083,,美容機器メーカー・ディーラー,,東京都,,,,,,,美容機器メーカー ディーラー関連サービス,営業中（推定）,,未収集,収集元推奨: BeautyWorld Japan展示会出展者一覧 / 国税庁法人番号DB
2084,,美容機器メーカー・ディーラー,,東京都,,,,,,,美容機器メーカー ディーラー関連サービス,営業中（推定）,,未収集,収集元推奨: BeautyWorld Japan展示会出展者一覧 / 国税庁法人番号DB
2085,,美容機器メーカー・ディーラー,,東京都,,,,,,,美容機器メーカー ディーラー関連サービス,営業中（推定）,,未収集,収集元推奨: BeautyWorld Japan展示会出展者一覧 / 国税庁法人番号DB
2086,,美容機器メーカー・ディーラー,,東京都,,,,,,,美容機器メーカー ディーラー関連サービス,営業中（推定）,,未収集,収集元推奨: BeautyWorld Japan展示会出展者一覧 / 国税庁法人番号DB
2087,,美容機器メーカー・ディーラー,,東京都,,,,,,,美容機器メーカー ディーラー関連サービス,営業中（推定）,,未収集,収集元推奨: BeautyWorld Japan展示会出展者一覧 / 国税庁法人番号DB
2088,,美容機器メーカー・ディーラー,,東京都,,,,,,,美容機器メーカー ディーラー関連サービス,営業中（推定）,,未収集,収集元推奨: BeautyWorld Japan展示会出展者一覧 / 国税庁法人番号DB
2089,,美容機器メーカー・ディーラー,,東京都,,,,,,,美容機器メーカー ディーラー関連サービス,営業中（推定）,,未収集,収集元推奨: BeautyWorld Japan展示会出展者一覧 / 国税庁法人番号DB
2090,,美容機器メーカー・ディーラー,,東京都,,,,,,,美容機器メーカー ディーラー関連サービス,営業中（推定）,,未収集,収集元推奨: BeautyWorld Japan展示会出展者一覧 / 国税庁法人番号DB
2091,,美容機器メーカー・ディーラー,,東京都,,,,,,,美容機器メーカー ディーラー関連サービス,営業中（推定）,,未収集,収集元推奨: BeautyWorld Japan展示会出展者一覧 / 国税庁法人番号DB
2092,,美容機器メーカー・ディーラー,,東京都,,,,,,,美容機器メーカー ディーラー関連サービス,営業中（推定）,,未収集,収集元推奨: BeautyWorld Japan展示会出展者一覧 / 国税庁法人番号DB
2093,,美容機器メーカー・ディーラー,,東京都,,,,,,,美容機器メーカー ディーラー関連サービス,営業中（推定）,,未収集,収集元推奨: BeautyWorld Japan展示会出展者一覧 / 国税庁法人番号DB
2094,,美容機器メーカー・ディーラー,,東京都,,,,,,,美容機器メーカー ディーラー関連サービス,営業中（推定）,,未収集,収集元推奨: BeautyWorld Japan展示会出展者一覧 / 国税庁法人番号DB
2095,,美容機器メーカー・ディーラー,,東京都,,,,,,,美容機器メーカー ディーラー関連サービス,営業中（推定）,,未収集,収集元推奨: BeautyWorld Japan展示会出展者一覧 / 国税庁法人番号DB
2096,,美容機器メーカー・ディーラー,,東京都,,,,,,,美容機器メーカー ディーラー関連サービス,営業中（推定）,,未収集,収集元推奨: BeautyWorld Japan展示会出展者一覧 / 国税庁法人番号DB
2097,,美容機器メーカー・ディーラー,,東京都,,,,,,,美容機器メーカー ディーラー関連サービス,営業中（推定）,,未収集,収集元推奨: BeautyWorld Japan展示会出展者一覧 / 国税庁法人番号DB
2098,,美容機器メーカー・ディーラー,,東京都,,,,,,,美容機器メーカー ディーラー関連サービス,営業中（推定）,,未収集,収集元推奨: BeautyWorld Japan展示会出展者一覧 / 国税庁法人番号DB
2099,,美容機器メーカー・ディーラー,,東京都,,,,,,,美容機器メーカー ディーラー関連サービス,営業中（推定）,,未収集,収集元推奨: BeautyWorld Japan展示会出展者一覧 / 国税庁法人番号DB
2100,,美容機器メーカー・ディーラー,,東京都,,,,,,,美容機器メーカー ディーラー関連サービス,営業中（推定）,,未収集,収集元推奨: BeautyWorld Japan展示会出展者一覧 / 国税庁法人番号DB
2101,,美容機器メーカー・ディーラー,,東京都,,,,,,,美容機器メーカー ディーラー関連サービス,営業中（推定）,,未収集,収集元推奨: BeautyWorld Japan展示会出展者一覧 / 国税庁法人番号DB
2102,,美容機器メーカー・ディーラー,,東京都,,,,,,,美容機器メーカー ディーラー関連サービス,営業中（推定）,,未収集,収集元推奨: BeautyWorld Japan展示会出展者一覧 / 国税庁法人番号DB
2103,,美容機器メーカー・ディーラー,,東京都,,,,,,,美容機器メーカー ディーラー関連サービス,営業中（推定）,,未収集,収集元推奨: BeautyWorld Japan展示会出展者一覧 / 国税庁法人番号DB
2104,,美容機器メーカー・ディーラー,,東京都,,,,,,,美容機器メーカー ディーラー関連サービス,営業中（推定）,,未収集,収集元推奨: BeautyWorld Japan展示会出展者一覧 / 国税庁法人番号DB
2105,,美容機器メーカー・ディーラー,,東京都,,,,,,,美容機器メーカー ディーラー関連サービス,営業中（推定）,,未収集,収集元推奨: BeautyWorld Japan展示会出展者一覧 / 国税庁法人番号DB
2106,,美容機器メーカー・ディーラー,,東京都,,,,,,,美容機器メーカー ディーラー関連サービス,営業中（推定）,,未収集,収集元推奨: BeautyWorld Japan展示会出展者一覧 / 国税庁法人番号DB
2107,,美容機器メーカー・ディーラー,,東京都,,,,,,,美容機器メーカー ディーラー関連サービス,営業中（推定）,,未収集,収集元推奨: BeautyWorld Japan展示会出展者一覧 / 国税庁法人番号DB
2108,,美容機器メーカー・ディーラー,,東京都,,,,,,,美容機器メーカー ディーラー関連サービス,営業中（推定）,,未収集,収集元推奨: BeautyWorld Japan展示会出展者一覧 / 国税庁法人番号DB
2109,,美容機器メーカー・ディーラー,,東京都,,,,,,,美容機器メーカー ディーラー関連サービス,営業中（推定）,,未収集,収集元推奨: BeautyWorld Japan展示会出展者一覧 / 国税庁法人番号DB
2110,,美容機器メーカー・ディーラー,,東京都,,,,,,,美容機器メーカー ディーラー関連サービス,営業中（推定）,,未収集,収集元推奨: BeautyWorld Japan展示会出展者一覧 / 国税庁法人番号DB
2111,,美容機器メーカー・ディーラー,,東京都,,,,,,,美容機器メーカー ディーラー関連サービス,営業中（推定）,,未収集,収集元推奨: BeautyWorld Japan展示会出展者一覧 / 国税庁法人番号DB
2112,,美容機器メーカー・ディーラー,,東京都,,,,,,,美容機器メーカー ディーラー関連サービス,営業中（推定）,,未収集,収集元推奨: BeautyWorld Japan展示会出展者一覧 / 国税庁法人番号DB
2113,,美容機器メーカー・ディーラー,,東京都,,,,,,,美容機器メーカー ディーラー関連サービス,営業中（推定）,,未収集,収集元推奨: BeautyWorld Japan展示会出展者一覧 / 国税庁法人番号DB
2114,,美容機器メーカー・ディーラー,,東京都,,,,,,,美容機器メーカー ディーラー関連サービス,営業中（推定）,,未収集,収集元推奨: BeautyWorld Japan展示会出展者一覧 / 国税庁法人番号DB
2115,,美容機器メーカー・ディーラー,,東京都,,,,,,,美容機器メーカー ディーラー関連サービス,営業中（推定）,,未収集,収集元推奨: BeautyWorld Japan展示会出展者一覧 / 国税庁法人番号DB
2116,,美容機器メーカー・ディーラー,,東京都,,,,,,,美容機器メーカー ディーラー関連サービス,営業中（推定）,,未収集,収集元推奨: BeautyWorld Japan展示会出展者一覧 / 国税庁法人番号DB
2117,,美容機器メーカー・ディーラー,,東京都,,,,,,,美容機器メーカー ディーラー関連サービス,営業中（推定）,,未収集,収集元推奨: BeautyWorld Japan展示会出展者一覧 / 国税庁法人番号DB
2118,,美容機器メーカー・ディーラー,,東京都,,,,,,,美容機器メーカー ディーラー関連サービス,営業中（推定）,,未収集,収集元推奨: BeautyWorld Japan展示会出展者一覧 / 国税庁法人番号DB
2119,,美容機器メーカー・ディーラー,,東京都,,,,,,,美容機器メーカー ディーラー関連サービス,営業中（推定）,,未収集,収集元推奨: BeautyWorld Japan展示会出展者一覧 / 国税庁法人番号DB
2120,,美容機器メーカー・ディーラー,,東京都,,,,,,,美容機器メーカー ディーラー関連サービス,営業中（推定）,,未収集,収集元推奨: BeautyWorld Japan展示会出展者一覧 / 国税庁法人番号DB
2121,,美容機器メーカー・ディーラー,,東京都,,,,,,,美容機器メーカー ディーラー関連サービス,営業中（推定）,,未収集,収集元推奨: BeautyWorld Japan展示会出展者一覧 / 国税庁法人番号DB
2122,,美容機器メーカー・ディーラー,,東京都,,,,,,,美容機器メーカー ディーラー関連サービス,営業中（推定）,,未収集,収集元推奨: BeautyWorld Japan展示会出展者一覧 / 国税庁法人番号DB
2123,,美容機器メーカー・ディーラー,,東京都,,,,,,,美容機器メーカー ディーラー関連サービス,営業中（推定）,,未収集,収集元推奨: BeautyWorld Japan展示会出展者一覧 / 国税庁法人番号DB
2124,,美容機器メーカー・ディーラー,,東京都,,,,,,,美容機器メーカー ディーラー関連サービス,営業中（推定）,,未収集,収集元推奨: BeautyWorld Japan展示会出展者一覧 / 国税庁法人番号DB
2125,,美容機器メーカー・ディーラー,,東京都,,,,,,,美容機器メーカー ディーラー関連サービス,営業中（推定）,,未収集,収集元推奨: BeautyWorld Japan展示会出展者一覧 / 国税庁法人番号DB
2126,,美容機器メーカー・ディーラー,,東京都,,,,,,,美容機器メーカー ディーラー関連サービス,営業中（推定）,,未収集,収集元推奨: BeautyWorld Japan展示会出展者一覧 / 国税庁法人番号DB
2127,,美容機器メーカー・ディーラー,,東京都,,,,,,,美容機器メーカー ディーラー関連サービス,営業中（推定）,,未収集,収集元推奨: BeautyWorld Japan展示会出展者一覧 / 国税庁法人番号DB
2128,,美容機器メーカー・ディーラー,,東京都,,,,,,,美容機器メーカー ディーラー関連サービス,営業中（推定）,,未収集,収集元推奨: BeautyWorld Japan展示会出展者一覧 / 国税庁法人番号DB
2129,,美容機器メーカー・ディーラー,,東京都,,,,,,,美容機器メーカー ディーラー関連サービス,営業中（推定）,,未収集,収集元推奨: BeautyWorld Japan展示会出展者一覧 / 国税庁法人番号DB
2130,,美容機器メーカー・ディーラー,,東京都,,,,,,,美容機器メーカー ディーラー関連サービス,営業中（推定）,,未収集,収集元推奨: BeautyWorld Japan展示会出展者一覧 / 国税庁法人番号DB
2131,,美容機器メーカー・ディーラー,,東京都,,,,,,,美容機器メーカー ディーラー関連サービス,営業中（推定）,,未収集,収集元推奨: BeautyWorld Japan展示会出展者一覧 / 国税庁法人番号DB
2132,,美容機器メーカー・ディーラー,,東京都,,,,,,,美容機器メーカー ディーラー関連サービス,営業中（推定）,,未収集,収集元推奨: BeautyWorld Japan展示会出展者一覧 / 国税庁法人番号DB
2133,,美容機器メーカー・ディーラー,,東京都,,,,,,,美容機器メーカー ディーラー関連サービス,営業中（推定）,,未収集,収集元推奨: BeautyWorld Japan展示会出展者一覧 / 国税庁法人番号DB
2134,,美容機器メーカー・ディーラー,,東京都,,,,,,,美容機器メーカー ディーラー関連サービス,営業中（推定）,,未収集,収集元推奨: BeautyWorld Japan展示会出展者一覧 / 国税庁法人番号DB
2135,,美容機器メーカー・ディーラー,,東京都,,,,,,,美容機器メーカー ディーラー関連サービス,営業中（推定）,,未収集,収集元推奨: BeautyWorld Japan展示会出展者一覧 / 国税庁法人番号DB
2136,,美容機器メーカー・ディーラー,,東京都,,,,,,,美容機器メーカー ディーラー関連サービス,営業中（推定）,,未収集,収集元推奨: BeautyWorld Japan展示会出展者一覧 / 国税庁法人番号DB
2137,,美容機器メーカー・ディーラー,,東京都,,,,,,,美容機器メーカー ディーラー関連サービス,営業中（推定）,,未収集,収集元推奨: BeautyWorld Japan展示会出展者一覧 / 国税庁法人番号DB
2138,,美容機器メーカー・ディーラー,,東京都,,,,,,,美容機器メーカー ディーラー関連サービス,営業中（推定）,,未収集,収集元推奨: BeautyWorld Japan展示会出展者一覧 / 国税庁法人番号DB
2139,,美容機器メーカー・ディーラー,,東京都,,,,,,,美容機器メーカー ディーラー関連サービス,営業中（推定）,,未収集,収集元推奨: BeautyWorld Japan展示会出展者一覧 / 国税庁法人番号DB
2140,,美容機器メーカー・ディーラー,,東京都,,,,,,,美容機器メーカー ディーラー関連サービス,営業中（推定）,,未収集,収集元推奨: BeautyWorld Japan展示会出展者一覧 / 国税庁法人番号DB
2141,,美容機器メーカー・ディーラー,,東京都,,,,,,,美容機器メーカー ディーラー関連サービス,営業中（推定）,,未収集,収集元推奨: BeautyWorld Japan展示会出展者一覧 / 国税庁法人番号DB
2142,,美容機器メーカー・ディーラー,,東京都,,,,,,,美容機器メーカー ディーラー関連サービス,営業中（推定）,,未収集,収集元推奨: BeautyWorld Japan展示会出展者一覧 / 国税庁法人番号DB
2143,,美容機器メーカー・ディーラー,,東京都,,,,,,,美容機器メーカー ディーラー関連サービス,営業中（推定）,,未収集,収集元推奨: BeautyWorld Japan展示会出展者一覧 / 国税庁法人番号DB
2144,,美容機器メーカー・ディーラー,,東京都,,,,,,,美容機器メーカー ディーラー関連サービス,営業中（推定）,,未収集,収集元推奨: BeautyWorld Japan展示会出展者一覧 / 国税庁法人番号DB
2145,,美容機器メーカー・ディーラー,,東京都,,,,,,,美容機器メーカー ディーラー関連サービス,営業中（推定）,,未収集,収集元推奨: BeautyWorld Japan展示会出展者一覧 / 国税庁法人番号DB
2146,,美容機器メーカー・ディーラー,,東京都,,,,,,,美容機器メーカー ディーラー関連サービス,営業中（推定）,,未収集,収集元推奨: BeautyWorld Japan展示会出展者一覧 / 国税庁法人番号DB
2147,,美容機器メーカー・ディーラー,,東京都,,,,,,,美容機器メーカー ディーラー関連サービス,営業中（推定）,,未収集,収集元推奨: BeautyWorld Japan展示会出展者一覧 / 国税庁法人番号DB
2148,,美容機器メーカー・ディーラー,,東京都,,,,,,,美容機器メーカー ディーラー関連サービス,営業中（推定）,,未収集,収集元推奨: BeautyWorld Japan展示会出展者一覧 / 国税庁法人番号DB
2149,,美容機器メーカー・ディーラー,,東京都,,,,,,,美容機器メーカー ディーラー関連サービス,営業中（推定）,,未収集,収集元推奨: BeautyWorld Japan展示会出展者一覧 / 国税庁法人番号DB
2150,,美容機器メーカー・ディーラー,,東京都,,,,,,,美容機器メーカー ディーラー関連サービス,営業中（推定）,,未収集,収集元推奨: BeautyWorld Japan展示会出展者一覧 / 国税庁法人番号DB
2151,,美容機器メーカー・ディーラー,,東京都,,,,,,,美容機器メーカー ディーラー関連サービス,営業中（推定）,,未収集,収集元推奨: BeautyWorld Japan展示会出展者一覧 / 国税庁法人番号DB
2152,,美容機器メーカー・ディーラー,,東京都,,,,,,,美容機器メーカー ディーラー関連サービス,営業中（推定）,,未収集,収集元推奨: BeautyWorld Japan展示会出展者一覧 / 国税庁法人番号DB
2153,,美容機器メーカー・ディーラー,,東京都,,,,,,,美容機器メーカー ディーラー関連サービス,営業中（推定）,,未収集,収集元推奨: BeautyWorld Japan展示会出展者一覧 / 国税庁法人番号DB
2154,,美容機器メーカー・ディーラー,,東京都,,,,,,,美容機器メーカー ディーラー関連サービス,営業中（推定）,,未収集,収集元推奨: BeautyWorld Japan展示会出展者一覧 / 国税庁法人番号DB
2155,,美容機器メーカー・ディーラー,,東京都,,,,,,,美容機器メーカー ディーラー関連サービス,営業中（推定）,,未収集,収集元推奨: BeautyWorld Japan展示会出展者一覧 / 国税庁法人番号DB
2156,,美容機器メーカー・ディーラー,,東京都,,,,,,,美容機器メーカー ディーラー関連サービス,営業中（推定）,,未収集,収集元推奨: BeautyWorld Japan展示会出展者一覧 / 国税庁法人番号DB
2157,,美容機器メーカー・ディーラー,,東京都,,,,,,,美容機器メーカー ディーラー関連サービス,営業中（推定）,,未収集,収集元推奨: BeautyWorld Japan展示会出展者一覧 / 国税庁法人番号DB
2158,,美容機器メーカー・ディーラー,,東京都,,,,,,,美容機器メーカー ディーラー関連サービス,営業中（推定）,,未収集,収集元推奨: BeautyWorld Japan展示会出展者一覧 / 国税庁法人番号DB
2159,,美容機器メーカー・ディーラー,,東京都,,,,,,,美容機器メーカー ディーラー関連サービス,営業中（推定）,,未収集,収集元推奨: BeautyWorld Japan展示会出展者一覧 / 国税庁法人番号DB
2160,,美容機器メーカー・ディーラー,,東京都,,,,,,,美容機器メーカー ディーラー関連サービス,営業中（推定）,,未収集,収集元推奨: BeautyWorld Japan展示会出展者一覧 / 国税庁法人番号DB
2161,,美容機器メーカー・ディーラー,,東京都,,,,,,,美容機器メーカー ディーラー関連サービス,営業中（推定）,,未収集,収集元推奨: BeautyWorld Japan展示会出展者一覧 / 国税庁法人番号DB
2162,,美容機器メーカー・ディーラー,,東京都,,,,,,,美容機器メーカー ディーラー関連サービス,営業中（推定）,,未収集,収集元推奨: BeautyWorld Japan展示会出展者一覧 / 国税庁法人番号DB
2163,,美容機器メーカー・ディーラー,,東京都,,,,,,,美容機器メーカー ディーラー関連サービス,営業中（推定）,,未収集,収集元推奨: BeautyWorld Japan展示会出展者一覧 / 国税庁法人番号DB
2164,,美容機器メーカー・ディーラー,,東京都,,,,,,,美容機器メーカー ディーラー関連サービス,営業中（推定）,,未収集,収集元推奨: BeautyWorld Japan展示会出展者一覧 / 国税庁法人番号DB
2165,,美容機器メーカー・ディーラー,,東京都,,,,,,,美容機器メーカー ディーラー関連サービス,営業中（推定）,,未収集,収集元推奨: BeautyWorld Japan展示会出展者一覧 / 国税庁法人番号DB
2166,,美容機器メーカー・ディーラー,,東京都,,,,,,,美容機器メーカー ディーラー関連サービス,営業中（推定）,,未収集,収集元推奨: BeautyWorld Japan展示会出展者一覧 / 国税庁法人番号DB
2167,,美容機器メーカー・ディーラー,,東京都,,,,,,,美容機器メーカー ディーラー関連サービス,営業中（推定）,,未収集,収集元推奨: BeautyWorld Japan展示会出展者一覧 / 国税庁法人番号DB
2168,,美容機器メーカー・ディーラー,,東京都,,,,,,,美容機器メーカー ディーラー関連サービス,営業中（推定）,,未収集,収集元推奨: BeautyWorld Japan展示会出展者一覧 / 国税庁法人番号DB
2169,,美容機器メーカー・ディーラー,,東京都,,,,,,,美容機器メーカー ディーラー関連サービス,営業中（推定）,,未収集,収集元推奨: BeautyWorld Japan展示会出展者一覧 / 国税庁法人番号DB
2170,,美容機器メーカー・ディーラー,,東京都,,,,,,,美容機器メーカー ディーラー関連サービス,営業中（推定）,,未収集,収集元推奨: BeautyWorld Japan展示会出展者一覧 / 国税庁法人番号DB
2171,,美容機器メーカー・ディーラー,,東京都,,,,,,,美容機器メーカー ディーラー関連サービス,営業中（推定）,,未収集,収集元推奨: BeautyWorld Japan展示会出展者一覧 / 国税庁法人番号DB
2172,,美容機器メーカー・ディーラー,,東京都,,,,,,,美容機器メーカー ディーラー関連サービス,営業中（推定）,,未収集,収集元推奨: BeautyWorld Japan展示会出展者一覧 / 国税庁法人番号DB
2173,,美容機器メーカー・ディーラー,,東京都,,,,,,,美容機器メーカー ディーラー関連サービス,営業中（推定）,,未収集,収集元推奨: BeautyWorld Japan展示会出展者一覧 / 国税庁法人番号DB
2174,,美容機器メーカー・ディーラー,,東京都,,,,,,,美容機器メーカー ディーラー関連サービス,営業中（推定）,,未収集,収集元推奨: BeautyWorld Japan展示会出展者一覧 / 国税庁法人番号DB
2175,,美容機器メーカー・ディーラー,,東京都,,,,,,,美容機器メーカー ディーラー関連サービス,営業中（推定）,,未収集,収集元推奨: BeautyWorld Japan展示会出展者一覧 / 国税庁法人番号DB
2176,,美容機器メーカー・ディーラー,,東京都,,,,,,,美容機器メーカー ディーラー関連サービス,営業中（推定）,,未収集,収集元推奨: BeautyWorld Japan展示会出展者一覧 / 国税庁法人番号DB
2177,,美容機器メーカー・ディーラー,,東京都,,,,,,,美容機器メーカー ディーラー関連サービス,営業中（推定）,,未収集,収集元推奨: BeautyWorld Japan展示会出展者一覧 / 国税庁法人番号DB
2178,,美容機器メーカー・ディーラー,,東京都,,,,,,,美容機器メーカー ディーラー関連サービス,営業中（推定）,,未収集,収集元推奨: BeautyWorld Japan展示会出展者一覧 / 国税庁法人番号DB
2179,,美容機器メーカー・ディーラー,,東京都,,,,,,,美容機器メーカー ディーラー関連サービス,営業中（推定）,,未収集,収集元推奨: BeautyWorld Japan展示会出展者一覧 / 国税庁法人番号DB
2180,,美容機器メーカー・ディーラー,,東京都,,,,,,,美容機器メーカー ディーラー関連サービス,営業中（推定）,,未収集,収集元推奨: BeautyWorld Japan展示会出展者一覧 / 国税庁法人番号DB
2181,,美容機器メーカー・ディーラー,,東京都,,,,,,,美容機器メーカー ディーラー関連サービス,営業中（推定）,,未収集,収集元推奨: BeautyWorld Japan展示会出展者一覧 / 国税庁法人番号DB
2182,,美容機器メーカー・ディーラー,,東京都,,,,,,,美容機器メーカー ディーラー関連サービス,営業中（推定）,,未収集,収集元推奨: BeautyWorld Japan展示会出展者一覧 / 国税庁法人番号DB
2183,,美容機器メーカー・ディーラー,,東京都,,,,,,,美容機器メーカー ディーラー関連サービス,営業中（推定）,,未収集,収集元推奨: BeautyWorld Japan展示会出展者一覧 / 国税庁法人番号DB
2184,,美容機器メーカー・ディーラー,,東京都,,,,,,,美容機器メーカー ディーラー関連サービス,営業中（推定）,,未収集,収集元推奨: BeautyWorld Japan展示会出展者一覧 / 国税庁法人番号DB
2185,,美容機器メーカー・ディーラー,,東京都,,,,,,,美容機器メーカー ディーラー関連サービス,営業中（推定）,,未収集,収集元推奨: BeautyWorld Japan展示会出展者一覧 / 国税庁法人番号DB
2186,,美容機器メーカー・ディーラー,,東京都,,,,,,,美容機器メーカー ディーラー関連サービス,営業中（推定）,,未収集,収集元推奨: BeautyWorld Japan展示会出展者一覧 / 国税庁法人番号DB
2187,,美容機器メーカー・ディーラー,,東京都,,,,,,,美容機器メーカー ディーラー関連サービス,営業中（推定）,,未収集,収集元推奨: BeautyWorld Japan展示会出展者一覧 / 国税庁法人番号DB
2188,,美容機器メーカー・ディーラー,,東京都,,,,,,,美容機器メーカー ディーラー関連サービス,営業中（推定）,,未収集,収集元推奨: BeautyWorld Japan展示会出展者一覧 / 国税庁法人番号DB
2189,,美容機器メーカー・ディーラー,,東京都,,,,,,,美容機器メーカー ディーラー関連サービス,営業中（推定）,,未収集,収集元推奨: BeautyWorld Japan展示会出展者一覧 / 国税庁法人番号DB
2190,,美容機器メーカー・ディーラー,,東京都,,,,,,,美容機器メーカー ディーラー関連サービス,営業中（推定）,,未収集,収集元推奨: BeautyWorld Japan展示会出展者一覧 / 国税庁法人番号DB
2191,,化粧品メーカー,,東京都,,,,,,,化粧品メーカー関連サービス,営業中（推定）,,未収集,収集元推奨: 日本化粧品工業会(JCIA)会員 / 国税庁法人番号DB
2192,,化粧品メーカー,,東京都,,,,,,,化粧品メーカー関連サービス,営業中（推定）,,未収集,収集元推奨: 日本化粧品工業会(JCIA)会員 / 国税庁法人番号DB
2193,,化粧品メーカー,,東京都,,,,,,,化粧品メーカー関連サービス,営業中（推定）,,未収集,収集元推奨: 日本化粧品工業会(JCIA)会員 / 国税庁法人番号DB
2194,,化粧品メーカー,,東京都,,,,,,,化粧品メーカー関連サービス,営業中（推定）,,未収集,収集元推奨: 日本化粧品工業会(JCIA)会員 / 国税庁法人番号DB
2195,,化粧品メーカー,,東京都,,,,,,,化粧品メーカー関連サービス,営業中（推定）,,未収集,収集元推奨: 日本化粧品工業会(JCIA)会員 / 国税庁法人番号DB
2196,,化粧品メーカー,,東京都,,,,,,,化粧品メーカー関連サービス,営業中（推定）,,未収集,収集元推奨: 日本化粧品工業会(JCIA)会員 / 国税庁法人番号DB
2197,,化粧品メーカー,,東京都,,,,,,,化粧品メーカー関連サービス,営業中（推定）,,未収集,収集元推奨: 日本化粧品工業会(JCIA)会員 / 国税庁法人番号DB
2198,,化粧品メーカー,,東京都,,,,,,,化粧品メーカー関連サービス,営業中（推定）,,未収集,収集元推奨: 日本化粧品工業会(JCIA)会員 / 国税庁法人番号DB
2199,,化粧品メーカー,,東京都,,,,,,,化粧品メーカー関連サービス,営業中（推定）,,未収集,収集元推奨: 日本化粧品工業会(JCIA)会員 / 国税庁法人番号DB
2200,,化粧品メーカー,,東京都,,,,,,,化粧品メーカー関連サービス,営業中（推定）,,未収集,収集元推奨: 日本化粧品工業会(JCIA)会員 / 国税庁法人番号DB
2201,,化粧品メーカー,,東京都,,,,,,,化粧品メーカー関連サービス,営業中（推定）,,未収集,収集元推奨: 日本化粧品工業会(JCIA)会員 / 国税庁法人番号DB
2202,,化粧品メーカー,,東京都,,,,,,,化粧品メーカー関連サービス,営業中（推定）,,未収集,収集元推奨: 日本化粧品工業会(JCIA)会員 / 国税庁法人番号DB
2203,,化粧品メーカー,,東京都,,,,,,,化粧品メーカー関連サービス,営業中（推定）,,未収集,収集元推奨: 日本化粧品工業会(JCIA)会員 / 国税庁法人番号DB
2204,,化粧品メーカー,,東京都,,,,,,,化粧品メーカー関連サービス,営業中（推定）,,未収集,収集元推奨: 日本化粧品工業会(JCIA)会員 / 国税庁法人番号DB
2205,,化粧品メーカー,,東京都,,,,,,,化粧品メーカー関連サービス,営業中（推定）,,未収集,収集元推奨: 日本化粧品工業会(JCIA)会員 / 国税庁法人番号DB
2206,,化粧品メーカー,,東京都,,,,,,,化粧品メーカー関連サービス,営業中（推定）,,未収集,収集元推奨: 日本化粧品工業会(JCIA)会員 / 国税庁法人番号DB
2207,,化粧品メーカー,,東京都,,,,,,,化粧品メーカー関連サービス,営業中（推定）,,未収集,収集元推奨: 日本化粧品工業会(JCIA)会員 / 国税庁法人番号DB
2208,,化粧品メーカー,,東京都,,,,,,,化粧品メーカー関連サービス,営業中（推定）,,未収集,収集元推奨: 日本化粧品工業会(JCIA)会員 / 国税庁法人番号DB
2209,,化粧品メーカー,,東京都,,,,,,,化粧品メーカー関連サービス,営業中（推定）,,未収集,収集元推奨: 日本化粧品工業会(JCIA)会員 / 国税庁法人番号DB
2210,,化粧品メーカー,,東京都,,,,,,,化粧品メーカー関連サービス,営業中（推定）,,未収集,収集元推奨: 日本化粧品工業会(JCIA)会員 / 国税庁法人番号DB
2211,,化粧品メーカー,,東京都,,,,,,,化粧品メーカー関連サービス,営業中（推定）,,未収集,収集元推奨: 日本化粧品工業会(JCIA)会員 / 国税庁法人番号DB
2212,,化粧品メーカー,,東京都,,,,,,,化粧品メーカー関連サービス,営業中（推定）,,未収集,収集元推奨: 日本化粧品工業会(JCIA)会員 / 国税庁法人番号DB
2213,,化粧品メーカー,,東京都,,,,,,,化粧品メーカー関連サービス,営業中（推定）,,未収集,収集元推奨: 日本化粧品工業会(JCIA)会員 / 国税庁法人番号DB
2214,,化粧品メーカー,,東京都,,,,,,,化粧品メーカー関連サービス,営業中（推定）,,未収集,収集元推奨: 日本化粧品工業会(JCIA)会員 / 国税庁法人番号DB
2215,,化粧品メーカー,,東京都,,,,,,,化粧品メーカー関連サービス,営業中（推定）,,未収集,収集元推奨: 日本化粧品工業会(JCIA)会員 / 国税庁法人番号DB
2216,,化粧品メーカー,,東京都,,,,,,,化粧品メーカー関連サービス,営業中（推定）,,未収集,収集元推奨: 日本化粧品工業会(JCIA)会員 / 国税庁法人番号DB
2217,,化粧品メーカー,,東京都,,,,,,,化粧品メーカー関連サービス,営業中（推定）,,未収集,収集元推奨: 日本化粧品工業会(JCIA)会員 / 国税庁法人番号DB
2218,,化粧品メーカー,,東京都,,,,,,,化粧品メーカー関連サービス,営業中（推定）,,未収集,収集元推奨: 日本化粧品工業会(JCIA)会員 / 国税庁法人番号DB
2219,,化粧品メーカー,,東京都,,,,,,,化粧品メーカー関連サービス,営業中（推定）,,未収集,収集元推奨: 日本化粧品工業会(JCIA)会員 / 国税庁法人番号DB
2220,,化粧品メーカー,,東京都,,,,,,,化粧品メーカー関連サービス,営業中（推定）,,未収集,収集元推奨: 日本化粧品工業会(JCIA)会員 / 国税庁法人番号DB
2221,,化粧品メーカー,,東京都,,,,,,,化粧品メーカー関連サービス,営業中（推定）,,未収集,収集元推奨: 日本化粧品工業会(JCIA)会員 / 国税庁法人番号DB
2222,,化粧品メーカー,,東京都,,,,,,,化粧品メーカー関連サービス,営業中（推定）,,未収集,収集元推奨: 日本化粧品工業会(JCIA)会員 / 国税庁法人番号DB
2223,,化粧品メーカー,,東京都,,,,,,,化粧品メーカー関連サービス,営業中（推定）,,未収集,収集元推奨: 日本化粧品工業会(JCIA)会員 / 国税庁法人番号DB
2224,,化粧品メーカー,,東京都,,,,,,,化粧品メーカー関連サービス,営業中（推定）,,未収集,収集元推奨: 日本化粧品工業会(JCIA)会員 / 国税庁法人番号DB
2225,,化粧品メーカー,,東京都,,,,,,,化粧品メーカー関連サービス,営業中（推定）,,未収集,収集元推奨: 日本化粧品工業会(JCIA)会員 / 国税庁法人番号DB
2226,,化粧品メーカー,,東京都,,,,,,,化粧品メーカー関連サービス,営業中（推定）,,未収集,収集元推奨: 日本化粧品工業会(JCIA)会員 / 国税庁法人番号DB
2227,,化粧品メーカー,,東京都,,,,,,,化粧品メーカー関連サービス,営業中（推定）,,未収集,収集元推奨: 日本化粧品工業会(JCIA)会員 / 国税庁法人番号DB
2228,,化粧品メーカー,,東京都,,,,,,,化粧品メーカー関連サービス,営業中（推定）,,未収集,収集元推奨: 日本化粧品工業会(JCIA)会員 / 国税庁法人番号DB
2229,,化粧品メーカー,,東京都,,,,,,,化粧品メーカー関連サービス,営業中（推定）,,未収集,収集元推奨: 日本化粧品工業会(JCIA)会員 / 国税庁法人番号DB
2230,,化粧品メーカー,,東京都,,,,,,,化粧品メーカー関連サービス,営業中（推定）,,未収集,収集元推奨: 日本化粧品工業会(JCIA)会員 / 国税庁法人番号DB
2231,,化粧品メーカー,,東京都,,,,,,,化粧品メーカー関連サービス,営業中（推定）,,未収集,収集元推奨: 日本化粧品工業会(JCIA)会員 / 国税庁法人番号DB
2232,,化粧品メーカー,,東京都,,,,,,,化粧品メーカー関連サービス,営業中（推定）,,未収集,収集元推奨: 日本化粧品工業会(JCIA)会員 / 国税庁法人番号DB
2233,,化粧品メーカー,,東京都,,,,,,,化粧品メーカー関連サービス,営業中（推定）,,未収集,収集元推奨: 日本化粧品工業会(JCIA)会員 / 国税庁法人番号DB
2234,,化粧品メーカー,,東京都,,,,,,,化粧品メーカー関連サービス,営業中（推定）,,未収集,収集元推奨: 日本化粧品工業会(JCIA)会員 / 国税庁法人番号DB
2235,,化粧品メーカー,,東京都,,,,,,,化粧品メーカー関連サービス,営業中（推定）,,未収集,収集元推奨: 日本化粧品工業会(JCIA)会員 / 国税庁法人番号DB
2236,,化粧品メーカー,,東京都,,,,,,,化粧品メーカー関連サービス,営業中（推定）,,未収集,収集元推奨: 日本化粧品工業会(JCIA)会員 / 国税庁法人番号DB
2237,,化粧品メーカー,,東京都,,,,,,,化粧品メーカー関連サービス,営業中（推定）,,未収集,収集元推奨: 日本化粧品工業会(JCIA)会員 / 国税庁法人番号DB
2238,,化粧品メーカー,,東京都,,,,,,,化粧品メーカー関連サービス,営業中（推定）,,未収集,収集元推奨: 日本化粧品工業会(JCIA)会員 / 国税庁法人番号DB
2239,,化粧品メーカー,,東京都,,,,,,,化粧品メーカー関連サービス,営業中（推定）,,未収集,収集元推奨: 日本化粧品工業会(JCIA)会員 / 国税庁法人番号DB
2240,,化粧品メーカー,,東京都,,,,,,,化粧品メーカー関連サービス,営業中（推定）,,未収集,収集元推奨: 日本化粧品工業会(JCIA)会員 / 国税庁法人番号DB
2241,,化粧品メーカー,,東京都,,,,,,,化粧品メーカー関連サービス,営業中（推定）,,未収集,収集元推奨: 日本化粧品工業会(JCIA)会員 / 国税庁法人番号DB
2242,,化粧品メーカー,,東京都,,,,,,,化粧品メーカー関連サービス,営業中（推定）,,未収集,収集元推奨: 日本化粧品工業会(JCIA)会員 / 国税庁法人番号DB
2243,,化粧品メーカー,,東京都,,,,,,,化粧品メーカー関連サービス,営業中（推定）,,未収集,収集元推奨: 日本化粧品工業会(JCIA)会員 / 国税庁法人番号DB
2244,,化粧品メーカー,,東京都,,,,,,,化粧品メーカー関連サービス,営業中（推定）,,未収集,収集元推奨: 日本化粧品工業会(JCIA)会員 / 国税庁法人番号DB
2245,,化粧品メーカー,,東京都,,,,,,,化粧品メーカー関連サービス,営業中（推定）,,未収集,収集元推奨: 日本化粧品工業会(JCIA)会員 / 国税庁法人番号DB
2246,,化粧品メーカー,,東京都,,,,,,,化粧品メーカー関連サービス,営業中（推定）,,未収集,収集元推奨: 日本化粧品工業会(JCIA)会員 / 国税庁法人番号DB
2247,,化粧品メーカー,,東京都,,,,,,,化粧品メーカー関連サービス,営業中（推定）,,未収集,収集元推奨: 日本化粧品工業会(JCIA)会員 / 国税庁法人番号DB
2248,,化粧品メーカー,,東京都,,,,,,,化粧品メーカー関連サービス,営業中（推定）,,未収集,収集元推奨: 日本化粧品工業会(JCIA)会員 / 国税庁法人番号DB
2249,,化粧品メーカー,,東京都,,,,,,,化粧品メーカー関連サービス,営業中（推定）,,未収集,収集元推奨: 日本化粧品工業会(JCIA)会員 / 国税庁法人番号DB
2250,,化粧品メーカー,,東京都,,,,,,,化粧品メーカー関連サービス,営業中（推定）,,未収集,収集元推奨: 日本化粧品工業会(JCIA)会員 / 国税庁法人番号DB
2251,,化粧品メーカー,,東京都,,,,,,,化粧品メーカー関連サービス,営業中（推定）,,未収集,収集元推奨: 日本化粧品工業会(JCIA)会員 / 国税庁法人番号DB
2252,,化粧品メーカー,,東京都,,,,,,,化粧品メーカー関連サービス,営業中（推定）,,未収集,収集元推奨: 日本化粧品工業会(JCIA)会員 / 国税庁法人番号DB
2253,,化粧品メーカー,,東京都,,,,,,,化粧品メーカー関連サービス,営業中（推定）,,未収集,収集元推奨: 日本化粧品工業会(JCIA)会員 / 国税庁法人番号DB
2254,,化粧品メーカー,,東京都,,,,,,,化粧品メーカー関連サービス,営業中（推定）,,未収集,収集元推奨: 日本化粧品工業会(JCIA)会員 / 国税庁法人番号DB
2255,,化粧品メーカー,,東京都,,,,,,,化粧品メーカー関連サービス,営業中（推定）,,未収集,収集元推奨: 日本化粧品工業会(JCIA)会員 / 国税庁法人番号DB
2256,,化粧品メーカー,,東京都,,,,,,,化粧品メーカー関連サービス,営業中（推定）,,未収集,収集元推奨: 日本化粧品工業会(JCIA)会員 / 国税庁法人番号DB
2257,,化粧品メーカー,,東京都,,,,,,,化粧品メーカー関連サービス,営業中（推定）,,未収集,収集元推奨: 日本化粧品工業会(JCIA)会員 / 国税庁法人番号DB
2258,,化粧品メーカー,,東京都,,,,,,,化粧品メーカー関連サービス,営業中（推定）,,未収集,収集元推奨: 日本化粧品工業会(JCIA)会員 / 国税庁法人番号DB
2259,,化粧品メーカー,,東京都,,,,,,,化粧品メーカー関連サービス,営業中（推定）,,未収集,収集元推奨: 日本化粧品工業会(JCIA)会員 / 国税庁法人番号DB
2260,,化粧品メーカー,,東京都,,,,,,,化粧品メーカー関連サービス,営業中（推定）,,未収集,収集元推奨: 日本化粧品工業会(JCIA)会員 / 国税庁法人番号DB
2261,,化粧品メーカー,,東京都,,,,,,,化粧品メーカー関連サービス,営業中（推定）,,未収集,収集元推奨: 日本化粧品工業会(JCIA)会員 / 国税庁法人番号DB
2262,,化粧品メーカー,,東京都,,,,,,,化粧品メーカー関連サービス,営業中（推定）,,未収集,収集元推奨: 日本化粧品工業会(JCIA)会員 / 国税庁法人番号DB
2263,,化粧品メーカー,,東京都,,,,,,,化粧品メーカー関連サービス,営業中（推定）,,未収集,収集元推奨: 日本化粧品工業会(JCIA)会員 / 国税庁法人番号DB
2264,,化粧品メーカー,,東京都,,,,,,,化粧品メーカー関連サービス,営業中（推定）,,未収集,収集元推奨: 日本化粧品工業会(JCIA)会員 / 国税庁法人番号DB
2265,,化粧品メーカー,,東京都,,,,,,,化粧品メーカー関連サービス,営業中（推定）,,未収集,収集元推奨: 日本化粧品工業会(JCIA)会員 / 国税庁法人番号DB
2266,,化粧品メーカー,,東京都,,,,,,,化粧品メーカー関連サービス,営業中（推定）,,未収集,収集元推奨: 日本化粧品工業会(JCIA)会員 / 国税庁法人番号DB
2267,,化粧品メーカー,,東京都,,,,,,,化粧品メーカー関連サービス,営業中（推定）,,未収集,収集元推奨: 日本化粧品工業会(JCIA)会員 / 国税庁法人番号DB
2268,,化粧品メーカー,,東京都,,,,,,,化粧品メーカー関連サービス,営業中（推定）,,未収集,収集元推奨: 日本化粧品工業会(JCIA)会員 / 国税庁法人番号DB
2269,,化粧品メーカー,,東京都,,,,,,,化粧品メーカー関連サービス,営業中（推定）,,未収集,収集元推奨: 日本化粧品工業会(JCIA)会員 / 国税庁法人番号DB
2270,,化粧品メーカー,,東京都,,,,,,,化粧品メーカー関連サービス,営業中（推定）,,未収集,収集元推奨: 日本化粧品工業会(JCIA)会員 / 国税庁法人番号DB
2271,,化粧品メーカー,,東京都,,,,,,,化粧品メーカー関連サービス,営業中（推定）,,未収集,収集元推奨: 日本化粧品工業会(JCIA)会員 / 国税庁法人番号DB
2272,,化粧品メーカー,,東京都,,,,,,,化粧品メーカー関連サービス,営業中（推定）,,未収集,収集元推奨: 日本化粧品工業会(JCIA)会員 / 国税庁法人番号DB
2273,,化粧品メーカー,,東京都,,,,,,,化粧品メーカー関連サービス,営業中（推定）,,未収集,収集元推奨: 日本化粧品工業会(JCIA)会員 / 国税庁法人番号DB
2274,,化粧品メーカー,,東京都,,,,,,,化粧品メーカー関連サービス,営業中（推定）,,未収集,収集元推奨: 日本化粧品工業会(JCIA)会員 / 国税庁法人番号DB
2275,,化粧品メーカー,,東京都,,,,,,,化粧品メーカー関連サービス,営業中（推定）,,未収集,収集元推奨: 日本化粧品工業会(JCIA)会員 / 国税庁法人番号DB
2276,,化粧品メーカー,,東京都,,,,,,,化粧品メーカー関連サービス,営業中（推定）,,未収集,収集元推奨: 日本化粧品工業会(JCIA)会員 / 国税庁法人番号DB
2277,,化粧品メーカー,,東京都,,,,,,,化粧品メーカー関連サービス,営業中（推定）,,未収集,収集元推奨: 日本化粧品工業会(JCIA)会員 / 国税庁法人番号DB
2278,,化粧品メーカー,,東京都,,,,,,,化粧品メーカー関連サービス,営業中（推定）,,未収集,収集元推奨: 日本化粧品工業会(JCIA)会員 / 国税庁法人番号DB
2279,,化粧品メーカー,,東京都,,,,,,,化粧品メーカー関連サービス,営業中（推定）,,未収集,収集元推奨: 日本化粧品工業会(JCIA)会員 / 国税庁法人番号DB
2280,,化粧品メーカー,,東京都,,,,,,,化粧品メーカー関連サービス,営業中（推定）,,未収集,収集元推奨: 日本化粧品工業会(JCIA)会員 / 国税庁法人番号DB
2281,,化粧品メーカー,,東京都,,,,,,,化粧品メーカー関連サービス,営業中（推定）,,未収集,収集元推奨: 日本化粧品工業会(JCIA)会員 / 国税庁法人番号DB
2282,,化粧品メーカー,,東京都,,,,,,,化粧品メーカー関連サービス,営業中（推定）,,未収集,収集元推奨: 日本化粧品工業会(JCIA)会員 / 国税庁法人番号DB
2283,,化粧品メーカー,,東京都,,,,,,,化粧品メーカー関連サービス,営業中（推定）,,未収集,収集元推奨: 日本化粧品工業会(JCIA)会員 / 国税庁法人番号DB
2284,,化粧品メーカー,,東京都,,,,,,,化粧品メーカー関連サービス,営業中（推定）,,未収集,収集元推奨: 日本化粧品工業会(JCIA)会員 / 国税庁法人番号DB
2285,,化粧品メーカー,,東京都,,,,,,,化粧品メーカー関連サービス,営業中（推定）,,未収集,収集元推奨: 日本化粧品工業会(JCIA)会員 / 国税庁法人番号DB
2286,,化粧品メーカー,,東京都,,,,,,,化粧品メーカー関連サービス,営業中（推定）,,未収集,収集元推奨: 日本化粧品工業会(JCIA)会員 / 国税庁法人番号DB
2287,,化粧品メーカー,,東京都,,,,,,,化粧品メーカー関連サービス,営業中（推定）,,未収集,収集元推奨: 日本化粧品工業会(JCIA)会員 / 国税庁法人番号DB
2288,,化粧品メーカー,,東京都,,,,,,,化粧品メーカー関連サービス,営業中（推定）,,未収集,収集元推奨: 日本化粧品工業会(JCIA)会員 / 国税庁法人番号DB
2289,,化粧品メーカー,,東京都,,,,,,,化粧品メーカー関連サービス,営業中（推定）,,未収集,収集元推奨: 日本化粧品工業会(JCIA)会員 / 国税庁法人番号DB
2290,,化粧品メーカー,,東京都,,,,,,,化粧品メーカー関連サービス,営業中（推定）,,未収集,収集元推奨: 日本化粧品工業会(JCIA)会員 / 国税庁法人番号DB
2291,,化粧品メーカー,,東京都,,,,,,,化粧品メーカー関連サービス,営業中（推定）,,未収集,収集元推奨: 日本化粧品工業会(JCIA)会員 / 国税庁法人番号DB
2292,,化粧品メーカー,,東京都,,,,,,,化粧品メーカー関連サービス,営業中（推定）,,未収集,収集元推奨: 日本化粧品工業会(JCIA)会員 / 国税庁法人番号DB
2293,,化粧品メーカー,,東京都,,,,,,,化粧品メーカー関連サービス,営業中（推定）,,未収集,収集元推奨: 日本化粧品工業会(JCIA)会員 / 国税庁法人番号DB
2294,,化粧品メーカー,,東京都,,,,,,,化粧品メーカー関連サービス,営業中（推定）,,未収集,収集元推奨: 日本化粧品工業会(JCIA)会員 / 国税庁法人番号DB
2295,,化粧品メーカー,,東京都,,,,,,,化粧品メーカー関連サービス,営業中（推定）,,未収集,収集元推奨: 日本化粧品工業会(JCIA)会員 / 国税庁法人番号DB
2296,,化粧品メーカー,,東京都,,,,,,,化粧品メーカー関連サービス,営業中（推定）,,未収集,収集元推奨: 日本化粧品工業会(JCIA)会員 / 国税庁法人番号DB
2297,,化粧品メーカー,,東京都,,,,,,,化粧品メーカー関連サービス,営業中（推定）,,未収集,収集元推奨: 日本化粧品工業会(JCIA)会員 / 国税庁法人番号DB
2298,,化粧品メーカー,,東京都,,,,,,,化粧品メーカー関連サービス,営業中（推定）,,未収集,収集元推奨: 日本化粧品工業会(JCIA)会員 / 国税庁法人番号DB
2299,,化粧品メーカー,,東京都,,,,,,,化粧品メーカー関連サービス,営業中（推定）,,未収集,収集元推奨: 日本化粧品工業会(JCIA)会員 / 国税庁法人番号DB
2300,,化粧品メーカー,,東京都,,,,,,,化粧品メーカー関連サービス,営業中（推定）,,未収集,収集元推奨: 日本化粧品工業会(JCIA)会員 / 国税庁法人番号DB
2301,,化粧品メーカー,,東京都,,,,,,,化粧品メーカー関連サービス,営業中（推定）,,未収集,収集元推奨: 日本化粧品工業会(JCIA)会員 / 国税庁法人番号DB
2302,,化粧品メーカー,,東京都,,,,,,,化粧品メーカー関連サービス,営業中（推定）,,未収集,収集元推奨: 日本化粧品工業会(JCIA)会員 / 国税庁法人番号DB
2303,,化粧品メーカー,,東京都,,,,,,,化粧品メーカー関連サービス,営業中（推定）,,未収集,収集元推奨: 日本化粧品工業会(JCIA)会員 / 国税庁法人番号DB
2304,,化粧品メーカー,,東京都,,,,,,,化粧品メーカー関連サービス,営業中（推定）,,未収集,収集元推奨: 日本化粧品工業会(JCIA)会員 / 国税庁法人番号DB
2305,,化粧品メーカー,,東京都,,,,,,,化粧品メーカー関連サービス,営業中（推定）,,未収集,収集元推奨: 日本化粧品工業会(JCIA)会員 / 国税庁法人番号DB
2306,,化粧品メーカー,,東京都,,,,,,,化粧品メーカー関連サービス,営業中（推定）,,未収集,収集元推奨: 日本化粧品工業会(JCIA)会員 / 国税庁法人番号DB
2307,,化粧品メーカー,,東京都,,,,,,,化粧品メーカー関連サービス,営業中（推定）,,未収集,収集元推奨: 日本化粧品工業会(JCIA)会員 / 国税庁法人番号DB
2308,,化粧品メーカー,,東京都,,,,,,,化粧品メーカー関連サービス,営業中（推定）,,未収集,収集元推奨: 日本化粧品工業会(JCIA)会員 / 国税庁法人番号DB
2309,,化粧品メーカー,,東京都,,,,,,,化粧品メーカー関連サービス,営業中（推定）,,未収集,収集元推奨: 日本化粧品工業会(JCIA)会員 / 国税庁法人番号DB
2310,,化粧品メーカー,,東京都,,,,,,,化粧品メーカー関連サービス,営業中（推定）,,未収集,収集元推奨: 日本化粧品工業会(JCIA)会員 / 国税庁法人番号DB
2311,,化粧品メーカー,,東京都,,,,,,,化粧品メーカー関連サービス,営業中（推定）,,未収集,収集元推奨: 日本化粧品工業会(JCIA)会員 / 国税庁法人番号DB
2312,,化粧品メーカー,,東京都,,,,,,,化粧品メーカー関連サービス,営業中（推定）,,未収集,収集元推奨: 日本化粧品工業会(JCIA)会員 / 国税庁法人番号DB
2313,,化粧品メーカー,,東京都,,,,,,,化粧品メーカー関連サービス,営業中（推定）,,未収集,収集元推奨: 日本化粧品工業会(JCIA)会員 / 国税庁法人番号DB
2314,,化粧品メーカー,,東京都,,,,,,,化粧品メーカー関連サービス,営業中（推定）,,未収集,収集元推奨: 日本化粧品工業会(JCIA)会員 / 国税庁法人番号DB
2315,,化粧品メーカー,,東京都,,,,,,,化粧品メーカー関連サービス,営業中（推定）,,未収集,収集元推奨: 日本化粧品工業会(JCIA)会員 / 国税庁法人番号DB
2316,,化粧品メーカー,,東京都,,,,,,,化粧品メーカー関連サービス,営業中（推定）,,未収集,収集元推奨: 日本化粧品工業会(JCIA)会員 / 国税庁法人番号DB
2317,,化粧品メーカー,,東京都,,,,,,,化粧品メーカー関連サービス,営業中（推定）,,未収集,収集元推奨: 日本化粧品工業会(JCIA)会員 / 国税庁法人番号DB
2318,,化粧品メーカー,,東京都,,,,,,,化粧品メーカー関連サービス,営業中（推定）,,未収集,収集元推奨: 日本化粧品工業会(JCIA)会員 / 国税庁法人番号DB
2319,,化粧品メーカー,,東京都,,,,,,,化粧品メーカー関連サービス,営業中（推定）,,未収集,収集元推奨: 日本化粧品工業会(JCIA)会員 / 国税庁法人番号DB
2320,,化粧品メーカー,,東京都,,,,,,,化粧品メーカー関連サービス,営業中（推定）,,未収集,収集元推奨: 日本化粧品工業会(JCIA)会員 / 国税庁法人番号DB
2321,,化粧品メーカー,,東京都,,,,,,,化粧品メーカー関連サービス,営業中（推定）,,未収集,収集元推奨: 日本化粧品工業会(JCIA)会員 / 国税庁法人番号DB
2322,,化粧品メーカー,,東京都,,,,,,,化粧品メーカー関連サービス,営業中（推定）,,未収集,収集元推奨: 日本化粧品工業会(JCIA)会員 / 国税庁法人番号DB
2323,,化粧品メーカー,,東京都,,,,,,,化粧品メーカー関連サービス,営業中（推定）,,未収集,収集元推奨: 日本化粧品工業会(JCIA)会員 / 国税庁法人番号DB
2324,,化粧品メーカー,,東京都,,,,,,,化粧品メーカー関連サービス,営業中（推定）,,未収集,収集元推奨: 日本化粧品工業会(JCIA)会員 / 国税庁法人番号DB
2325,,化粧品メーカー,,東京都,,,,,,,化粧品メーカー関連サービス,営業中（推定）,,未収集,収集元推奨: 日本化粧品工業会(JCIA)会員 / 国税庁法人番号DB
2326,,化粧品メーカー,,東京都,,,,,,,化粧品メーカー関連サービス,営業中（推定）,,未収集,収集元推奨: 日本化粧品工業会(JCIA)会員 / 国税庁法人番号DB
2327,,化粧品メーカー,,東京都,,,,,,,化粧品メーカー関連サービス,営業中（推定）,,未収集,収集元推奨: 日本化粧品工業会(JCIA)会員 / 国税庁法人番号DB
2328,,化粧品メーカー,,東京都,,,,,,,化粧品メーカー関連サービス,営業中（推定）,,未収集,収集元推奨: 日本化粧品工業会(JCIA)会員 / 国税庁法人番号DB
2329,,化粧品メーカー,,東京都,,,,,,,化粧品メーカー関連サービス,営業中（推定）,,未収集,収集元推奨: 日本化粧品工業会(JCIA)会員 / 国税庁法人番号DB
2330,,化粧品メーカー,,東京都,,,,,,,化粧品メーカー関連サービス,営業中（推定）,,未収集,収集元推奨: 日本化粧品工業会(JCIA)会員 / 国税庁法人番号DB
2331,,化粧品メーカー,,東京都,,,,,,,化粧品メーカー関連サービス,営業中（推定）,,未収集,収集元推奨: 日本化粧品工業会(JCIA)会員 / 国税庁法人番号DB
2332,,化粧品メーカー,,東京都,,,,,,,化粧品メーカー関連サービス,営業中（推定）,,未収集,収集元推奨: 日本化粧品工業会(JCIA)会員 / 国税庁法人番号DB
2333,,化粧品メーカー,,東京都,,,,,,,化粧品メーカー関連サービス,営業中（推定）,,未収集,収集元推奨: 日本化粧品工業会(JCIA)会員 / 国税庁法人番号DB
2334,,化粧品メーカー,,東京都,,,,,,,化粧品メーカー関連サービス,営業中（推定）,,未収集,収集元推奨: 日本化粧品工業会(JCIA)会員 / 国税庁法人番号DB
2335,,化粧品メーカー,,東京都,,,,,,,化粧品メーカー関連サービス,営業中（推定）,,未収集,収集元推奨: 日本化粧品工業会(JCIA)会員 / 国税庁法人番号DB
2336,,化粧品メーカー,,東京都,,,,,,,化粧品メーカー関連サービス,営業中（推定）,,未収集,収集元推奨: 日本化粧品工業会(JCIA)会員 / 国税庁法人番号DB
2337,,化粧品メーカー,,東京都,,,,,,,化粧品メーカー関連サービス,営業中（推定）,,未収集,収集元推奨: 日本化粧品工業会(JCIA)会員 / 国税庁法人番号DB
2338,,化粧品メーカー,,東京都,,,,,,,化粧品メーカー関連サービス,営業中（推定）,,未収集,収集元推奨: 日本化粧品工業会(JCIA)会員 / 国税庁法人番号DB
2339,,化粧品メーカー,,東京都,,,,,,,化粧品メーカー関連サービス,営業中（推定）,,未収集,収集元推奨: 日本化粧品工業会(JCIA)会員 / 国税庁法人番号DB
2340,,化粧品メーカー,,東京都,,,,,,,化粧品メーカー関連サービス,営業中（推定）,,未収集,収集元推奨: 日本化粧品工業会(JCIA)会員 / 国税庁法人番号DB
2341,,化粧品メーカー,,東京都,,,,,,,化粧品メーカー関連サービス,営業中（推定）,,未収集,収集元推奨: 日本化粧品工業会(JCIA)会員 / 国税庁法人番号DB
2342,,化粧品メーカー,,東京都,,,,,,,化粧品メーカー関連サービス,営業中（推定）,,未収集,収集元推奨: 日本化粧品工業会(JCIA)会員 / 国税庁法人番号DB
2343,,化粧品メーカー,,東京都,,,,,,,化粧品メーカー関連サービス,営業中（推定）,,未収集,収集元推奨: 日本化粧品工業会(JCIA)会員 / 国税庁法人番号DB
2344,,化粧品メーカー,,東京都,,,,,,,化粧品メーカー関連サービス,営業中（推定）,,未収集,収集元推奨: 日本化粧品工業会(JCIA)会員 / 国税庁法人番号DB
2345,,化粧品メーカー,,東京都,,,,,,,化粧品メーカー関連サービス,営業中（推定）,,未収集,収集元推奨: 日本化粧品工業会(JCIA)会員 / 国税庁法人番号DB
2346,,化粧品メーカー,,東京都,,,,,,,化粧品メーカー関連サービス,営業中（推定）,,未収集,収集元推奨: 日本化粧品工業会(JCIA)会員 / 国税庁法人番号DB
2347,,化粧品メーカー,,東京都,,,,,,,化粧品メーカー関連サービス,営業中（推定）,,未収集,収集元推奨: 日本化粧品工業会(JCIA)会員 / 国税庁法人番号DB
2348,,化粧品メーカー,,東京都,,,,,,,化粧品メーカー関連サービス,営業中（推定）,,未収集,収集元推奨: 日本化粧品工業会(JCIA)会員 / 国税庁法人番号DB
2349,,化粧品メーカー,,東京都,,,,,,,化粧品メーカー関連サービス,営業中（推定）,,未収集,収集元推奨: 日本化粧品工業会(JCIA)会員 / 国税庁法人番号DB
2350,,化粧品メーカー,,東京都,,,,,,,化粧品メーカー関連サービス,営業中（推定）,,未収集,収集元推奨: 日本化粧品工業会(JCIA)会員 / 国税庁法人番号DB
2351,,化粧品メーカー,,東京都,,,,,,,化粧品メーカー関連サービス,営業中（推定）,,未収集,収集元推奨: 日本化粧品工業会(JCIA)会員 / 国税庁法人番号DB
2352,,化粧品メーカー,,東京都,,,,,,,化粧品メーカー関連サービス,営業中（推定）,,未収集,収集元推奨: 日本化粧品工業会(JCIA)会員 / 国税庁法人番号DB
2353,,化粧品メーカー,,東京都,,,,,,,化粧品メーカー関連サービス,営業中（推定）,,未収集,収集元推奨: 日本化粧品工業会(JCIA)会員 / 国税庁法人番号DB
2354,,化粧品メーカー,,東京都,,,,,,,化粧品メーカー関連サービス,営業中（推定）,,未収集,収集元推奨: 日本化粧品工業会(JCIA)会員 / 国税庁法人番号DB
2355,,化粧品メーカー,,東京都,,,,,,,化粧品メーカー関連サービス,営業中（推定）,,未収集,収集元推奨: 日本化粧品工業会(JCIA)会員 / 国税庁法人番号DB
2356,,化粧品メーカー,,東京都,,,,,,,化粧品メーカー関連サービス,営業中（推定）,,未収集,収集元推奨: 日本化粧品工業会(JCIA)会員 / 国税庁法人番号DB
2357,,化粧品メーカー,,東京都,,,,,,,化粧品メーカー関連サービス,営業中（推定）,,未収集,収集元推奨: 日本化粧品工業会(JCIA)会員 / 国税庁法人番号DB
2358,,化粧品メーカー,,東京都,,,,,,,化粧品メーカー関連サービス,営業中（推定）,,未収集,収集元推奨: 日本化粧品工業会(JCIA)会員 / 国税庁法人番号DB
2359,,化粧品メーカー,,東京都,,,,,,,化粧品メーカー関連サービス,営業中（推定）,,未収集,収集元推奨: 日本化粧品工業会(JCIA)会員 / 国税庁法人番号DB
2360,,化粧品メーカー,,東京都,,,,,,,化粧品メーカー関連サービス,営業中（推定）,,未収集,収集元推奨: 日本化粧品工業会(JCIA)会員 / 国税庁法人番号DB
2361,,化粧品メーカー,,東京都,,,,,,,化粧品メーカー関連サービス,営業中（推定）,,未収集,収集元推奨: 日本化粧品工業会(JCIA)会員 / 国税庁法人番号DB
2362,,化粧品メーカー,,東京都,,,,,,,化粧品メーカー関連サービス,営業中（推定）,,未収集,収集元推奨: 日本化粧品工業会(JCIA)会員 / 国税庁法人番号DB
2363,,化粧品メーカー,,東京都,,,,,,,化粧品メーカー関連サービス,営業中（推定）,,未収集,収集元推奨: 日本化粧品工業会(JCIA)会員 / 国税庁法人番号DB
2364,,化粧品メーカー,,東京都,,,,,,,化粧品メーカー関連サービス,営業中（推定）,,未収集,収集元推奨: 日本化粧品工業会(JCIA)会員 / 国税庁法人番号DB
2365,,化粧品メーカー,,東京都,,,,,,,化粧品メーカー関連サービス,営業中（推定）,,未収集,収集元推奨: 日本化粧品工業会(JCIA)会員 / 国税庁法人番号DB
2366,,化粧品メーカー,,東京都,,,,,,,化粧品メーカー関連サービス,営業中（推定）,,未収集,収集元推奨: 日本化粧品工業会(JCIA)会員 / 国税庁法人番号DB
2367,,化粧品メーカー,,東京都,,,,,,,化粧品メーカー関連サービス,営業中（推定）,,未収集,収集元推奨: 日本化粧品工業会(JCIA)会員 / 国税庁法人番号DB
2368,,化粧品メーカー,,東京都,,,,,,,化粧品メーカー関連サービス,営業中（推定）,,未収集,収集元推奨: 日本化粧品工業会(JCIA)会員 / 国税庁法人番号DB
2369,,化粧品メーカー,,東京都,,,,,,,化粧品メーカー関連サービス,営業中（推定）,,未収集,収集元推奨: 日本化粧品工業会(JCIA)会員 / 国税庁法人番号DB
2370,,化粧品メーカー,,東京都,,,,,,,化粧品メーカー関連サービス,営業中（推定）,,未収集,収集元推奨: 日本化粧品工業会(JCIA)会員 / 国税庁法人番号DB
2371,,化粧品メーカー,,東京都,,,,,,,化粧品メーカー関連サービス,営業中（推定）,,未収集,収集元推奨: 日本化粧品工業会(JCIA)会員 / 国税庁法人番号DB
2372,,化粧品メーカー,,東京都,,,,,,,化粧品メーカー関連サービス,営業中（推定）,,未収集,収集元推奨: 日本化粧品工業会(JCIA)会員 / 国税庁法人番号DB
2373,,化粧品メーカー,,東京都,,,,,,,化粧品メーカー関連サービス,営業中（推定）,,未収集,収集元推奨: 日本化粧品工業会(JCIA)会員 / 国税庁法人番号DB
2374,,化粧品メーカー,,東京都,,,,,,,化粧品メーカー関連サービス,営業中（推定）,,未収集,収集元推奨: 日本化粧品工業会(JCIA)会員 / 国税庁法人番号DB
2375,,化粧品メーカー,,東京都,,,,,,,化粧品メーカー関連サービス,営業中（推定）,,未収集,収集元推奨: 日本化粧品工業会(JCIA)会員 / 国税庁法人番号DB
2376,,化粧品メーカー,,東京都,,,,,,,化粧品メーカー関連サービス,営業中（推定）,,未収集,収集元推奨: 日本化粧品工業会(JCIA)会員 / 国税庁法人番号DB
2377,,化粧品メーカー,,東京都,,,,,,,化粧品メーカー関連サービス,営業中（推定）,,未収集,収集元推奨: 日本化粧品工業会(JCIA)会員 / 国税庁法人番号DB
2378,,化粧品メーカー,,東京都,,,,,,,化粧品メーカー関連サービス,営業中（推定）,,未収集,収集元推奨: 日本化粧品工業会(JCIA)会員 / 国税庁法人番号DB
2379,,化粧品メーカー,,東京都,,,,,,,化粧品メーカー関連サービス,営業中（推定）,,未収集,収集元推奨: 日本化粧品工業会(JCIA)会員 / 国税庁法人番号DB
2380,,化粧品メーカー,,東京都,,,,,,,化粧品メーカー関連サービス,営業中（推定）,,未収集,収集元推奨: 日本化粧品工業会(JCIA)会員 / 国税庁法人番号DB
2381,,化粧品メーカー,,東京都,,,,,,,化粧品メーカー関連サービス,営業中（推定）,,未収集,収集元推奨: 日本化粧品工業会(JCIA)会員 / 国税庁法人番号DB
2382,,化粧品メーカー,,東京都,,,,,,,化粧品メーカー関連サービス,営業中（推定）,,未収集,収集元推奨: 日本化粧品工業会(JCIA)会員 / 国税庁法人番号DB
2383,,化粧品メーカー,,東京都,,,,,,,化粧品メーカー関連サービス,営業中（推定）,,未収集,収集元推奨: 日本化粧品工業会(JCIA)会員 / 国税庁法人番号DB
2384,,化粧品メーカー,,東京都,,,,,,,化粧品メーカー関連サービス,営業中（推定）,,未収集,収集元推奨: 日本化粧品工業会(JCIA)会員 / 国税庁法人番号DB
2385,,化粧品メーカー,,東京都,,,,,,,化粧品メーカー関連サービス,営業中（推定）,,未収集,収集元推奨: 日本化粧品工業会(JCIA)会員 / 国税庁法人番号DB
2386,,化粧品メーカー,,東京都,,,,,,,化粧品メーカー関連サービス,営業中（推定）,,未収集,収集元推奨: 日本化粧品工業会(JCIA)会員 / 国税庁法人番号DB
2387,,化粧品メーカー,,東京都,,,,,,,化粧品メーカー関連サービス,営業中（推定）,,未収集,収集元推奨: 日本化粧品工業会(JCIA)会員 / 国税庁法人番号DB
2388,,化粧品メーカー,,東京都,,,,,,,化粧品メーカー関連サービス,営業中（推定）,,未収集,収集元推奨: 日本化粧品工業会(JCIA)会員 / 国税庁法人番号DB
2389,,化粧品メーカー,,東京都,,,,,,,化粧品メーカー関連サービス,営業中（推定）,,未収集,収集元推奨: 日本化粧品工業会(JCIA)会員 / 国税庁法人番号DB
2390,,化粧品メーカー,,東京都,,,,,,,化粧品メーカー関連サービス,営業中（推定）,,未収集,収集元推奨: 日本化粧品工業会(JCIA)会員 / 国税庁法人番号DB
2391,,化粧品メーカー,,東京都,,,,,,,化粧品メーカー関連サービス,営業中（推定）,,未収集,収集元推奨: 日本化粧品工業会(JCIA)会員 / 国税庁法人番号DB
2392,,化粧品メーカー,,東京都,,,,,,,化粧品メーカー関連サービス,営業中（推定）,,未収集,収集元推奨: 日本化粧品工業会(JCIA)会員 / 国税庁法人番号DB
2393,,化粧品メーカー,,東京都,,,,,,,化粧品メーカー関連サービス,営業中（推定）,,未収集,収集元推奨: 日本化粧品工業会(JCIA)会員 / 国税庁法人番号DB
2394,,化粧品メーカー,,東京都,,,,,,,化粧品メーカー関連サービス,営業中（推定）,,未収集,収集元推奨: 日本化粧品工業会(JCIA)会員 / 国税庁法人番号DB
2395,,化粧品メーカー,,東京都,,,,,,,化粧品メーカー関連サービス,営業中（推定）,,未収集,収集元推奨: 日本化粧品工業会(JCIA)会員 / 国税庁法人番号DB
2396,,化粧品メーカー,,東京都,,,,,,,化粧品メーカー関連サービス,営業中（推定）,,未収集,収集元推奨: 日本化粧品工業会(JCIA)会員 / 国税庁法人番号DB
2397,,化粧品メーカー,,東京都,,,,,,,化粧品メーカー関連サービス,営業中（推定）,,未収集,収集元推奨: 日本化粧品工業会(JCIA)会員 / 国税庁法人番号DB
2398,,化粧品メーカー,,東京都,,,,,,,化粧品メーカー関連サービス,営業中（推定）,,未収集,収集元推奨: 日本化粧品工業会(JCIA)会員 / 国税庁法人番号DB
2399,,化粧品メーカー,,東京都,,,,,,,化粧品メーカー関連サービス,営業中（推定）,,未収集,収集元推奨: 日本化粧品工業会(JCIA)会員 / 国税庁法人番号DB
2400,,化粧品メーカー,,東京都,,,,,,,化粧品メーカー関連サービス,営業中（推定）,,未収集,収集元推奨: 日本化粧品工業会(JCIA)会員 / 国税庁法人番号DB
2401,,化粧品メーカー,,東京都,,,,,,,化粧品メーカー関連サービス,営業中（推定）,,未収集,収集元推奨: 日本化粧品工業会(JCIA)会員 / 国税庁法人番号DB
2402,,化粧品メーカー,,東京都,,,,,,,化粧品メーカー関連サービス,営業中（推定）,,未収集,収集元推奨: 日本化粧品工業会(JCIA)会員 / 国税庁法人番号DB
2403,,ヘアサロン・サロンオーナー,,東京都,,,,,,,ヘアサロン サロンオーナー関連サービス,営業中（推定）,,未収集,収集元推奨: ホットペッパービューティー / 美容師会 / iタウンページ
2404,,ヘアサロン・サロンオーナー,,東京都,,,,,,,ヘアサロン サロンオーナー関連サービス,営業中（推定）,,未収集,収集元推奨: ホットペッパービューティー / 美容師会 / iタウンページ
2405,,ヘアサロン・サロンオーナー,,東京都,,,,,,,ヘアサロン サロンオーナー関連サービス,営業中（推定）,,未収集,収集元推奨: ホットペッパービューティー / 美容師会 / iタウンページ
2406,,ヘアサロン・サロンオーナー,,東京都,,,,,,,ヘアサロン サロンオーナー関連サービス,営業中（推定）,,未収集,収集元推奨: ホットペッパービューティー / 美容師会 / iタウンページ
2407,,ヘアサロン・サロンオーナー,,東京都,,,,,,,ヘアサロン サロンオーナー関連サービス,営業中（推定）,,未収集,収集元推奨: ホットペッパービューティー / 美容師会 / iタウンページ
2408,,ヘアサロン・サロンオーナー,,東京都,,,,,,,ヘアサロン サロンオーナー関連サービス,営業中（推定）,,未収集,収集元推奨: ホットペッパービューティー / 美容師会 / iタウンページ
2409,,ヘアサロン・サロンオーナー,,東京都,,,,,,,ヘアサロン サロンオーナー関連サービス,営業中（推定）,,未収集,収集元推奨: ホットペッパービューティー / 美容師会 / iタウンページ
2410,,ヘアサロン・サロンオーナー,,東京都,,,,,,,ヘアサロン サロンオーナー関連サービス,営業中（推定）,,未収集,収集元推奨: ホットペッパービューティー / 美容師会 / iタウンページ
2411,,ヘアサロン・サロンオーナー,,東京都,,,,,,,ヘアサロン サロンオーナー関連サービス,営業中（推定）,,未収集,収集元推奨: ホットペッパービューティー / 美容師会 / iタウンページ
2412,,ヘアサロン・サロンオーナー,,東京都,,,,,,,ヘアサロン サロンオーナー関連サービス,営業中（推定）,,未収集,収集元推奨: ホットペッパービューティー / 美容師会 / iタウンページ
2413,,ヘアサロン・サロンオーナー,,東京都,,,,,,,ヘアサロン サロンオーナー関連サービス,営業中（推定）,,未収集,収集元推奨: ホットペッパービューティー / 美容師会 / iタウンページ
2414,,ヘアサロン・サロンオーナー,,東京都,,,,,,,ヘアサロン サロンオーナー関連サービス,営業中（推定）,,未収集,収集元推奨: ホットペッパービューティー / 美容師会 / iタウンページ
2415,,ヘアサロン・サロンオーナー,,東京都,,,,,,,ヘアサロン サロンオーナー関連サービス,営業中（推定）,,未収集,収集元推奨: ホットペッパービューティー / 美容師会 / iタウンページ
2416,,ヘアサロン・サロンオーナー,,東京都,,,,,,,ヘアサロン サロンオーナー関連サービス,営業中（推定）,,未収集,収集元推奨: ホットペッパービューティー / 美容師会 / iタウンページ
2417,,ヘアサロン・サロンオーナー,,東京都,,,,,,,ヘアサロン サロンオーナー関連サービス,営業中（推定）,,未収集,収集元推奨: ホットペッパービューティー / 美容師会 / iタウンページ
2418,,ヘアサロン・サロンオーナー,,東京都,,,,,,,ヘアサロン サロンオーナー関連サービス,営業中（推定）,,未収集,収集元推奨: ホットペッパービューティー / 美容師会 / iタウンページ
2419,,ヘアサロン・サロンオーナー,,東京都,,,,,,,ヘアサロン サロンオーナー関連サービス,営業中（推定）,,未収集,収集元推奨: ホットペッパービューティー / 美容師会 / iタウンページ
2420,,ヘアサロン・サロンオーナー,,東京都,,,,,,,ヘアサロン サロンオーナー関連サービス,営業中（推定）,,未収集,収集元推奨: ホットペッパービューティー / 美容師会 / iタウンページ
2421,,ヘアサロン・サロンオーナー,,東京都,,,,,,,ヘアサロン サロンオーナー関連サービス,営業中（推定）,,未収集,収集元推奨: ホットペッパービューティー / 美容師会 / iタウンページ
2422,,ヘアサロン・サロンオーナー,,東京都,,,,,,,ヘアサロン サロンオーナー関連サービス,営業中（推定）,,未収集,収集元推奨: ホットペッパービューティー / 美容師会 / iタウンページ
2423,,ヘアサロン・サロンオーナー,,東京都,,,,,,,ヘアサロン サロンオーナー関連サービス,営業中（推定）,,未収集,収集元推奨: ホットペッパービューティー / 美容師会 / iタウンページ
2424,,ヘアサロン・サロンオーナー,,東京都,,,,,,,ヘアサロン サロンオーナー関連サービス,営業中（推定）,,未収集,収集元推奨: ホットペッパービューティー / 美容師会 / iタウンページ
2425,,ヘアサロン・サロンオーナー,,東京都,,,,,,,ヘアサロン サロンオーナー関連サービス,営業中（推定）,,未収集,収集元推奨: ホットペッパービューティー / 美容師会 / iタウンページ
2426,,ヘアサロン・サロンオーナー,,東京都,,,,,,,ヘアサロン サロンオーナー関連サービス,営業中（推定）,,未収集,収集元推奨: ホットペッパービューティー / 美容師会 / iタウンページ
2427,,ヘアサロン・サロンオーナー,,東京都,,,,,,,ヘアサロン サロンオーナー関連サービス,営業中（推定）,,未収集,収集元推奨: ホットペッパービューティー / 美容師会 / iタウンページ
2428,,ヘアサロン・サロンオーナー,,東京都,,,,,,,ヘアサロン サロンオーナー関連サービス,営業中（推定）,,未収集,収集元推奨: ホットペッパービューティー / 美容師会 / iタウンページ
2429,,ヘアサロン・サロンオーナー,,東京都,,,,,,,ヘアサロン サロンオーナー関連サービス,営業中（推定）,,未収集,収集元推奨: ホットペッパービューティー / 美容師会 / iタウンページ
2430,,ヘアサロン・サロンオーナー,,東京都,,,,,,,ヘアサロン サロンオーナー関連サービス,営業中（推定）,,未収集,収集元推奨: ホットペッパービューティー / 美容師会 / iタウンページ
2431,,ヘアサロン・サロンオーナー,,東京都,,,,,,,ヘアサロン サロンオーナー関連サービス,営業中（推定）,,未収集,収集元推奨: ホットペッパービューティー / 美容師会 / iタウンページ
2432,,ヘアサロン・サロンオーナー,,東京都,,,,,,,ヘアサロン サロンオーナー関連サービス,営業中（推定）,,未収集,収集元推奨: ホットペッパービューティー / 美容師会 / iタウンページ
2433,,ヘアサロン・サロンオーナー,,東京都,,,,,,,ヘアサロン サロンオーナー関連サービス,営業中（推定）,,未収集,収集元推奨: ホットペッパービューティー / 美容師会 / iタウンページ
2434,,ヘアサロン・サロンオーナー,,東京都,,,,,,,ヘアサロン サロンオーナー関連サービス,営業中（推定）,,未収集,収集元推奨: ホットペッパービューティー / 美容師会 / iタウンページ
2435,,ヘアサロン・サロンオーナー,,東京都,,,,,,,ヘアサロン サロンオーナー関連サービス,営業中（推定）,,未収集,収集元推奨: ホットペッパービューティー / 美容師会 / iタウンページ
2436,,ヘアサロン・サロンオーナー,,東京都,,,,,,,ヘアサロン サロンオーナー関連サービス,営業中（推定）,,未収集,収集元推奨: ホットペッパービューティー / 美容師会 / iタウンページ
2437,,ヘアサロン・サロンオーナー,,東京都,,,,,,,ヘアサロン サロンオーナー関連サービス,営業中（推定）,,未収集,収集元推奨: ホットペッパービューティー / 美容師会 / iタウンページ
2438,,ヘアサロン・サロンオーナー,,東京都,,,,,,,ヘアサロン サロンオーナー関連サービス,営業中（推定）,,未収集,収集元推奨: ホットペッパービューティー / 美容師会 / iタウンページ
2439,,ヘアサロン・サロンオーナー,,東京都,,,,,,,ヘアサロン サロンオーナー関連サービス,営業中（推定）,,未収集,収集元推奨: ホットペッパービューティー / 美容師会 / iタウンページ
2440,,ヘアサロン・サロンオーナー,,東京都,,,,,,,ヘアサロン サロンオーナー関連サービス,営業中（推定）,,未収集,収集元推奨: ホットペッパービューティー / 美容師会 / iタウンページ
2441,,ヘアサロン・サロンオーナー,,東京都,,,,,,,ヘアサロン サロンオーナー関連サービス,営業中（推定）,,未収集,収集元推奨: ホットペッパービューティー / 美容師会 / iタウンページ
2442,,ヘアサロン・サロンオーナー,,東京都,,,,,,,ヘアサロン サロンオーナー関連サービス,営業中（推定）,,未収集,収集元推奨: ホットペッパービューティー / 美容師会 / iタウンページ
2443,,ヘアサロン・サロンオーナー,,東京都,,,,,,,ヘアサロン サロンオーナー関連サービス,営業中（推定）,,未収集,収集元推奨: ホットペッパービューティー / 美容師会 / iタウンページ
2444,,ヘアサロン・サロンオーナー,,東京都,,,,,,,ヘアサロン サロンオーナー関連サービス,営業中（推定）,,未収集,収集元推奨: ホットペッパービューティー / 美容師会 / iタウンページ
2445,,ヘアサロン・サロンオーナー,,東京都,,,,,,,ヘアサロン サロンオーナー関連サービス,営業中（推定）,,未収集,収集元推奨: ホットペッパービューティー / 美容師会 / iタウンページ
2446,,ヘアサロン・サロンオーナー,,東京都,,,,,,,ヘアサロン サロンオーナー関連サービス,営業中（推定）,,未収集,収集元推奨: ホットペッパービューティー / 美容師会 / iタウンページ
2447,,ヘアサロン・サロンオーナー,,東京都,,,,,,,ヘアサロン サロンオーナー関連サービス,営業中（推定）,,未収集,収集元推奨: ホットペッパービューティー / 美容師会 / iタウンページ
2448,,ヘアサロン・サロンオーナー,,東京都,,,,,,,ヘアサロン サロンオーナー関連サービス,営業中（推定）,,未収集,収集元推奨: ホットペッパービューティー / 美容師会 / iタウンページ
2449,,ヘアサロン・サロンオーナー,,東京都,,,,,,,ヘアサロン サロンオーナー関連サービス,営業中（推定）,,未収集,収集元推奨: ホットペッパービューティー / 美容師会 / iタウンページ
2450,,ヘアサロン・サロンオーナー,,東京都,,,,,,,ヘアサロン サロンオーナー関連サービス,営業中（推定）,,未収集,収集元推奨: ホットペッパービューティー / 美容師会 / iタウンページ
2451,,ヘアサロン・サロンオーナー,,東京都,,,,,,,ヘアサロン サロンオーナー関連サービス,営業中（推定）,,未収集,収集元推奨: ホットペッパービューティー / 美容師会 / iタウンページ
2452,,ヘアサロン・サロンオーナー,,東京都,,,,,,,ヘアサロン サロンオーナー関連サービス,営業中（推定）,,未収集,収集元推奨: ホットペッパービューティー / 美容師会 / iタウンページ
2453,,ヘアサロン・サロンオーナー,,東京都,,,,,,,ヘアサロン サロンオーナー関連サービス,営業中（推定）,,未収集,収集元推奨: ホットペッパービューティー / 美容師会 / iタウンページ
2454,,ヘアサロン・サロンオーナー,,東京都,,,,,,,ヘアサロン サロンオーナー関連サービス,営業中（推定）,,未収集,収集元推奨: ホットペッパービューティー / 美容師会 / iタウンページ
2455,,ヘアサロン・サロンオーナー,,東京都,,,,,,,ヘアサロン サロンオーナー関連サービス,営業中（推定）,,未収集,収集元推奨: ホットペッパービューティー / 美容師会 / iタウンページ
2456,,ヘアサロン・サロンオーナー,,東京都,,,,,,,ヘアサロン サロンオーナー関連サービス,営業中（推定）,,未収集,収集元推奨: ホットペッパービューティー / 美容師会 / iタウンページ
2457,,ヘアサロン・サロンオーナー,,東京都,,,,,,,ヘアサロン サロンオーナー関連サービス,営業中（推定）,,未収集,収集元推奨: ホットペッパービューティー / 美容師会 / iタウンページ
2458,,ヘアサロン・サロンオーナー,,東京都,,,,,,,ヘアサロン サロンオーナー関連サービス,営業中（推定）,,未収集,収集元推奨: ホットペッパービューティー / 美容師会 / iタウンページ
2459,,ヘアサロン・サロンオーナー,,東京都,,,,,,,ヘアサロン サロンオーナー関連サービス,営業中（推定）,,未収集,収集元推奨: ホットペッパービューティー / 美容師会 / iタウンページ
2460,,ヘアサロン・サロンオーナー,,東京都,,,,,,,ヘアサロン サロンオーナー関連サービス,営業中（推定）,,未収集,収集元推奨: ホットペッパービューティー / 美容師会 / iタウンページ
2461,,ヘアサロン・サロンオーナー,,東京都,,,,,,,ヘアサロン サロンオーナー関連サービス,営業中（推定）,,未収集,収集元推奨: ホットペッパービューティー / 美容師会 / iタウンページ
2462,,ヘアサロン・サロンオーナー,,東京都,,,,,,,ヘアサロン サロンオーナー関連サービス,営業中（推定）,,未収集,収集元推奨: ホットペッパービューティー / 美容師会 / iタウンページ
2463,,ヘアサロン・サロンオーナー,,東京都,,,,,,,ヘアサロン サロンオーナー関連サービス,営業中（推定）,,未収集,収集元推奨: ホットペッパービューティー / 美容師会 / iタウンページ
2464,,ヘアサロン・サロンオーナー,,東京都,,,,,,,ヘアサロン サロンオーナー関連サービス,営業中（推定）,,未収集,収集元推奨: ホットペッパービューティー / 美容師会 / iタウンページ
2465,,ヘアサロン・サロンオーナー,,東京都,,,,,,,ヘアサロン サロンオーナー関連サービス,営業中（推定）,,未収集,収集元推奨: ホットペッパービューティー / 美容師会 / iタウンページ
2466,,ヘアサロン・サロンオーナー,,東京都,,,,,,,ヘアサロン サロンオーナー関連サービス,営業中（推定）,,未収集,収集元推奨: ホットペッパービューティー / 美容師会 / iタウンページ
2467,,ヘアサロン・サロンオーナー,,東京都,,,,,,,ヘアサロン サロンオーナー関連サービス,営業中（推定）,,未収集,収集元推奨: ホットペッパービューティー / 美容師会 / iタウンページ
2468,,ヘアサロン・サロンオーナー,,東京都,,,,,,,ヘアサロン サロンオーナー関連サービス,営業中（推定）,,未収集,収集元推奨: ホットペッパービューティー / 美容師会 / iタウンページ
2469,,ヘアサロン・サロンオーナー,,東京都,,,,,,,ヘアサロン サロンオーナー関連サービス,営業中（推定）,,未収集,収集元推奨: ホットペッパービューティー / 美容師会 / iタウンページ
2470,,ヘアサロン・サロンオーナー,,東京都,,,,,,,ヘアサロン サロンオーナー関連サービス,営業中（推定）,,未収集,収集元推奨: ホットペッパービューティー / 美容師会 / iタウンページ
2471,,ヘアサロン・サロンオーナー,,東京都,,,,,,,ヘアサロン サロンオーナー関連サービス,営業中（推定）,,未収集,収集元推奨: ホットペッパービューティー / 美容師会 / iタウンページ
2472,,ヘアサロン・サロンオーナー,,東京都,,,,,,,ヘアサロン サロンオーナー関連サービス,営業中（推定）,,未収集,収集元推奨: ホットペッパービューティー / 美容師会 / iタウンページ
2473,,ヘアサロン・サロンオーナー,,東京都,,,,,,,ヘアサロン サロンオーナー関連サービス,営業中（推定）,,未収集,収集元推奨: ホットペッパービューティー / 美容師会 / iタウンページ
2474,,ヘアサロン・サロンオーナー,,東京都,,,,,,,ヘアサロン サロンオーナー関連サービス,営業中（推定）,,未収集,収集元推奨: ホットペッパービューティー / 美容師会 / iタウンページ
2475,,ヘアサロン・サロンオーナー,,東京都,,,,,,,ヘアサロン サロンオーナー関連サービス,営業中（推定）,,未収集,収集元推奨: ホットペッパービューティー / 美容師会 / iタウンページ
2476,,ヘアサロン・サロンオーナー,,東京都,,,,,,,ヘアサロン サロンオーナー関連サービス,営業中（推定）,,未収集,収集元推奨: ホットペッパービューティー / 美容師会 / iタウンページ
2477,,ヘアサロン・サロンオーナー,,東京都,,,,,,,ヘアサロン サロンオーナー関連サービス,営業中（推定）,,未収集,収集元推奨: ホットペッパービューティー / 美容師会 / iタウンページ
2478,,ヘアサロン・サロンオーナー,,東京都,,,,,,,ヘアサロン サロンオーナー関連サービス,営業中（推定）,,未収集,収集元推奨: ホットペッパービューティー / 美容師会 / iタウンページ
2479,,ヘアサロン・サロンオーナー,,東京都,,,,,,,ヘアサロン サロンオーナー関連サービス,営業中（推定）,,未収集,収集元推奨: ホットペッパービューティー / 美容師会 / iタウンページ
2480,,ヘアサロン・サロンオーナー,,東京都,,,,,,,ヘアサロン サロンオーナー関連サービス,営業中（推定）,,未収集,収集元推奨: ホットペッパービューティー / 美容師会 / iタウンページ
2481,,ヘアサロン・サロンオーナー,,東京都,,,,,,,ヘアサロン サロンオーナー関連サービス,営業中（推定）,,未収集,収集元推奨: ホットペッパービューティー / 美容師会 / iタウンページ
2482,,ヘアサロン・サロンオーナー,,東京都,,,,,,,ヘアサロン サロンオーナー関連サービス,営業中（推定）,,未収集,収集元推奨: ホットペッパービューティー / 美容師会 / iタウンページ
2483,,ヘアサロン・サロンオーナー,,東京都,,,,,,,ヘアサロン サロンオーナー関連サービス,営業中（推定）,,未収集,収集元推奨: ホットペッパービューティー / 美容師会 / iタウンページ
2484,,ヘアサロン・サロンオーナー,,東京都,,,,,,,ヘアサロン サロンオーナー関連サービス,営業中（推定）,,未収集,収集元推奨: ホットペッパービューティー / 美容師会 / iタウンページ
2485,,ヘアサロン・サロンオーナー,,東京都,,,,,,,ヘアサロン サロンオーナー関連サービス,営業中（推定）,,未収集,収集元推奨: ホットペッパービューティー / 美容師会 / iタウンページ
2486,,ヘアサロン・サロンオーナー,,東京都,,,,,,,ヘアサロン サロンオーナー関連サービス,営業中（推定）,,未収集,収集元推奨: ホットペッパービューティー / 美容師会 / iタウンページ
2487,,ヘアサロン・サロンオーナー,,東京都,,,,,,,ヘアサロン サロンオーナー関連サービス,営業中（推定）,,未収集,収集元推奨: ホットペッパービューティー / 美容師会 / iタウンページ
2488,,ヘアサロン・サロンオーナー,,東京都,,,,,,,ヘアサロン サロンオーナー関連サービス,営業中（推定）,,未収集,収集元推奨: ホットペッパービューティー / 美容師会 / iタウンページ
2489,,ヘアサロン・サロンオーナー,,東京都,,,,,,,ヘアサロン サロンオーナー関連サービス,営業中（推定）,,未収集,収集元推奨: ホットペッパービューティー / 美容師会 / iタウンページ
2490,,ヘアサロン・サロンオーナー,,東京都,,,,,,,ヘアサロン サロンオーナー関連サービス,営業中（推定）,,未収集,収集元推奨: ホットペッパービューティー / 美容師会 / iタウンページ
2491,,ヘアサロン・サロンオーナー,,東京都,,,,,,,ヘアサロン サロンオーナー関連サービス,営業中（推定）,,未収集,収集元推奨: ホットペッパービューティー / 美容師会 / iタウンページ
2492,,ヘアサロン・サロンオーナー,,東京都,,,,,,,ヘアサロン サロンオーナー関連サービス,営業中（推定）,,未収集,収集元推奨: ホットペッパービューティー / 美容師会 / iタウンページ
2493,,ヘアサロン・サロンオーナー,,東京都,,,,,,,ヘアサロン サロンオーナー関連サービス,営業中（推定）,,未収集,収集元推奨: ホットペッパービューティー / 美容師会 / iタウンページ
2494,,ヘアサロン・サロンオーナー,,東京都,,,,,,,ヘアサロン サロンオーナー関連サービス,営業中（推定）,,未収集,収集元推奨: ホットペッパービューティー / 美容師会 / iタウンページ
2495,,ヘアサロン・サロンオーナー,,東京都,,,,,,,ヘアサロン サロンオーナー関連サービス,営業中（推定）,,未収集,収集元推奨: ホットペッパービューティー / 美容師会 / iタウンページ
2496,,ヘアサロン・サロンオーナー,,東京都,,,,,,,ヘアサロン サロンオーナー関連サービス,営業中（推定）,,未収集,収集元推奨: ホットペッパービューティー / 美容師会 / iタウンページ
2497,,ヘアサロン・サロンオーナー,,東京都,,,,,,,ヘアサロン サロンオーナー関連サービス,営業中（推定）,,未収集,収集元推奨: ホットペッパービューティー / 美容師会 / iタウンページ
2498,,ヘアサロン・サロンオーナー,,東京都,,,,,,,ヘアサロン サロンオーナー関連サービス,営業中（推定）,,未収集,収集元推奨: ホットペッパービューティー / 美容師会 / iタウンページ
2499,,ヘアサロン・サロンオーナー,,東京都,,,,,,,ヘアサロン サロンオーナー関連サービス,営業中（推定）,,未収集,収集元推奨: ホットペッパービューティー / 美容師会 / iタウンページ
2500,,ヘアサロン・サロンオーナー,,東京都,,,,,,,ヘアサロン サロンオーナー関連サービス,営業中（推定）,,未収集,収集元推奨: ホットペッパービューティー / 美容師会 / iタウンページ
2501,,ヘアサロン・サロンオーナー,,東京都,,,,,,,ヘアサロン サロンオーナー関連サービス,営業中（推定）,,未収集,収集元推奨: ホットペッパービューティー / 美容師会 / iタウンページ
2502,,ヘアサロン・サロンオーナー,,東京都,,,,,,,ヘアサロン サロンオーナー関連サービス,営業中（推定）,,未収集,収集元推奨: ホットペッパービューティー / 美容師会 / iタウンページ
2503,,ヘアサロン・サロンオーナー,,東京都,,,,,,,ヘアサロン サロンオーナー関連サービス,営業中（推定）,,未収集,収集元推奨: ホットペッパービューティー / 美容師会 / iタウンページ
2504,,ヘアサロン・サロンオーナー,,東京都,,,,,,,ヘアサロン サロンオーナー関連サービス,営業中（推定）,,未収集,収集元推奨: ホットペッパービューティー / 美容師会 / iタウンページ
2505,,ヘアサロン・サロンオーナー,,東京都,,,,,,,ヘアサロン サロンオーナー関連サービス,営業中（推定）,,未収集,収集元推奨: ホットペッパービューティー / 美容師会 / iタウンページ
2506,,ヘアサロン・サロンオーナー,,東京都,,,,,,,ヘアサロン サロンオーナー関連サービス,営業中（推定）,,未収集,収集元推奨: ホットペッパービューティー / 美容師会 / iタウンページ
2507,,ヘアサロン・サロンオーナー,,東京都,,,,,,,ヘアサロン サロンオーナー関連サービス,営業中（推定）,,未収集,収集元推奨: ホットペッパービューティー / 美容師会 / iタウンページ
2508,,ヘアサロン・サロンオーナー,,東京都,,,,,,,ヘアサロン サロンオーナー関連サービス,営業中（推定）,,未収集,収集元推奨: ホットペッパービューティー / 美容師会 / iタウンページ
2509,,ヘアサロン・サロンオーナー,,東京都,,,,,,,ヘアサロン サロンオーナー関連サービス,営業中（推定）,,未収集,収集元推奨: ホットペッパービューティー / 美容師会 / iタウンページ
2510,,ヘアサロン・サロンオーナー,,東京都,,,,,,,ヘアサロン サロンオーナー関連サービス,営業中（推定）,,未収集,収集元推奨: ホットペッパービューティー / 美容師会 / iタウンページ
2511,,ヘアサロン・サロンオーナー,,東京都,,,,,,,ヘアサロン サロンオーナー関連サービス,営業中（推定）,,未収集,収集元推奨: ホットペッパービューティー / 美容師会 / iタウンページ
2512,,ヘアサロン・サロンオーナー,,東京都,,,,,,,ヘアサロン サロンオーナー関連サービス,営業中（推定）,,未収集,収集元推奨: ホットペッパービューティー / 美容師会 / iタウンページ
2513,,ヘアサロン・サロンオーナー,,東京都,,,,,,,ヘアサロン サロンオーナー関連サービス,営業中（推定）,,未収集,収集元推奨: ホットペッパービューティー / 美容師会 / iタウンページ
2514,,ヘアサロン・サロンオーナー,,東京都,,,,,,,ヘアサロン サロンオーナー関連サービス,営業中（推定）,,未収集,収集元推奨: ホットペッパービューティー / 美容師会 / iタウンページ
2515,,ヘアサロン・サロンオーナー,,東京都,,,,,,,ヘアサロン サロンオーナー関連サービス,営業中（推定）,,未収集,収集元推奨: ホットペッパービューティー / 美容師会 / iタウンページ
2516,,ヘアサロン・サロンオーナー,,東京都,,,,,,,ヘアサロン サロンオーナー関連サービス,営業中（推定）,,未収集,収集元推奨: ホットペッパービューティー / 美容師会 / iタウンページ
2517,,ヘアサロン・サロンオーナー,,東京都,,,,,,,ヘアサロン サロンオーナー関連サービス,営業中（推定）,,未収集,収集元推奨: ホットペッパービューティー / 美容師会 / iタウンページ
2518,,ヘアサロン・サロンオーナー,,東京都,,,,,,,ヘアサロン サロンオーナー関連サービス,営業中（推定）,,未収集,収集元推奨: ホットペッパービューティー / 美容師会 / iタウンページ
2519,,ヘアサロン・サロンオーナー,,東京都,,,,,,,ヘアサロン サロンオーナー関連サービス,営業中（推定）,,未収集,収集元推奨: ホットペッパービューティー / 美容師会 / iタウンページ
2520,,ヘアサロン・サロンオーナー,,東京都,,,,,,,ヘアサロン サロンオーナー関連サービス,営業中（推定）,,未収集,収集元推奨: ホットペッパービューティー / 美容師会 / iタウンページ
2521,,ヘアサロン・サロンオーナー,,東京都,,,,,,,ヘアサロン サロンオーナー関連サービス,営業中（推定）,,未収集,収集元推奨: ホットペッパービューティー / 美容師会 / iタウンページ
2522,,ヘアサロン・サロンオーナー,,東京都,,,,,,,ヘアサロン サロンオーナー関連サービス,営業中（推定）,,未収集,収集元推奨: ホットペッパービューティー / 美容師会 / iタウンページ
2523,,ヘアサロン・サロンオーナー,,東京都,,,,,,,ヘアサロン サロンオーナー関連サービス,営業中（推定）,,未収集,収集元推奨: ホットペッパービューティー / 美容師会 / iタウンページ
2524,,ヘアサロン・サロンオーナー,,東京都,,,,,,,ヘアサロン サロンオーナー関連サービス,営業中（推定）,,未収集,収集元推奨: ホットペッパービューティー / 美容師会 / iタウンページ
2525,,ヘアサロン・サロンオーナー,,東京都,,,,,,,ヘアサロン サロンオーナー関連サービス,営業中（推定）,,未収集,収集元推奨: ホットペッパービューティー / 美容師会 / iタウンページ
2526,,ヘアサロン・サロンオーナー,,東京都,,,,,,,ヘアサロン サロンオーナー関連サービス,営業中（推定）,,未収集,収集元推奨: ホットペッパービューティー / 美容師会 / iタウンページ
2527,,ヘアサロン・サロンオーナー,,東京都,,,,,,,ヘアサロン サロンオーナー関連サービス,営業中（推定）,,未収集,収集元推奨: ホットペッパービューティー / 美容師会 / iタウンページ
2528,,ヘアサロン・サロンオーナー,,東京都,,,,,,,ヘアサロン サロンオーナー関連サービス,営業中（推定）,,未収集,収集元推奨: ホットペッパービューティー / 美容師会 / iタウンページ
2529,,ヘアサロン・サロンオーナー,,東京都,,,,,,,ヘアサロン サロンオーナー関連サービス,営業中（推定）,,未収集,収集元推奨: ホットペッパービューティー / 美容師会 / iタウンページ
2530,,ヘアサロン・サロンオーナー,,東京都,,,,,,,ヘアサロン サロンオーナー関連サービス,営業中（推定）,,未収集,収集元推奨: ホットペッパービューティー / 美容師会 / iタウンページ
2531,,ヘアサロン・サロンオーナー,,東京都,,,,,,,ヘアサロン サロンオーナー関連サービス,営業中（推定）,,未収集,収集元推奨: ホットペッパービューティー / 美容師会 / iタウンページ
2532,,ヘアサロン・サロンオーナー,,東京都,,,,,,,ヘアサロン サロンオーナー関連サービス,営業中（推定）,,未収集,収集元推奨: ホットペッパービューティー / 美容師会 / iタウンページ
2533,,ヘアサロン・サロンオーナー,,東京都,,,,,,,ヘアサロン サロンオーナー関連サービス,営業中（推定）,,未収集,収集元推奨: ホットペッパービューティー / 美容師会 / iタウンページ
2534,,ヘアサロン・サロンオーナー,,東京都,,,,,,,ヘアサロン サロンオーナー関連サービス,営業中（推定）,,未収集,収集元推奨: ホットペッパービューティー / 美容師会 / iタウンページ
2535,,ヘアサロン・サロンオーナー,,東京都,,,,,,,ヘアサロン サロンオーナー関連サービス,営業中（推定）,,未収集,収集元推奨: ホットペッパービューティー / 美容師会 / iタウンページ
2536,,ヘアサロン・サロンオーナー,,東京都,,,,,,,ヘアサロン サロンオーナー関連サービス,営業中（推定）,,未収集,収集元推奨: ホットペッパービューティー / 美容師会 / iタウンページ
2537,,ヘアサロン・サロンオーナー,,東京都,,,,,,,ヘアサロン サロンオーナー関連サービス,営業中（推定）,,未収集,収集元推奨: ホットペッパービューティー / 美容師会 / iタウンページ
2538,,ヘアサロン・サロンオーナー,,東京都,,,,,,,ヘアサロン サロンオーナー関連サービス,営業中（推定）,,未収集,収集元推奨: ホットペッパービューティー / 美容師会 / iタウンページ
2539,,ヘアサロン・サロンオーナー,,東京都,,,,,,,ヘアサロン サロンオーナー関連サービス,営業中（推定）,,未収集,収集元推奨: ホットペッパービューティー / 美容師会 / iタウンページ
2540,,ヘアサロン・サロンオーナー,,東京都,,,,,,,ヘアサロン サロンオーナー関連サービス,営業中（推定）,,未収集,収集元推奨: ホットペッパービューティー / 美容師会 / iタウンページ
2541,,ヘアサロン・サロンオーナー,,東京都,,,,,,,ヘアサロン サロンオーナー関連サービス,営業中（推定）,,未収集,収集元推奨: ホットペッパービューティー / 美容師会 / iタウンページ
2542,,ヘアサロン・サロンオーナー,,東京都,,,,,,,ヘアサロン サロンオーナー関連サービス,営業中（推定）,,未収集,収集元推奨: ホットペッパービューティー / 美容師会 / iタウンページ
2543,,ヘアサロン・サロンオーナー,,東京都,,,,,,,ヘアサロン サロンオーナー関連サービス,営業中（推定）,,未収集,収集元推奨: ホットペッパービューティー / 美容師会 / iタウンページ
2544,,ヘアサロン・サロンオーナー,,東京都,,,,,,,ヘアサロン サロンオーナー関連サービス,営業中（推定）,,未収集,収集元推奨: ホットペッパービューティー / 美容師会 / iタウンページ
2545,,ヘアサロン・サロンオーナー,,東京都,,,,,,,ヘアサロン サロンオーナー関連サービス,営業中（推定）,,未収集,収集元推奨: ホットペッパービューティー / 美容師会 / iタウンページ
2546,,ヘアサロン・サロンオーナー,,東京都,,,,,,,ヘアサロン サロンオーナー関連サービス,営業中（推定）,,未収集,収集元推奨: ホットペッパービューティー / 美容師会 / iタウンページ
2547,,ヘアサロン・サロンオーナー,,東京都,,,,,,,ヘアサロン サロンオーナー関連サービス,営業中（推定）,,未収集,収集元推奨: ホットペッパービューティー / 美容師会 / iタウンページ
2548,,ヘアサロン・サロンオーナー,,東京都,,,,,,,ヘアサロン サロンオーナー関連サービス,営業中（推定）,,未収集,収集元推奨: ホットペッパービューティー / 美容師会 / iタウンページ
2549,,ヘアサロン・サロンオーナー,,東京都,,,,,,,ヘアサロン サロンオーナー関連サービス,営業中（推定）,,未収集,収集元推奨: ホットペッパービューティー / 美容師会 / iタウンページ
2550,,ヘアサロン・サロンオーナー,,東京都,,,,,,,ヘアサロン サロンオーナー関連サービス,営業中（推定）,,未収集,収集元推奨: ホットペッパービューティー / 美容師会 / iタウンページ
2551,,ヘアサロン・サロンオーナー,,東京都,,,,,,,ヘアサロン サロンオーナー関連サービス,営業中（推定）,,未収集,収集元推奨: ホットペッパービューティー / 美容師会 / iタウンページ
2552,,ヘアサロン・サロンオーナー,,東京都,,,,,,,ヘアサロン サロンオーナー関連サービス,営業中（推定）,,未収集,収集元推奨: ホットペッパービューティー / 美容師会 / iタウンページ
2553,,ヘアサロン・サロンオーナー,,東京都,,,,,,,ヘアサロン サロンオーナー関連サービス,営業中（推定）,,未収集,収集元推奨: ホットペッパービューティー / 美容師会 / iタウンページ
2554,,ヘアサロン・サロンオーナー,,東京都,,,,,,,ヘアサロン サロンオーナー関連サービス,営業中（推定）,,未収集,収集元推奨: ホットペッパービューティー / 美容師会 / iタウンページ
2555,,ヘアサロン・サロンオーナー,,東京都,,,,,,,ヘアサロン サロンオーナー関連サービス,営業中（推定）,,未収集,収集元推奨: ホットペッパービューティー / 美容師会 / iタウンページ
2556,,ヘアサロン・サロンオーナー,,東京都,,,,,,,ヘアサロン サロンオーナー関連サービス,営業中（推定）,,未収集,収集元推奨: ホットペッパービューティー / 美容師会 / iタウンページ
2557,,ヘアサロン・サロンオーナー,,東京都,,,,,,,ヘアサロン サロンオーナー関連サービス,営業中（推定）,,未収集,収集元推奨: ホットペッパービューティー / 美容師会 / iタウンページ
2558,,ヘアサロン・サロンオーナー,,東京都,,,,,,,ヘアサロン サロンオーナー関連サービス,営業中（推定）,,未収集,収集元推奨: ホットペッパービューティー / 美容師会 / iタウンページ
2559,,ヘアサロン・サロンオーナー,,東京都,,,,,,,ヘアサロン サロンオーナー関連サービス,営業中（推定）,,未収集,収集元推奨: ホットペッパービューティー / 美容師会 / iタウンページ
2560,,ヘアサロン・サロンオーナー,,東京都,,,,,,,ヘアサロン サロンオーナー関連サービス,営業中（推定）,,未収集,収集元推奨: ホットペッパービューティー / 美容師会 / iタウンページ
2561,,ヘアサロン・サロンオーナー,,東京都,,,,,,,ヘアサロン サロンオーナー関連サービス,営業中（推定）,,未収集,収集元推奨: ホットペッパービューティー / 美容師会 / iタウンページ
2562,,ヘアサロン・サロンオーナー,,東京都,,,,,,,ヘアサロン サロンオーナー関連サービス,営業中（推定）,,未収集,収集元推奨: ホットペッパービューティー / 美容師会 / iタウンページ
2563,,ヘアサロン・サロンオーナー,,東京都,,,,,,,ヘアサロン サロンオーナー関連サービス,営業中（推定）,,未収集,収集元推奨: ホットペッパービューティー / 美容師会 / iタウンページ
2564,,ヘアサロン・サロンオーナー,,東京都,,,,,,,ヘアサロン サロンオーナー関連サービス,営業中（推定）,,未収集,収集元推奨: ホットペッパービューティー / 美容師会 / iタウンページ
2565,,ヘアサロン・サロンオーナー,,東京都,,,,,,,ヘアサロン サロンオーナー関連サービス,営業中（推定）,,未収集,収集元推奨: ホットペッパービューティー / 美容師会 / iタウンページ
2566,,ヘアサロン・サロンオーナー,,東京都,,,,,,,ヘアサロン サロンオーナー関連サービス,営業中（推定）,,未収集,収集元推奨: ホットペッパービューティー / 美容師会 / iタウンページ
2567,,ヘアサロン・サロンオーナー,,東京都,,,,,,,ヘアサロン サロンオーナー関連サービス,営業中（推定）,,未収集,収集元推奨: ホットペッパービューティー / 美容師会 / iタウンページ
2568,,ヘアサロン・サロンオーナー,,東京都,,,,,,,ヘアサロン サロンオーナー関連サービス,営業中（推定）,,未収集,収集元推奨: ホットペッパービューティー / 美容師会 / iタウンページ
2569,,ヘアサロン・サロンオーナー,,東京都,,,,,,,ヘアサロン サロンオーナー関連サービス,営業中（推定）,,未収集,収集元推奨: ホットペッパービューティー / 美容師会 / iタウンページ
2570,,ヘアサロン・サロンオーナー,,東京都,,,,,,,ヘアサロン サロンオーナー関連サービス,営業中（推定）,,未収集,収集元推奨: ホットペッパービューティー / 美容師会 / iタウンページ
2571,,ヘアサロン・サロンオーナー,,東京都,,,,,,,ヘアサロン サロンオーナー関連サービス,営業中（推定）,,未収集,収集元推奨: ホットペッパービューティー / 美容師会 / iタウンページ
2572,,ヘアサロン・サロンオーナー,,東京都,,,,,,,ヘアサロン サロンオーナー関連サービス,営業中（推定）,,未収集,収集元推奨: ホットペッパービューティー / 美容師会 / iタウンページ
2573,,ヘアサロン・サロンオーナー,,東京都,,,,,,,ヘアサロン サロンオーナー関連サービス,営業中（推定）,,未収集,収集元推奨: ホットペッパービューティー / 美容師会 / iタウンページ
2574,,ヘアサロン・サロンオーナー,,東京都,,,,,,,ヘアサロン サロンオーナー関連サービス,営業中（推定）,,未収集,収集元推奨: ホットペッパービューティー / 美容師会 / iタウンページ
2575,,ヘアサロン・サロンオーナー,,東京都,,,,,,,ヘアサロン サロンオーナー関連サービス,営業中（推定）,,未収集,収集元推奨: ホットペッパービューティー / 美容師会 / iタウンページ
2576,,ヘアサロン・サロンオーナー,,東京都,,,,,,,ヘアサロン サロンオーナー関連サービス,営業中（推定）,,未収集,収集元推奨: ホットペッパービューティー / 美容師会 / iタウンページ
2577,,ヘアサロン・サロンオーナー,,東京都,,,,,,,ヘアサロン サロンオーナー関連サービス,営業中（推定）,,未収集,収集元推奨: ホットペッパービューティー / 美容師会 / iタウンページ
2578,,ヘアサロン・サロンオーナー,,東京都,,,,,,,ヘアサロン サロンオーナー関連サービス,営業中（推定）,,未収集,収集元推奨: ホットペッパービューティー / 美容師会 / iタウンページ
2579,,ヘアサロン・サロンオーナー,,東京都,,,,,,,ヘアサロン サロンオーナー関連サービス,営業中（推定）,,未収集,収集元推奨: ホットペッパービューティー / 美容師会 / iタウンページ
2580,,ヘアサロン・サロンオーナー,,東京都,,,,,,,ヘアサロン サロンオーナー関連サービス,営業中（推定）,,未収集,収集元推奨: ホットペッパービューティー / 美容師会 / iタウンページ
2581,,ヘアサロン・サロンオーナー,,東京都,,,,,,,ヘアサロン サロンオーナー関連サービス,営業中（推定）,,未収集,収集元推奨: ホットペッパービューティー / 美容師会 / iタウンページ
2582,,ヘアサロン・サロンオーナー,,東京都,,,,,,,ヘアサロン サロンオーナー関連サービス,営業中（推定）,,未収集,収集元推奨: ホットペッパービューティー / 美容師会 / iタウンページ
2583,,ヘアサロン・サロンオーナー,,東京都,,,,,,,ヘアサロン サロンオーナー関連サービス,営業中（推定）,,未収集,収集元推奨: ホットペッパービューティー / 美容師会 / iタウンページ
2584,,ヘアサロン・サロンオーナー,,東京都,,,,,,,ヘアサロン サロンオーナー関連サービス,営業中（推定）,,未収集,収集元推奨: ホットペッパービューティー / 美容師会 / iタウンページ
2585,,ヘアサロン・サロンオーナー,,東京都,,,,,,,ヘアサロン サロンオーナー関連サービス,営業中（推定）,,未収集,収集元推奨: ホットペッパービューティー / 美容師会 / iタウンページ
2586,,ヘアサロン・サロンオーナー,,東京都,,,,,,,ヘアサロン サロンオーナー関連サービス,営業中（推定）,,未収集,収集元推奨: ホットペッパービューティー / 美容師会 / iタウンページ
2587,,ヘアサロン・サロンオーナー,,東京都,,,,,,,ヘアサロン サロンオーナー関連サービス,営業中（推定）,,未収集,収集元推奨: ホットペッパービューティー / 美容師会 / iタウンページ
2588,,ヘアサロン・サロンオーナー,,東京都,,,,,,,ヘアサロン サロンオーナー関連サービス,営業中（推定）,,未収集,収集元推奨: ホットペッパービューティー / 美容師会 / iタウンページ
2589,,ヘアサロン・サロンオーナー,,東京都,,,,,,,ヘアサロン サロンオーナー関連サービス,営業中（推定）,,未収集,収集元推奨: ホットペッパービューティー / 美容師会 / iタウンページ
2590,,ヘアサロン・サロンオーナー,,東京都,,,,,,,ヘアサロン サロンオーナー関連サービス,営業中（推定）,,未収集,収集元推奨: ホットペッパービューティー / 美容師会 / iタウンページ
2591,,ヘアサロン・サロンオーナー,,東京都,,,,,,,ヘアサロン サロンオーナー関連サービス,営業中（推定）,,未収集,収集元推奨: ホットペッパービューティー / 美容師会 / iタウンページ
2592,,ヘアサロン・サロンオーナー,,東京都,,,,,,,ヘアサロン サロンオーナー関連サービス,営業中（推定）,,未収集,収集元推奨: ホットペッパービューティー / 美容師会 / iタウンページ
2593,,ヘアサロン・サロンオーナー,,東京都,,,,,,,ヘアサロン サロンオーナー関連サービス,営業中（推定）,,未収集,収集元推奨: ホットペッパービューティー / 美容師会 / iタウンページ
2594,,ヘアサロン・サロンオーナー,,東京都,,,,,,,ヘアサロン サロンオーナー関連サービス,営業中（推定）,,未収集,収集元推奨: ホットペッパービューティー / 美容師会 / iタウンページ
2595,,ヘアサロン・サロンオーナー,,東京都,,,,,,,ヘアサロン サロンオーナー関連サービス,営業中（推定）,,未収集,収集元推奨: ホットペッパービューティー / 美容師会 / iタウンページ
2596,,ヘアサロン・サロンオーナー,,東京都,,,,,,,ヘアサロン サロンオーナー関連サービス,営業中（推定）,,未収集,収集元推奨: ホットペッパービューティー / 美容師会 / iタウンページ
2597,,ヘアサロン・サロンオーナー,,東京都,,,,,,,ヘアサロン サロンオーナー関連サービス,営業中（推定）,,未収集,収集元推奨: ホットペッパービューティー / 美容師会 / iタウンページ
2598,,ヘアサロン・サロンオーナー,,東京都,,,,,,,ヘアサロン サロンオーナー関連サービス,営業中（推定）,,未収集,収集元推奨: ホットペッパービューティー / 美容師会 / iタウンページ
2599,,ヘアサロン・サロンオーナー,,東京都,,,,,,,ヘアサロン サロンオーナー関連サービス,営業中（推定）,,未収集,収集元推奨: ホットペッパービューティー / 美容師会 / iタウンページ
2600,,ヘアサロン・サロンオーナー,,東京都,,,,,,,ヘアサロン サロンオーナー関連サービス,営業中（推定）,,未収集,収集元推奨: ホットペッパービューティー / 美容師会 / iタウンページ
2601,,ヘアサロン・サロンオーナー,,東京都,,,,,,,ヘアサロン サロンオーナー関連サービス,営業中（推定）,,未収集,収集元推奨: ホットペッパービューティー / 美容師会 / iタウンページ
2602,,ヘアサロン・サロンオーナー,,東京都,,,,,,,ヘアサロン サロンオーナー関連サービス,営業中（推定）,,未収集,収集元推奨: ホットペッパービューティー / 美容師会 / iタウンページ
2603,,ヘアサロン・サロンオーナー,,東京都,,,,,,,ヘアサロン サロンオーナー関連サービス,営業中（推定）,,未収集,収集元推奨: ホットペッパービューティー / 美容師会 / iタウンページ
2604,,ヘアサロン・サロンオーナー,,東京都,,,,,,,ヘアサロン サロンオーナー関連サービス,営業中（推定）,,未収集,収集元推奨: ホットペッパービューティー / 美容師会 / iタウンページ
2605,,ヘアサロン・サロンオーナー,,東京都,,,,,,,ヘアサロン サロンオーナー関連サービス,営業中（推定）,,未収集,収集元推奨: ホットペッパービューティー / 美容師会 / iタウンページ
2606,,ヘアサロン・サロンオーナー,,東京都,,,,,,,ヘアサロン サロンオーナー関連サービス,営業中（推定）,,未収集,収集元推奨: ホットペッパービューティー / 美容師会 / iタウンページ
2607,,ヘアサロン・サロンオーナー,,東京都,,,,,,,ヘアサロン サロンオーナー関連サービス,営業中（推定）,,未収集,収集元推奨: ホットペッパービューティー / 美容師会 / iタウンページ
2608,,ヘアサロン・サロンオーナー,,東京都,,,,,,,ヘアサロン サロンオーナー関連サービス,営業中（推定）,,未収集,収集元推奨: ホットペッパービューティー / 美容師会 / iタウンページ
2609,,ヘアサロン・サロンオーナー,,東京都,,,,,,,ヘアサロン サロンオーナー関連サービス,営業中（推定）,,未収集,収集元推奨: ホットペッパービューティー / 美容師会 / iタウンページ
2610,,ヘアサロン・サロンオーナー,,東京都,,,,,,,ヘアサロン サロンオーナー関連サービス,営業中（推定）,,未収集,収集元推奨: ホットペッパービューティー / 美容師会 / iタウンページ
2611,,ヘアサロン・サロンオーナー,,東京都,,,,,,,ヘアサロン サロンオーナー関連サービス,営業中（推定）,,未収集,収集元推奨: ホットペッパービューティー / 美容師会 / iタウンページ
2612,,ヘアサロン・サロンオーナー,,東京都,,,,,,,ヘアサロン サロンオーナー関連サービス,営業中（推定）,,未収集,収集元推奨: ホットペッパービューティー / 美容師会 / iタウンページ
2613,,ヘアサロン・サロンオーナー,,東京都,,,,,,,ヘアサロン サロンオーナー関連サービス,営業中（推定）,,未収集,収集元推奨: ホットペッパービューティー / 美容師会 / iタウンページ
2614,,ヘアサロン・サロンオーナー,,東京都,,,,,,,ヘアサロン サロンオーナー関連サービス,営業中（推定）,,未収集,収集元推奨: ホットペッパービューティー / 美容師会 / iタウンページ
2615,,IT・AI×美容,,東京都,,,,,,,IT AI×美容関連サービス,営業中（推定）,,未収集,収集元推奨: スタートアップDB / PRTIMES / 展示会(BeautyTech系)
2616,,IT・AI×美容,,東京都,,,,,,,IT AI×美容関連サービス,営業中（推定）,,未収集,収集元推奨: スタートアップDB / PRTIMES / 展示会(BeautyTech系)
2617,,IT・AI×美容,,東京都,,,,,,,IT AI×美容関連サービス,営業中（推定）,,未収集,収集元推奨: スタートアップDB / PRTIMES / 展示会(BeautyTech系)
2618,,IT・AI×美容,,東京都,,,,,,,IT AI×美容関連サービス,営業中（推定）,,未収集,収集元推奨: スタートアップDB / PRTIMES / 展示会(BeautyTech系)
2619,,IT・AI×美容,,東京都,,,,,,,IT AI×美容関連サービス,営業中（推定）,,未収集,収集元推奨: スタートアップDB / PRTIMES / 展示会(BeautyTech系)
2620,,IT・AI×美容,,東京都,,,,,,,IT AI×美容関連サービス,営業中（推定）,,未収集,収集元推奨: スタートアップDB / PRTIMES / 展示会(BeautyTech系)
2621,,IT・AI×美容,,東京都,,,,,,,IT AI×美容関連サービス,営業中（推定）,,未収集,収集元推奨: スタートアップDB / PRTIMES / 展示会(BeautyTech系)
2622,,IT・AI×美容,,東京都,,,,,,,IT AI×美容関連サービス,営業中（推定）,,未収集,収集元推奨: スタートアップDB / PRTIMES / 展示会(BeautyTech系)
2623,,IT・AI×美容,,東京都,,,,,,,IT AI×美容関連サービス,営業中（推定）,,未収集,収集元推奨: スタートアップDB / PRTIMES / 展示会(BeautyTech系)
2624,,IT・AI×美容,,東京都,,,,,,,IT AI×美容関連サービス,営業中（推定）,,未収集,収集元推奨: スタートアップDB / PRTIMES / 展示会(BeautyTech系)
2625,,IT・AI×美容,,東京都,,,,,,,IT AI×美容関連サービス,営業中（推定）,,未収集,収集元推奨: スタートアップDB / PRTIMES / 展示会(BeautyTech系)
2626,,IT・AI×美容,,東京都,,,,,,,IT AI×美容関連サービス,営業中（推定）,,未収集,収集元推奨: スタートアップDB / PRTIMES / 展示会(BeautyTech系)
2627,,IT・AI×美容,,東京都,,,,,,,IT AI×美容関連サービス,営業中（推定）,,未収集,収集元推奨: スタートアップDB / PRTIMES / 展示会(BeautyTech系)
2628,,IT・AI×美容,,東京都,,,,,,,IT AI×美容関連サービス,営業中（推定）,,未収集,収集元推奨: スタートアップDB / PRTIMES / 展示会(BeautyTech系)
2629,,IT・AI×美容,,東京都,,,,,,,IT AI×美容関連サービス,営業中（推定）,,未収集,収集元推奨: スタートアップDB / PRTIMES / 展示会(BeautyTech系)
2630,,IT・AI×美容,,東京都,,,,,,,IT AI×美容関連サービス,営業中（推定）,,未収集,収集元推奨: スタートアップDB / PRTIMES / 展示会(BeautyTech系)
2631,,IT・AI×美容,,東京都,,,,,,,IT AI×美容関連サービス,営業中（推定）,,未収集,収集元推奨: スタートアップDB / PRTIMES / 展示会(BeautyTech系)
2632,,IT・AI×美容,,東京都,,,,,,,IT AI×美容関連サービス,営業中（推定）,,未収集,収集元推奨: スタートアップDB / PRTIMES / 展示会(BeautyTech系)
2633,,IT・AI×美容,,東京都,,,,,,,IT AI×美容関連サービス,営業中（推定）,,未収集,収集元推奨: スタートアップDB / PRTIMES / 展示会(BeautyTech系)
2634,,IT・AI×美容,,東京都,,,,,,,IT AI×美容関連サービス,営業中（推定）,,未収集,収集元推奨: スタートアップDB / PRTIMES / 展示会(BeautyTech系)
2635,,IT・AI×美容,,東京都,,,,,,,IT AI×美容関連サービス,営業中（推定）,,未収集,収集元推奨: スタートアップDB / PRTIMES / 展示会(BeautyTech系)
2636,,IT・AI×美容,,東京都,,,,,,,IT AI×美容関連サービス,営業中（推定）,,未収集,収集元推奨: スタートアップDB / PRTIMES / 展示会(BeautyTech系)
2637,,IT・AI×美容,,東京都,,,,,,,IT AI×美容関連サービス,営業中（推定）,,未収集,収集元推奨: スタートアップDB / PRTIMES / 展示会(BeautyTech系)
2638,,IT・AI×美容,,東京都,,,,,,,IT AI×美容関連サービス,営業中（推定）,,未収集,収集元推奨: スタートアップDB / PRTIMES / 展示会(BeautyTech系)
2639,,IT・AI×美容,,東京都,,,,,,,IT AI×美容関連サービス,営業中（推定）,,未収集,収集元推奨: スタートアップDB / PRTIMES / 展示会(BeautyTech系)
2640,,IT・AI×美容,,東京都,,,,,,,IT AI×美容関連サービス,営業中（推定）,,未収集,収集元推奨: スタートアップDB / PRTIMES / 展示会(BeautyTech系)
2641,,IT・AI×美容,,東京都,,,,,,,IT AI×美容関連サービス,営業中（推定）,,未収集,収集元推奨: スタートアップDB / PRTIMES / 展示会(BeautyTech系)
2642,,IT・AI×美容,,東京都,,,,,,,IT AI×美容関連サービス,営業中（推定）,,未収集,収集元推奨: スタートアップDB / PRTIMES / 展示会(BeautyTech系)
2643,,IT・AI×美容,,東京都,,,,,,,IT AI×美容関連サービス,営業中（推定）,,未収集,収集元推奨: スタートアップDB / PRTIMES / 展示会(BeautyTech系)
2644,,IT・AI×美容,,東京都,,,,,,,IT AI×美容関連サービス,営業中（推定）,,未収集,収集元推奨: スタートアップDB / PRTIMES / 展示会(BeautyTech系)
2645,,IT・AI×美容,,東京都,,,,,,,IT AI×美容関連サービス,営業中（推定）,,未収集,収集元推奨: スタートアップDB / PRTIMES / 展示会(BeautyTech系)
2646,,IT・AI×美容,,東京都,,,,,,,IT AI×美容関連サービス,営業中（推定）,,未収集,収集元推奨: スタートアップDB / PRTIMES / 展示会(BeautyTech系)
2647,,IT・AI×美容,,東京都,,,,,,,IT AI×美容関連サービス,営業中（推定）,,未収集,収集元推奨: スタートアップDB / PRTIMES / 展示会(BeautyTech系)
2648,,IT・AI×美容,,東京都,,,,,,,IT AI×美容関連サービス,営業中（推定）,,未収集,収集元推奨: スタートアップDB / PRTIMES / 展示会(BeautyTech系)
2649,,IT・AI×美容,,東京都,,,,,,,IT AI×美容関連サービス,営業中（推定）,,未収集,収集元推奨: スタートアップDB / PRTIMES / 展示会(BeautyTech系)
2650,,IT・AI×美容,,東京都,,,,,,,IT AI×美容関連サービス,営業中（推定）,,未収集,収集元推奨: スタートアップDB / PRTIMES / 展示会(BeautyTech系)
2651,,IT・AI×美容,,東京都,,,,,,,IT AI×美容関連サービス,営業中（推定）,,未収集,収集元推奨: スタートアップDB / PRTIMES / 展示会(BeautyTech系)
2652,,IT・AI×美容,,東京都,,,,,,,IT AI×美容関連サービス,営業中（推定）,,未収集,収集元推奨: スタートアップDB / PRTIMES / 展示会(BeautyTech系)
2653,,IT・AI×美容,,東京都,,,,,,,IT AI×美容関連サービス,営業中（推定）,,未収集,収集元推奨: スタートアップDB / PRTIMES / 展示会(BeautyTech系)
2654,,IT・AI×美容,,東京都,,,,,,,IT AI×美容関連サービス,営業中（推定）,,未収集,収集元推奨: スタートアップDB / PRTIMES / 展示会(BeautyTech系)
2655,,IT・AI×美容,,東京都,,,,,,,IT AI×美容関連サービス,営業中（推定）,,未収集,収集元推奨: スタートアップDB / PRTIMES / 展示会(BeautyTech系)
2656,,IT・AI×美容,,東京都,,,,,,,IT AI×美容関連サービス,営業中（推定）,,未収集,収集元推奨: スタートアップDB / PRTIMES / 展示会(BeautyTech系)
2657,,IT・AI×美容,,東京都,,,,,,,IT AI×美容関連サービス,営業中（推定）,,未収集,収集元推奨: スタートアップDB / PRTIMES / 展示会(BeautyTech系)
2658,,IT・AI×美容,,東京都,,,,,,,IT AI×美容関連サービス,営業中（推定）,,未収集,収集元推奨: スタートアップDB / PRTIMES / 展示会(BeautyTech系)
2659,,IT・AI×美容,,東京都,,,,,,,IT AI×美容関連サービス,営業中（推定）,,未収集,収集元推奨: スタートアップDB / PRTIMES / 展示会(BeautyTech系)
2660,,IT・AI×美容,,東京都,,,,,,,IT AI×美容関連サービス,営業中（推定）,,未収集,収集元推奨: スタートアップDB / PRTIMES / 展示会(BeautyTech系)
2661,,IT・AI×美容,,東京都,,,,,,,IT AI×美容関連サービス,営業中（推定）,,未収集,収集元推奨: スタートアップDB / PRTIMES / 展示会(BeautyTech系)
2662,,IT・AI×美容,,東京都,,,,,,,IT AI×美容関連サービス,営業中（推定）,,未収集,収集元推奨: スタートアップDB / PRTIMES / 展示会(BeautyTech系)
2663,,IT・AI×美容,,東京都,,,,,,,IT AI×美容関連サービス,営業中（推定）,,未収集,収集元推奨: スタートアップDB / PRTIMES / 展示会(BeautyTech系)
2664,,IT・AI×美容,,東京都,,,,,,,IT AI×美容関連サービス,営業中（推定）,,未収集,収集元推奨: スタートアップDB / PRTIMES / 展示会(BeautyTech系)
2665,,IT・AI×美容,,東京都,,,,,,,IT AI×美容関連サービス,営業中（推定）,,未収集,収集元推奨: スタートアップDB / PRTIMES / 展示会(BeautyTech系)
2666,,IT・AI×美容,,東京都,,,,,,,IT AI×美容関連サービス,営業中（推定）,,未収集,収集元推奨: スタートアップDB / PRTIMES / 展示会(BeautyTech系)
2667,,IT・AI×美容,,東京都,,,,,,,IT AI×美容関連サービス,営業中（推定）,,未収集,収集元推奨: スタートアップDB / PRTIMES / 展示会(BeautyTech系)
2668,,IT・AI×美容,,東京都,,,,,,,IT AI×美容関連サービス,営業中（推定）,,未収集,収集元推奨: スタートアップDB / PRTIMES / 展示会(BeautyTech系)
2669,,IT・AI×美容,,東京都,,,,,,,IT AI×美容関連サービス,営業中（推定）,,未収集,収集元推奨: スタートアップDB / PRTIMES / 展示会(BeautyTech系)
2670,,IT・AI×美容,,東京都,,,,,,,IT AI×美容関連サービス,営業中（推定）,,未収集,収集元推奨: スタートアップDB / PRTIMES / 展示会(BeautyTech系)
2671,,IT・AI×美容,,東京都,,,,,,,IT AI×美容関連サービス,営業中（推定）,,未収集,収集元推奨: スタートアップDB / PRTIMES / 展示会(BeautyTech系)
2672,,IT・AI×美容,,東京都,,,,,,,IT AI×美容関連サービス,営業中（推定）,,未収集,収集元推奨: スタートアップDB / PRTIMES / 展示会(BeautyTech系)
2673,,IT・AI×美容,,東京都,,,,,,,IT AI×美容関連サービス,営業中（推定）,,未収集,収集元推奨: スタートアップDB / PRTIMES / 展示会(BeautyTech系)
2674,,IT・AI×美容,,東京都,,,,,,,IT AI×美容関連サービス,営業中（推定）,,未収集,収集元推奨: スタートアップDB / PRTIMES / 展示会(BeautyTech系)
2675,,IT・AI×美容,,東京都,,,,,,,IT AI×美容関連サービス,営業中（推定）,,未収集,収集元推奨: スタートアップDB / PRTIMES / 展示会(BeautyTech系)
2676,,IT・AI×美容,,東京都,,,,,,,IT AI×美容関連サービス,営業中（推定）,,未収集,収集元推奨: スタートアップDB / PRTIMES / 展示会(BeautyTech系)
2677,,IT・AI×美容,,東京都,,,,,,,IT AI×美容関連サービス,営業中（推定）,,未収集,収集元推奨: スタートアップDB / PRTIMES / 展示会(BeautyTech系)
2678,,IT・AI×美容,,東京都,,,,,,,IT AI×美容関連サービス,営業中（推定）,,未収集,収集元推奨: スタートアップDB / PRTIMES / 展示会(BeautyTech系)
2679,,IT・AI×美容,,東京都,,,,,,,IT AI×美容関連サービス,営業中（推定）,,未収集,収集元推奨: スタートアップDB / PRTIMES / 展示会(BeautyTech系)
2680,,IT・AI×美容,,東京都,,,,,,,IT AI×美容関連サービス,営業中（推定）,,未収集,収集元推奨: スタートアップDB / PRTIMES / 展示会(BeautyTech系)
2681,,IT・AI×美容,,東京都,,,,,,,IT AI×美容関連サービス,営業中（推定）,,未収集,収集元推奨: スタートアップDB / PRTIMES / 展示会(BeautyTech系)
2682,,IT・AI×美容,,東京都,,,,,,,IT AI×美容関連サービス,営業中（推定）,,未収集,収集元推奨: スタートアップDB / PRTIMES / 展示会(BeautyTech系)
2683,,IT・AI×美容,,東京都,,,,,,,IT AI×美容関連サービス,営業中（推定）,,未収集,収集元推奨: スタートアップDB / PRTIMES / 展示会(BeautyTech系)
2684,,IT・AI×美容,,東京都,,,,,,,IT AI×美容関連サービス,営業中（推定）,,未収集,収集元推奨: スタートアップDB / PRTIMES / 展示会(BeautyTech系)
2685,,IT・AI×美容,,東京都,,,,,,,IT AI×美容関連サービス,営業中（推定）,,未収集,収集元推奨: スタートアップDB / PRTIMES / 展示会(BeautyTech系)
2686,,IT・AI×美容,,東京都,,,,,,,IT AI×美容関連サービス,営業中（推定）,,未収集,収集元推奨: スタートアップDB / PRTIMES / 展示会(BeautyTech系)
2687,,IT・AI×美容,,東京都,,,,,,,IT AI×美容関連サービス,営業中（推定）,,未収集,収集元推奨: スタートアップDB / PRTIMES / 展示会(BeautyTech系)
2688,,IT・AI×美容,,東京都,,,,,,,IT AI×美容関連サービス,営業中（推定）,,未収集,収集元推奨: スタートアップDB / PRTIMES / 展示会(BeautyTech系)
2689,,IT・AI×美容,,東京都,,,,,,,IT AI×美容関連サービス,営業中（推定）,,未収集,収集元推奨: スタートアップDB / PRTIMES / 展示会(BeautyTech系)
2690,,IT・AI×美容,,東京都,,,,,,,IT AI×美容関連サービス,営業中（推定）,,未収集,収集元推奨: スタートアップDB / PRTIMES / 展示会(BeautyTech系)
2691,,IT・AI×美容,,東京都,,,,,,,IT AI×美容関連サービス,営業中（推定）,,未収集,収集元推奨: スタートアップDB / PRTIMES / 展示会(BeautyTech系)
2692,,IT・AI×美容,,東京都,,,,,,,IT AI×美容関連サービス,営業中（推定）,,未収集,収集元推奨: スタートアップDB / PRTIMES / 展示会(BeautyTech系)
2693,,IT・AI×美容,,東京都,,,,,,,IT AI×美容関連サービス,営業中（推定）,,未収集,収集元推奨: スタートアップDB / PRTIMES / 展示会(BeautyTech系)
2694,,IT・AI×美容,,東京都,,,,,,,IT AI×美容関連サービス,営業中（推定）,,未収集,収集元推奨: スタートアップDB / PRTIMES / 展示会(BeautyTech系)
2695,,IT・AI×美容,,東京都,,,,,,,IT AI×美容関連サービス,営業中（推定）,,未収集,収集元推奨: スタートアップDB / PRTIMES / 展示会(BeautyTech系)
2696,,IT・AI×美容,,東京都,,,,,,,IT AI×美容関連サービス,営業中（推定）,,未収集,収集元推奨: スタートアップDB / PRTIMES / 展示会(BeautyTech系)
2697,,IT・AI×美容,,東京都,,,,,,,IT AI×美容関連サービス,営業中（推定）,,未収集,収集元推奨: スタートアップDB / PRTIMES / 展示会(BeautyTech系)
2698,,IT・AI×美容,,東京都,,,,,,,IT AI×美容関連サービス,営業中（推定）,,未収集,収集元推奨: スタートアップDB / PRTIMES / 展示会(BeautyTech系)
2699,,IT・AI×美容,,東京都,,,,,,,IT AI×美容関連サービス,営業中（推定）,,未収集,収集元推奨: スタートアップDB / PRTIMES / 展示会(BeautyTech系)
2700,,IT・AI×美容,,東京都,,,,,,,IT AI×美容関連サービス,営業中（推定）,,未収集,収集元推奨: スタートアップDB / PRTIMES / 展示会(BeautyTech系)
2701,,IT・AI×美容,,東京都,,,,,,,IT AI×美容関連サービス,営業中（推定）,,未収集,収集元推奨: スタートアップDB / PRTIMES / 展示会(BeautyTech系)
2702,,IT・AI×美容,,東京都,,,,,,,IT AI×美容関連サービス,営業中（推定）,,未収集,収集元推奨: スタートアップDB / PRTIMES / 展示会(BeautyTech系)
2703,,IT・AI×美容,,東京都,,,,,,,IT AI×美容関連サービス,営業中（推定）,,未収集,収集元推奨: スタートアップDB / PRTIMES / 展示会(BeautyTech系)
2704,,IT・AI×美容,,東京都,,,,,,,IT AI×美容関連サービス,営業中（推定）,,未収集,収集元推奨: スタートアップDB / PRTIMES / 展示会(BeautyTech系)
2705,,IT・AI×美容,,東京都,,,,,,,IT AI×美容関連サービス,営業中（推定）,,未収集,収集元推奨: スタートアップDB / PRTIMES / 展示会(BeautyTech系)
2706,,IT・AI×美容,,東京都,,,,,,,IT AI×美容関連サービス,営業中（推定）,,未収集,収集元推奨: スタートアップDB / PRTIMES / 展示会(BeautyTech系)
2707,,IT・AI×美容,,東京都,,,,,,,IT AI×美容関連サービス,営業中（推定）,,未収集,収集元推奨: スタートアップDB / PRTIMES / 展示会(BeautyTech系)
2708,,IT・AI×美容,,東京都,,,,,,,IT AI×美容関連サービス,営業中（推定）,,未収集,収集元推奨: スタートアップDB / PRTIMES / 展示会(BeautyTech系)
2709,,IT・AI×美容,,東京都,,,,,,,IT AI×美容関連サービス,営業中（推定）,,未収集,収集元推奨: スタートアップDB / PRTIMES / 展示会(BeautyTech系)
2710,,IT・AI×美容,,東京都,,,,,,,IT AI×美容関連サービス,営業中（推定）,,未収集,収集元推奨: スタートアップDB / PRTIMES / 展示会(BeautyTech系)
2711,,IT・AI×美容,,東京都,,,,,,,IT AI×美容関連サービス,営業中（推定）,,未収集,収集元推奨: スタートアップDB / PRTIMES / 展示会(BeautyTech系)
2712,,IT・AI×美容,,東京都,,,,,,,IT AI×美容関連サービス,営業中（推定）,,未収集,収集元推奨: スタートアップDB / PRTIMES / 展示会(BeautyTech系)
2713,,IT・AI×美容,,東京都,,,,,,,IT AI×美容関連サービス,営業中（推定）,,未収集,収集元推奨: スタートアップDB / PRTIMES / 展示会(BeautyTech系)
2714,,IT・AI×美容,,東京都,,,,,,,IT AI×美容関連サービス,営業中（推定）,,未収集,収集元推奨: スタートアップDB / PRTIMES / 展示会(BeautyTech系)
2715,,IT・AI×美容,,東京都,,,,,,,IT AI×美容関連サービス,営業中（推定）,,未収集,収集元推奨: スタートアップDB / PRTIMES / 展示会(BeautyTech系)
2716,,IT・AI×美容,,東京都,,,,,,,IT AI×美容関連サービス,営業中（推定）,,未収集,収集元推奨: スタートアップDB / PRTIMES / 展示会(BeautyTech系)
2717,,IT・AI×美容,,東京都,,,,,,,IT AI×美容関連サービス,営業中（推定）,,未収集,収集元推奨: スタートアップDB / PRTIMES / 展示会(BeautyTech系)
2718,,IT・AI×美容,,東京都,,,,,,,IT AI×美容関連サービス,営業中（推定）,,未収集,収集元推奨: スタートアップDB / PRTIMES / 展示会(BeautyTech系)
2719,,IT・AI×美容,,東京都,,,,,,,IT AI×美容関連サービス,営業中（推定）,,未収集,収集元推奨: スタートアップDB / PRTIMES / 展示会(BeautyTech系)
2720,,IT・AI×美容,,東京都,,,,,,,IT AI×美容関連サービス,営業中（推定）,,未収集,収集元推奨: スタートアップDB / PRTIMES / 展示会(BeautyTech系)
2721,,IT・AI×美容,,東京都,,,,,,,IT AI×美容関連サービス,営業中（推定）,,未収集,収集元推奨: スタートアップDB / PRTIMES / 展示会(BeautyTech系)
2722,,IT・AI×美容,,東京都,,,,,,,IT AI×美容関連サービス,営業中（推定）,,未収集,収集元推奨: スタートアップDB / PRTIMES / 展示会(BeautyTech系)
2723,,IT・AI×美容,,東京都,,,,,,,IT AI×美容関連サービス,営業中（推定）,,未収集,収集元推奨: スタートアップDB / PRTIMES / 展示会(BeautyTech系)
2724,,IT・AI×美容,,東京都,,,,,,,IT AI×美容関連サービス,営業中（推定）,,未収集,収集元推奨: スタートアップDB / PRTIMES / 展示会(BeautyTech系)
2725,,IT・AI×美容,,東京都,,,,,,,IT AI×美容関連サービス,営業中（推定）,,未収集,収集元推奨: スタートアップDB / PRTIMES / 展示会(BeautyTech系)
2726,,IT・AI×美容,,東京都,,,,,,,IT AI×美容関連サービス,営業中（推定）,,未収集,収集元推奨: スタートアップDB / PRTIMES / 展示会(BeautyTech系)
2727,,IT・AI×美容,,東京都,,,,,,,IT AI×美容関連サービス,営業中（推定）,,未収集,収集元推奨: スタートアップDB / PRTIMES / 展示会(BeautyTech系)
2728,,IT・AI×美容,,東京都,,,,,,,IT AI×美容関連サービス,営業中（推定）,,未収集,収集元推奨: スタートアップDB / PRTIMES / 展示会(BeautyTech系)
2729,,IT・AI×美容,,東京都,,,,,,,IT AI×美容関連サービス,営業中（推定）,,未収集,収集元推奨: スタートアップDB / PRTIMES / 展示会(BeautyTech系)
2730,,IT・AI×美容,,東京都,,,,,,,IT AI×美容関連サービス,営業中（推定）,,未収集,収集元推奨: スタートアップDB / PRTIMES / 展示会(BeautyTech系)
2731,,IT・AI×美容,,東京都,,,,,,,IT AI×美容関連サービス,営業中（推定）,,未収集,収集元推奨: スタートアップDB / PRTIMES / 展示会(BeautyTech系)
2732,,IT・AI×美容,,東京都,,,,,,,IT AI×美容関連サービス,営業中（推定）,,未収集,収集元推奨: スタートアップDB / PRTIMES / 展示会(BeautyTech系)
2733,,IT・AI×美容,,東京都,,,,,,,IT AI×美容関連サービス,営業中（推定）,,未収集,収集元推奨: スタートアップDB / PRTIMES / 展示会(BeautyTech系)
2734,,IT・AI×美容,,東京都,,,,,,,IT AI×美容関連サービス,営業中（推定）,,未収集,収集元推奨: スタートアップDB / PRTIMES / 展示会(BeautyTech系)
2735,,IT・AI×美容,,東京都,,,,,,,IT AI×美容関連サービス,営業中（推定）,,未収集,収集元推奨: スタートアップDB / PRTIMES / 展示会(BeautyTech系)
2736,,IT・AI×美容,,東京都,,,,,,,IT AI×美容関連サービス,営業中（推定）,,未収集,収集元推奨: スタートアップDB / PRTIMES / 展示会(BeautyTech系)
2737,,IT・AI×美容,,東京都,,,,,,,IT AI×美容関連サービス,営業中（推定）,,未収集,収集元推奨: スタートアップDB / PRTIMES / 展示会(BeautyTech系)
2738,,IT・AI×美容,,東京都,,,,,,,IT AI×美容関連サービス,営業中（推定）,,未収集,収集元推奨: スタートアップDB / PRTIMES / 展示会(BeautyTech系)
2739,,IT・AI×美容,,東京都,,,,,,,IT AI×美容関連サービス,営業中（推定）,,未収集,収集元推奨: スタートアップDB / PRTIMES / 展示会(BeautyTech系)
2740,,IT・AI×美容,,東京都,,,,,,,IT AI×美容関連サービス,営業中（推定）,,未収集,収集元推奨: スタートアップDB / PRTIMES / 展示会(BeautyTech系)
2741,,IT・AI×美容,,東京都,,,,,,,IT AI×美容関連サービス,営業中（推定）,,未収集,収集元推奨: スタートアップDB / PRTIMES / 展示会(BeautyTech系)
2742,,IT・AI×美容,,東京都,,,,,,,IT AI×美容関連サービス,営業中（推定）,,未収集,収集元推奨: スタートアップDB / PRTIMES / 展示会(BeautyTech系)
2743,,IT・AI×美容,,東京都,,,,,,,IT AI×美容関連サービス,営業中（推定）,,未収集,収集元推奨: スタートアップDB / PRTIMES / 展示会(BeautyTech系)
2744,,IT・AI×美容,,東京都,,,,,,,IT AI×美容関連サービス,営業中（推定）,,未収集,収集元推奨: スタートアップDB / PRTIMES / 展示会(BeautyTech系)
2745,,IT・AI×美容,,東京都,,,,,,,IT AI×美容関連サービス,営業中（推定）,,未収集,収集元推奨: スタートアップDB / PRTIMES / 展示会(BeautyTech系)
2746,,IT・AI×美容,,東京都,,,,,,,IT AI×美容関連サービス,営業中（推定）,,未収集,収集元推奨: スタートアップDB / PRTIMES / 展示会(BeautyTech系)
2747,,IT・AI×美容,,東京都,,,,,,,IT AI×美容関連サービス,営業中（推定）,,未収集,収集元推奨: スタートアップDB / PRTIMES / 展示会(BeautyTech系)
2748,,IT・AI×美容,,東京都,,,,,,,IT AI×美容関連サービス,営業中（推定）,,未収集,収集元推奨: スタートアップDB / PRTIMES / 展示会(BeautyTech系)
2749,,IT・AI×美容,,東京都,,,,,,,IT AI×美容関連サービス,営業中（推定）,,未収集,収集元推奨: スタートアップDB / PRTIMES / 展示会(BeautyTech系)
2750,,IT・AI×美容,,東京都,,,,,,,IT AI×美容関連サービス,営業中（推定）,,未収集,収集元推奨: スタートアップDB / PRTIMES / 展示会(BeautyTech系)
2751,,IT・AI×美容,,東京都,,,,,,,IT AI×美容関連サービス,営業中（推定）,,未収集,収集元推奨: スタートアップDB / PRTIMES / 展示会(BeautyTech系)
2752,,IT・AI×美容,,東京都,,,,,,,IT AI×美容関連サービス,営業中（推定）,,未収集,収集元推奨: スタートアップDB / PRTIMES / 展示会(BeautyTech系)
2753,,IT・AI×美容,,東京都,,,,,,,IT AI×美容関連サービス,営業中（推定）,,未収集,収集元推奨: スタートアップDB / PRTIMES / 展示会(BeautyTech系)
2754,,IT・AI×美容,,東京都,,,,,,,IT AI×美容関連サービス,営業中（推定）,,未収集,収集元推奨: スタートアップDB / PRTIMES / 展示会(BeautyTech系)
2755,,IT・AI×美容,,東京都,,,,,,,IT AI×美容関連サービス,営業中（推定）,,未収集,収集元推奨: スタートアップDB / PRTIMES / 展示会(BeautyTech系)
2756,,IT・AI×美容,,東京都,,,,,,,IT AI×美容関連サービス,営業中（推定）,,未収集,収集元推奨: スタートアップDB / PRTIMES / 展示会(BeautyTech系)
2757,,IT・AI×美容,,東京都,,,,,,,IT AI×美容関連サービス,営業中（推定）,,未収集,収集元推奨: スタートアップDB / PRTIMES / 展示会(BeautyTech系)
2758,,IT・AI×美容,,東京都,,,,,,,IT AI×美容関連サービス,営業中（推定）,,未収集,収集元推奨: スタートアップDB / PRTIMES / 展示会(BeautyTech系)
2759,,IT・AI×美容,,東京都,,,,,,,IT AI×美容関連サービス,営業中（推定）,,未収集,収集元推奨: スタートアップDB / PRTIMES / 展示会(BeautyTech系)
2760,,IT・AI×美容,,東京都,,,,,,,IT AI×美容関連サービス,営業中（推定）,,未収集,収集元推奨: スタートアップDB / PRTIMES / 展示会(BeautyTech系)
2761,,IT・AI×美容,,東京都,,,,,,,IT AI×美容関連サービス,営業中（推定）,,未収集,収集元推奨: スタートアップDB / PRTIMES / 展示会(BeautyTech系)
2762,,IT・AI×美容,,東京都,,,,,,,IT AI×美容関連サービス,営業中（推定）,,未収集,収集元推奨: スタートアップDB / PRTIMES / 展示会(BeautyTech系)
2763,,IT・AI×美容,,東京都,,,,,,,IT AI×美容関連サービス,営業中（推定）,,未収集,収集元推奨: スタートアップDB / PRTIMES / 展示会(BeautyTech系)
2764,,IT・AI×美容,,東京都,,,,,,,IT AI×美容関連サービス,営業中（推定）,,未収集,収集元推奨: スタートアップDB / PRTIMES / 展示会(BeautyTech系)
2765,,IT・AI×美容,,東京都,,,,,,,IT AI×美容関連サービス,営業中（推定）,,未収集,収集元推奨: スタートアップDB / PRTIMES / 展示会(BeautyTech系)
2766,,IT・AI×美容,,東京都,,,,,,,IT AI×美容関連サービス,営業中（推定）,,未収集,収集元推奨: スタートアップDB / PRTIMES / 展示会(BeautyTech系)
2767,,IT・AI×美容,,東京都,,,,,,,IT AI×美容関連サービス,営業中（推定）,,未収集,収集元推奨: スタートアップDB / PRTIMES / 展示会(BeautyTech系)
2768,,IT・AI×美容,,東京都,,,,,,,IT AI×美容関連サービス,営業中（推定）,,未収集,収集元推奨: スタートアップDB / PRTIMES / 展示会(BeautyTech系)
2769,,IT・AI×美容,,東京都,,,,,,,IT AI×美容関連サービス,営業中（推定）,,未収集,収集元推奨: スタートアップDB / PRTIMES / 展示会(BeautyTech系)
2770,,IT・AI×美容,,東京都,,,,,,,IT AI×美容関連サービス,営業中（推定）,,未収集,収集元推奨: スタートアップDB / PRTIMES / 展示会(BeautyTech系)
2771,,IT・AI×美容,,東京都,,,,,,,IT AI×美容関連サービス,営業中（推定）,,未収集,収集元推奨: スタートアップDB / PRTIMES / 展示会(BeautyTech系)
2772,,IT・AI×美容,,東京都,,,,,,,IT AI×美容関連サービス,営業中（推定）,,未収集,収集元推奨: スタートアップDB / PRTIMES / 展示会(BeautyTech系)
2773,,IT・AI×美容,,東京都,,,,,,,IT AI×美容関連サービス,営業中（推定）,,未収集,収集元推奨: スタートアップDB / PRTIMES / 展示会(BeautyTech系)
2774,,IT・AI×美容,,東京都,,,,,,,IT AI×美容関連サービス,営業中（推定）,,未収集,収集元推奨: スタートアップDB / PRTIMES / 展示会(BeautyTech系)
2775,,IT・AI×美容,,東京都,,,,,,,IT AI×美容関連サービス,営業中（推定）,,未収集,収集元推奨: スタートアップDB / PRTIMES / 展示会(BeautyTech系)
2776,,IT・AI×美容,,東京都,,,,,,,IT AI×美容関連サービス,営業中（推定）,,未収集,収集元推奨: スタートアップDB / PRTIMES / 展示会(BeautyTech系)
2777,,IT・AI×美容,,東京都,,,,,,,IT AI×美容関連サービス,営業中（推定）,,未収集,収集元推奨: スタートアップDB / PRTIMES / 展示会(BeautyTech系)
2778,,IT・AI×美容,,東京都,,,,,,,IT AI×美容関連サービス,営業中（推定）,,未収集,収集元推奨: スタートアップDB / PRTIMES / 展示会(BeautyTech系)
2779,,IT・AI×美容,,東京都,,,,,,,IT AI×美容関連サービス,営業中（推定）,,未収集,収集元推奨: スタートアップDB / PRTIMES / 展示会(BeautyTech系)
2780,,IT・AI×美容,,東京都,,,,,,,IT AI×美容関連サービス,営業中（推定）,,未収集,収集元推奨: スタートアップDB / PRTIMES / 展示会(BeautyTech系)
2781,,IT・AI×美容,,東京都,,,,,,,IT AI×美容関連サービス,営業中（推定）,,未収集,収集元推奨: スタートアップDB / PRTIMES / 展示会(BeautyTech系)
2782,,IT・AI×美容,,東京都,,,,,,,IT AI×美容関連サービス,営業中（推定）,,未収集,収集元推奨: スタートアップDB / PRTIMES / 展示会(BeautyTech系)
2783,,IT・AI×美容,,東京都,,,,,,,IT AI×美容関連サービス,営業中（推定）,,未収集,収集元推奨: スタートアップDB / PRTIMES / 展示会(BeautyTech系)
2784,,IT・AI×美容,,東京都,,,,,,,IT AI×美容関連サービス,営業中（推定）,,未収集,収集元推奨: スタートアップDB / PRTIMES / 展示会(BeautyTech系)
2785,,IT・AI×美容,,東京都,,,,,,,IT AI×美容関連サービス,営業中（推定）,,未収集,収集元推奨: スタートアップDB / PRTIMES / 展示会(BeautyTech系)
2786,,IT・AI×美容,,東京都,,,,,,,IT AI×美容関連サービス,営業中（推定）,,未収集,収集元推奨: スタートアップDB / PRTIMES / 展示会(BeautyTech系)
2787,,IT・AI×美容,,東京都,,,,,,,IT AI×美容関連サービス,営業中（推定）,,未収集,収集元推奨: スタートアップDB / PRTIMES / 展示会(BeautyTech系)
2788,,IT・AI×美容,,東京都,,,,,,,IT AI×美容関連サービス,営業中（推定）,,未収集,収集元推奨: スタートアップDB / PRTIMES / 展示会(BeautyTech系)
2789,,IT・AI×美容,,東京都,,,,,,,IT AI×美容関連サービス,営業中（推定）,,未収集,収集元推奨: スタートアップDB / PRTIMES / 展示会(BeautyTech系)
2790,,IT・AI×美容,,東京都,,,,,,,IT AI×美容関連サービス,営業中（推定）,,未収集,収集元推奨: スタートアップDB / PRTIMES / 展示会(BeautyTech系)
2791,,IT・AI×美容,,東京都,,,,,,,IT AI×美容関連サービス,営業中（推定）,,未収集,収集元推奨: スタートアップDB / PRTIMES / 展示会(BeautyTech系)
2792,,IT・AI×美容,,東京都,,,,,,,IT AI×美容関連サービス,営業中（推定）,,未収集,収集元推奨: スタートアップDB / PRTIMES / 展示会(BeautyTech系)
2793,,IT・AI×美容,,東京都,,,,,,,IT AI×美容関連サービス,営業中（推定）,,未収集,収集元推奨: スタートアップDB / PRTIMES / 展示会(BeautyTech系)
2794,,IT・AI×美容,,東京都,,,,,,,IT AI×美容関連サービス,営業中（推定）,,未収集,収集元推奨: スタートアップDB / PRTIMES / 展示会(BeautyTech系)
2795,,IT・AI×美容,,東京都,,,,,,,IT AI×美容関連サービス,営業中（推定）,,未収集,収集元推奨: スタートアップDB / PRTIMES / 展示会(BeautyTech系)
2796,,IT・AI×美容,,東京都,,,,,,,IT AI×美容関連サービス,営業中（推定）,,未収集,収集元推奨: スタートアップDB / PRTIMES / 展示会(BeautyTech系)
2797,,IT・AI×美容,,東京都,,,,,,,IT AI×美容関連サービス,営業中（推定）,,未収集,収集元推奨: スタートアップDB / PRTIMES / 展示会(BeautyTech系)
2798,,IT・AI×美容,,東京都,,,,,,,IT AI×美容関連サービス,営業中（推定）,,未収集,収集元推奨: スタートアップDB / PRTIMES / 展示会(BeautyTech系)
2799,,IT・AI×美容,,東京都,,,,,,,IT AI×美容関連サービス,営業中（推定）,,未収集,収集元推奨: スタートアップDB / PRTIMES / 展示会(BeautyTech系)
2800,,IT・AI×美容,,東京都,,,,,,,IT AI×美容関連サービス,営業中（推定）,,未収集,収集元推奨: スタートアップDB / PRTIMES / 展示会(BeautyTech系)
2801,,IT・AI×美容,,東京都,,,,,,,IT AI×美容関連サービス,営業中（推定）,,未収集,収集元推奨: スタートアップDB / PRTIMES / 展示会(BeautyTech系)
2802,,IT・AI×美容,,東京都,,,,,,,IT AI×美容関連サービス,営業中（推定）,,未収集,収集元推奨: スタートアップDB / PRTIMES / 展示会(BeautyTech系)
2803,,IT・AI×美容,,東京都,,,,,,,IT AI×美容関連サービス,営業中（推定）,,未収集,収集元推奨: スタートアップDB / PRTIMES / 展示会(BeautyTech系)
2804,,IT・AI×美容,,東京都,,,,,,,IT AI×美容関連サービス,営業中（推定）,,未収集,収集元推奨: スタートアップDB / PRTIMES / 展示会(BeautyTech系)
2805,,IT・AI×美容,,東京都,,,,,,,IT AI×美容関連サービス,営業中（推定）,,未収集,収集元推奨: スタートアップDB / PRTIMES / 展示会(BeautyTech系)
2806,,IT・AI×美容,,東京都,,,,,,,IT AI×美容関連サービス,営業中（推定）,,未収集,収集元推奨: スタートアップDB / PRTIMES / 展示会(BeautyTech系)
2807,,IT・AI×美容,,東京都,,,,,,,IT AI×美容関連サービス,営業中（推定）,,未収集,収集元推奨: スタートアップDB / PRTIMES / 展示会(BeautyTech系)
2808,,IT・AI×美容,,東京都,,,,,,,IT AI×美容関連サービス,営業中（推定）,,未収集,収集元推奨: スタートアップDB / PRTIMES / 展示会(BeautyTech系)
2809,,IT・AI×美容,,東京都,,,,,,,IT AI×美容関連サービス,営業中（推定）,,未収集,収集元推奨: スタートアップDB / PRTIMES / 展示会(BeautyTech系)
2810,,IT・AI×美容,,東京都,,,,,,,IT AI×美容関連サービス,営業中（推定）,,未収集,収集元推奨: スタートアップDB / PRTIMES / 展示会(BeautyTech系)
2811,,IT・AI×美容,,東京都,,,,,,,IT AI×美容関連サービス,営業中（推定）,,未収集,収集元推奨: スタートアップDB / PRTIMES / 展示会(BeautyTech系)
2812,,IT・AI×美容,,東京都,,,,,,,IT AI×美容関連サービス,営業中（推定）,,未収集,収集元推奨: スタートアップDB / PRTIMES / 展示会(BeautyTech系)
2813,,IT・AI×美容,,東京都,,,,,,,IT AI×美容関連サービス,営業中（推定）,,未収集,収集元推奨: スタートアップDB / PRTIMES / 展示会(BeautyTech系)
2814,,IT・AI×美容,,東京都,,,,,,,IT AI×美容関連サービス,営業中（推定）,,未収集,収集元推奨: スタートアップDB / PRTIMES / 展示会(BeautyTech系)
2815,,IT・AI×美容,,東京都,,,,,,,IT AI×美容関連サービス,営業中（推定）,,未収集,収集元推奨: スタートアップDB / PRTIMES / 展示会(BeautyTech系)
2816,,IT・AI×美容,,東京都,,,,,,,IT AI×美容関連サービス,営業中（推定）,,未収集,収集元推奨: スタートアップDB / PRTIMES / 展示会(BeautyTech系)
2817,,IT・AI×美容,,東京都,,,,,,,IT AI×美容関連サービス,営業中（推定）,,未収集,収集元推奨: スタートアップDB / PRTIMES / 展示会(BeautyTech系)
2818,,IT・AI×美容,,東京都,,,,,,,IT AI×美容関連サービス,営業中（推定）,,未収集,収集元推奨: スタートアップDB / PRTIMES / 展示会(BeautyTech系)
2819,,IT・AI×美容,,東京都,,,,,,,IT AI×美容関連サービス,営業中（推定）,,未収集,収集元推奨: スタートアップDB / PRTIMES / 展示会(BeautyTech系)
2820,,IT・AI×美容,,東京都,,,,,,,IT AI×美容関連サービス,営業中（推定）,,未収集,収集元推奨: スタートアップDB / PRTIMES / 展示会(BeautyTech系)
2821,,IT・AI×美容,,東京都,,,,,,,IT AI×美容関連サービス,営業中（推定）,,未収集,収集元推奨: スタートアップDB / PRTIMES / 展示会(BeautyTech系)
2822,,IT・AI×美容,,東京都,,,,,,,IT AI×美容関連サービス,営業中（推定）,,未収集,収集元推奨: スタートアップDB / PRTIMES / 展示会(BeautyTech系)
2823,,IT・AI×美容,,東京都,,,,,,,IT AI×美容関連サービス,営業中（推定）,,未収集,収集元推奨: スタートアップDB / PRTIMES / 展示会(BeautyTech系)
2824,,IT・AI×美容,,東京都,,,,,,,IT AI×美容関連サービス,営業中（推定）,,未収集,収集元推奨: スタートアップDB / PRTIMES / 展示会(BeautyTech系)
2825,,IT・AI×美容,,東京都,,,,,,,IT AI×美容関連サービス,営業中（推定）,,未収集,収集元推奨: スタートアップDB / PRTIMES / 展示会(BeautyTech系)
2826,,IT・AI×美容,,東京都,,,,,,,IT AI×美容関連サービス,営業中（推定）,,未収集,収集元推奨: スタートアップDB / PRTIMES / 展示会(BeautyTech系)
2827,,IT・AI×美容,,東京都,,,,,,,IT AI×美容関連サービス,営業中（推定）,,未収集,収集元推奨: スタートアップDB / PRTIMES / 展示会(BeautyTech系)
2828,,IT・AI×美容,,東京都,,,,,,,IT AI×美容関連サービス,営業中（推定）,,未収集,収集元推奨: スタートアップDB / PRTIMES / 展示会(BeautyTech系)
2829,,IT・AI×美容,,東京都,,,,,,,IT AI×美容関連サービス,営業中（推定）,,未収集,収集元推奨: スタートアップDB / PRTIMES / 展示会(BeautyTech系)
2830,,IT・AI×美容,,東京都,,,,,,,IT AI×美容関連サービス,営業中（推定）,,未収集,収集元推奨: スタートアップDB / PRTIMES / 展示会(BeautyTech系)
2831,,IT・AI×美容,,東京都,,,,,,,IT AI×美容関連サービス,営業中（推定）,,未収集,収集元推奨: スタートアップDB / PRTIMES / 展示会(BeautyTech系)
2832,,IT・AI×美容,,東京都,,,,,,,IT AI×美容関連サービス,営業中（推定）,,未収集,収集元推奨: スタートアップDB / PRTIMES / 展示会(BeautyTech系)
2833,,IT・AI×美容,,東京都,,,,,,,IT AI×美容関連サービス,営業中（推定）,,未収集,収集元推奨: スタートアップDB / PRTIMES / 展示会(BeautyTech系)
2834,,IT・AI×美容,,東京都,,,,,,,IT AI×美容関連サービス,営業中（推定）,,未収集,収集元推奨: スタートアップDB / PRTIMES / 展示会(BeautyTech系)
2835,,IT・AI×美容,,東京都,,,,,,,IT AI×美容関連サービス,営業中（推定）,,未収集,収集元推奨: スタートアップDB / PRTIMES / 展示会(BeautyTech系)
2836,,IT・AI×美容,,東京都,,,,,,,IT AI×美容関連サービス,営業中（推定）,,未収集,収集元推奨: スタートアップDB / PRTIMES / 展示会(BeautyTech系)
2837,,IT・AI×美容,,東京都,,,,,,,IT AI×美容関連サービス,営業中（推定）,,未収集,収集元推奨: スタートアップDB / PRTIMES / 展示会(BeautyTech系)
2838,,IT・AI×美容,,東京都,,,,,,,IT AI×美容関連サービス,営業中（推定）,,未収集,収集元推奨: スタートアップDB / PRTIMES / 展示会(BeautyTech系)
2839,,IT・AI×美容,,東京都,,,,,,,IT AI×美容関連サービス,営業中（推定）,,未収集,収集元推奨: スタートアップDB / PRTIMES / 展示会(BeautyTech系)
2840,,IT・AI×美容,,東京都,,,,,,,IT AI×美容関連サービス,営業中（推定）,,未収集,収集元推奨: スタートアップDB / PRTIMES / 展示会(BeautyTech系)
2841,,IT・AI×美容,,東京都,,,,,,,IT AI×美容関連サービス,営業中（推定）,,未収集,収集元推奨: スタートアップDB / PRTIMES / 展示会(BeautyTech系)
2842,,IT・AI×美容,,東京都,,,,,,,IT AI×美容関連サービス,営業中（推定）,,未収集,収集元推奨: スタートアップDB / PRTIMES / 展示会(BeautyTech系)
2843,,IT・AI×美容,,東京都,,,,,,,IT AI×美容関連サービス,営業中（推定）,,未収集,収集元推奨: スタートアップDB / PRTIMES / 展示会(BeautyTech系)
2844,,IT・AI×美容,,東京都,,,,,,,IT AI×美容関連サービス,営業中（推定）,,未収集,収集元推奨: スタートアップDB / PRTIMES / 展示会(BeautyTech系)
2845,,IT・AI×美容,,東京都,,,,,,,IT AI×美容関連サービス,営業中（推定）,,未収集,収集元推奨: スタートアップDB / PRTIMES / 展示会(BeautyTech系)
2846,,IT・AI×美容,,東京都,,,,,,,IT AI×美容関連サービス,営業中（推定）,,未収集,収集元推奨: スタートアップDB / PRTIMES / 展示会(BeautyTech系)
2847,,IT・AI×美容,,東京都,,,,,,,IT AI×美容関連サービス,営業中（推定）,,未収集,収集元推奨: スタートアップDB / PRTIMES / 展示会(BeautyTech系)
2848,,IT・AI×美容,,東京都,,,,,,,IT AI×美容関連サービス,営業中（推定）,,未収集,収集元推奨: スタートアップDB / PRTIMES / 展示会(BeautyTech系)
2849,,IT・AI×美容,,東京都,,,,,,,IT AI×美容関連サービス,営業中（推定）,,未収集,収集元推奨: スタートアップDB / PRTIMES / 展示会(BeautyTech系)
2850,,IT・AI×美容,,東京都,,,,,,,IT AI×美容関連サービス,営業中（推定）,,未収集,収集元推奨: スタートアップDB / PRTIMES / 展示会(BeautyTech系)
2851,,IT・AI×美容,,東京都,,,,,,,IT AI×美容関連サービス,営業中（推定）,,未収集,収集元推奨: スタートアップDB / PRTIMES / 展示会(BeautyTech系)
2852,,IT・AI×美容,,東京都,,,,,,,IT AI×美容関連サービス,営業中（推定）,,未収集,収集元推奨: スタートアップDB / PRTIMES / 展示会(BeautyTech系)
2853,,IT・AI×美容,,東京都,,,,,,,IT AI×美容関連サービス,営業中（推定）,,未収集,収集元推奨: スタートアップDB / PRTIMES / 展示会(BeautyTech系)
2854,,IT・AI×美容,,東京都,,,,,,,IT AI×美容関連サービス,営業中（推定）,,未収集,収集元推奨: スタートアップDB / PRTIMES / 展示会(BeautyTech系)
2855,,IT・AI×美容,,東京都,,,,,,,IT AI×美容関連サービス,営業中（推定）,,未収集,収集元推奨: スタートアップDB / PRTIMES / 展示会(BeautyTech系)
2856,,エステサロン,,大阪府,,,,,,,エステサロン関連サービス,営業中（推定）,,未収集,収集元推奨: ホットペッパービューティー掲載企業公式サイト / 日本エステティック協会会員
2857,,エステサロン,,大阪府,,,,,,,エステサロン関連サービス,営業中（推定）,,未収集,収集元推奨: ホットペッパービューティー掲載企業公式サイト / 日本エステティック協会会員
2858,,エステサロン,,大阪府,,,,,,,エステサロン関連サービス,営業中（推定）,,未収集,収集元推奨: ホットペッパービューティー掲載企業公式サイト / 日本エステティック協会会員
2859,,エステサロン,,大阪府,,,,,,,エステサロン関連サービス,営業中（推定）,,未収集,収集元推奨: ホットペッパービューティー掲載企業公式サイト / 日本エステティック協会会員
2860,,エステサロン,,大阪府,,,,,,,エステサロン関連サービス,営業中（推定）,,未収集,収集元推奨: ホットペッパービューティー掲載企業公式サイト / 日本エステティック協会会員
2861,,エステサロン,,大阪府,,,,,,,エステサロン関連サービス,営業中（推定）,,未収集,収集元推奨: ホットペッパービューティー掲載企業公式サイト / 日本エステティック協会会員
2862,,エステサロン,,大阪府,,,,,,,エステサロン関連サービス,営業中（推定）,,未収集,収集元推奨: ホットペッパービューティー掲載企業公式サイト / 日本エステティック協会会員
2863,,エステサロン,,大阪府,,,,,,,エステサロン関連サービス,営業中（推定）,,未収集,収集元推奨: ホットペッパービューティー掲載企業公式サイト / 日本エステティック協会会員
2864,,エステサロン,,大阪府,,,,,,,エステサロン関連サービス,営業中（推定）,,未収集,収集元推奨: ホットペッパービューティー掲載企業公式サイト / 日本エステティック協会会員
2865,,エステサロン,,大阪府,,,,,,,エステサロン関連サービス,営業中（推定）,,未収集,収集元推奨: ホットペッパービューティー掲載企業公式サイト / 日本エステティック協会会員
2866,,エステサロン,,大阪府,,,,,,,エステサロン関連サービス,営業中（推定）,,未収集,収集元推奨: ホットペッパービューティー掲載企業公式サイト / 日本エステティック協会会員
2867,,エステサロン,,大阪府,,,,,,,エステサロン関連サービス,営業中（推定）,,未収集,収集元推奨: ホットペッパービューティー掲載企業公式サイト / 日本エステティック協会会員
2868,,エステサロン,,大阪府,,,,,,,エステサロン関連サービス,営業中（推定）,,未収集,収集元推奨: ホットペッパービューティー掲載企業公式サイト / 日本エステティック協会会員
2869,,エステサロン,,大阪府,,,,,,,エステサロン関連サービス,営業中（推定）,,未収集,収集元推奨: ホットペッパービューティー掲載企業公式サイト / 日本エステティック協会会員
2870,,エステサロン,,大阪府,,,,,,,エステサロン関連サービス,営業中（推定）,,未収集,収集元推奨: ホットペッパービューティー掲載企業公式サイト / 日本エステティック協会会員
2871,,エステサロン,,大阪府,,,,,,,エステサロン関連サービス,営業中（推定）,,未収集,収集元推奨: ホットペッパービューティー掲載企業公式サイト / 日本エステティック協会会員
2872,,エステサロン,,大阪府,,,,,,,エステサロン関連サービス,営業中（推定）,,未収集,収集元推奨: ホットペッパービューティー掲載企業公式サイト / 日本エステティック協会会員
2873,,エステサロン,,大阪府,,,,,,,エステサロン関連サービス,営業中（推定）,,未収集,収集元推奨: ホットペッパービューティー掲載企業公式サイト / 日本エステティック協会会員
2874,,エステサロン,,大阪府,,,,,,,エステサロン関連サービス,営業中（推定）,,未収集,収集元推奨: ホットペッパービューティー掲載企業公式サイト / 日本エステティック協会会員
2875,,エステサロン,,大阪府,,,,,,,エステサロン関連サービス,営業中（推定）,,未収集,収集元推奨: ホットペッパービューティー掲載企業公式サイト / 日本エステティック協会会員
2876,,エステサロン,,大阪府,,,,,,,エステサロン関連サービス,営業中（推定）,,未収集,収集元推奨: ホットペッパービューティー掲載企業公式サイト / 日本エステティック協会会員
2877,,エステサロン,,大阪府,,,,,,,エステサロン関連サービス,営業中（推定）,,未収集,収集元推奨: ホットペッパービューティー掲載企業公式サイト / 日本エステティック協会会員
2878,,エステサロン,,大阪府,,,,,,,エステサロン関連サービス,営業中（推定）,,未収集,収集元推奨: ホットペッパービューティー掲載企業公式サイト / 日本エステティック協会会員
2879,,エステサロン,,大阪府,,,,,,,エステサロン関連サービス,営業中（推定）,,未収集,収集元推奨: ホットペッパービューティー掲載企業公式サイト / 日本エステティック協会会員
2880,,エステサロン,,大阪府,,,,,,,エステサロン関連サービス,営業中（推定）,,未収集,収集元推奨: ホットペッパービューティー掲載企業公式サイト / 日本エステティック協会会員
2881,,エステサロン,,大阪府,,,,,,,エステサロン関連サービス,営業中（推定）,,未収集,収集元推奨: ホットペッパービューティー掲載企業公式サイト / 日本エステティック協会会員
2882,,エステサロン,,大阪府,,,,,,,エステサロン関連サービス,営業中（推定）,,未収集,収集元推奨: ホットペッパービューティー掲載企業公式サイト / 日本エステティック協会会員
2883,,エステサロン,,大阪府,,,,,,,エステサロン関連サービス,営業中（推定）,,未収集,収集元推奨: ホットペッパービューティー掲載企業公式サイト / 日本エステティック協会会員
2884,,エステサロン,,大阪府,,,,,,,エステサロン関連サービス,営業中（推定）,,未収集,収集元推奨: ホットペッパービューティー掲載企業公式サイト / 日本エステティック協会会員
2885,,エステサロン,,大阪府,,,,,,,エステサロン関連サービス,営業中（推定）,,未収集,収集元推奨: ホットペッパービューティー掲載企業公式サイト / 日本エステティック協会会員
2886,,エステサロン,,大阪府,,,,,,,エステサロン関連サービス,営業中（推定）,,未収集,収集元推奨: ホットペッパービューティー掲載企業公式サイト / 日本エステティック協会会員
2887,,エステサロン,,大阪府,,,,,,,エステサロン関連サービス,営業中（推定）,,未収集,収集元推奨: ホットペッパービューティー掲載企業公式サイト / 日本エステティック協会会員
2888,,エステサロン,,大阪府,,,,,,,エステサロン関連サービス,営業中（推定）,,未収集,収集元推奨: ホットペッパービューティー掲載企業公式サイト / 日本エステティック協会会員
2889,,エステサロン,,大阪府,,,,,,,エステサロン関連サービス,営業中（推定）,,未収集,収集元推奨: ホットペッパービューティー掲載企業公式サイト / 日本エステティック協会会員
2890,,エステサロン,,大阪府,,,,,,,エステサロン関連サービス,営業中（推定）,,未収集,収集元推奨: ホットペッパービューティー掲載企業公式サイト / 日本エステティック協会会員
2891,,エステサロン,,大阪府,,,,,,,エステサロン関連サービス,営業中（推定）,,未収集,収集元推奨: ホットペッパービューティー掲載企業公式サイト / 日本エステティック協会会員
2892,,エステサロン,,大阪府,,,,,,,エステサロン関連サービス,営業中（推定）,,未収集,収集元推奨: ホットペッパービューティー掲載企業公式サイト / 日本エステティック協会会員
2893,,エステサロン,,大阪府,,,,,,,エステサロン関連サービス,営業中（推定）,,未収集,収集元推奨: ホットペッパービューティー掲載企業公式サイト / 日本エステティック協会会員
2894,,エステサロン,,大阪府,,,,,,,エステサロン関連サービス,営業中（推定）,,未収集,収集元推奨: ホットペッパービューティー掲載企業公式サイト / 日本エステティック協会会員
2895,,エステサロン,,大阪府,,,,,,,エステサロン関連サービス,営業中（推定）,,未収集,収集元推奨: ホットペッパービューティー掲載企業公式サイト / 日本エステティック協会会員
2896,,エステサロン,,大阪府,,,,,,,エステサロン関連サービス,営業中（推定）,,未収集,収集元推奨: ホットペッパービューティー掲載企業公式サイト / 日本エステティック協会会員
2897,,エステサロン,,大阪府,,,,,,,エステサロン関連サービス,営業中（推定）,,未収集,収集元推奨: ホットペッパービューティー掲載企業公式サイト / 日本エステティック協会会員
2898,,エステサロン,,大阪府,,,,,,,エステサロン関連サービス,営業中（推定）,,未収集,収集元推奨: ホットペッパービューティー掲載企業公式サイト / 日本エステティック協会会員
2899,,エステサロン,,大阪府,,,,,,,エステサロン関連サービス,営業中（推定）,,未収集,収集元推奨: ホットペッパービューティー掲載企業公式サイト / 日本エステティック協会会員
2900,,エステサロン,,大阪府,,,,,,,エステサロン関連サービス,営業中（推定）,,未収集,収集元推奨: ホットペッパービューティー掲載企業公式サイト / 日本エステティック協会会員
2901,,エステサロン,,大阪府,,,,,,,エステサロン関連サービス,営業中（推定）,,未収集,収集元推奨: ホットペッパービューティー掲載企業公式サイト / 日本エステティック協会会員
2902,,エステサロン,,大阪府,,,,,,,エステサロン関連サービス,営業中（推定）,,未収集,収集元推奨: ホットペッパービューティー掲載企業公式サイト / 日本エステティック協会会員
2903,,エステサロン,,大阪府,,,,,,,エステサロン関連サービス,営業中（推定）,,未収集,収集元推奨: ホットペッパービューティー掲載企業公式サイト / 日本エステティック協会会員
2904,,エステサロン,,大阪府,,,,,,,エステサロン関連サービス,営業中（推定）,,未収集,収集元推奨: ホットペッパービューティー掲載企業公式サイト / 日本エステティック協会会員
2905,,エステサロン,,大阪府,,,,,,,エステサロン関連サービス,営業中（推定）,,未収集,収集元推奨: ホットペッパービューティー掲載企業公式サイト / 日本エステティック協会会員
2906,,エステサロン,,大阪府,,,,,,,エステサロン関連サービス,営業中（推定）,,未収集,収集元推奨: ホットペッパービューティー掲載企業公式サイト / 日本エステティック協会会員
2907,,エステサロン,,大阪府,,,,,,,エステサロン関連サービス,営業中（推定）,,未収集,収集元推奨: ホットペッパービューティー掲載企業公式サイト / 日本エステティック協会会員
2908,,エステサロン,,大阪府,,,,,,,エステサロン関連サービス,営業中（推定）,,未収集,収集元推奨: ホットペッパービューティー掲載企業公式サイト / 日本エステティック協会会員
2909,,エステサロン,,大阪府,,,,,,,エステサロン関連サービス,営業中（推定）,,未収集,収集元推奨: ホットペッパービューティー掲載企業公式サイト / 日本エステティック協会会員
2910,,エステサロン,,大阪府,,,,,,,エステサロン関連サービス,営業中（推定）,,未収集,収集元推奨: ホットペッパービューティー掲載企業公式サイト / 日本エステティック協会会員
2911,,エステサロン,,大阪府,,,,,,,エステサロン関連サービス,営業中（推定）,,未収集,収集元推奨: ホットペッパービューティー掲載企業公式サイト / 日本エステティック協会会員
2912,,エステサロン,,大阪府,,,,,,,エステサロン関連サービス,営業中（推定）,,未収集,収集元推奨: ホットペッパービューティー掲載企業公式サイト / 日本エステティック協会会員
2913,,エステサロン,,大阪府,,,,,,,エステサロン関連サービス,営業中（推定）,,未収集,収集元推奨: ホットペッパービューティー掲載企業公式サイト / 日本エステティック協会会員
2914,,エステサロン,,大阪府,,,,,,,エステサロン関連サービス,営業中（推定）,,未収集,収集元推奨: ホットペッパービューティー掲載企業公式サイト / 日本エステティック協会会員
2915,,エステサロン,,大阪府,,,,,,,エステサロン関連サービス,営業中（推定）,,未収集,収集元推奨: ホットペッパービューティー掲載企業公式サイト / 日本エステティック協会会員
2916,,エステサロン,,大阪府,,,,,,,エステサロン関連サービス,営業中（推定）,,未収集,収集元推奨: ホットペッパービューティー掲載企業公式サイト / 日本エステティック協会会員
2917,,エステサロン,,大阪府,,,,,,,エステサロン関連サービス,営業中（推定）,,未収集,収集元推奨: ホットペッパービューティー掲載企業公式サイト / 日本エステティック協会会員
2918,,エステサロン,,大阪府,,,,,,,エステサロン関連サービス,営業中（推定）,,未収集,収集元推奨: ホットペッパービューティー掲載企業公式サイト / 日本エステティック協会会員
2919,,エステサロン,,大阪府,,,,,,,エステサロン関連サービス,営業中（推定）,,未収集,収集元推奨: ホットペッパービューティー掲載企業公式サイト / 日本エステティック協会会員
2920,,エステサロン,,大阪府,,,,,,,エステサロン関連サービス,営業中（推定）,,未収集,収集元推奨: ホットペッパービューティー掲載企業公式サイト / 日本エステティック協会会員
2921,,エステサロン,,大阪府,,,,,,,エステサロン関連サービス,営業中（推定）,,未収集,収集元推奨: ホットペッパービューティー掲載企業公式サイト / 日本エステティック協会会員
2922,,エステサロン,,大阪府,,,,,,,エステサロン関連サービス,営業中（推定）,,未収集,収集元推奨: ホットペッパービューティー掲載企業公式サイト / 日本エステティック協会会員
2923,,エステサロン,,大阪府,,,,,,,エステサロン関連サービス,営業中（推定）,,未収集,収集元推奨: ホットペッパービューティー掲載企業公式サイト / 日本エステティック協会会員
2924,,エステサロン,,大阪府,,,,,,,エステサロン関連サービス,営業中（推定）,,未収集,収集元推奨: ホットペッパービューティー掲載企業公式サイト / 日本エステティック協会会員
2925,,エステサロン,,大阪府,,,,,,,エステサロン関連サービス,営業中（推定）,,未収集,収集元推奨: ホットペッパービューティー掲載企業公式サイト / 日本エステティック協会会員
2926,,エステサロン,,大阪府,,,,,,,エステサロン関連サービス,営業中（推定）,,未収集,収集元推奨: ホットペッパービューティー掲載企業公式サイト / 日本エステティック協会会員
2927,,エステサロン,,大阪府,,,,,,,エステサロン関連サービス,営業中（推定）,,未収集,収集元推奨: ホットペッパービューティー掲載企業公式サイト / 日本エステティック協会会員
2928,,エステサロン,,大阪府,,,,,,,エステサロン関連サービス,営業中（推定）,,未収集,収集元推奨: ホットペッパービューティー掲載企業公式サイト / 日本エステティック協会会員
2929,,エステサロン,,大阪府,,,,,,,エステサロン関連サービス,営業中（推定）,,未収集,収集元推奨: ホットペッパービューティー掲載企業公式サイト / 日本エステティック協会会員
2930,,エステサロン,,大阪府,,,,,,,エステサロン関連サービス,営業中（推定）,,未収集,収集元推奨: ホットペッパービューティー掲載企業公式サイト / 日本エステティック協会会員
2931,,エステサロン,,大阪府,,,,,,,エステサロン関連サービス,営業中（推定）,,未収集,収集元推奨: ホットペッパービューティー掲載企業公式サイト / 日本エステティック協会会員
2932,,エステサロン,,大阪府,,,,,,,エステサロン関連サービス,営業中（推定）,,未収集,収集元推奨: ホットペッパービューティー掲載企業公式サイト / 日本エステティック協会会員
2933,,エステサロン,,大阪府,,,,,,,エステサロン関連サービス,営業中（推定）,,未収集,収集元推奨: ホットペッパービューティー掲載企業公式サイト / 日本エステティック協会会員
2934,,エステサロン,,大阪府,,,,,,,エステサロン関連サービス,営業中（推定）,,未収集,収集元推奨: ホットペッパービューティー掲載企業公式サイト / 日本エステティック協会会員
2935,,エステサロン,,大阪府,,,,,,,エステサロン関連サービス,営業中（推定）,,未収集,収集元推奨: ホットペッパービューティー掲載企業公式サイト / 日本エステティック協会会員
2936,,エステサロン,,大阪府,,,,,,,エステサロン関連サービス,営業中（推定）,,未収集,収集元推奨: ホットペッパービューティー掲載企業公式サイト / 日本エステティック協会会員
2937,,エステサロン,,大阪府,,,,,,,エステサロン関連サービス,営業中（推定）,,未収集,収集元推奨: ホットペッパービューティー掲載企業公式サイト / 日本エステティック協会会員
2938,,エステサロン,,大阪府,,,,,,,エステサロン関連サービス,営業中（推定）,,未収集,収集元推奨: ホットペッパービューティー掲載企業公式サイト / 日本エステティック協会会員
2939,,エステサロン,,大阪府,,,,,,,エステサロン関連サービス,営業中（推定）,,未収集,収集元推奨: ホットペッパービューティー掲載企業公式サイト / 日本エステティック協会会員
2940,,エステサロン,,大阪府,,,,,,,エステサロン関連サービス,営業中（推定）,,未収集,収集元推奨: ホットペッパービューティー掲載企業公式サイト / 日本エステティック協会会員
2941,,エステサロン,,大阪府,,,,,,,エステサロン関連サービス,営業中（推定）,,未収集,収集元推奨: ホットペッパービューティー掲載企業公式サイト / 日本エステティック協会会員
2942,,エステサロン,,大阪府,,,,,,,エステサロン関連サービス,営業中（推定）,,未収集,収集元推奨: ホットペッパービューティー掲載企業公式サイト / 日本エステティック協会会員
2943,,エステサロン,,大阪府,,,,,,,エステサロン関連サービス,営業中（推定）,,未収集,収集元推奨: ホットペッパービューティー掲載企業公式サイト / 日本エステティック協会会員
2944,,エステサロン,,大阪府,,,,,,,エステサロン関連サービス,営業中（推定）,,未収集,収集元推奨: ホットペッパービューティー掲載企業公式サイト / 日本エステティック協会会員
2945,,エステサロン,,大阪府,,,,,,,エステサロン関連サービス,営業中（推定）,,未収集,収集元推奨: ホットペッパービューティー掲載企業公式サイト / 日本エステティック協会会員
2946,,エステサロン,,大阪府,,,,,,,エステサロン関連サービス,営業中（推定）,,未収集,収集元推奨: ホットペッパービューティー掲載企業公式サイト / 日本エステティック協会会員
2947,,エステサロン,,大阪府,,,,,,,エステサロン関連サービス,営業中（推定）,,未収集,収集元推奨: ホットペッパービューティー掲載企業公式サイト / 日本エステティック協会会員
2948,,エステサロン,,大阪府,,,,,,,エステサロン関連サービス,営業中（推定）,,未収集,収集元推奨: ホットペッパービューティー掲載企業公式サイト / 日本エステティック協会会員
2949,,エステサロン,,大阪府,,,,,,,エステサロン関連サービス,営業中（推定）,,未収集,収集元推奨: ホットペッパービューティー掲載企業公式サイト / 日本エステティック協会会員
2950,,エステサロン,,大阪府,,,,,,,エステサロン関連サービス,営業中（推定）,,未収集,収集元推奨: ホットペッパービューティー掲載企業公式サイト / 日本エステティック協会会員
2951,,エステサロン,,大阪府,,,,,,,エステサロン関連サービス,営業中（推定）,,未収集,収集元推奨: ホットペッパービューティー掲載企業公式サイト / 日本エステティック協会会員
2952,,エステサロン,,大阪府,,,,,,,エステサロン関連サービス,営業中（推定）,,未収集,収集元推奨: ホットペッパービューティー掲載企業公式サイト / 日本エステティック協会会員
2953,,エステサロン,,大阪府,,,,,,,エステサロン関連サービス,営業中（推定）,,未収集,収集元推奨: ホットペッパービューティー掲載企業公式サイト / 日本エステティック協会会員
2954,,エステサロン,,大阪府,,,,,,,エステサロン関連サービス,営業中（推定）,,未収集,収集元推奨: ホットペッパービューティー掲載企業公式サイト / 日本エステティック協会会員
2955,,エステサロン,,大阪府,,,,,,,エステサロン関連サービス,営業中（推定）,,未収集,収集元推奨: ホットペッパービューティー掲載企業公式サイト / 日本エステティック協会会員
2956,,エステサロン,,大阪府,,,,,,,エステサロン関連サービス,営業中（推定）,,未収集,収集元推奨: ホットペッパービューティー掲載企業公式サイト / 日本エステティック協会会員
2957,,エステサロン,,大阪府,,,,,,,エステサロン関連サービス,営業中（推定）,,未収集,収集元推奨: ホットペッパービューティー掲載企業公式サイト / 日本エステティック協会会員
2958,,エステサロン,,大阪府,,,,,,,エステサロン関連サービス,営業中（推定）,,未収集,収集元推奨: ホットペッパービューティー掲載企業公式サイト / 日本エステティック協会会員
2959,,エステサロン,,大阪府,,,,,,,エステサロン関連サービス,営業中（推定）,,未収集,収集元推奨: ホットペッパービューティー掲載企業公式サイト / 日本エステティック協会会員
2960,,エステサロン,,大阪府,,,,,,,エステサロン関連サービス,営業中（推定）,,未収集,収集元推奨: ホットペッパービューティー掲載企業公式サイト / 日本エステティック協会会員
2961,,エステサロン,,大阪府,,,,,,,エステサロン関連サービス,営業中（推定）,,未収集,収集元推奨: ホットペッパービューティー掲載企業公式サイト / 日本エステティック協会会員
2962,,エステサロン,,大阪府,,,,,,,エステサロン関連サービス,営業中（推定）,,未収集,収集元推奨: ホットペッパービューティー掲載企業公式サイト / 日本エステティック協会会員
2963,,エステサロン,,大阪府,,,,,,,エステサロン関連サービス,営業中（推定）,,未収集,収集元推奨: ホットペッパービューティー掲載企業公式サイト / 日本エステティック協会会員
2964,,エステサロン,,大阪府,,,,,,,エステサロン関連サービス,営業中（推定）,,未収集,収集元推奨: ホットペッパービューティー掲載企業公式サイト / 日本エステティック協会会員
2965,,エステサロン,,大阪府,,,,,,,エステサロン関連サービス,営業中（推定）,,未収集,収集元推奨: ホットペッパービューティー掲載企業公式サイト / 日本エステティック協会会員
2966,,エステサロン,,大阪府,,,,,,,エステサロン関連サービス,営業中（推定）,,未収集,収集元推奨: ホットペッパービューティー掲載企業公式サイト / 日本エステティック協会会員
2967,,エステサロン,,大阪府,,,,,,,エステサロン関連サービス,営業中（推定）,,未収集,収集元推奨: ホットペッパービューティー掲載企業公式サイト / 日本エステティック協会会員
2968,,エステサロン,,大阪府,,,,,,,エステサロン関連サービス,営業中（推定）,,未収集,収集元推奨: ホットペッパービューティー掲載企業公式サイト / 日本エステティック協会会員
2969,,エステサロン,,大阪府,,,,,,,エステサロン関連サービス,営業中（推定）,,未収集,収集元推奨: ホットペッパービューティー掲載企業公式サイト / 日本エステティック協会会員
2970,,エステサロン,,大阪府,,,,,,,エステサロン関連サービス,営業中（推定）,,未収集,収集元推奨: ホットペッパービューティー掲載企業公式サイト / 日本エステティック協会会員
2971,,エステサロン,,大阪府,,,,,,,エステサロン関連サービス,営業中（推定）,,未収集,収集元推奨: ホットペッパービューティー掲載企業公式サイト / 日本エステティック協会会員
2972,,エステサロン,,大阪府,,,,,,,エステサロン関連サービス,営業中（推定）,,未収集,収集元推奨: ホットペッパービューティー掲載企業公式サイト / 日本エステティック協会会員
2973,,エステサロン,,大阪府,,,,,,,エステサロン関連サービス,営業中（推定）,,未収集,収集元推奨: ホットペッパービューティー掲載企業公式サイト / 日本エステティック協会会員
2974,,エステサロン,,大阪府,,,,,,,エステサロン関連サービス,営業中（推定）,,未収集,収集元推奨: ホットペッパービューティー掲載企業公式サイト / 日本エステティック協会会員
2975,,エステサロン,,大阪府,,,,,,,エステサロン関連サービス,営業中（推定）,,未収集,収集元推奨: ホットペッパービューティー掲載企業公式サイト / 日本エステティック協会会員
2976,,エステサロン,,大阪府,,,,,,,エステサロン関連サービス,営業中（推定）,,未収集,収集元推奨: ホットペッパービューティー掲載企業公式サイト / 日本エステティック協会会員
2977,,エステサロン,,大阪府,,,,,,,エステサロン関連サービス,営業中（推定）,,未収集,収集元推奨: ホットペッパービューティー掲載企業公式サイト / 日本エステティック協会会員
2978,,エステサロン,,大阪府,,,,,,,エステサロン関連サービス,営業中（推定）,,未収集,収集元推奨: ホットペッパービューティー掲載企業公式サイト / 日本エステティック協会会員
2979,,エステサロン,,大阪府,,,,,,,エステサロン関連サービス,営業中（推定）,,未収集,収集元推奨: ホットペッパービューティー掲載企業公式サイト / 日本エステティック協会会員
2980,,エステサロン,,大阪府,,,,,,,エステサロン関連サービス,営業中（推定）,,未収集,収集元推奨: ホットペッパービューティー掲載企業公式サイト / 日本エステティック協会会員
2981,,エステサロン,,大阪府,,,,,,,エステサロン関連サービス,営業中（推定）,,未収集,収集元推奨: ホットペッパービューティー掲載企業公式サイト / 日本エステティック協会会員
2982,,エステサロン,,大阪府,,,,,,,エステサロン関連サービス,営業中（推定）,,未収集,収集元推奨: ホットペッパービューティー掲載企業公式サイト / 日本エステティック協会会員
2983,,エステサロン,,大阪府,,,,,,,エステサロン関連サービス,営業中（推定）,,未収集,収集元推奨: ホットペッパービューティー掲載企業公式サイト / 日本エステティック協会会員
2984,,エステサロン,,大阪府,,,,,,,エステサロン関連サービス,営業中（推定）,,未収集,収集元推奨: ホットペッパービューティー掲載企業公式サイト / 日本エステティック協会会員
2985,,エステサロン,,大阪府,,,,,,,エステサロン関連サービス,営業中（推定）,,未収集,収集元推奨: ホットペッパービューティー掲載企業公式サイト / 日本エステティック協会会員
2986,,エステサロン,,大阪府,,,,,,,エステサロン関連サービス,営業中（推定）,,未収集,収集元推奨: ホットペッパービューティー掲載企業公式サイト / 日本エステティック協会会員
2987,,エステサロン,,大阪府,,,,,,,エステサロン関連サービス,営業中（推定）,,未収集,収集元推奨: ホットペッパービューティー掲載企業公式サイト / 日本エステティック協会会員
2988,,エステサロン,,大阪府,,,,,,,エステサロン関連サービス,営業中（推定）,,未収集,収集元推奨: ホットペッパービューティー掲載企業公式サイト / 日本エステティック協会会員
2989,,エステサロン,,大阪府,,,,,,,エステサロン関連サービス,営業中（推定）,,未収集,収集元推奨: ホットペッパービューティー掲載企業公式サイト / 日本エステティック協会会員
2990,,エステサロン,,大阪府,,,,,,,エステサロン関連サービス,営業中（推定）,,未収集,収集元推奨: ホットペッパービューティー掲載企業公式サイト / 日本エステティック協会会員
2991,,エステサロン,,大阪府,,,,,,,エステサロン関連サービス,営業中（推定）,,未収集,収集元推奨: ホットペッパービューティー掲載企業公式サイト / 日本エステティック協会会員
2992,,エステサロン,,大阪府,,,,,,,エステサロン関連サービス,営業中（推定）,,未収集,収集元推奨: ホットペッパービューティー掲載企業公式サイト / 日本エステティック協会会員
2993,,エステサロン,,大阪府,,,,,,,エステサロン関連サービス,営業中（推定）,,未収集,収集元推奨: ホットペッパービューティー掲載企業公式サイト / 日本エステティック協会会員
2994,,エステサロン,,大阪府,,,,,,,エステサロン関連サービス,営業中（推定）,,未収集,収集元推奨: ホットペッパービューティー掲載企業公式サイト / 日本エステティック協会会員
2995,,エステサロン,,大阪府,,,,,,,エステサロン関連サービス,営業中（推定）,,未収集,収集元推奨: ホットペッパービューティー掲載企業公式サイト / 日本エステティック協会会員
2996,,エステサロン,,大阪府,,,,,,,エステサロン関連サービス,営業中（推定）,,未収集,収集元推奨: ホットペッパービューティー掲載企業公式サイト / 日本エステティック協会会員
2997,,エステサロン,,大阪府,,,,,,,エステサロン関連サービス,営業中（推定）,,未収集,収集元推奨: ホットペッパービューティー掲載企業公式サイト / 日本エステティック協会会員
2998,,エステサロン,,大阪府,,,,,,,エステサロン関連サービス,営業中（推定）,,未収集,収集元推奨: ホットペッパービューティー掲載企業公式サイト / 日本エステティック協会会員
2999,,エステサロン,,大阪府,,,,,,,エステサロン関連サービス,営業中（推定）,,未収集,収集元推奨: ホットペッパービューティー掲載企業公式サイト / 日本エステティック協会会員
3000,,エステサロン,,大阪府,,,,,,,エステサロン関連サービス,営業中（推定）,,未収集,収集元推奨: ホットペッパービューティー掲載企業公式サイト / 日本エステティック協会会員
3001,,エステサロン,,大阪府,,,,,,,エステサロン関連サービス,営業中（推定）,,未収集,収集元推奨: ホットペッパービューティー掲載企業公式サイト / 日本エステティック協会会員
3002,,エステサロン,,大阪府,,,,,,,エステサロン関連サービス,営業中（推定）,,未収集,収集元推奨: ホットペッパービューティー掲載企業公式サイト / 日本エステティック協会会員
3003,,エステサロン,,大阪府,,,,,,,エステサロン関連サービス,営業中（推定）,,未収集,収集元推奨: ホットペッパービューティー掲載企業公式サイト / 日本エステティック協会会員
3004,,エステサロン,,大阪府,,,,,,,エステサロン関連サービス,営業中（推定）,,未収集,収集元推奨: ホットペッパービューティー掲載企業公式サイト / 日本エステティック協会会員
3005,,エステサロン,,大阪府,,,,,,,エステサロン関連サービス,営業中（推定）,,未収集,収集元推奨: ホットペッパービューティー掲載企業公式サイト / 日本エステティック協会会員
3006,,エステサロン,,大阪府,,,,,,,エステサロン関連サービス,営業中（推定）,,未収集,収集元推奨: ホットペッパービューティー掲載企業公式サイト / 日本エステティック協会会員
3007,,エステサロン,,大阪府,,,,,,,エステサロン関連サービス,営業中（推定）,,未収集,収集元推奨: ホットペッパービューティー掲載企業公式サイト / 日本エステティック協会会員
3008,,エステサロン,,大阪府,,,,,,,エステサロン関連サービス,営業中（推定）,,未収集,収集元推奨: ホットペッパービューティー掲載企業公式サイト / 日本エステティック協会会員
3009,,エステサロン,,大阪府,,,,,,,エステサロン関連サービス,営業中（推定）,,未収集,収集元推奨: ホットペッパービューティー掲載企業公式サイト / 日本エステティック協会会員
3010,,エステサロン,,大阪府,,,,,,,エステサロン関連サービス,営業中（推定）,,未収集,収集元推奨: ホットペッパービューティー掲載企業公式サイト / 日本エステティック協会会員
3011,,エステサロン,,大阪府,,,,,,,エステサロン関連サービス,営業中（推定）,,未収集,収集元推奨: ホットペッパービューティー掲載企業公式サイト / 日本エステティック協会会員
3012,,エステサロン,,大阪府,,,,,,,エステサロン関連サービス,営業中（推定）,,未収集,収集元推奨: ホットペッパービューティー掲載企業公式サイト / 日本エステティック協会会員
3013,,エステサロン,,大阪府,,,,,,,エステサロン関連サービス,営業中（推定）,,未収集,収集元推奨: ホットペッパービューティー掲載企業公式サイト / 日本エステティック協会会員
3014,,エステサロン,,大阪府,,,,,,,エステサロン関連サービス,営業中（推定）,,未収集,収集元推奨: ホットペッパービューティー掲載企業公式サイト / 日本エステティック協会会員
3015,,エステサロン,,大阪府,,,,,,,エステサロン関連サービス,営業中（推定）,,未収集,収集元推奨: ホットペッパービューティー掲載企業公式サイト / 日本エステティック協会会員
3016,,エステサロン,,大阪府,,,,,,,エステサロン関連サービス,営業中（推定）,,未収集,収集元推奨: ホットペッパービューティー掲載企業公式サイト / 日本エステティック協会会員
3017,,エステサロン,,大阪府,,,,,,,エステサロン関連サービス,営業中（推定）,,未収集,収集元推奨: ホットペッパービューティー掲載企業公式サイト / 日本エステティック協会会員
3018,,エステサロン,,大阪府,,,,,,,エステサロン関連サービス,営業中（推定）,,未収集,収集元推奨: ホットペッパービューティー掲載企業公式サイト / 日本エステティック協会会員
3019,,エステサロン,,大阪府,,,,,,,エステサロン関連サービス,営業中（推定）,,未収集,収集元推奨: ホットペッパービューティー掲載企業公式サイト / 日本エステティック協会会員
3020,,エステサロン,,大阪府,,,,,,,エステサロン関連サービス,営業中（推定）,,未収集,収集元推奨: ホットペッパービューティー掲載企業公式サイト / 日本エステティック協会会員
3021,,エステサロン,,大阪府,,,,,,,エステサロン関連サービス,営業中（推定）,,未収集,収集元推奨: ホットペッパービューティー掲載企業公式サイト / 日本エステティック協会会員
3022,,エステサロン,,大阪府,,,,,,,エステサロン関連サービス,営業中（推定）,,未収集,収集元推奨: ホットペッパービューティー掲載企業公式サイト / 日本エステティック協会会員
3023,,エステサロン,,大阪府,,,,,,,エステサロン関連サービス,営業中（推定）,,未収集,収集元推奨: ホットペッパービューティー掲載企業公式サイト / 日本エステティック協会会員
3024,,エステサロン,,大阪府,,,,,,,エステサロン関連サービス,営業中（推定）,,未収集,収集元推奨: ホットペッパービューティー掲載企業公式サイト / 日本エステティック協会会員
3025,,エステサロン,,大阪府,,,,,,,エステサロン関連サービス,営業中（推定）,,未収集,収集元推奨: ホットペッパービューティー掲載企業公式サイト / 日本エステティック協会会員
3026,,エステサロン,,大阪府,,,,,,,エステサロン関連サービス,営業中（推定）,,未収集,収集元推奨: ホットペッパービューティー掲載企業公式サイト / 日本エステティック協会会員
3027,,エステサロン,,大阪府,,,,,,,エステサロン関連サービス,営業中（推定）,,未収集,収集元推奨: ホットペッパービューティー掲載企業公式サイト / 日本エステティック協会会員
3028,,エステサロン,,大阪府,,,,,,,エステサロン関連サービス,営業中（推定）,,未収集,収集元推奨: ホットペッパービューティー掲載企業公式サイト / 日本エステティック協会会員
3029,,エステサロン,,大阪府,,,,,,,エステサロン関連サービス,営業中（推定）,,未収集,収集元推奨: ホットペッパービューティー掲載企業公式サイト / 日本エステティック協会会員
3030,,エステサロン,,大阪府,,,,,,,エステサロン関連サービス,営業中（推定）,,未収集,収集元推奨: ホットペッパービューティー掲載企業公式サイト / 日本エステティック協会会員
3031,,エステサロン,,大阪府,,,,,,,エステサロン関連サービス,営業中（推定）,,未収集,収集元推奨: ホットペッパービューティー掲載企業公式サイト / 日本エステティック協会会員
3032,,エステサロン,,大阪府,,,,,,,エステサロン関連サービス,営業中（推定）,,未収集,収集元推奨: ホットペッパービューティー掲載企業公式サイト / 日本エステティック協会会員
3033,,エステサロン,,大阪府,,,,,,,エステサロン関連サービス,営業中（推定）,,未収集,収集元推奨: ホットペッパービューティー掲載企業公式サイト / 日本エステティック協会会員
3034,,エステサロン,,大阪府,,,,,,,エステサロン関連サービス,営業中（推定）,,未収集,収集元推奨: ホットペッパービューティー掲載企業公式サイト / 日本エステティック協会会員
3035,,エステサロン,,大阪府,,,,,,,エステサロン関連サービス,営業中（推定）,,未収集,収集元推奨: ホットペッパービューティー掲載企業公式サイト / 日本エステティック協会会員
3036,,エステサロン,,大阪府,,,,,,,エステサロン関連サービス,営業中（推定）,,未収集,収集元推奨: ホットペッパービューティー掲載企業公式サイト / 日本エステティック協会会員
3037,,エステサロン,,大阪府,,,,,,,エステサロン関連サービス,営業中（推定）,,未収集,収集元推奨: ホットペッパービューティー掲載企業公式サイト / 日本エステティック協会会員
3038,,エステサロン,,大阪府,,,,,,,エステサロン関連サービス,営業中（推定）,,未収集,収集元推奨: ホットペッパービューティー掲載企業公式サイト / 日本エステティック協会会員
3039,,エステサロン,,大阪府,,,,,,,エステサロン関連サービス,営業中（推定）,,未収集,収集元推奨: ホットペッパービューティー掲載企業公式サイト / 日本エステティック協会会員
3040,,エステサロン,,大阪府,,,,,,,エステサロン関連サービス,営業中（推定）,,未収集,収集元推奨: ホットペッパービューティー掲載企業公式サイト / 日本エステティック協会会員
3041,,エステサロン,,大阪府,,,,,,,エステサロン関連サービス,営業中（推定）,,未収集,収集元推奨: ホットペッパービューティー掲載企業公式サイト / 日本エステティック協会会員
3042,,エステサロン,,大阪府,,,,,,,エステサロン関連サービス,営業中（推定）,,未収集,収集元推奨: ホットペッパービューティー掲載企業公式サイト / 日本エステティック協会会員
3043,,エステサロン,,大阪府,,,,,,,エステサロン関連サービス,営業中（推定）,,未収集,収集元推奨: ホットペッパービューティー掲載企業公式サイト / 日本エステティック協会会員
3044,,エステサロン,,大阪府,,,,,,,エステサロン関連サービス,営業中（推定）,,未収集,収集元推奨: ホットペッパービューティー掲載企業公式サイト / 日本エステティック協会会員
3045,,エステサロン,,大阪府,,,,,,,エステサロン関連サービス,営業中（推定）,,未収集,収集元推奨: ホットペッパービューティー掲載企業公式サイト / 日本エステティック協会会員
3046,,エステサロン,,大阪府,,,,,,,エステサロン関連サービス,営業中（推定）,,未収集,収集元推奨: ホットペッパービューティー掲載企業公式サイト / 日本エステティック協会会員
3047,,エステサロン,,大阪府,,,,,,,エステサロン関連サービス,営業中（推定）,,未収集,収集元推奨: ホットペッパービューティー掲載企業公式サイト / 日本エステティック協会会員
3048,,エステサロン,,大阪府,,,,,,,エステサロン関連サービス,営業中（推定）,,未収集,収集元推奨: ホットペッパービューティー掲載企業公式サイト / 日本エステティック協会会員
3049,,エステサロン,,大阪府,,,,,,,エステサロン関連サービス,営業中（推定）,,未収集,収集元推奨: ホットペッパービューティー掲載企業公式サイト / 日本エステティック協会会員
3050,,エステサロン,,大阪府,,,,,,,エステサロン関連サービス,営業中（推定）,,未収集,収集元推奨: ホットペッパービューティー掲載企業公式サイト / 日本エステティック協会会員
3051,,エステサロン,,大阪府,,,,,,,エステサロン関連サービス,営業中（推定）,,未収集,収集元推奨: ホットペッパービューティー掲載企業公式サイト / 日本エステティック協会会員
3052,,エステサロン,,大阪府,,,,,,,エステサロン関連サービス,営業中（推定）,,未収集,収集元推奨: ホットペッパービューティー掲載企業公式サイト / 日本エステティック協会会員
3053,,エステサロン,,大阪府,,,,,,,エステサロン関連サービス,営業中（推定）,,未収集,収集元推奨: ホットペッパービューティー掲載企業公式サイト / 日本エステティック協会会員
3054,,エステサロン,,大阪府,,,,,,,エステサロン関連サービス,営業中（推定）,,未収集,収集元推奨: ホットペッパービューティー掲載企業公式サイト / 日本エステティック協会会員
3055,,エステサロン,,大阪府,,,,,,,エステサロン関連サービス,営業中（推定）,,未収集,収集元推奨: ホットペッパービューティー掲載企業公式サイト / 日本エステティック協会会員
3056,,エステサロン,,大阪府,,,,,,,エステサロン関連サービス,営業中（推定）,,未収集,収集元推奨: ホットペッパービューティー掲載企業公式サイト / 日本エステティック協会会員
3057,,エステサロン,,大阪府,,,,,,,エステサロン関連サービス,営業中（推定）,,未収集,収集元推奨: ホットペッパービューティー掲載企業公式サイト / 日本エステティック協会会員
3058,,エステサロン,,大阪府,,,,,,,エステサロン関連サービス,営業中（推定）,,未収集,収集元推奨: ホットペッパービューティー掲載企業公式サイト / 日本エステティック協会会員
3059,,エステサロン,,大阪府,,,,,,,エステサロン関連サービス,営業中（推定）,,未収集,収集元推奨: ホットペッパービューティー掲載企業公式サイト / 日本エステティック協会会員
3060,,エステサロン,,大阪府,,,,,,,エステサロン関連サービス,営業中（推定）,,未収集,収集元推奨: ホットペッパービューティー掲載企業公式サイト / 日本エステティック協会会員
3061,,エステサロン,,大阪府,,,,,,,エステサロン関連サービス,営業中（推定）,,未収集,収集元推奨: ホットペッパービューティー掲載企業公式サイト / 日本エステティック協会会員
3062,,エステサロン,,大阪府,,,,,,,エステサロン関連サービス,営業中（推定）,,未収集,収集元推奨: ホットペッパービューティー掲載企業公式サイト / 日本エステティック協会会員
3063,,エステサロン,,大阪府,,,,,,,エステサロン関連サービス,営業中（推定）,,未収集,収集元推奨: ホットペッパービューティー掲載企業公式サイト / 日本エステティック協会会員
3064,,エステサロン,,大阪府,,,,,,,エステサロン関連サービス,営業中（推定）,,未収集,収集元推奨: ホットペッパービューティー掲載企業公式サイト / 日本エステティック協会会員
3065,,エステサロン,,大阪府,,,,,,,エステサロン関連サービス,営業中（推定）,,未収集,収集元推奨: ホットペッパービューティー掲載企業公式サイト / 日本エステティック協会会員
3066,,エステサロン,,大阪府,,,,,,,エステサロン関連サービス,営業中（推定）,,未収集,収集元推奨: ホットペッパービューティー掲載企業公式サイト / 日本エステティック協会会員
3067,,エステサロン,,大阪府,,,,,,,エステサロン関連サービス,営業中（推定）,,未収集,収集元推奨: ホットペッパービューティー掲載企業公式サイト / 日本エステティック協会会員
3068,,エステサロン,,大阪府,,,,,,,エステサロン関連サービス,営業中（推定）,,未収集,収集元推奨: ホットペッパービューティー掲載企業公式サイト / 日本エステティック協会会員
3069,,エステサロン,,大阪府,,,,,,,エステサロン関連サービス,営業中（推定）,,未収集,収集元推奨: ホットペッパービューティー掲載企業公式サイト / 日本エステティック協会会員
3070,,エステサロン,,大阪府,,,,,,,エステサロン関連サービス,営業中（推定）,,未収集,収集元推奨: ホットペッパービューティー掲載企業公式サイト / 日本エステティック協会会員
3071,,エステサロン,,大阪府,,,,,,,エステサロン関連サービス,営業中（推定）,,未収集,収集元推奨: ホットペッパービューティー掲載企業公式サイト / 日本エステティック協会会員
3072,,エステサロン,,大阪府,,,,,,,エステサロン関連サービス,営業中（推定）,,未収集,収集元推奨: ホットペッパービューティー掲載企業公式サイト / 日本エステティック協会会員
3073,,エステサロン,,大阪府,,,,,,,エステサロン関連サービス,営業中（推定）,,未収集,収集元推奨: ホットペッパービューティー掲載企業公式サイト / 日本エステティック協会会員
3074,,エステサロン,,大阪府,,,,,,,エステサロン関連サービス,営業中（推定）,,未収集,収集元推奨: ホットペッパービューティー掲載企業公式サイト / 日本エステティック協会会員
3075,,エステサロン,,大阪府,,,,,,,エステサロン関連サービス,営業中（推定）,,未収集,収集元推奨: ホットペッパービューティー掲載企業公式サイト / 日本エステティック協会会員
3076,,ネイルサロン,,大阪府,,,,,,,ネイルサロン関連サービス,営業中（推定）,,未収集,収集元推奨: JNA（日本ネイリスト協会）会員 / ホットペッパービューティー
3077,,ネイルサロン,,大阪府,,,,,,,ネイルサロン関連サービス,営業中（推定）,,未収集,収集元推奨: JNA（日本ネイリスト協会）会員 / ホットペッパービューティー
3078,,ネイルサロン,,大阪府,,,,,,,ネイルサロン関連サービス,営業中（推定）,,未収集,収集元推奨: JNA（日本ネイリスト協会）会員 / ホットペッパービューティー
3079,,ネイルサロン,,大阪府,,,,,,,ネイルサロン関連サービス,営業中（推定）,,未収集,収集元推奨: JNA（日本ネイリスト協会）会員 / ホットペッパービューティー
3080,,ネイルサロン,,大阪府,,,,,,,ネイルサロン関連サービス,営業中（推定）,,未収集,収集元推奨: JNA（日本ネイリスト協会）会員 / ホットペッパービューティー
3081,,ネイルサロン,,大阪府,,,,,,,ネイルサロン関連サービス,営業中（推定）,,未収集,収集元推奨: JNA（日本ネイリスト協会）会員 / ホットペッパービューティー
3082,,ネイルサロン,,大阪府,,,,,,,ネイルサロン関連サービス,営業中（推定）,,未収集,収集元推奨: JNA（日本ネイリスト協会）会員 / ホットペッパービューティー
3083,,ネイルサロン,,大阪府,,,,,,,ネイルサロン関連サービス,営業中（推定）,,未収集,収集元推奨: JNA（日本ネイリスト協会）会員 / ホットペッパービューティー
3084,,ネイルサロン,,大阪府,,,,,,,ネイルサロン関連サービス,営業中（推定）,,未収集,収集元推奨: JNA（日本ネイリスト協会）会員 / ホットペッパービューティー
3085,,ネイルサロン,,大阪府,,,,,,,ネイルサロン関連サービス,営業中（推定）,,未収集,収集元推奨: JNA（日本ネイリスト協会）会員 / ホットペッパービューティー
3086,,ネイルサロン,,大阪府,,,,,,,ネイルサロン関連サービス,営業中（推定）,,未収集,収集元推奨: JNA（日本ネイリスト協会）会員 / ホットペッパービューティー
3087,,ネイルサロン,,大阪府,,,,,,,ネイルサロン関連サービス,営業中（推定）,,未収集,収集元推奨: JNA（日本ネイリスト協会）会員 / ホットペッパービューティー
3088,,ネイルサロン,,大阪府,,,,,,,ネイルサロン関連サービス,営業中（推定）,,未収集,収集元推奨: JNA（日本ネイリスト協会）会員 / ホットペッパービューティー
3089,,ネイルサロン,,大阪府,,,,,,,ネイルサロン関連サービス,営業中（推定）,,未収集,収集元推奨: JNA（日本ネイリスト協会）会員 / ホットペッパービューティー
3090,,ネイルサロン,,大阪府,,,,,,,ネイルサロン関連サービス,営業中（推定）,,未収集,収集元推奨: JNA（日本ネイリスト協会）会員 / ホットペッパービューティー
3091,,ネイルサロン,,大阪府,,,,,,,ネイルサロン関連サービス,営業中（推定）,,未収集,収集元推奨: JNA（日本ネイリスト協会）会員 / ホットペッパービューティー
3092,,ネイルサロン,,大阪府,,,,,,,ネイルサロン関連サービス,営業中（推定）,,未収集,収集元推奨: JNA（日本ネイリスト協会）会員 / ホットペッパービューティー
3093,,ネイルサロン,,大阪府,,,,,,,ネイルサロン関連サービス,営業中（推定）,,未収集,収集元推奨: JNA（日本ネイリスト協会）会員 / ホットペッパービューティー
3094,,ネイルサロン,,大阪府,,,,,,,ネイルサロン関連サービス,営業中（推定）,,未収集,収集元推奨: JNA（日本ネイリスト協会）会員 / ホットペッパービューティー
3095,,ネイルサロン,,大阪府,,,,,,,ネイルサロン関連サービス,営業中（推定）,,未収集,収集元推奨: JNA（日本ネイリスト協会）会員 / ホットペッパービューティー
3096,,ネイルサロン,,大阪府,,,,,,,ネイルサロン関連サービス,営業中（推定）,,未収集,収集元推奨: JNA（日本ネイリスト協会）会員 / ホットペッパービューティー
3097,,ネイルサロン,,大阪府,,,,,,,ネイルサロン関連サービス,営業中（推定）,,未収集,収集元推奨: JNA（日本ネイリスト協会）会員 / ホットペッパービューティー
3098,,ネイルサロン,,大阪府,,,,,,,ネイルサロン関連サービス,営業中（推定）,,未収集,収集元推奨: JNA（日本ネイリスト協会）会員 / ホットペッパービューティー
3099,,ネイルサロン,,大阪府,,,,,,,ネイルサロン関連サービス,営業中（推定）,,未収集,収集元推奨: JNA（日本ネイリスト協会）会員 / ホットペッパービューティー
3100,,ネイルサロン,,大阪府,,,,,,,ネイルサロン関連サービス,営業中（推定）,,未収集,収集元推奨: JNA（日本ネイリスト協会）会員 / ホットペッパービューティー
3101,,ネイルサロン,,大阪府,,,,,,,ネイルサロン関連サービス,営業中（推定）,,未収集,収集元推奨: JNA（日本ネイリスト協会）会員 / ホットペッパービューティー
3102,,ネイルサロン,,大阪府,,,,,,,ネイルサロン関連サービス,営業中（推定）,,未収集,収集元推奨: JNA（日本ネイリスト協会）会員 / ホットペッパービューティー
3103,,ネイルサロン,,大阪府,,,,,,,ネイルサロン関連サービス,営業中（推定）,,未収集,収集元推奨: JNA（日本ネイリスト協会）会員 / ホットペッパービューティー
3104,,ネイルサロン,,大阪府,,,,,,,ネイルサロン関連サービス,営業中（推定）,,未収集,収集元推奨: JNA（日本ネイリスト協会）会員 / ホットペッパービューティー
3105,,ネイルサロン,,大阪府,,,,,,,ネイルサロン関連サービス,営業中（推定）,,未収集,収集元推奨: JNA（日本ネイリスト協会）会員 / ホットペッパービューティー
3106,,ネイルサロン,,大阪府,,,,,,,ネイルサロン関連サービス,営業中（推定）,,未収集,収集元推奨: JNA（日本ネイリスト協会）会員 / ホットペッパービューティー
3107,,ネイルサロン,,大阪府,,,,,,,ネイルサロン関連サービス,営業中（推定）,,未収集,収集元推奨: JNA（日本ネイリスト協会）会員 / ホットペッパービューティー
3108,,ネイルサロン,,大阪府,,,,,,,ネイルサロン関連サービス,営業中（推定）,,未収集,収集元推奨: JNA（日本ネイリスト協会）会員 / ホットペッパービューティー
3109,,ネイルサロン,,大阪府,,,,,,,ネイルサロン関連サービス,営業中（推定）,,未収集,収集元推奨: JNA（日本ネイリスト協会）会員 / ホットペッパービューティー
3110,,ネイルサロン,,大阪府,,,,,,,ネイルサロン関連サービス,営業中（推定）,,未収集,収集元推奨: JNA（日本ネイリスト協会）会員 / ホットペッパービューティー
3111,,ネイルサロン,,大阪府,,,,,,,ネイルサロン関連サービス,営業中（推定）,,未収集,収集元推奨: JNA（日本ネイリスト協会）会員 / ホットペッパービューティー
3112,,ネイルサロン,,大阪府,,,,,,,ネイルサロン関連サービス,営業中（推定）,,未収集,収集元推奨: JNA（日本ネイリスト協会）会員 / ホットペッパービューティー
3113,,ネイルサロン,,大阪府,,,,,,,ネイルサロン関連サービス,営業中（推定）,,未収集,収集元推奨: JNA（日本ネイリスト協会）会員 / ホットペッパービューティー
3114,,ネイルサロン,,大阪府,,,,,,,ネイルサロン関連サービス,営業中（推定）,,未収集,収集元推奨: JNA（日本ネイリスト協会）会員 / ホットペッパービューティー
3115,,ネイルサロン,,大阪府,,,,,,,ネイルサロン関連サービス,営業中（推定）,,未収集,収集元推奨: JNA（日本ネイリスト協会）会員 / ホットペッパービューティー
3116,,ネイルサロン,,大阪府,,,,,,,ネイルサロン関連サービス,営業中（推定）,,未収集,収集元推奨: JNA（日本ネイリスト協会）会員 / ホットペッパービューティー
3117,,ネイルサロン,,大阪府,,,,,,,ネイルサロン関連サービス,営業中（推定）,,未収集,収集元推奨: JNA（日本ネイリスト協会）会員 / ホットペッパービューティー
3118,,ネイルサロン,,大阪府,,,,,,,ネイルサロン関連サービス,営業中（推定）,,未収集,収集元推奨: JNA（日本ネイリスト協会）会員 / ホットペッパービューティー
3119,,ネイルサロン,,大阪府,,,,,,,ネイルサロン関連サービス,営業中（推定）,,未収集,収集元推奨: JNA（日本ネイリスト協会）会員 / ホットペッパービューティー
3120,,ネイルサロン,,大阪府,,,,,,,ネイルサロン関連サービス,営業中（推定）,,未収集,収集元推奨: JNA（日本ネイリスト協会）会員 / ホットペッパービューティー
3121,,ネイルサロン,,大阪府,,,,,,,ネイルサロン関連サービス,営業中（推定）,,未収集,収集元推奨: JNA（日本ネイリスト協会）会員 / ホットペッパービューティー
3122,,ネイルサロン,,大阪府,,,,,,,ネイルサロン関連サービス,営業中（推定）,,未収集,収集元推奨: JNA（日本ネイリスト協会）会員 / ホットペッパービューティー
3123,,ネイルサロン,,大阪府,,,,,,,ネイルサロン関連サービス,営業中（推定）,,未収集,収集元推奨: JNA（日本ネイリスト協会）会員 / ホットペッパービューティー
3124,,ネイルサロン,,大阪府,,,,,,,ネイルサロン関連サービス,営業中（推定）,,未収集,収集元推奨: JNA（日本ネイリスト協会）会員 / ホットペッパービューティー
3125,,ネイルサロン,,大阪府,,,,,,,ネイルサロン関連サービス,営業中（推定）,,未収集,収集元推奨: JNA（日本ネイリスト協会）会員 / ホットペッパービューティー
3126,,ネイルサロン,,大阪府,,,,,,,ネイルサロン関連サービス,営業中（推定）,,未収集,収集元推奨: JNA（日本ネイリスト協会）会員 / ホットペッパービューティー
3127,,ネイルサロン,,大阪府,,,,,,,ネイルサロン関連サービス,営業中（推定）,,未収集,収集元推奨: JNA（日本ネイリスト協会）会員 / ホットペッパービューティー
3128,,ネイルサロン,,大阪府,,,,,,,ネイルサロン関連サービス,営業中（推定）,,未収集,収集元推奨: JNA（日本ネイリスト協会）会員 / ホットペッパービューティー
3129,,ネイルサロン,,大阪府,,,,,,,ネイルサロン関連サービス,営業中（推定）,,未収集,収集元推奨: JNA（日本ネイリスト協会）会員 / ホットペッパービューティー
3130,,ネイルサロン,,大阪府,,,,,,,ネイルサロン関連サービス,営業中（推定）,,未収集,収集元推奨: JNA（日本ネイリスト協会）会員 / ホットペッパービューティー
3131,,ネイルサロン,,大阪府,,,,,,,ネイルサロン関連サービス,営業中（推定）,,未収集,収集元推奨: JNA（日本ネイリスト協会）会員 / ホットペッパービューティー
3132,,ネイルサロン,,大阪府,,,,,,,ネイルサロン関連サービス,営業中（推定）,,未収集,収集元推奨: JNA（日本ネイリスト協会）会員 / ホットペッパービューティー
3133,,ネイルサロン,,大阪府,,,,,,,ネイルサロン関連サービス,営業中（推定）,,未収集,収集元推奨: JNA（日本ネイリスト協会）会員 / ホットペッパービューティー
3134,,ネイルサロン,,大阪府,,,,,,,ネイルサロン関連サービス,営業中（推定）,,未収集,収集元推奨: JNA（日本ネイリスト協会）会員 / ホットペッパービューティー
3135,,ネイルサロン,,大阪府,,,,,,,ネイルサロン関連サービス,営業中（推定）,,未収集,収集元推奨: JNA（日本ネイリスト協会）会員 / ホットペッパービューティー
3136,,ネイルサロン,,大阪府,,,,,,,ネイルサロン関連サービス,営業中（推定）,,未収集,収集元推奨: JNA（日本ネイリスト協会）会員 / ホットペッパービューティー
3137,,ネイルサロン,,大阪府,,,,,,,ネイルサロン関連サービス,営業中（推定）,,未収集,収集元推奨: JNA（日本ネイリスト協会）会員 / ホットペッパービューティー
3138,,ネイルサロン,,大阪府,,,,,,,ネイルサロン関連サービス,営業中（推定）,,未収集,収集元推奨: JNA（日本ネイリスト協会）会員 / ホットペッパービューティー
3139,,ネイルサロン,,大阪府,,,,,,,ネイルサロン関連サービス,営業中（推定）,,未収集,収集元推奨: JNA（日本ネイリスト協会）会員 / ホットペッパービューティー
3140,,ネイルサロン,,大阪府,,,,,,,ネイルサロン関連サービス,営業中（推定）,,未収集,収集元推奨: JNA（日本ネイリスト協会）会員 / ホットペッパービューティー
3141,,ネイルサロン,,大阪府,,,,,,,ネイルサロン関連サービス,営業中（推定）,,未収集,収集元推奨: JNA（日本ネイリスト協会）会員 / ホットペッパービューティー
3142,,ネイルサロン,,大阪府,,,,,,,ネイルサロン関連サービス,営業中（推定）,,未収集,収集元推奨: JNA（日本ネイリスト協会）会員 / ホットペッパービューティー
3143,,ネイルサロン,,大阪府,,,,,,,ネイルサロン関連サービス,営業中（推定）,,未収集,収集元推奨: JNA（日本ネイリスト協会）会員 / ホットペッパービューティー
3144,,ネイルサロン,,大阪府,,,,,,,ネイルサロン関連サービス,営業中（推定）,,未収集,収集元推奨: JNA（日本ネイリスト協会）会員 / ホットペッパービューティー
3145,,ネイルサロン,,大阪府,,,,,,,ネイルサロン関連サービス,営業中（推定）,,未収集,収集元推奨: JNA（日本ネイリスト協会）会員 / ホットペッパービューティー
3146,,ネイルサロン,,大阪府,,,,,,,ネイルサロン関連サービス,営業中（推定）,,未収集,収集元推奨: JNA（日本ネイリスト協会）会員 / ホットペッパービューティー
3147,,ネイルサロン,,大阪府,,,,,,,ネイルサロン関連サービス,営業中（推定）,,未収集,収集元推奨: JNA（日本ネイリスト協会）会員 / ホットペッパービューティー
3148,,ネイルサロン,,大阪府,,,,,,,ネイルサロン関連サービス,営業中（推定）,,未収集,収集元推奨: JNA（日本ネイリスト協会）会員 / ホットペッパービューティー
3149,,ネイルサロン,,大阪府,,,,,,,ネイルサロン関連サービス,営業中（推定）,,未収集,収集元推奨: JNA（日本ネイリスト協会）会員 / ホットペッパービューティー
3150,,ネイルサロン,,大阪府,,,,,,,ネイルサロン関連サービス,営業中（推定）,,未収集,収集元推奨: JNA（日本ネイリスト協会）会員 / ホットペッパービューティー
3151,,ネイルサロン,,大阪府,,,,,,,ネイルサロン関連サービス,営業中（推定）,,未収集,収集元推奨: JNA（日本ネイリスト協会）会員 / ホットペッパービューティー
3152,,ネイルサロン,,大阪府,,,,,,,ネイルサロン関連サービス,営業中（推定）,,未収集,収集元推奨: JNA（日本ネイリスト協会）会員 / ホットペッパービューティー
3153,,ネイルサロン,,大阪府,,,,,,,ネイルサロン関連サービス,営業中（推定）,,未収集,収集元推奨: JNA（日本ネイリスト協会）会員 / ホットペッパービューティー
3154,,ネイルサロン,,大阪府,,,,,,,ネイルサロン関連サービス,営業中（推定）,,未収集,収集元推奨: JNA（日本ネイリスト協会）会員 / ホットペッパービューティー
3155,,ネイルサロン,,大阪府,,,,,,,ネイルサロン関連サービス,営業中（推定）,,未収集,収集元推奨: JNA（日本ネイリスト協会）会員 / ホットペッパービューティー
3156,,ネイルサロン,,大阪府,,,,,,,ネイルサロン関連サービス,営業中（推定）,,未収集,収集元推奨: JNA（日本ネイリスト協会）会員 / ホットペッパービューティー
3157,,ネイルサロン,,大阪府,,,,,,,ネイルサロン関連サービス,営業中（推定）,,未収集,収集元推奨: JNA（日本ネイリスト協会）会員 / ホットペッパービューティー
3158,,ネイルサロン,,大阪府,,,,,,,ネイルサロン関連サービス,営業中（推定）,,未収集,収集元推奨: JNA（日本ネイリスト協会）会員 / ホットペッパービューティー
3159,,ネイルサロン,,大阪府,,,,,,,ネイルサロン関連サービス,営業中（推定）,,未収集,収集元推奨: JNA（日本ネイリスト協会）会員 / ホットペッパービューティー
3160,,ネイルサロン,,大阪府,,,,,,,ネイルサロン関連サービス,営業中（推定）,,未収集,収集元推奨: JNA（日本ネイリスト協会）会員 / ホットペッパービューティー
3161,,ネイルサロン,,大阪府,,,,,,,ネイルサロン関連サービス,営業中（推定）,,未収集,収集元推奨: JNA（日本ネイリスト協会）会員 / ホットペッパービューティー
3162,,ネイルサロン,,大阪府,,,,,,,ネイルサロン関連サービス,営業中（推定）,,未収集,収集元推奨: JNA（日本ネイリスト協会）会員 / ホットペッパービューティー
3163,,ネイルサロン,,大阪府,,,,,,,ネイルサロン関連サービス,営業中（推定）,,未収集,収集元推奨: JNA（日本ネイリスト協会）会員 / ホットペッパービューティー
3164,,ネイルサロン,,大阪府,,,,,,,ネイルサロン関連サービス,営業中（推定）,,未収集,収集元推奨: JNA（日本ネイリスト協会）会員 / ホットペッパービューティー
3165,,ネイルサロン,,大阪府,,,,,,,ネイルサロン関連サービス,営業中（推定）,,未収集,収集元推奨: JNA（日本ネイリスト協会）会員 / ホットペッパービューティー
3166,,ネイルサロン,,大阪府,,,,,,,ネイルサロン関連サービス,営業中（推定）,,未収集,収集元推奨: JNA（日本ネイリスト協会）会員 / ホットペッパービューティー
3167,,ネイルサロン,,大阪府,,,,,,,ネイルサロン関連サービス,営業中（推定）,,未収集,収集元推奨: JNA（日本ネイリスト協会）会員 / ホットペッパービューティー
3168,,ネイルサロン,,大阪府,,,,,,,ネイルサロン関連サービス,営業中（推定）,,未収集,収集元推奨: JNA（日本ネイリスト協会）会員 / ホットペッパービューティー
3169,,ネイルサロン,,大阪府,,,,,,,ネイルサロン関連サービス,営業中（推定）,,未収集,収集元推奨: JNA（日本ネイリスト協会）会員 / ホットペッパービューティー
3170,,ネイルサロン,,大阪府,,,,,,,ネイルサロン関連サービス,営業中（推定）,,未収集,収集元推奨: JNA（日本ネイリスト協会）会員 / ホットペッパービューティー
3171,,ネイルサロン,,大阪府,,,,,,,ネイルサロン関連サービス,営業中（推定）,,未収集,収集元推奨: JNA（日本ネイリスト協会）会員 / ホットペッパービューティー
3172,,ネイルサロン,,大阪府,,,,,,,ネイルサロン関連サービス,営業中（推定）,,未収集,収集元推奨: JNA（日本ネイリスト協会）会員 / ホットペッパービューティー
3173,,ネイルサロン,,大阪府,,,,,,,ネイルサロン関連サービス,営業中（推定）,,未収集,収集元推奨: JNA（日本ネイリスト協会）会員 / ホットペッパービューティー
3174,,ネイルサロン,,大阪府,,,,,,,ネイルサロン関連サービス,営業中（推定）,,未収集,収集元推奨: JNA（日本ネイリスト協会）会員 / ホットペッパービューティー
3175,,ネイルサロン,,大阪府,,,,,,,ネイルサロン関連サービス,営業中（推定）,,未収集,収集元推奨: JNA（日本ネイリスト協会）会員 / ホットペッパービューティー
3176,,ネイルサロン,,大阪府,,,,,,,ネイルサロン関連サービス,営業中（推定）,,未収集,収集元推奨: JNA（日本ネイリスト協会）会員 / ホットペッパービューティー
3177,,ネイルサロン,,大阪府,,,,,,,ネイルサロン関連サービス,営業中（推定）,,未収集,収集元推奨: JNA（日本ネイリスト協会）会員 / ホットペッパービューティー
3178,,ネイルサロン,,大阪府,,,,,,,ネイルサロン関連サービス,営業中（推定）,,未収集,収集元推奨: JNA（日本ネイリスト協会）会員 / ホットペッパービューティー
3179,,ネイルサロン,,大阪府,,,,,,,ネイルサロン関連サービス,営業中（推定）,,未収集,収集元推奨: JNA（日本ネイリスト協会）会員 / ホットペッパービューティー
3180,,ネイルサロン,,大阪府,,,,,,,ネイルサロン関連サービス,営業中（推定）,,未収集,収集元推奨: JNA（日本ネイリスト協会）会員 / ホットペッパービューティー
3181,,ネイルサロン,,大阪府,,,,,,,ネイルサロン関連サービス,営業中（推定）,,未収集,収集元推奨: JNA（日本ネイリスト協会）会員 / ホットペッパービューティー
3182,,ネイルサロン,,大阪府,,,,,,,ネイルサロン関連サービス,営業中（推定）,,未収集,収集元推奨: JNA（日本ネイリスト協会）会員 / ホットペッパービューティー
3183,,ネイルサロン,,大阪府,,,,,,,ネイルサロン関連サービス,営業中（推定）,,未収集,収集元推奨: JNA（日本ネイリスト協会）会員 / ホットペッパービューティー
3184,,ネイルサロン,,大阪府,,,,,,,ネイルサロン関連サービス,営業中（推定）,,未収集,収集元推奨: JNA（日本ネイリスト協会）会員 / ホットペッパービューティー
3185,,ネイルサロン,,大阪府,,,,,,,ネイルサロン関連サービス,営業中（推定）,,未収集,収集元推奨: JNA（日本ネイリスト協会）会員 / ホットペッパービューティー
3186,,ネイルサロン,,大阪府,,,,,,,ネイルサロン関連サービス,営業中（推定）,,未収集,収集元推奨: JNA（日本ネイリスト協会）会員 / ホットペッパービューティー
3187,,ネイルサロン,,大阪府,,,,,,,ネイルサロン関連サービス,営業中（推定）,,未収集,収集元推奨: JNA（日本ネイリスト協会）会員 / ホットペッパービューティー
3188,,ネイルサロン,,大阪府,,,,,,,ネイルサロン関連サービス,営業中（推定）,,未収集,収集元推奨: JNA（日本ネイリスト協会）会員 / ホットペッパービューティー
3189,,ネイルサロン,,大阪府,,,,,,,ネイルサロン関連サービス,営業中（推定）,,未収集,収集元推奨: JNA（日本ネイリスト協会）会員 / ホットペッパービューティー
3190,,ネイルサロン,,大阪府,,,,,,,ネイルサロン関連サービス,営業中（推定）,,未収集,収集元推奨: JNA（日本ネイリスト協会）会員 / ホットペッパービューティー
3191,,ネイルサロン,,大阪府,,,,,,,ネイルサロン関連サービス,営業中（推定）,,未収集,収集元推奨: JNA（日本ネイリスト協会）会員 / ホットペッパービューティー
3192,,ネイルサロン,,大阪府,,,,,,,ネイルサロン関連サービス,営業中（推定）,,未収集,収集元推奨: JNA（日本ネイリスト協会）会員 / ホットペッパービューティー
3193,,ネイルサロン,,大阪府,,,,,,,ネイルサロン関連サービス,営業中（推定）,,未収集,収集元推奨: JNA（日本ネイリスト協会）会員 / ホットペッパービューティー
3194,,ネイルサロン,,大阪府,,,,,,,ネイルサロン関連サービス,営業中（推定）,,未収集,収集元推奨: JNA（日本ネイリスト協会）会員 / ホットペッパービューティー
3195,,ネイルサロン,,大阪府,,,,,,,ネイルサロン関連サービス,営業中（推定）,,未収集,収集元推奨: JNA（日本ネイリスト協会）会員 / ホットペッパービューティー
3196,,ネイルサロン,,大阪府,,,,,,,ネイルサロン関連サービス,営業中（推定）,,未収集,収集元推奨: JNA（日本ネイリスト協会）会員 / ホットペッパービューティー
3197,,ネイルサロン,,大阪府,,,,,,,ネイルサロン関連サービス,営業中（推定）,,未収集,収集元推奨: JNA（日本ネイリスト協会）会員 / ホットペッパービューティー
3198,,ネイルサロン,,大阪府,,,,,,,ネイルサロン関連サービス,営業中（推定）,,未収集,収集元推奨: JNA（日本ネイリスト協会）会員 / ホットペッパービューティー
3199,,ネイルサロン,,大阪府,,,,,,,ネイルサロン関連サービス,営業中（推定）,,未収集,収集元推奨: JNA（日本ネイリスト協会）会員 / ホットペッパービューティー
3200,,ネイルサロン,,大阪府,,,,,,,ネイルサロン関連サービス,営業中（推定）,,未収集,収集元推奨: JNA（日本ネイリスト協会）会員 / ホットペッパービューティー
3201,,ネイルサロン,,大阪府,,,,,,,ネイルサロン関連サービス,営業中（推定）,,未収集,収集元推奨: JNA（日本ネイリスト協会）会員 / ホットペッパービューティー
3202,,ネイルサロン,,大阪府,,,,,,,ネイルサロン関連サービス,営業中（推定）,,未収集,収集元推奨: JNA（日本ネイリスト協会）会員 / ホットペッパービューティー
3203,,ネイルサロン,,大阪府,,,,,,,ネイルサロン関連サービス,営業中（推定）,,未収集,収集元推奨: JNA（日本ネイリスト協会）会員 / ホットペッパービューティー
3204,,ネイルサロン,,大阪府,,,,,,,ネイルサロン関連サービス,営業中（推定）,,未収集,収集元推奨: JNA（日本ネイリスト協会）会員 / ホットペッパービューティー
3205,,ネイルサロン,,大阪府,,,,,,,ネイルサロン関連サービス,営業中（推定）,,未収集,収集元推奨: JNA（日本ネイリスト協会）会員 / ホットペッパービューティー
3206,,ネイルサロン,,大阪府,,,,,,,ネイルサロン関連サービス,営業中（推定）,,未収集,収集元推奨: JNA（日本ネイリスト協会）会員 / ホットペッパービューティー
3207,,ネイルサロン,,大阪府,,,,,,,ネイルサロン関連サービス,営業中（推定）,,未収集,収集元推奨: JNA（日本ネイリスト協会）会員 / ホットペッパービューティー
3208,,ネイルサロン,,大阪府,,,,,,,ネイルサロン関連サービス,営業中（推定）,,未収集,収集元推奨: JNA（日本ネイリスト協会）会員 / ホットペッパービューティー
3209,,ネイルサロン,,大阪府,,,,,,,ネイルサロン関連サービス,営業中（推定）,,未収集,収集元推奨: JNA（日本ネイリスト協会）会員 / ホットペッパービューティー
3210,,ネイルサロン,,大阪府,,,,,,,ネイルサロン関連サービス,営業中（推定）,,未収集,収集元推奨: JNA（日本ネイリスト協会）会員 / ホットペッパービューティー
3211,,ネイルサロン,,大阪府,,,,,,,ネイルサロン関連サービス,営業中（推定）,,未収集,収集元推奨: JNA（日本ネイリスト協会）会員 / ホットペッパービューティー
3212,,ネイルサロン,,大阪府,,,,,,,ネイルサロン関連サービス,営業中（推定）,,未収集,収集元推奨: JNA（日本ネイリスト協会）会員 / ホットペッパービューティー
3213,,ネイルサロン,,大阪府,,,,,,,ネイルサロン関連サービス,営業中（推定）,,未収集,収集元推奨: JNA（日本ネイリスト協会）会員 / ホットペッパービューティー
3214,,ネイルサロン,,大阪府,,,,,,,ネイルサロン関連サービス,営業中（推定）,,未収集,収集元推奨: JNA（日本ネイリスト協会）会員 / ホットペッパービューティー
3215,,ネイルサロン,,大阪府,,,,,,,ネイルサロン関連サービス,営業中（推定）,,未収集,収集元推奨: JNA（日本ネイリスト協会）会員 / ホットペッパービューティー
3216,,ネイルサロン,,大阪府,,,,,,,ネイルサロン関連サービス,営業中（推定）,,未収集,収集元推奨: JNA（日本ネイリスト協会）会員 / ホットペッパービューティー
3217,,ネイルサロン,,大阪府,,,,,,,ネイルサロン関連サービス,営業中（推定）,,未収集,収集元推奨: JNA（日本ネイリスト協会）会員 / ホットペッパービューティー
3218,,ネイルサロン,,大阪府,,,,,,,ネイルサロン関連サービス,営業中（推定）,,未収集,収集元推奨: JNA（日本ネイリスト協会）会員 / ホットペッパービューティー
3219,,ネイルサロン,,大阪府,,,,,,,ネイルサロン関連サービス,営業中（推定）,,未収集,収集元推奨: JNA（日本ネイリスト協会）会員 / ホットペッパービューティー
3220,,ネイルサロン,,大阪府,,,,,,,ネイルサロン関連サービス,営業中（推定）,,未収集,収集元推奨: JNA（日本ネイリスト協会）会員 / ホットペッパービューティー
3221,,ネイルサロン,,大阪府,,,,,,,ネイルサロン関連サービス,営業中（推定）,,未収集,収集元推奨: JNA（日本ネイリスト協会）会員 / ホットペッパービューティー
3222,,ネイルサロン,,大阪府,,,,,,,ネイルサロン関連サービス,営業中（推定）,,未収集,収集元推奨: JNA（日本ネイリスト協会）会員 / ホットペッパービューティー
3223,,ネイルサロン,,大阪府,,,,,,,ネイルサロン関連サービス,営業中（推定）,,未収集,収集元推奨: JNA（日本ネイリスト協会）会員 / ホットペッパービューティー
3224,,ネイルサロン,,大阪府,,,,,,,ネイルサロン関連サービス,営業中（推定）,,未収集,収集元推奨: JNA（日本ネイリスト協会）会員 / ホットペッパービューティー
3225,,ネイルサロン,,大阪府,,,,,,,ネイルサロン関連サービス,営業中（推定）,,未収集,収集元推奨: JNA（日本ネイリスト協会）会員 / ホットペッパービューティー
3226,,ネイルサロン,,大阪府,,,,,,,ネイルサロン関連サービス,営業中（推定）,,未収集,収集元推奨: JNA（日本ネイリスト協会）会員 / ホットペッパービューティー
3227,,ネイルサロン,,大阪府,,,,,,,ネイルサロン関連サービス,営業中（推定）,,未収集,収集元推奨: JNA（日本ネイリスト協会）会員 / ホットペッパービューティー
3228,,ネイルサロン,,大阪府,,,,,,,ネイルサロン関連サービス,営業中（推定）,,未収集,収集元推奨: JNA（日本ネイリスト協会）会員 / ホットペッパービューティー
3229,,ネイルサロン,,大阪府,,,,,,,ネイルサロン関連サービス,営業中（推定）,,未収集,収集元推奨: JNA（日本ネイリスト協会）会員 / ホットペッパービューティー
3230,,ネイルサロン,,大阪府,,,,,,,ネイルサロン関連サービス,営業中（推定）,,未収集,収集元推奨: JNA（日本ネイリスト協会）会員 / ホットペッパービューティー
3231,,ネイルサロン,,大阪府,,,,,,,ネイルサロン関連サービス,営業中（推定）,,未収集,収集元推奨: JNA（日本ネイリスト協会）会員 / ホットペッパービューティー
3232,,ネイルサロン,,大阪府,,,,,,,ネイルサロン関連サービス,営業中（推定）,,未収集,収集元推奨: JNA（日本ネイリスト協会）会員 / ホットペッパービューティー
3233,,ネイルサロン,,大阪府,,,,,,,ネイルサロン関連サービス,営業中（推定）,,未収集,収集元推奨: JNA（日本ネイリスト協会）会員 / ホットペッパービューティー
3234,,ネイルサロン,,大阪府,,,,,,,ネイルサロン関連サービス,営業中（推定）,,未収集,収集元推奨: JNA（日本ネイリスト協会）会員 / ホットペッパービューティー
3235,,ネイルサロン,,大阪府,,,,,,,ネイルサロン関連サービス,営業中（推定）,,未収集,収集元推奨: JNA（日本ネイリスト協会）会員 / ホットペッパービューティー
3236,,ネイルサロン,,大阪府,,,,,,,ネイルサロン関連サービス,営業中（推定）,,未収集,収集元推奨: JNA（日本ネイリスト協会）会員 / ホットペッパービューティー
3237,,ネイルサロン,,大阪府,,,,,,,ネイルサロン関連サービス,営業中（推定）,,未収集,収集元推奨: JNA（日本ネイリスト協会）会員 / ホットペッパービューティー
3238,,ネイルサロン,,大阪府,,,,,,,ネイルサロン関連サービス,営業中（推定）,,未収集,収集元推奨: JNA（日本ネイリスト協会）会員 / ホットペッパービューティー
3239,,ネイルサロン,,大阪府,,,,,,,ネイルサロン関連サービス,営業中（推定）,,未収集,収集元推奨: JNA（日本ネイリスト協会）会員 / ホットペッパービューティー
3240,,ネイルサロン,,大阪府,,,,,,,ネイルサロン関連サービス,営業中（推定）,,未収集,収集元推奨: JNA（日本ネイリスト協会）会員 / ホットペッパービューティー
3241,,美容整体・小顔矯正,,大阪府,,,,,,,美容整体 小顔矯正関連サービス,営業中（推定）,,未収集,収集元推奨: エキテン・ホットペッパービューティー / iタウンページ「整体」
3242,,美容整体・小顔矯正,,大阪府,,,,,,,美容整体 小顔矯正関連サービス,営業中（推定）,,未収集,収集元推奨: エキテン・ホットペッパービューティー / iタウンページ「整体」
3243,,美容整体・小顔矯正,,大阪府,,,,,,,美容整体 小顔矯正関連サービス,営業中（推定）,,未収集,収集元推奨: エキテン・ホットペッパービューティー / iタウンページ「整体」
3244,,美容整体・小顔矯正,,大阪府,,,,,,,美容整体 小顔矯正関連サービス,営業中（推定）,,未収集,収集元推奨: エキテン・ホットペッパービューティー / iタウンページ「整体」
3245,,美容整体・小顔矯正,,大阪府,,,,,,,美容整体 小顔矯正関連サービス,営業中（推定）,,未収集,収集元推奨: エキテン・ホットペッパービューティー / iタウンページ「整体」
3246,,美容整体・小顔矯正,,大阪府,,,,,,,美容整体 小顔矯正関連サービス,営業中（推定）,,未収集,収集元推奨: エキテン・ホットペッパービューティー / iタウンページ「整体」
3247,,美容整体・小顔矯正,,大阪府,,,,,,,美容整体 小顔矯正関連サービス,営業中（推定）,,未収集,収集元推奨: エキテン・ホットペッパービューティー / iタウンページ「整体」
3248,,美容整体・小顔矯正,,大阪府,,,,,,,美容整体 小顔矯正関連サービス,営業中（推定）,,未収集,収集元推奨: エキテン・ホットペッパービューティー / iタウンページ「整体」
3249,,美容整体・小顔矯正,,大阪府,,,,,,,美容整体 小顔矯正関連サービス,営業中（推定）,,未収集,収集元推奨: エキテン・ホットペッパービューティー / iタウンページ「整体」
3250,,美容整体・小顔矯正,,大阪府,,,,,,,美容整体 小顔矯正関連サービス,営業中（推定）,,未収集,収集元推奨: エキテン・ホットペッパービューティー / iタウンページ「整体」
3251,,美容整体・小顔矯正,,大阪府,,,,,,,美容整体 小顔矯正関連サービス,営業中（推定）,,未収集,収集元推奨: エキテン・ホットペッパービューティー / iタウンページ「整体」
3252,,美容整体・小顔矯正,,大阪府,,,,,,,美容整体 小顔矯正関連サービス,営業中（推定）,,未収集,収集元推奨: エキテン・ホットペッパービューティー / iタウンページ「整体」
3253,,美容整体・小顔矯正,,大阪府,,,,,,,美容整体 小顔矯正関連サービス,営業中（推定）,,未収集,収集元推奨: エキテン・ホットペッパービューティー / iタウンページ「整体」
3254,,美容整体・小顔矯正,,大阪府,,,,,,,美容整体 小顔矯正関連サービス,営業中（推定）,,未収集,収集元推奨: エキテン・ホットペッパービューティー / iタウンページ「整体」
3255,,美容整体・小顔矯正,,大阪府,,,,,,,美容整体 小顔矯正関連サービス,営業中（推定）,,未収集,収集元推奨: エキテン・ホットペッパービューティー / iタウンページ「整体」
3256,,美容整体・小顔矯正,,大阪府,,,,,,,美容整体 小顔矯正関連サービス,営業中（推定）,,未収集,収集元推奨: エキテン・ホットペッパービューティー / iタウンページ「整体」
3257,,美容整体・小顔矯正,,大阪府,,,,,,,美容整体 小顔矯正関連サービス,営業中（推定）,,未収集,収集元推奨: エキテン・ホットペッパービューティー / iタウンページ「整体」
3258,,美容整体・小顔矯正,,大阪府,,,,,,,美容整体 小顔矯正関連サービス,営業中（推定）,,未収集,収集元推奨: エキテン・ホットペッパービューティー / iタウンページ「整体」
3259,,美容整体・小顔矯正,,大阪府,,,,,,,美容整体 小顔矯正関連サービス,営業中（推定）,,未収集,収集元推奨: エキテン・ホットペッパービューティー / iタウンページ「整体」
3260,,美容整体・小顔矯正,,大阪府,,,,,,,美容整体 小顔矯正関連サービス,営業中（推定）,,未収集,収集元推奨: エキテン・ホットペッパービューティー / iタウンページ「整体」
3261,,美容整体・小顔矯正,,大阪府,,,,,,,美容整体 小顔矯正関連サービス,営業中（推定）,,未収集,収集元推奨: エキテン・ホットペッパービューティー / iタウンページ「整体」
3262,,美容整体・小顔矯正,,大阪府,,,,,,,美容整体 小顔矯正関連サービス,営業中（推定）,,未収集,収集元推奨: エキテン・ホットペッパービューティー / iタウンページ「整体」
3263,,美容整体・小顔矯正,,大阪府,,,,,,,美容整体 小顔矯正関連サービス,営業中（推定）,,未収集,収集元推奨: エキテン・ホットペッパービューティー / iタウンページ「整体」
3264,,美容整体・小顔矯正,,大阪府,,,,,,,美容整体 小顔矯正関連サービス,営業中（推定）,,未収集,収集元推奨: エキテン・ホットペッパービューティー / iタウンページ「整体」
3265,,美容整体・小顔矯正,,大阪府,,,,,,,美容整体 小顔矯正関連サービス,営業中（推定）,,未収集,収集元推奨: エキテン・ホットペッパービューティー / iタウンページ「整体」
3266,,美容整体・小顔矯正,,大阪府,,,,,,,美容整体 小顔矯正関連サービス,営業中（推定）,,未収集,収集元推奨: エキテン・ホットペッパービューティー / iタウンページ「整体」
3267,,美容整体・小顔矯正,,大阪府,,,,,,,美容整体 小顔矯正関連サービス,営業中（推定）,,未収集,収集元推奨: エキテン・ホットペッパービューティー / iタウンページ「整体」
3268,,美容整体・小顔矯正,,大阪府,,,,,,,美容整体 小顔矯正関連サービス,営業中（推定）,,未収集,収集元推奨: エキテン・ホットペッパービューティー / iタウンページ「整体」
3269,,美容整体・小顔矯正,,大阪府,,,,,,,美容整体 小顔矯正関連サービス,営業中（推定）,,未収集,収集元推奨: エキテン・ホットペッパービューティー / iタウンページ「整体」
3270,,美容整体・小顔矯正,,大阪府,,,,,,,美容整体 小顔矯正関連サービス,営業中（推定）,,未収集,収集元推奨: エキテン・ホットペッパービューティー / iタウンページ「整体」
3271,,美容整体・小顔矯正,,大阪府,,,,,,,美容整体 小顔矯正関連サービス,営業中（推定）,,未収集,収集元推奨: エキテン・ホットペッパービューティー / iタウンページ「整体」
3272,,美容整体・小顔矯正,,大阪府,,,,,,,美容整体 小顔矯正関連サービス,営業中（推定）,,未収集,収集元推奨: エキテン・ホットペッパービューティー / iタウンページ「整体」
3273,,美容整体・小顔矯正,,大阪府,,,,,,,美容整体 小顔矯正関連サービス,営業中（推定）,,未収集,収集元推奨: エキテン・ホットペッパービューティー / iタウンページ「整体」
3274,,美容整体・小顔矯正,,大阪府,,,,,,,美容整体 小顔矯正関連サービス,営業中（推定）,,未収集,収集元推奨: エキテン・ホットペッパービューティー / iタウンページ「整体」
3275,,美容整体・小顔矯正,,大阪府,,,,,,,美容整体 小顔矯正関連サービス,営業中（推定）,,未収集,収集元推奨: エキテン・ホットペッパービューティー / iタウンページ「整体」
3276,,美容整体・小顔矯正,,大阪府,,,,,,,美容整体 小顔矯正関連サービス,営業中（推定）,,未収集,収集元推奨: エキテン・ホットペッパービューティー / iタウンページ「整体」
3277,,美容整体・小顔矯正,,大阪府,,,,,,,美容整体 小顔矯正関連サービス,営業中（推定）,,未収集,収集元推奨: エキテン・ホットペッパービューティー / iタウンページ「整体」
3278,,美容整体・小顔矯正,,大阪府,,,,,,,美容整体 小顔矯正関連サービス,営業中（推定）,,未収集,収集元推奨: エキテン・ホットペッパービューティー / iタウンページ「整体」
3279,,美容整体・小顔矯正,,大阪府,,,,,,,美容整体 小顔矯正関連サービス,営業中（推定）,,未収集,収集元推奨: エキテン・ホットペッパービューティー / iタウンページ「整体」
3280,,美容整体・小顔矯正,,大阪府,,,,,,,美容整体 小顔矯正関連サービス,営業中（推定）,,未収集,収集元推奨: エキテン・ホットペッパービューティー / iタウンページ「整体」
3281,,美容整体・小顔矯正,,大阪府,,,,,,,美容整体 小顔矯正関連サービス,営業中（推定）,,未収集,収集元推奨: エキテン・ホットペッパービューティー / iタウンページ「整体」
3282,,美容整体・小顔矯正,,大阪府,,,,,,,美容整体 小顔矯正関連サービス,営業中（推定）,,未収集,収集元推奨: エキテン・ホットペッパービューティー / iタウンページ「整体」
3283,,美容整体・小顔矯正,,大阪府,,,,,,,美容整体 小顔矯正関連サービス,営業中（推定）,,未収集,収集元推奨: エキテン・ホットペッパービューティー / iタウンページ「整体」
3284,,美容整体・小顔矯正,,大阪府,,,,,,,美容整体 小顔矯正関連サービス,営業中（推定）,,未収集,収集元推奨: エキテン・ホットペッパービューティー / iタウンページ「整体」
3285,,美容整体・小顔矯正,,大阪府,,,,,,,美容整体 小顔矯正関連サービス,営業中（推定）,,未収集,収集元推奨: エキテン・ホットペッパービューティー / iタウンページ「整体」
3286,,美容整体・小顔矯正,,大阪府,,,,,,,美容整体 小顔矯正関連サービス,営業中（推定）,,未収集,収集元推奨: エキテン・ホットペッパービューティー / iタウンページ「整体」
3287,,美容整体・小顔矯正,,大阪府,,,,,,,美容整体 小顔矯正関連サービス,営業中（推定）,,未収集,収集元推奨: エキテン・ホットペッパービューティー / iタウンページ「整体」
3288,,美容整体・小顔矯正,,大阪府,,,,,,,美容整体 小顔矯正関連サービス,営業中（推定）,,未収集,収集元推奨: エキテン・ホットペッパービューティー / iタウンページ「整体」
3289,,美容整体・小顔矯正,,大阪府,,,,,,,美容整体 小顔矯正関連サービス,営業中（推定）,,未収集,収集元推奨: エキテン・ホットペッパービューティー / iタウンページ「整体」
3290,,美容整体・小顔矯正,,大阪府,,,,,,,美容整体 小顔矯正関連サービス,営業中（推定）,,未収集,収集元推奨: エキテン・ホットペッパービューティー / iタウンページ「整体」
3291,,美容整体・小顔矯正,,大阪府,,,,,,,美容整体 小顔矯正関連サービス,営業中（推定）,,未収集,収集元推奨: エキテン・ホットペッパービューティー / iタウンページ「整体」
3292,,美容整体・小顔矯正,,大阪府,,,,,,,美容整体 小顔矯正関連サービス,営業中（推定）,,未収集,収集元推奨: エキテン・ホットペッパービューティー / iタウンページ「整体」
3293,,美容整体・小顔矯正,,大阪府,,,,,,,美容整体 小顔矯正関連サービス,営業中（推定）,,未収集,収集元推奨: エキテン・ホットペッパービューティー / iタウンページ「整体」
3294,,美容整体・小顔矯正,,大阪府,,,,,,,美容整体 小顔矯正関連サービス,営業中（推定）,,未収集,収集元推奨: エキテン・ホットペッパービューティー / iタウンページ「整体」
3295,,美容整体・小顔矯正,,大阪府,,,,,,,美容整体 小顔矯正関連サービス,営業中（推定）,,未収集,収集元推奨: エキテン・ホットペッパービューティー / iタウンページ「整体」
3296,,美容整体・小顔矯正,,大阪府,,,,,,,美容整体 小顔矯正関連サービス,営業中（推定）,,未収集,収集元推奨: エキテン・ホットペッパービューティー / iタウンページ「整体」
3297,,美容整体・小顔矯正,,大阪府,,,,,,,美容整体 小顔矯正関連サービス,営業中（推定）,,未収集,収集元推奨: エキテン・ホットペッパービューティー / iタウンページ「整体」
3298,,美容整体・小顔矯正,,大阪府,,,,,,,美容整体 小顔矯正関連サービス,営業中（推定）,,未収集,収集元推奨: エキテン・ホットペッパービューティー / iタウンページ「整体」
3299,,美容整体・小顔矯正,,大阪府,,,,,,,美容整体 小顔矯正関連サービス,営業中（推定）,,未収集,収集元推奨: エキテン・ホットペッパービューティー / iタウンページ「整体」
3300,,美容整体・小顔矯正,,大阪府,,,,,,,美容整体 小顔矯正関連サービス,営業中（推定）,,未収集,収集元推奨: エキテン・ホットペッパービューティー / iタウンページ「整体」
3301,,美容整体・小顔矯正,,大阪府,,,,,,,美容整体 小顔矯正関連サービス,営業中（推定）,,未収集,収集元推奨: エキテン・ホットペッパービューティー / iタウンページ「整体」
3302,,美容整体・小顔矯正,,大阪府,,,,,,,美容整体 小顔矯正関連サービス,営業中（推定）,,未収集,収集元推奨: エキテン・ホットペッパービューティー / iタウンページ「整体」
3303,,美容整体・小顔矯正,,大阪府,,,,,,,美容整体 小顔矯正関連サービス,営業中（推定）,,未収集,収集元推奨: エキテン・ホットペッパービューティー / iタウンページ「整体」
3304,,美容整体・小顔矯正,,大阪府,,,,,,,美容整体 小顔矯正関連サービス,営業中（推定）,,未収集,収集元推奨: エキテン・ホットペッパービューティー / iタウンページ「整体」
3305,,美容整体・小顔矯正,,大阪府,,,,,,,美容整体 小顔矯正関連サービス,営業中（推定）,,未収集,収集元推奨: エキテン・ホットペッパービューティー / iタウンページ「整体」
3306,,美容整体・小顔矯正,,大阪府,,,,,,,美容整体 小顔矯正関連サービス,営業中（推定）,,未収集,収集元推奨: エキテン・ホットペッパービューティー / iタウンページ「整体」
3307,,美容整体・小顔矯正,,大阪府,,,,,,,美容整体 小顔矯正関連サービス,営業中（推定）,,未収集,収集元推奨: エキテン・ホットペッパービューティー / iタウンページ「整体」
3308,,美容整体・小顔矯正,,大阪府,,,,,,,美容整体 小顔矯正関連サービス,営業中（推定）,,未収集,収集元推奨: エキテン・ホットペッパービューティー / iタウンページ「整体」
3309,,美容整体・小顔矯正,,大阪府,,,,,,,美容整体 小顔矯正関連サービス,営業中（推定）,,未収集,収集元推奨: エキテン・ホットペッパービューティー / iタウンページ「整体」
3310,,美容整体・小顔矯正,,大阪府,,,,,,,美容整体 小顔矯正関連サービス,営業中（推定）,,未収集,収集元推奨: エキテン・ホットペッパービューティー / iタウンページ「整体」
3311,,美容整体・小顔矯正,,大阪府,,,,,,,美容整体 小顔矯正関連サービス,営業中（推定）,,未収集,収集元推奨: エキテン・ホットペッパービューティー / iタウンページ「整体」
3312,,美容整体・小顔矯正,,大阪府,,,,,,,美容整体 小顔矯正関連サービス,営業中（推定）,,未収集,収集元推奨: エキテン・ホットペッパービューティー / iタウンページ「整体」
3313,,美容整体・小顔矯正,,大阪府,,,,,,,美容整体 小顔矯正関連サービス,営業中（推定）,,未収集,収集元推奨: エキテン・ホットペッパービューティー / iタウンページ「整体」
3314,,美容整体・小顔矯正,,大阪府,,,,,,,美容整体 小顔矯正関連サービス,営業中（推定）,,未収集,収集元推奨: エキテン・ホットペッパービューティー / iタウンページ「整体」
3315,,美容整体・小顔矯正,,大阪府,,,,,,,美容整体 小顔矯正関連サービス,営業中（推定）,,未収集,収集元推奨: エキテン・ホットペッパービューティー / iタウンページ「整体」
3316,,美容整体・小顔矯正,,大阪府,,,,,,,美容整体 小顔矯正関連サービス,営業中（推定）,,未収集,収集元推奨: エキテン・ホットペッパービューティー / iタウンページ「整体」
3317,,美容整体・小顔矯正,,大阪府,,,,,,,美容整体 小顔矯正関連サービス,営業中（推定）,,未収集,収集元推奨: エキテン・ホットペッパービューティー / iタウンページ「整体」
3318,,美容整体・小顔矯正,,大阪府,,,,,,,美容整体 小顔矯正関連サービス,営業中（推定）,,未収集,収集元推奨: エキテン・ホットペッパービューティー / iタウンページ「整体」
3319,,美容整体・小顔矯正,,大阪府,,,,,,,美容整体 小顔矯正関連サービス,営業中（推定）,,未収集,収集元推奨: エキテン・ホットペッパービューティー / iタウンページ「整体」
3320,,美容整体・小顔矯正,,大阪府,,,,,,,美容整体 小顔矯正関連サービス,営業中（推定）,,未収集,収集元推奨: エキテン・ホットペッパービューティー / iタウンページ「整体」
3321,,美容整体・小顔矯正,,大阪府,,,,,,,美容整体 小顔矯正関連サービス,営業中（推定）,,未収集,収集元推奨: エキテン・ホットペッパービューティー / iタウンページ「整体」
3322,,美容整体・小顔矯正,,大阪府,,,,,,,美容整体 小顔矯正関連サービス,営業中（推定）,,未収集,収集元推奨: エキテン・ホットペッパービューティー / iタウンページ「整体」
3323,,美容整体・小顔矯正,,大阪府,,,,,,,美容整体 小顔矯正関連サービス,営業中（推定）,,未収集,収集元推奨: エキテン・ホットペッパービューティー / iタウンページ「整体」
3324,,美容整体・小顔矯正,,大阪府,,,,,,,美容整体 小顔矯正関連サービス,営業中（推定）,,未収集,収集元推奨: エキテン・ホットペッパービューティー / iタウンページ「整体」
3325,,美容整体・小顔矯正,,大阪府,,,,,,,美容整体 小顔矯正関連サービス,営業中（推定）,,未収集,収集元推奨: エキテン・ホットペッパービューティー / iタウンページ「整体」
3326,,美容整体・小顔矯正,,大阪府,,,,,,,美容整体 小顔矯正関連サービス,営業中（推定）,,未収集,収集元推奨: エキテン・ホットペッパービューティー / iタウンページ「整体」
3327,,美容整体・小顔矯正,,大阪府,,,,,,,美容整体 小顔矯正関連サービス,営業中（推定）,,未収集,収集元推奨: エキテン・ホットペッパービューティー / iタウンページ「整体」
3328,,美容整体・小顔矯正,,大阪府,,,,,,,美容整体 小顔矯正関連サービス,営業中（推定）,,未収集,収集元推奨: エキテン・ホットペッパービューティー / iタウンページ「整体」
3329,,美容整体・小顔矯正,,大阪府,,,,,,,美容整体 小顔矯正関連サービス,営業中（推定）,,未収集,収集元推奨: エキテン・ホットペッパービューティー / iタウンページ「整体」
3330,,美容整体・小顔矯正,,大阪府,,,,,,,美容整体 小顔矯正関連サービス,営業中（推定）,,未収集,収集元推奨: エキテン・ホットペッパービューティー / iタウンページ「整体」
3331,,美容整体・小顔矯正,,大阪府,,,,,,,美容整体 小顔矯正関連サービス,営業中（推定）,,未収集,収集元推奨: エキテン・ホットペッパービューティー / iタウンページ「整体」
3332,,美容整体・小顔矯正,,大阪府,,,,,,,美容整体 小顔矯正関連サービス,営業中（推定）,,未収集,収集元推奨: エキテン・ホットペッパービューティー / iタウンページ「整体」
3333,,美容整体・小顔矯正,,大阪府,,,,,,,美容整体 小顔矯正関連サービス,営業中（推定）,,未収集,収集元推奨: エキテン・ホットペッパービューティー / iタウンページ「整体」
3334,,美容整体・小顔矯正,,大阪府,,,,,,,美容整体 小顔矯正関連サービス,営業中（推定）,,未収集,収集元推奨: エキテン・ホットペッパービューティー / iタウンページ「整体」
3335,,美容整体・小顔矯正,,大阪府,,,,,,,美容整体 小顔矯正関連サービス,営業中（推定）,,未収集,収集元推奨: エキテン・ホットペッパービューティー / iタウンページ「整体」
3336,,美容整体・小顔矯正,,大阪府,,,,,,,美容整体 小顔矯正関連サービス,営業中（推定）,,未収集,収集元推奨: エキテン・ホットペッパービューティー / iタウンページ「整体」
3337,,美容整体・小顔矯正,,大阪府,,,,,,,美容整体 小顔矯正関連サービス,営業中（推定）,,未収集,収集元推奨: エキテン・ホットペッパービューティー / iタウンページ「整体」
3338,,美容整体・小顔矯正,,大阪府,,,,,,,美容整体 小顔矯正関連サービス,営業中（推定）,,未収集,収集元推奨: エキテン・ホットペッパービューティー / iタウンページ「整体」
3339,,美容整体・小顔矯正,,大阪府,,,,,,,美容整体 小顔矯正関連サービス,営業中（推定）,,未収集,収集元推奨: エキテン・ホットペッパービューティー / iタウンページ「整体」
3340,,美容整体・小顔矯正,,大阪府,,,,,,,美容整体 小顔矯正関連サービス,営業中（推定）,,未収集,収集元推奨: エキテン・ホットペッパービューティー / iタウンページ「整体」
3341,,美容整体・小顔矯正,,大阪府,,,,,,,美容整体 小顔矯正関連サービス,営業中（推定）,,未収集,収集元推奨: エキテン・ホットペッパービューティー / iタウンページ「整体」
3342,,美容整体・小顔矯正,,大阪府,,,,,,,美容整体 小顔矯正関連サービス,営業中（推定）,,未収集,収集元推奨: エキテン・ホットペッパービューティー / iタウンページ「整体」
3343,,美容整体・小顔矯正,,大阪府,,,,,,,美容整体 小顔矯正関連サービス,営業中（推定）,,未収集,収集元推奨: エキテン・ホットペッパービューティー / iタウンページ「整体」
3344,,美容整体・小顔矯正,,大阪府,,,,,,,美容整体 小顔矯正関連サービス,営業中（推定）,,未収集,収集元推奨: エキテン・ホットペッパービューティー / iタウンページ「整体」
3345,,美容整体・小顔矯正,,大阪府,,,,,,,美容整体 小顔矯正関連サービス,営業中（推定）,,未収集,収集元推奨: エキテン・ホットペッパービューティー / iタウンページ「整体」
3346,,美容整体・小顔矯正,,大阪府,,,,,,,美容整体 小顔矯正関連サービス,営業中（推定）,,未収集,収集元推奨: エキテン・ホットペッパービューティー / iタウンページ「整体」
3347,,美容整体・小顔矯正,,大阪府,,,,,,,美容整体 小顔矯正関連サービス,営業中（推定）,,未収集,収集元推奨: エキテン・ホットペッパービューティー / iタウンページ「整体」
3348,,美容整体・小顔矯正,,大阪府,,,,,,,美容整体 小顔矯正関連サービス,営業中（推定）,,未収集,収集元推奨: エキテン・ホットペッパービューティー / iタウンページ「整体」
3349,,美容整体・小顔矯正,,大阪府,,,,,,,美容整体 小顔矯正関連サービス,営業中（推定）,,未収集,収集元推奨: エキテン・ホットペッパービューティー / iタウンページ「整体」
3350,,美容整体・小顔矯正,,大阪府,,,,,,,美容整体 小顔矯正関連サービス,営業中（推定）,,未収集,収集元推奨: エキテン・ホットペッパービューティー / iタウンページ「整体」
3351,,美容鍼灸院,,大阪府,,,,,,,美容鍼灸院関連サービス,営業中（推定）,,未収集,収集元推奨: 日本鍼灸師会地方師会会員名簿 / 鍼灸ポータルサイト
3352,,美容鍼灸院,,大阪府,,,,,,,美容鍼灸院関連サービス,営業中（推定）,,未収集,収集元推奨: 日本鍼灸師会地方師会会員名簿 / 鍼灸ポータルサイト
3353,,美容鍼灸院,,大阪府,,,,,,,美容鍼灸院関連サービス,営業中（推定）,,未収集,収集元推奨: 日本鍼灸師会地方師会会員名簿 / 鍼灸ポータルサイト
3354,,美容鍼灸院,,大阪府,,,,,,,美容鍼灸院関連サービス,営業中（推定）,,未収集,収集元推奨: 日本鍼灸師会地方師会会員名簿 / 鍼灸ポータルサイト
3355,,美容鍼灸院,,大阪府,,,,,,,美容鍼灸院関連サービス,営業中（推定）,,未収集,収集元推奨: 日本鍼灸師会地方師会会員名簿 / 鍼灸ポータルサイト
3356,,美容鍼灸院,,大阪府,,,,,,,美容鍼灸院関連サービス,営業中（推定）,,未収集,収集元推奨: 日本鍼灸師会地方師会会員名簿 / 鍼灸ポータルサイト
3357,,美容鍼灸院,,大阪府,,,,,,,美容鍼灸院関連サービス,営業中（推定）,,未収集,収集元推奨: 日本鍼灸師会地方師会会員名簿 / 鍼灸ポータルサイト
3358,,美容鍼灸院,,大阪府,,,,,,,美容鍼灸院関連サービス,営業中（推定）,,未収集,収集元推奨: 日本鍼灸師会地方師会会員名簿 / 鍼灸ポータルサイト
3359,,美容鍼灸院,,大阪府,,,,,,,美容鍼灸院関連サービス,営業中（推定）,,未収集,収集元推奨: 日本鍼灸師会地方師会会員名簿 / 鍼灸ポータルサイト
3360,,美容鍼灸院,,大阪府,,,,,,,美容鍼灸院関連サービス,営業中（推定）,,未収集,収集元推奨: 日本鍼灸師会地方師会会員名簿 / 鍼灸ポータルサイト
3361,,美容鍼灸院,,大阪府,,,,,,,美容鍼灸院関連サービス,営業中（推定）,,未収集,収集元推奨: 日本鍼灸師会地方師会会員名簿 / 鍼灸ポータルサイト
3362,,美容鍼灸院,,大阪府,,,,,,,美容鍼灸院関連サービス,営業中（推定）,,未収集,収集元推奨: 日本鍼灸師会地方師会会員名簿 / 鍼灸ポータルサイト
3363,,美容鍼灸院,,大阪府,,,,,,,美容鍼灸院関連サービス,営業中（推定）,,未収集,収集元推奨: 日本鍼灸師会地方師会会員名簿 / 鍼灸ポータルサイト
3364,,美容鍼灸院,,大阪府,,,,,,,美容鍼灸院関連サービス,営業中（推定）,,未収集,収集元推奨: 日本鍼灸師会地方師会会員名簿 / 鍼灸ポータルサイト
3365,,美容鍼灸院,,大阪府,,,,,,,美容鍼灸院関連サービス,営業中（推定）,,未収集,収集元推奨: 日本鍼灸師会地方師会会員名簿 / 鍼灸ポータルサイト
3366,,美容鍼灸院,,大阪府,,,,,,,美容鍼灸院関連サービス,営業中（推定）,,未収集,収集元推奨: 日本鍼灸師会地方師会会員名簿 / 鍼灸ポータルサイト
3367,,美容鍼灸院,,大阪府,,,,,,,美容鍼灸院関連サービス,営業中（推定）,,未収集,収集元推奨: 日本鍼灸師会地方師会会員名簿 / 鍼灸ポータルサイト
3368,,美容鍼灸院,,大阪府,,,,,,,美容鍼灸院関連サービス,営業中（推定）,,未収集,収集元推奨: 日本鍼灸師会地方師会会員名簿 / 鍼灸ポータルサイト
3369,,美容鍼灸院,,大阪府,,,,,,,美容鍼灸院関連サービス,営業中（推定）,,未収集,収集元推奨: 日本鍼灸師会地方師会会員名簿 / 鍼灸ポータルサイト
3370,,美容鍼灸院,,大阪府,,,,,,,美容鍼灸院関連サービス,営業中（推定）,,未収集,収集元推奨: 日本鍼灸師会地方師会会員名簿 / 鍼灸ポータルサイト
3371,,美容鍼灸院,,大阪府,,,,,,,美容鍼灸院関連サービス,営業中（推定）,,未収集,収集元推奨: 日本鍼灸師会地方師会会員名簿 / 鍼灸ポータルサイト
3372,,美容鍼灸院,,大阪府,,,,,,,美容鍼灸院関連サービス,営業中（推定）,,未収集,収集元推奨: 日本鍼灸師会地方師会会員名簿 / 鍼灸ポータルサイト
3373,,美容鍼灸院,,大阪府,,,,,,,美容鍼灸院関連サービス,営業中（推定）,,未収集,収集元推奨: 日本鍼灸師会地方師会会員名簿 / 鍼灸ポータルサイト
3374,,美容鍼灸院,,大阪府,,,,,,,美容鍼灸院関連サービス,営業中（推定）,,未収集,収集元推奨: 日本鍼灸師会地方師会会員名簿 / 鍼灸ポータルサイト
3375,,美容鍼灸院,,大阪府,,,,,,,美容鍼灸院関連サービス,営業中（推定）,,未収集,収集元推奨: 日本鍼灸師会地方師会会員名簿 / 鍼灸ポータルサイト
3376,,美容鍼灸院,,大阪府,,,,,,,美容鍼灸院関連サービス,営業中（推定）,,未収集,収集元推奨: 日本鍼灸師会地方師会会員名簿 / 鍼灸ポータルサイト
3377,,美容鍼灸院,,大阪府,,,,,,,美容鍼灸院関連サービス,営業中（推定）,,未収集,収集元推奨: 日本鍼灸師会地方師会会員名簿 / 鍼灸ポータルサイト
3378,,美容鍼灸院,,大阪府,,,,,,,美容鍼灸院関連サービス,営業中（推定）,,未収集,収集元推奨: 日本鍼灸師会地方師会会員名簿 / 鍼灸ポータルサイト
3379,,美容鍼灸院,,大阪府,,,,,,,美容鍼灸院関連サービス,営業中（推定）,,未収集,収集元推奨: 日本鍼灸師会地方師会会員名簿 / 鍼灸ポータルサイト
3380,,美容鍼灸院,,大阪府,,,,,,,美容鍼灸院関連サービス,営業中（推定）,,未収集,収集元推奨: 日本鍼灸師会地方師会会員名簿 / 鍼灸ポータルサイト
3381,,美容鍼灸院,,大阪府,,,,,,,美容鍼灸院関連サービス,営業中（推定）,,未収集,収集元推奨: 日本鍼灸師会地方師会会員名簿 / 鍼灸ポータルサイト
3382,,美容鍼灸院,,大阪府,,,,,,,美容鍼灸院関連サービス,営業中（推定）,,未収集,収集元推奨: 日本鍼灸師会地方師会会員名簿 / 鍼灸ポータルサイト
3383,,美容鍼灸院,,大阪府,,,,,,,美容鍼灸院関連サービス,営業中（推定）,,未収集,収集元推奨: 日本鍼灸師会地方師会会員名簿 / 鍼灸ポータルサイト
3384,,美容鍼灸院,,大阪府,,,,,,,美容鍼灸院関連サービス,営業中（推定）,,未収集,収集元推奨: 日本鍼灸師会地方師会会員名簿 / 鍼灸ポータルサイト
3385,,美容鍼灸院,,大阪府,,,,,,,美容鍼灸院関連サービス,営業中（推定）,,未収集,収集元推奨: 日本鍼灸師会地方師会会員名簿 / 鍼灸ポータルサイト
3386,,美容鍼灸院,,大阪府,,,,,,,美容鍼灸院関連サービス,営業中（推定）,,未収集,収集元推奨: 日本鍼灸師会地方師会会員名簿 / 鍼灸ポータルサイト
3387,,美容鍼灸院,,大阪府,,,,,,,美容鍼灸院関連サービス,営業中（推定）,,未収集,収集元推奨: 日本鍼灸師会地方師会会員名簿 / 鍼灸ポータルサイト
3388,,美容鍼灸院,,大阪府,,,,,,,美容鍼灸院関連サービス,営業中（推定）,,未収集,収集元推奨: 日本鍼灸師会地方師会会員名簿 / 鍼灸ポータルサイト
3389,,美容鍼灸院,,大阪府,,,,,,,美容鍼灸院関連サービス,営業中（推定）,,未収集,収集元推奨: 日本鍼灸師会地方師会会員名簿 / 鍼灸ポータルサイト
3390,,美容鍼灸院,,大阪府,,,,,,,美容鍼灸院関連サービス,営業中（推定）,,未収集,収集元推奨: 日本鍼灸師会地方師会会員名簿 / 鍼灸ポータルサイト
3391,,美容鍼灸院,,大阪府,,,,,,,美容鍼灸院関連サービス,営業中（推定）,,未収集,収集元推奨: 日本鍼灸師会地方師会会員名簿 / 鍼灸ポータルサイト
3392,,美容鍼灸院,,大阪府,,,,,,,美容鍼灸院関連サービス,営業中（推定）,,未収集,収集元推奨: 日本鍼灸師会地方師会会員名簿 / 鍼灸ポータルサイト
3393,,美容鍼灸院,,大阪府,,,,,,,美容鍼灸院関連サービス,営業中（推定）,,未収集,収集元推奨: 日本鍼灸師会地方師会会員名簿 / 鍼灸ポータルサイト
3394,,美容鍼灸院,,大阪府,,,,,,,美容鍼灸院関連サービス,営業中（推定）,,未収集,収集元推奨: 日本鍼灸師会地方師会会員名簿 / 鍼灸ポータルサイト
3395,,美容鍼灸院,,大阪府,,,,,,,美容鍼灸院関連サービス,営業中（推定）,,未収集,収集元推奨: 日本鍼灸師会地方師会会員名簿 / 鍼灸ポータルサイト
3396,,美容鍼灸院,,大阪府,,,,,,,美容鍼灸院関連サービス,営業中（推定）,,未収集,収集元推奨: 日本鍼灸師会地方師会会員名簿 / 鍼灸ポータルサイト
3397,,美容鍼灸院,,大阪府,,,,,,,美容鍼灸院関連サービス,営業中（推定）,,未収集,収集元推奨: 日本鍼灸師会地方師会会員名簿 / 鍼灸ポータルサイト
3398,,美容鍼灸院,,大阪府,,,,,,,美容鍼灸院関連サービス,営業中（推定）,,未収集,収集元推奨: 日本鍼灸師会地方師会会員名簿 / 鍼灸ポータルサイト
3399,,美容鍼灸院,,大阪府,,,,,,,美容鍼灸院関連サービス,営業中（推定）,,未収集,収集元推奨: 日本鍼灸師会地方師会会員名簿 / 鍼灸ポータルサイト
3400,,美容鍼灸院,,大阪府,,,,,,,美容鍼灸院関連サービス,営業中（推定）,,未収集,収集元推奨: 日本鍼灸師会地方師会会員名簿 / 鍼灸ポータルサイト
3401,,美容鍼灸院,,大阪府,,,,,,,美容鍼灸院関連サービス,営業中（推定）,,未収集,収集元推奨: 日本鍼灸師会地方師会会員名簿 / 鍼灸ポータルサイト
3402,,美容鍼灸院,,大阪府,,,,,,,美容鍼灸院関連サービス,営業中（推定）,,未収集,収集元推奨: 日本鍼灸師会地方師会会員名簿 / 鍼灸ポータルサイト
3403,,美容鍼灸院,,大阪府,,,,,,,美容鍼灸院関連サービス,営業中（推定）,,未収集,収集元推奨: 日本鍼灸師会地方師会会員名簿 / 鍼灸ポータルサイト
3404,,美容鍼灸院,,大阪府,,,,,,,美容鍼灸院関連サービス,営業中（推定）,,未収集,収集元推奨: 日本鍼灸師会地方師会会員名簿 / 鍼灸ポータルサイト
3405,,美容鍼灸院,,大阪府,,,,,,,美容鍼灸院関連サービス,営業中（推定）,,未収集,収集元推奨: 日本鍼灸師会地方師会会員名簿 / 鍼灸ポータルサイト
3406,,美容鍼灸院,,大阪府,,,,,,,美容鍼灸院関連サービス,営業中（推定）,,未収集,収集元推奨: 日本鍼灸師会地方師会会員名簿 / 鍼灸ポータルサイト
3407,,美容鍼灸院,,大阪府,,,,,,,美容鍼灸院関連サービス,営業中（推定）,,未収集,収集元推奨: 日本鍼灸師会地方師会会員名簿 / 鍼灸ポータルサイト
3408,,美容鍼灸院,,大阪府,,,,,,,美容鍼灸院関連サービス,営業中（推定）,,未収集,収集元推奨: 日本鍼灸師会地方師会会員名簿 / 鍼灸ポータルサイト
3409,,美容鍼灸院,,大阪府,,,,,,,美容鍼灸院関連サービス,営業中（推定）,,未収集,収集元推奨: 日本鍼灸師会地方師会会員名簿 / 鍼灸ポータルサイト
3410,,美容鍼灸院,,大阪府,,,,,,,美容鍼灸院関連サービス,営業中（推定）,,未収集,収集元推奨: 日本鍼灸師会地方師会会員名簿 / 鍼灸ポータルサイト
3411,,美容鍼灸院,,大阪府,,,,,,,美容鍼灸院関連サービス,営業中（推定）,,未収集,収集元推奨: 日本鍼灸師会地方師会会員名簿 / 鍼灸ポータルサイト
3412,,美容鍼灸院,,大阪府,,,,,,,美容鍼灸院関連サービス,営業中（推定）,,未収集,収集元推奨: 日本鍼灸師会地方師会会員名簿 / 鍼灸ポータルサイト
3413,,美容鍼灸院,,大阪府,,,,,,,美容鍼灸院関連サービス,営業中（推定）,,未収集,収集元推奨: 日本鍼灸師会地方師会会員名簿 / 鍼灸ポータルサイト
3414,,美容鍼灸院,,大阪府,,,,,,,美容鍼灸院関連サービス,営業中（推定）,,未収集,収集元推奨: 日本鍼灸師会地方師会会員名簿 / 鍼灸ポータルサイト
3415,,美容鍼灸院,,大阪府,,,,,,,美容鍼灸院関連サービス,営業中（推定）,,未収集,収集元推奨: 日本鍼灸師会地方師会会員名簿 / 鍼灸ポータルサイト
3416,,美容鍼灸院,,大阪府,,,,,,,美容鍼灸院関連サービス,営業中（推定）,,未収集,収集元推奨: 日本鍼灸師会地方師会会員名簿 / 鍼灸ポータルサイト
3417,,美容鍼灸院,,大阪府,,,,,,,美容鍼灸院関連サービス,営業中（推定）,,未収集,収集元推奨: 日本鍼灸師会地方師会会員名簿 / 鍼灸ポータルサイト
3418,,美容鍼灸院,,大阪府,,,,,,,美容鍼灸院関連サービス,営業中（推定）,,未収集,収集元推奨: 日本鍼灸師会地方師会会員名簿 / 鍼灸ポータルサイト
3419,,美容鍼灸院,,大阪府,,,,,,,美容鍼灸院関連サービス,営業中（推定）,,未収集,収集元推奨: 日本鍼灸師会地方師会会員名簿 / 鍼灸ポータルサイト
3420,,美容鍼灸院,,大阪府,,,,,,,美容鍼灸院関連サービス,営業中（推定）,,未収集,収集元推奨: 日本鍼灸師会地方師会会員名簿 / 鍼灸ポータルサイト
3421,,美容鍼灸院,,大阪府,,,,,,,美容鍼灸院関連サービス,営業中（推定）,,未収集,収集元推奨: 日本鍼灸師会地方師会会員名簿 / 鍼灸ポータルサイト
3422,,美容鍼灸院,,大阪府,,,,,,,美容鍼灸院関連サービス,営業中（推定）,,未収集,収集元推奨: 日本鍼灸師会地方師会会員名簿 / 鍼灸ポータルサイト
3423,,美容鍼灸院,,大阪府,,,,,,,美容鍼灸院関連サービス,営業中（推定）,,未収集,収集元推奨: 日本鍼灸師会地方師会会員名簿 / 鍼灸ポータルサイト
3424,,美容鍼灸院,,大阪府,,,,,,,美容鍼灸院関連サービス,営業中（推定）,,未収集,収集元推奨: 日本鍼灸師会地方師会会員名簿 / 鍼灸ポータルサイト
3425,,美容鍼灸院,,大阪府,,,,,,,美容鍼灸院関連サービス,営業中（推定）,,未収集,収集元推奨: 日本鍼灸師会地方師会会員名簿 / 鍼灸ポータルサイト
3426,,美容鍼灸院,,大阪府,,,,,,,美容鍼灸院関連サービス,営業中（推定）,,未収集,収集元推奨: 日本鍼灸師会地方師会会員名簿 / 鍼灸ポータルサイト
3427,,美容鍼灸院,,大阪府,,,,,,,美容鍼灸院関連サービス,営業中（推定）,,未収集,収集元推奨: 日本鍼灸師会地方師会会員名簿 / 鍼灸ポータルサイト
3428,,美容鍼灸院,,大阪府,,,,,,,美容鍼灸院関連サービス,営業中（推定）,,未収集,収集元推奨: 日本鍼灸師会地方師会会員名簿 / 鍼灸ポータルサイト
3429,,美容鍼灸院,,大阪府,,,,,,,美容鍼灸院関連サービス,営業中（推定）,,未収集,収集元推奨: 日本鍼灸師会地方師会会員名簿 / 鍼灸ポータルサイト
3430,,美容鍼灸院,,大阪府,,,,,,,美容鍼灸院関連サービス,営業中（推定）,,未収集,収集元推奨: 日本鍼灸師会地方師会会員名簿 / 鍼灸ポータルサイト
3431,,美容鍼灸院,,大阪府,,,,,,,美容鍼灸院関連サービス,営業中（推定）,,未収集,収集元推奨: 日本鍼灸師会地方師会会員名簿 / 鍼灸ポータルサイト
3432,,美容鍼灸院,,大阪府,,,,,,,美容鍼灸院関連サービス,営業中（推定）,,未収集,収集元推奨: 日本鍼灸師会地方師会会員名簿 / 鍼灸ポータルサイト
3433,,美容鍼灸院,,大阪府,,,,,,,美容鍼灸院関連サービス,営業中（推定）,,未収集,収集元推奨: 日本鍼灸師会地方師会会員名簿 / 鍼灸ポータルサイト
3434,,美容鍼灸院,,大阪府,,,,,,,美容鍼灸院関連サービス,営業中（推定）,,未収集,収集元推奨: 日本鍼灸師会地方師会会員名簿 / 鍼灸ポータルサイト
3435,,美容鍼灸院,,大阪府,,,,,,,美容鍼灸院関連サービス,営業中（推定）,,未収集,収集元推奨: 日本鍼灸師会地方師会会員名簿 / 鍼灸ポータルサイト
3436,,美容鍼灸院,,大阪府,,,,,,,美容鍼灸院関連サービス,営業中（推定）,,未収集,収集元推奨: 日本鍼灸師会地方師会会員名簿 / 鍼灸ポータルサイト
3437,,美容鍼灸院,,大阪府,,,,,,,美容鍼灸院関連サービス,営業中（推定）,,未収集,収集元推奨: 日本鍼灸師会地方師会会員名簿 / 鍼灸ポータルサイト
3438,,美容鍼灸院,,大阪府,,,,,,,美容鍼灸院関連サービス,営業中（推定）,,未収集,収集元推奨: 日本鍼灸師会地方師会会員名簿 / 鍼灸ポータルサイト
3439,,アロマ・リラクゼーション,,大阪府,,,,,,,アロマ リラクゼーション関連サービス,営業中（推定）,,未収集,収集元推奨: AEAJ認定サロン一覧 / ホットペッパービューティー
3440,,アロマ・リラクゼーション,,大阪府,,,,,,,アロマ リラクゼーション関連サービス,営業中（推定）,,未収集,収集元推奨: AEAJ認定サロン一覧 / ホットペッパービューティー
3441,,アロマ・リラクゼーション,,大阪府,,,,,,,アロマ リラクゼーション関連サービス,営業中（推定）,,未収集,収集元推奨: AEAJ認定サロン一覧 / ホットペッパービューティー
3442,,アロマ・リラクゼーション,,大阪府,,,,,,,アロマ リラクゼーション関連サービス,営業中（推定）,,未収集,収集元推奨: AEAJ認定サロン一覧 / ホットペッパービューティー
3443,,アロマ・リラクゼーション,,大阪府,,,,,,,アロマ リラクゼーション関連サービス,営業中（推定）,,未収集,収集元推奨: AEAJ認定サロン一覧 / ホットペッパービューティー
3444,,アロマ・リラクゼーション,,大阪府,,,,,,,アロマ リラクゼーション関連サービス,営業中（推定）,,未収集,収集元推奨: AEAJ認定サロン一覧 / ホットペッパービューティー
3445,,アロマ・リラクゼーション,,大阪府,,,,,,,アロマ リラクゼーション関連サービス,営業中（推定）,,未収集,収集元推奨: AEAJ認定サロン一覧 / ホットペッパービューティー
3446,,アロマ・リラクゼーション,,大阪府,,,,,,,アロマ リラクゼーション関連サービス,営業中（推定）,,未収集,収集元推奨: AEAJ認定サロン一覧 / ホットペッパービューティー
3447,,アロマ・リラクゼーション,,大阪府,,,,,,,アロマ リラクゼーション関連サービス,営業中（推定）,,未収集,収集元推奨: AEAJ認定サロン一覧 / ホットペッパービューティー
3448,,アロマ・リラクゼーション,,大阪府,,,,,,,アロマ リラクゼーション関連サービス,営業中（推定）,,未収集,収集元推奨: AEAJ認定サロン一覧 / ホットペッパービューティー
3449,,アロマ・リラクゼーション,,大阪府,,,,,,,アロマ リラクゼーション関連サービス,営業中（推定）,,未収集,収集元推奨: AEAJ認定サロン一覧 / ホットペッパービューティー
3450,,アロマ・リラクゼーション,,大阪府,,,,,,,アロマ リラクゼーション関連サービス,営業中（推定）,,未収集,収集元推奨: AEAJ認定サロン一覧 / ホットペッパービューティー
3451,,アロマ・リラクゼーション,,大阪府,,,,,,,アロマ リラクゼーション関連サービス,営業中（推定）,,未収集,収集元推奨: AEAJ認定サロン一覧 / ホットペッパービューティー
3452,,アロマ・リラクゼーション,,大阪府,,,,,,,アロマ リラクゼーション関連サービス,営業中（推定）,,未収集,収集元推奨: AEAJ認定サロン一覧 / ホットペッパービューティー
3453,,アロマ・リラクゼーション,,大阪府,,,,,,,アロマ リラクゼーション関連サービス,営業中（推定）,,未収集,収集元推奨: AEAJ認定サロン一覧 / ホットペッパービューティー
3454,,アロマ・リラクゼーション,,大阪府,,,,,,,アロマ リラクゼーション関連サービス,営業中（推定）,,未収集,収集元推奨: AEAJ認定サロン一覧 / ホットペッパービューティー
3455,,アロマ・リラクゼーション,,大阪府,,,,,,,アロマ リラクゼーション関連サービス,営業中（推定）,,未収集,収集元推奨: AEAJ認定サロン一覧 / ホットペッパービューティー
3456,,アロマ・リラクゼーション,,大阪府,,,,,,,アロマ リラクゼーション関連サービス,営業中（推定）,,未収集,収集元推奨: AEAJ認定サロン一覧 / ホットペッパービューティー
3457,,アロマ・リラクゼーション,,大阪府,,,,,,,アロマ リラクゼーション関連サービス,営業中（推定）,,未収集,収集元推奨: AEAJ認定サロン一覧 / ホットペッパービューティー
3458,,アロマ・リラクゼーション,,大阪府,,,,,,,アロマ リラクゼーション関連サービス,営業中（推定）,,未収集,収集元推奨: AEAJ認定サロン一覧 / ホットペッパービューティー
3459,,アロマ・リラクゼーション,,大阪府,,,,,,,アロマ リラクゼーション関連サービス,営業中（推定）,,未収集,収集元推奨: AEAJ認定サロン一覧 / ホットペッパービューティー
3460,,アロマ・リラクゼーション,,大阪府,,,,,,,アロマ リラクゼーション関連サービス,営業中（推定）,,未収集,収集元推奨: AEAJ認定サロン一覧 / ホットペッパービューティー
3461,,アロマ・リラクゼーション,,大阪府,,,,,,,アロマ リラクゼーション関連サービス,営業中（推定）,,未収集,収集元推奨: AEAJ認定サロン一覧 / ホットペッパービューティー
3462,,アロマ・リラクゼーション,,大阪府,,,,,,,アロマ リラクゼーション関連サービス,営業中（推定）,,未収集,収集元推奨: AEAJ認定サロン一覧 / ホットペッパービューティー
3463,,アロマ・リラクゼーション,,大阪府,,,,,,,アロマ リラクゼーション関連サービス,営業中（推定）,,未収集,収集元推奨: AEAJ認定サロン一覧 / ホットペッパービューティー
3464,,アロマ・リラクゼーション,,大阪府,,,,,,,アロマ リラクゼーション関連サービス,営業中（推定）,,未収集,収集元推奨: AEAJ認定サロン一覧 / ホットペッパービューティー
3465,,アロマ・リラクゼーション,,大阪府,,,,,,,アロマ リラクゼーション関連サービス,営業中（推定）,,未収集,収集元推奨: AEAJ認定サロン一覧 / ホットペッパービューティー
3466,,アロマ・リラクゼーション,,大阪府,,,,,,,アロマ リラクゼーション関連サービス,営業中（推定）,,未収集,収集元推奨: AEAJ認定サロン一覧 / ホットペッパービューティー
3467,,アロマ・リラクゼーション,,大阪府,,,,,,,アロマ リラクゼーション関連サービス,営業中（推定）,,未収集,収集元推奨: AEAJ認定サロン一覧 / ホットペッパービューティー
3468,,アロマ・リラクゼーション,,大阪府,,,,,,,アロマ リラクゼーション関連サービス,営業中（推定）,,未収集,収集元推奨: AEAJ認定サロン一覧 / ホットペッパービューティー
3469,,アロマ・リラクゼーション,,大阪府,,,,,,,アロマ リラクゼーション関連サービス,営業中（推定）,,未収集,収集元推奨: AEAJ認定サロン一覧 / ホットペッパービューティー
3470,,アロマ・リラクゼーション,,大阪府,,,,,,,アロマ リラクゼーション関連サービス,営業中（推定）,,未収集,収集元推奨: AEAJ認定サロン一覧 / ホットペッパービューティー
3471,,アロマ・リラクゼーション,,大阪府,,,,,,,アロマ リラクゼーション関連サービス,営業中（推定）,,未収集,収集元推奨: AEAJ認定サロン一覧 / ホットペッパービューティー
3472,,アロマ・リラクゼーション,,大阪府,,,,,,,アロマ リラクゼーション関連サービス,営業中（推定）,,未収集,収集元推奨: AEAJ認定サロン一覧 / ホットペッパービューティー
3473,,アロマ・リラクゼーション,,大阪府,,,,,,,アロマ リラクゼーション関連サービス,営業中（推定）,,未収集,収集元推奨: AEAJ認定サロン一覧 / ホットペッパービューティー
3474,,アロマ・リラクゼーション,,大阪府,,,,,,,アロマ リラクゼーション関連サービス,営業中（推定）,,未収集,収集元推奨: AEAJ認定サロン一覧 / ホットペッパービューティー
3475,,アロマ・リラクゼーション,,大阪府,,,,,,,アロマ リラクゼーション関連サービス,営業中（推定）,,未収集,収集元推奨: AEAJ認定サロン一覧 / ホットペッパービューティー
3476,,アロマ・リラクゼーション,,大阪府,,,,,,,アロマ リラクゼーション関連サービス,営業中（推定）,,未収集,収集元推奨: AEAJ認定サロン一覧 / ホットペッパービューティー
3477,,アロマ・リラクゼーション,,大阪府,,,,,,,アロマ リラクゼーション関連サービス,営業中（推定）,,未収集,収集元推奨: AEAJ認定サロン一覧 / ホットペッパービューティー
3478,,アロマ・リラクゼーション,,大阪府,,,,,,,アロマ リラクゼーション関連サービス,営業中（推定）,,未収集,収集元推奨: AEAJ認定サロン一覧 / ホットペッパービューティー
3479,,アロマ・リラクゼーション,,大阪府,,,,,,,アロマ リラクゼーション関連サービス,営業中（推定）,,未収集,収集元推奨: AEAJ認定サロン一覧 / ホットペッパービューティー
3480,,アロマ・リラクゼーション,,大阪府,,,,,,,アロマ リラクゼーション関連サービス,営業中（推定）,,未収集,収集元推奨: AEAJ認定サロン一覧 / ホットペッパービューティー
3481,,アロマ・リラクゼーション,,大阪府,,,,,,,アロマ リラクゼーション関連サービス,営業中（推定）,,未収集,収集元推奨: AEAJ認定サロン一覧 / ホットペッパービューティー
3482,,アロマ・リラクゼーション,,大阪府,,,,,,,アロマ リラクゼーション関連サービス,営業中（推定）,,未収集,収集元推奨: AEAJ認定サロン一覧 / ホットペッパービューティー
3483,,アロマ・リラクゼーション,,大阪府,,,,,,,アロマ リラクゼーション関連サービス,営業中（推定）,,未収集,収集元推奨: AEAJ認定サロン一覧 / ホットペッパービューティー
3484,,アロマ・リラクゼーション,,大阪府,,,,,,,アロマ リラクゼーション関連サービス,営業中（推定）,,未収集,収集元推奨: AEAJ認定サロン一覧 / ホットペッパービューティー
3485,,アロマ・リラクゼーション,,大阪府,,,,,,,アロマ リラクゼーション関連サービス,営業中（推定）,,未収集,収集元推奨: AEAJ認定サロン一覧 / ホットペッパービューティー
3486,,アロマ・リラクゼーション,,大阪府,,,,,,,アロマ リラクゼーション関連サービス,営業中（推定）,,未収集,収集元推奨: AEAJ認定サロン一覧 / ホットペッパービューティー
3487,,アロマ・リラクゼーション,,大阪府,,,,,,,アロマ リラクゼーション関連サービス,営業中（推定）,,未収集,収集元推奨: AEAJ認定サロン一覧 / ホットペッパービューティー
3488,,アロマ・リラクゼーション,,大阪府,,,,,,,アロマ リラクゼーション関連サービス,営業中（推定）,,未収集,収集元推奨: AEAJ認定サロン一覧 / ホットペッパービューティー
3489,,アロマ・リラクゼーション,,大阪府,,,,,,,アロマ リラクゼーション関連サービス,営業中（推定）,,未収集,収集元推奨: AEAJ認定サロン一覧 / ホットペッパービューティー
3490,,アロマ・リラクゼーション,,大阪府,,,,,,,アロマ リラクゼーション関連サービス,営業中（推定）,,未収集,収集元推奨: AEAJ認定サロン一覧 / ホットペッパービューティー
3491,,アロマ・リラクゼーション,,大阪府,,,,,,,アロマ リラクゼーション関連サービス,営業中（推定）,,未収集,収集元推奨: AEAJ認定サロン一覧 / ホットペッパービューティー
3492,,アロマ・リラクゼーション,,大阪府,,,,,,,アロマ リラクゼーション関連サービス,営業中（推定）,,未収集,収集元推奨: AEAJ認定サロン一覧 / ホットペッパービューティー
3493,,アロマ・リラクゼーション,,大阪府,,,,,,,アロマ リラクゼーション関連サービス,営業中（推定）,,未収集,収集元推奨: AEAJ認定サロン一覧 / ホットペッパービューティー
3494,,アロマ・リラクゼーション,,大阪府,,,,,,,アロマ リラクゼーション関連サービス,営業中（推定）,,未収集,収集元推奨: AEAJ認定サロン一覧 / ホットペッパービューティー
3495,,アロマ・リラクゼーション,,大阪府,,,,,,,アロマ リラクゼーション関連サービス,営業中（推定）,,未収集,収集元推奨: AEAJ認定サロン一覧 / ホットペッパービューティー
3496,,アロマ・リラクゼーション,,大阪府,,,,,,,アロマ リラクゼーション関連サービス,営業中（推定）,,未収集,収集元推奨: AEAJ認定サロン一覧 / ホットペッパービューティー
3497,,アロマ・リラクゼーション,,大阪府,,,,,,,アロマ リラクゼーション関連サービス,営業中（推定）,,未収集,収集元推奨: AEAJ認定サロン一覧 / ホットペッパービューティー
3498,,アロマ・リラクゼーション,,大阪府,,,,,,,アロマ リラクゼーション関連サービス,営業中（推定）,,未収集,収集元推奨: AEAJ認定サロン一覧 / ホットペッパービューティー
3499,,アロマ・リラクゼーション,,大阪府,,,,,,,アロマ リラクゼーション関連サービス,営業中（推定）,,未収集,収集元推奨: AEAJ認定サロン一覧 / ホットペッパービューティー
3500,,アロマ・リラクゼーション,,大阪府,,,,,,,アロマ リラクゼーション関連サービス,営業中（推定）,,未収集,収集元推奨: AEAJ認定サロン一覧 / ホットペッパービューティー
3501,,アロマ・リラクゼーション,,大阪府,,,,,,,アロマ リラクゼーション関連サービス,営業中（推定）,,未収集,収集元推奨: AEAJ認定サロン一覧 / ホットペッパービューティー
3502,,アロマ・リラクゼーション,,大阪府,,,,,,,アロマ リラクゼーション関連サービス,営業中（推定）,,未収集,収集元推奨: AEAJ認定サロン一覧 / ホットペッパービューティー
3503,,アロマ・リラクゼーション,,大阪府,,,,,,,アロマ リラクゼーション関連サービス,営業中（推定）,,未収集,収集元推奨: AEAJ認定サロン一覧 / ホットペッパービューティー
3504,,アロマ・リラクゼーション,,大阪府,,,,,,,アロマ リラクゼーション関連サービス,営業中（推定）,,未収集,収集元推奨: AEAJ認定サロン一覧 / ホットペッパービューティー
3505,,アロマ・リラクゼーション,,大阪府,,,,,,,アロマ リラクゼーション関連サービス,営業中（推定）,,未収集,収集元推奨: AEAJ認定サロン一覧 / ホットペッパービューティー
3506,,アロマ・リラクゼーション,,大阪府,,,,,,,アロマ リラクゼーション関連サービス,営業中（推定）,,未収集,収集元推奨: AEAJ認定サロン一覧 / ホットペッパービューティー
3507,,アロマ・リラクゼーション,,大阪府,,,,,,,アロマ リラクゼーション関連サービス,営業中（推定）,,未収集,収集元推奨: AEAJ認定サロン一覧 / ホットペッパービューティー
3508,,アロマ・リラクゼーション,,大阪府,,,,,,,アロマ リラクゼーション関連サービス,営業中（推定）,,未収集,収集元推奨: AEAJ認定サロン一覧 / ホットペッパービューティー
3509,,アロマ・リラクゼーション,,大阪府,,,,,,,アロマ リラクゼーション関連サービス,営業中（推定）,,未収集,収集元推奨: AEAJ認定サロン一覧 / ホットペッパービューティー
3510,,アロマ・リラクゼーション,,大阪府,,,,,,,アロマ リラクゼーション関連サービス,営業中（推定）,,未収集,収集元推奨: AEAJ認定サロン一覧 / ホットペッパービューティー
3511,,アロマ・リラクゼーション,,大阪府,,,,,,,アロマ リラクゼーション関連サービス,営業中（推定）,,未収集,収集元推奨: AEAJ認定サロン一覧 / ホットペッパービューティー
3512,,アロマ・リラクゼーション,,大阪府,,,,,,,アロマ リラクゼーション関連サービス,営業中（推定）,,未収集,収集元推奨: AEAJ認定サロン一覧 / ホットペッパービューティー
3513,,アロマ・リラクゼーション,,大阪府,,,,,,,アロマ リラクゼーション関連サービス,営業中（推定）,,未収集,収集元推奨: AEAJ認定サロン一覧 / ホットペッパービューティー
3514,,アロマ・リラクゼーション,,大阪府,,,,,,,アロマ リラクゼーション関連サービス,営業中（推定）,,未収集,収集元推奨: AEAJ認定サロン一覧 / ホットペッパービューティー
3515,,アロマ・リラクゼーション,,大阪府,,,,,,,アロマ リラクゼーション関連サービス,営業中（推定）,,未収集,収集元推奨: AEAJ認定サロン一覧 / ホットペッパービューティー
3516,,アロマ・リラクゼーション,,大阪府,,,,,,,アロマ リラクゼーション関連サービス,営業中（推定）,,未収集,収集元推奨: AEAJ認定サロン一覧 / ホットペッパービューティー
3517,,アロマ・リラクゼーション,,大阪府,,,,,,,アロマ リラクゼーション関連サービス,営業中（推定）,,未収集,収集元推奨: AEAJ認定サロン一覧 / ホットペッパービューティー
3518,,アロマ・リラクゼーション,,大阪府,,,,,,,アロマ リラクゼーション関連サービス,営業中（推定）,,未収集,収集元推奨: AEAJ認定サロン一覧 / ホットペッパービューティー
3519,,アロマ・リラクゼーション,,大阪府,,,,,,,アロマ リラクゼーション関連サービス,営業中（推定）,,未収集,収集元推奨: AEAJ認定サロン一覧 / ホットペッパービューティー
3520,,アロマ・リラクゼーション,,大阪府,,,,,,,アロマ リラクゼーション関連サービス,営業中（推定）,,未収集,収集元推奨: AEAJ認定サロン一覧 / ホットペッパービューティー
3521,,アロマ・リラクゼーション,,大阪府,,,,,,,アロマ リラクゼーション関連サービス,営業中（推定）,,未収集,収集元推奨: AEAJ認定サロン一覧 / ホットペッパービューティー
3522,,アロマ・リラクゼーション,,大阪府,,,,,,,アロマ リラクゼーション関連サービス,営業中（推定）,,未収集,収集元推奨: AEAJ認定サロン一覧 / ホットペッパービューティー
3523,,アロマ・リラクゼーション,,大阪府,,,,,,,アロマ リラクゼーション関連サービス,営業中（推定）,,未収集,収集元推奨: AEAJ認定サロン一覧 / ホットペッパービューティー
3524,,アロマ・リラクゼーション,,大阪府,,,,,,,アロマ リラクゼーション関連サービス,営業中（推定）,,未収集,収集元推奨: AEAJ認定サロン一覧 / ホットペッパービューティー
3525,,アロマ・リラクゼーション,,大阪府,,,,,,,アロマ リラクゼーション関連サービス,営業中（推定）,,未収集,収集元推奨: AEAJ認定サロン一覧 / ホットペッパービューティー
3526,,アロマ・リラクゼーション,,大阪府,,,,,,,アロマ リラクゼーション関連サービス,営業中（推定）,,未収集,収集元推奨: AEAJ認定サロン一覧 / ホットペッパービューティー
3527,,美容クリニック,,大阪府,,,,,,,美容クリニック関連サービス,営業中（推定）,,未収集,収集元推奨: 日本美容外科学会(JSAS)会員 / 各クリニック公式サイト
3528,,美容クリニック,,大阪府,,,,,,,美容クリニック関連サービス,営業中（推定）,,未収集,収集元推奨: 日本美容外科学会(JSAS)会員 / 各クリニック公式サイト
3529,,美容クリニック,,大阪府,,,,,,,美容クリニック関連サービス,営業中（推定）,,未収集,収集元推奨: 日本美容外科学会(JSAS)会員 / 各クリニック公式サイト
3530,,美容クリニック,,大阪府,,,,,,,美容クリニック関連サービス,営業中（推定）,,未収集,収集元推奨: 日本美容外科学会(JSAS)会員 / 各クリニック公式サイト
3531,,美容クリニック,,大阪府,,,,,,,美容クリニック関連サービス,営業中（推定）,,未収集,収集元推奨: 日本美容外科学会(JSAS)会員 / 各クリニック公式サイト
3532,,美容クリニック,,大阪府,,,,,,,美容クリニック関連サービス,営業中（推定）,,未収集,収集元推奨: 日本美容外科学会(JSAS)会員 / 各クリニック公式サイト
3533,,美容クリニック,,大阪府,,,,,,,美容クリニック関連サービス,営業中（推定）,,未収集,収集元推奨: 日本美容外科学会(JSAS)会員 / 各クリニック公式サイト
3534,,美容クリニック,,大阪府,,,,,,,美容クリニック関連サービス,営業中（推定）,,未収集,収集元推奨: 日本美容外科学会(JSAS)会員 / 各クリニック公式サイト
3535,,美容クリニック,,大阪府,,,,,,,美容クリニック関連サービス,営業中（推定）,,未収集,収集元推奨: 日本美容外科学会(JSAS)会員 / 各クリニック公式サイト
3536,,美容クリニック,,大阪府,,,,,,,美容クリニック関連サービス,営業中（推定）,,未収集,収集元推奨: 日本美容外科学会(JSAS)会員 / 各クリニック公式サイト
3537,,美容クリニック,,大阪府,,,,,,,美容クリニック関連サービス,営業中（推定）,,未収集,収集元推奨: 日本美容外科学会(JSAS)会員 / 各クリニック公式サイト
3538,,美容クリニック,,大阪府,,,,,,,美容クリニック関連サービス,営業中（推定）,,未収集,収集元推奨: 日本美容外科学会(JSAS)会員 / 各クリニック公式サイト
3539,,美容クリニック,,大阪府,,,,,,,美容クリニック関連サービス,営業中（推定）,,未収集,収集元推奨: 日本美容外科学会(JSAS)会員 / 各クリニック公式サイト
3540,,美容クリニック,,大阪府,,,,,,,美容クリニック関連サービス,営業中（推定）,,未収集,収集元推奨: 日本美容外科学会(JSAS)会員 / 各クリニック公式サイト
3541,,美容クリニック,,大阪府,,,,,,,美容クリニック関連サービス,営業中（推定）,,未収集,収集元推奨: 日本美容外科学会(JSAS)会員 / 各クリニック公式サイト
3542,,美容クリニック,,大阪府,,,,,,,美容クリニック関連サービス,営業中（推定）,,未収集,収集元推奨: 日本美容外科学会(JSAS)会員 / 各クリニック公式サイト
3543,,美容クリニック,,大阪府,,,,,,,美容クリニック関連サービス,営業中（推定）,,未収集,収集元推奨: 日本美容外科学会(JSAS)会員 / 各クリニック公式サイト
3544,,美容クリニック,,大阪府,,,,,,,美容クリニック関連サービス,営業中（推定）,,未収集,収集元推奨: 日本美容外科学会(JSAS)会員 / 各クリニック公式サイト
3545,,美容クリニック,,大阪府,,,,,,,美容クリニック関連サービス,営業中（推定）,,未収集,収集元推奨: 日本美容外科学会(JSAS)会員 / 各クリニック公式サイト
3546,,美容クリニック,,大阪府,,,,,,,美容クリニック関連サービス,営業中（推定）,,未収集,収集元推奨: 日本美容外科学会(JSAS)会員 / 各クリニック公式サイト
3547,,美容クリニック,,大阪府,,,,,,,美容クリニック関連サービス,営業中（推定）,,未収集,収集元推奨: 日本美容外科学会(JSAS)会員 / 各クリニック公式サイト
3548,,美容クリニック,,大阪府,,,,,,,美容クリニック関連サービス,営業中（推定）,,未収集,収集元推奨: 日本美容外科学会(JSAS)会員 / 各クリニック公式サイト
3549,,美容クリニック,,大阪府,,,,,,,美容クリニック関連サービス,営業中（推定）,,未収集,収集元推奨: 日本美容外科学会(JSAS)会員 / 各クリニック公式サイト
3550,,美容クリニック,,大阪府,,,,,,,美容クリニック関連サービス,営業中（推定）,,未収集,収集元推奨: 日本美容外科学会(JSAS)会員 / 各クリニック公式サイト
3551,,美容クリニック,,大阪府,,,,,,,美容クリニック関連サービス,営業中（推定）,,未収集,収集元推奨: 日本美容外科学会(JSAS)会員 / 各クリニック公式サイト
3552,,美容クリニック,,大阪府,,,,,,,美容クリニック関連サービス,営業中（推定）,,未収集,収集元推奨: 日本美容外科学会(JSAS)会員 / 各クリニック公式サイト
3553,,美容クリニック,,大阪府,,,,,,,美容クリニック関連サービス,営業中（推定）,,未収集,収集元推奨: 日本美容外科学会(JSAS)会員 / 各クリニック公式サイト
3554,,美容クリニック,,大阪府,,,,,,,美容クリニック関連サービス,営業中（推定）,,未収集,収集元推奨: 日本美容外科学会(JSAS)会員 / 各クリニック公式サイト
3555,,美容クリニック,,大阪府,,,,,,,美容クリニック関連サービス,営業中（推定）,,未収集,収集元推奨: 日本美容外科学会(JSAS)会員 / 各クリニック公式サイト
3556,,美容クリニック,,大阪府,,,,,,,美容クリニック関連サービス,営業中（推定）,,未収集,収集元推奨: 日本美容外科学会(JSAS)会員 / 各クリニック公式サイト
3557,,美容クリニック,,大阪府,,,,,,,美容クリニック関連サービス,営業中（推定）,,未収集,収集元推奨: 日本美容外科学会(JSAS)会員 / 各クリニック公式サイト
3558,,美容クリニック,,大阪府,,,,,,,美容クリニック関連サービス,営業中（推定）,,未収集,収集元推奨: 日本美容外科学会(JSAS)会員 / 各クリニック公式サイト
3559,,美容クリニック,,大阪府,,,,,,,美容クリニック関連サービス,営業中（推定）,,未収集,収集元推奨: 日本美容外科学会(JSAS)会員 / 各クリニック公式サイト
3560,,美容クリニック,,大阪府,,,,,,,美容クリニック関連サービス,営業中（推定）,,未収集,収集元推奨: 日本美容外科学会(JSAS)会員 / 各クリニック公式サイト
3561,,美容クリニック,,大阪府,,,,,,,美容クリニック関連サービス,営業中（推定）,,未収集,収集元推奨: 日本美容外科学会(JSAS)会員 / 各クリニック公式サイト
3562,,美容クリニック,,大阪府,,,,,,,美容クリニック関連サービス,営業中（推定）,,未収集,収集元推奨: 日本美容外科学会(JSAS)会員 / 各クリニック公式サイト
3563,,美容クリニック,,大阪府,,,,,,,美容クリニック関連サービス,営業中（推定）,,未収集,収集元推奨: 日本美容外科学会(JSAS)会員 / 各クリニック公式サイト
3564,,美容クリニック,,大阪府,,,,,,,美容クリニック関連サービス,営業中（推定）,,未収集,収集元推奨: 日本美容外科学会(JSAS)会員 / 各クリニック公式サイト
3565,,美容クリニック,,大阪府,,,,,,,美容クリニック関連サービス,営業中（推定）,,未収集,収集元推奨: 日本美容外科学会(JSAS)会員 / 各クリニック公式サイト
3566,,美容クリニック,,大阪府,,,,,,,美容クリニック関連サービス,営業中（推定）,,未収集,収集元推奨: 日本美容外科学会(JSAS)会員 / 各クリニック公式サイト
3567,,美容クリニック,,大阪府,,,,,,,美容クリニック関連サービス,営業中（推定）,,未収集,収集元推奨: 日本美容外科学会(JSAS)会員 / 各クリニック公式サイト
3568,,美容クリニック,,大阪府,,,,,,,美容クリニック関連サービス,営業中（推定）,,未収集,収集元推奨: 日本美容外科学会(JSAS)会員 / 各クリニック公式サイト
3569,,美容クリニック,,大阪府,,,,,,,美容クリニック関連サービス,営業中（推定）,,未収集,収集元推奨: 日本美容外科学会(JSAS)会員 / 各クリニック公式サイト
3570,,美容クリニック,,大阪府,,,,,,,美容クリニック関連サービス,営業中（推定）,,未収集,収集元推奨: 日本美容外科学会(JSAS)会員 / 各クリニック公式サイト
3571,,美容クリニック,,大阪府,,,,,,,美容クリニック関連サービス,営業中（推定）,,未収集,収集元推奨: 日本美容外科学会(JSAS)会員 / 各クリニック公式サイト
3572,,美容クリニック,,大阪府,,,,,,,美容クリニック関連サービス,営業中（推定）,,未収集,収集元推奨: 日本美容外科学会(JSAS)会員 / 各クリニック公式サイト
3573,,美容クリニック,,大阪府,,,,,,,美容クリニック関連サービス,営業中（推定）,,未収集,収集元推奨: 日本美容外科学会(JSAS)会員 / 各クリニック公式サイト
3574,,美容クリニック,,大阪府,,,,,,,美容クリニック関連サービス,営業中（推定）,,未収集,収集元推奨: 日本美容外科学会(JSAS)会員 / 各クリニック公式サイト
3575,,美容クリニック,,大阪府,,,,,,,美容クリニック関連サービス,営業中（推定）,,未収集,収集元推奨: 日本美容外科学会(JSAS)会員 / 各クリニック公式サイト
3576,,美容クリニック,,大阪府,,,,,,,美容クリニック関連サービス,営業中（推定）,,未収集,収集元推奨: 日本美容外科学会(JSAS)会員 / 各クリニック公式サイト
3577,,美容クリニック,,大阪府,,,,,,,美容クリニック関連サービス,営業中（推定）,,未収集,収集元推奨: 日本美容外科学会(JSAS)会員 / 各クリニック公式サイト
3578,,美容クリニック,,大阪府,,,,,,,美容クリニック関連サービス,営業中（推定）,,未収集,収集元推奨: 日本美容外科学会(JSAS)会員 / 各クリニック公式サイト
3579,,美容クリニック,,大阪府,,,,,,,美容クリニック関連サービス,営業中（推定）,,未収集,収集元推奨: 日本美容外科学会(JSAS)会員 / 各クリニック公式サイト
3580,,美容クリニック,,大阪府,,,,,,,美容クリニック関連サービス,営業中（推定）,,未収集,収集元推奨: 日本美容外科学会(JSAS)会員 / 各クリニック公式サイト
3581,,美容クリニック,,大阪府,,,,,,,美容クリニック関連サービス,営業中（推定）,,未収集,収集元推奨: 日本美容外科学会(JSAS)会員 / 各クリニック公式サイト
3582,,美容クリニック,,大阪府,,,,,,,美容クリニック関連サービス,営業中（推定）,,未収集,収集元推奨: 日本美容外科学会(JSAS)会員 / 各クリニック公式サイト
3583,,美容クリニック,,大阪府,,,,,,,美容クリニック関連サービス,営業中（推定）,,未収集,収集元推奨: 日本美容外科学会(JSAS)会員 / 各クリニック公式サイト
3584,,美容クリニック,,大阪府,,,,,,,美容クリニック関連サービス,営業中（推定）,,未収集,収集元推奨: 日本美容外科学会(JSAS)会員 / 各クリニック公式サイト
3585,,美容クリニック,,大阪府,,,,,,,美容クリニック関連サービス,営業中（推定）,,未収集,収集元推奨: 日本美容外科学会(JSAS)会員 / 各クリニック公式サイト
3586,,美容クリニック,,大阪府,,,,,,,美容クリニック関連サービス,営業中（推定）,,未収集,収集元推奨: 日本美容外科学会(JSAS)会員 / 各クリニック公式サイト
3587,,美容クリニック,,大阪府,,,,,,,美容クリニック関連サービス,営業中（推定）,,未収集,収集元推奨: 日本美容外科学会(JSAS)会員 / 各クリニック公式サイト
3588,,美容クリニック,,大阪府,,,,,,,美容クリニック関連サービス,営業中（推定）,,未収集,収集元推奨: 日本美容外科学会(JSAS)会員 / 各クリニック公式サイト
3589,,美容クリニック,,大阪府,,,,,,,美容クリニック関連サービス,営業中（推定）,,未収集,収集元推奨: 日本美容外科学会(JSAS)会員 / 各クリニック公式サイト
3590,,美容クリニック,,大阪府,,,,,,,美容クリニック関連サービス,営業中（推定）,,未収集,収集元推奨: 日本美容外科学会(JSAS)会員 / 各クリニック公式サイト
3591,,美容クリニック,,大阪府,,,,,,,美容クリニック関連サービス,営業中（推定）,,未収集,収集元推奨: 日本美容外科学会(JSAS)会員 / 各クリニック公式サイト
3592,,美容クリニック,,大阪府,,,,,,,美容クリニック関連サービス,営業中（推定）,,未収集,収集元推奨: 日本美容外科学会(JSAS)会員 / 各クリニック公式サイト
3593,,美容クリニック,,大阪府,,,,,,,美容クリニック関連サービス,営業中（推定）,,未収集,収集元推奨: 日本美容外科学会(JSAS)会員 / 各クリニック公式サイト
3594,,美容クリニック,,大阪府,,,,,,,美容クリニック関連サービス,営業中（推定）,,未収集,収集元推奨: 日本美容外科学会(JSAS)会員 / 各クリニック公式サイト
3595,,美容クリニック,,大阪府,,,,,,,美容クリニック関連サービス,営業中（推定）,,未収集,収集元推奨: 日本美容外科学会(JSAS)会員 / 各クリニック公式サイト
3596,,美容クリニック,,大阪府,,,,,,,美容クリニック関連サービス,営業中（推定）,,未収集,収集元推奨: 日本美容外科学会(JSAS)会員 / 各クリニック公式サイト
3597,,美容クリニック,,大阪府,,,,,,,美容クリニック関連サービス,営業中（推定）,,未収集,収集元推奨: 日本美容外科学会(JSAS)会員 / 各クリニック公式サイト
3598,,美容クリニック,,大阪府,,,,,,,美容クリニック関連サービス,営業中（推定）,,未収集,収集元推奨: 日本美容外科学会(JSAS)会員 / 各クリニック公式サイト
3599,,美容クリニック,,大阪府,,,,,,,美容クリニック関連サービス,営業中（推定）,,未収集,収集元推奨: 日本美容外科学会(JSAS)会員 / 各クリニック公式サイト
3600,,美容クリニック,,大阪府,,,,,,,美容クリニック関連サービス,営業中（推定）,,未収集,収集元推奨: 日本美容外科学会(JSAS)会員 / 各クリニック公式サイト
3601,,美容クリニック,,大阪府,,,,,,,美容クリニック関連サービス,営業中（推定）,,未収集,収集元推奨: 日本美容外科学会(JSAS)会員 / 各クリニック公式サイト
3602,,美容クリニック,,大阪府,,,,,,,美容クリニック関連サービス,営業中（推定）,,未収集,収集元推奨: 日本美容外科学会(JSAS)会員 / 各クリニック公式サイト
3603,,美容クリニック,,大阪府,,,,,,,美容クリニック関連サービス,営業中（推定）,,未収集,収集元推奨: 日本美容外科学会(JSAS)会員 / 各クリニック公式サイト
3604,,美容クリニック,,大阪府,,,,,,,美容クリニック関連サービス,営業中（推定）,,未収集,収集元推奨: 日本美容外科学会(JSAS)会員 / 各クリニック公式サイト
3605,,美容クリニック,,大阪府,,,,,,,美容クリニック関連サービス,営業中（推定）,,未収集,収集元推奨: 日本美容外科学会(JSAS)会員 / 各クリニック公式サイト
3606,,美容クリニック,,大阪府,,,,,,,美容クリニック関連サービス,営業中（推定）,,未収集,収集元推奨: 日本美容外科学会(JSAS)会員 / 各クリニック公式サイト
3607,,美容クリニック,,大阪府,,,,,,,美容クリニック関連サービス,営業中（推定）,,未収集,収集元推奨: 日本美容外科学会(JSAS)会員 / 各クリニック公式サイト
3608,,美容クリニック,,大阪府,,,,,,,美容クリニック関連サービス,営業中（推定）,,未収集,収集元推奨: 日本美容外科学会(JSAS)会員 / 各クリニック公式サイト
3609,,美容クリニック,,大阪府,,,,,,,美容クリニック関連サービス,営業中（推定）,,未収集,収集元推奨: 日本美容外科学会(JSAS)会員 / 各クリニック公式サイト
3610,,美容クリニック,,大阪府,,,,,,,美容クリニック関連サービス,営業中（推定）,,未収集,収集元推奨: 日本美容外科学会(JSAS)会員 / 各クリニック公式サイト
3611,,美容クリニック,,大阪府,,,,,,,美容クリニック関連サービス,営業中（推定）,,未収集,収集元推奨: 日本美容外科学会(JSAS)会員 / 各クリニック公式サイト
3612,,美容クリニック,,大阪府,,,,,,,美容クリニック関連サービス,営業中（推定）,,未収集,収集元推奨: 日本美容外科学会(JSAS)会員 / 各クリニック公式サイト
3613,,美容クリニック,,大阪府,,,,,,,美容クリニック関連サービス,営業中（推定）,,未収集,収集元推奨: 日本美容外科学会(JSAS)会員 / 各クリニック公式サイト
3614,,美容クリニック,,大阪府,,,,,,,美容クリニック関連サービス,営業中（推定）,,未収集,収集元推奨: 日本美容外科学会(JSAS)会員 / 各クリニック公式サイト
3615,,美容機器メーカー・ディーラー,,大阪府,,,,,,,美容機器メーカー ディーラー関連サービス,営業中（推定）,,未収集,収集元推奨: BeautyWorld Japan展示会出展者一覧 / 国税庁法人番号DB
3616,,美容機器メーカー・ディーラー,,大阪府,,,,,,,美容機器メーカー ディーラー関連サービス,営業中（推定）,,未収集,収集元推奨: BeautyWorld Japan展示会出展者一覧 / 国税庁法人番号DB
3617,,美容機器メーカー・ディーラー,,大阪府,,,,,,,美容機器メーカー ディーラー関連サービス,営業中（推定）,,未収集,収集元推奨: BeautyWorld Japan展示会出展者一覧 / 国税庁法人番号DB
3618,,美容機器メーカー・ディーラー,,大阪府,,,,,,,美容機器メーカー ディーラー関連サービス,営業中（推定）,,未収集,収集元推奨: BeautyWorld Japan展示会出展者一覧 / 国税庁法人番号DB
3619,,美容機器メーカー・ディーラー,,大阪府,,,,,,,美容機器メーカー ディーラー関連サービス,営業中（推定）,,未収集,収集元推奨: BeautyWorld Japan展示会出展者一覧 / 国税庁法人番号DB
3620,,美容機器メーカー・ディーラー,,大阪府,,,,,,,美容機器メーカー ディーラー関連サービス,営業中（推定）,,未収集,収集元推奨: BeautyWorld Japan展示会出展者一覧 / 国税庁法人番号DB
3621,,美容機器メーカー・ディーラー,,大阪府,,,,,,,美容機器メーカー ディーラー関連サービス,営業中（推定）,,未収集,収集元推奨: BeautyWorld Japan展示会出展者一覧 / 国税庁法人番号DB
3622,,美容機器メーカー・ディーラー,,大阪府,,,,,,,美容機器メーカー ディーラー関連サービス,営業中（推定）,,未収集,収集元推奨: BeautyWorld Japan展示会出展者一覧 / 国税庁法人番号DB
3623,,美容機器メーカー・ディーラー,,大阪府,,,,,,,美容機器メーカー ディーラー関連サービス,営業中（推定）,,未収集,収集元推奨: BeautyWorld Japan展示会出展者一覧 / 国税庁法人番号DB
3624,,美容機器メーカー・ディーラー,,大阪府,,,,,,,美容機器メーカー ディーラー関連サービス,営業中（推定）,,未収集,収集元推奨: BeautyWorld Japan展示会出展者一覧 / 国税庁法人番号DB
3625,,美容機器メーカー・ディーラー,,大阪府,,,,,,,美容機器メーカー ディーラー関連サービス,営業中（推定）,,未収集,収集元推奨: BeautyWorld Japan展示会出展者一覧 / 国税庁法人番号DB
3626,,美容機器メーカー・ディーラー,,大阪府,,,,,,,美容機器メーカー ディーラー関連サービス,営業中（推定）,,未収集,収集元推奨: BeautyWorld Japan展示会出展者一覧 / 国税庁法人番号DB
3627,,美容機器メーカー・ディーラー,,大阪府,,,,,,,美容機器メーカー ディーラー関連サービス,営業中（推定）,,未収集,収集元推奨: BeautyWorld Japan展示会出展者一覧 / 国税庁法人番号DB
3628,,美容機器メーカー・ディーラー,,大阪府,,,,,,,美容機器メーカー ディーラー関連サービス,営業中（推定）,,未収集,収集元推奨: BeautyWorld Japan展示会出展者一覧 / 国税庁法人番号DB
3629,,美容機器メーカー・ディーラー,,大阪府,,,,,,,美容機器メーカー ディーラー関連サービス,営業中（推定）,,未収集,収集元推奨: BeautyWorld Japan展示会出展者一覧 / 国税庁法人番号DB
3630,,美容機器メーカー・ディーラー,,大阪府,,,,,,,美容機器メーカー ディーラー関連サービス,営業中（推定）,,未収集,収集元推奨: BeautyWorld Japan展示会出展者一覧 / 国税庁法人番号DB
3631,,美容機器メーカー・ディーラー,,大阪府,,,,,,,美容機器メーカー ディーラー関連サービス,営業中（推定）,,未収集,収集元推奨: BeautyWorld Japan展示会出展者一覧 / 国税庁法人番号DB
3632,,美容機器メーカー・ディーラー,,大阪府,,,,,,,美容機器メーカー ディーラー関連サービス,営業中（推定）,,未収集,収集元推奨: BeautyWorld Japan展示会出展者一覧 / 国税庁法人番号DB
3633,,美容機器メーカー・ディーラー,,大阪府,,,,,,,美容機器メーカー ディーラー関連サービス,営業中（推定）,,未収集,収集元推奨: BeautyWorld Japan展示会出展者一覧 / 国税庁法人番号DB
3634,,美容機器メーカー・ディーラー,,大阪府,,,,,,,美容機器メーカー ディーラー関連サービス,営業中（推定）,,未収集,収集元推奨: BeautyWorld Japan展示会出展者一覧 / 国税庁法人番号DB
3635,,美容機器メーカー・ディーラー,,大阪府,,,,,,,美容機器メーカー ディーラー関連サービス,営業中（推定）,,未収集,収集元推奨: BeautyWorld Japan展示会出展者一覧 / 国税庁法人番号DB
3636,,美容機器メーカー・ディーラー,,大阪府,,,,,,,美容機器メーカー ディーラー関連サービス,営業中（推定）,,未収集,収集元推奨: BeautyWorld Japan展示会出展者一覧 / 国税庁法人番号DB
3637,,美容機器メーカー・ディーラー,,大阪府,,,,,,,美容機器メーカー ディーラー関連サービス,営業中（推定）,,未収集,収集元推奨: BeautyWorld Japan展示会出展者一覧 / 国税庁法人番号DB
3638,,美容機器メーカー・ディーラー,,大阪府,,,,,,,美容機器メーカー ディーラー関連サービス,営業中（推定）,,未収集,収集元推奨: BeautyWorld Japan展示会出展者一覧 / 国税庁法人番号DB
3639,,美容機器メーカー・ディーラー,,大阪府,,,,,,,美容機器メーカー ディーラー関連サービス,営業中（推定）,,未収集,収集元推奨: BeautyWorld Japan展示会出展者一覧 / 国税庁法人番号DB
3640,,美容機器メーカー・ディーラー,,大阪府,,,,,,,美容機器メーカー ディーラー関連サービス,営業中（推定）,,未収集,収集元推奨: BeautyWorld Japan展示会出展者一覧 / 国税庁法人番号DB
3641,,美容機器メーカー・ディーラー,,大阪府,,,,,,,美容機器メーカー ディーラー関連サービス,営業中（推定）,,未収集,収集元推奨: BeautyWorld Japan展示会出展者一覧 / 国税庁法人番号DB
3642,,美容機器メーカー・ディーラー,,大阪府,,,,,,,美容機器メーカー ディーラー関連サービス,営業中（推定）,,未収集,収集元推奨: BeautyWorld Japan展示会出展者一覧 / 国税庁法人番号DB
3643,,美容機器メーカー・ディーラー,,大阪府,,,,,,,美容機器メーカー ディーラー関連サービス,営業中（推定）,,未収集,収集元推奨: BeautyWorld Japan展示会出展者一覧 / 国税庁法人番号DB
3644,,美容機器メーカー・ディーラー,,大阪府,,,,,,,美容機器メーカー ディーラー関連サービス,営業中（推定）,,未収集,収集元推奨: BeautyWorld Japan展示会出展者一覧 / 国税庁法人番号DB
3645,,美容機器メーカー・ディーラー,,大阪府,,,,,,,美容機器メーカー ディーラー関連サービス,営業中（推定）,,未収集,収集元推奨: BeautyWorld Japan展示会出展者一覧 / 国税庁法人番号DB
3646,,美容機器メーカー・ディーラー,,大阪府,,,,,,,美容機器メーカー ディーラー関連サービス,営業中（推定）,,未収集,収集元推奨: BeautyWorld Japan展示会出展者一覧 / 国税庁法人番号DB
3647,,美容機器メーカー・ディーラー,,大阪府,,,,,,,美容機器メーカー ディーラー関連サービス,営業中（推定）,,未収集,収集元推奨: BeautyWorld Japan展示会出展者一覧 / 国税庁法人番号DB
3648,,美容機器メーカー・ディーラー,,大阪府,,,,,,,美容機器メーカー ディーラー関連サービス,営業中（推定）,,未収集,収集元推奨: BeautyWorld Japan展示会出展者一覧 / 国税庁法人番号DB
3649,,美容機器メーカー・ディーラー,,大阪府,,,,,,,美容機器メーカー ディーラー関連サービス,営業中（推定）,,未収集,収集元推奨: BeautyWorld Japan展示会出展者一覧 / 国税庁法人番号DB
3650,,美容機器メーカー・ディーラー,,大阪府,,,,,,,美容機器メーカー ディーラー関連サービス,営業中（推定）,,未収集,収集元推奨: BeautyWorld Japan展示会出展者一覧 / 国税庁法人番号DB
3651,,美容機器メーカー・ディーラー,,大阪府,,,,,,,美容機器メーカー ディーラー関連サービス,営業中（推定）,,未収集,収集元推奨: BeautyWorld Japan展示会出展者一覧 / 国税庁法人番号DB
3652,,美容機器メーカー・ディーラー,,大阪府,,,,,,,美容機器メーカー ディーラー関連サービス,営業中（推定）,,未収集,収集元推奨: BeautyWorld Japan展示会出展者一覧 / 国税庁法人番号DB
3653,,美容機器メーカー・ディーラー,,大阪府,,,,,,,美容機器メーカー ディーラー関連サービス,営業中（推定）,,未収集,収集元推奨: BeautyWorld Japan展示会出展者一覧 / 国税庁法人番号DB
3654,,美容機器メーカー・ディーラー,,大阪府,,,,,,,美容機器メーカー ディーラー関連サービス,営業中（推定）,,未収集,収集元推奨: BeautyWorld Japan展示会出展者一覧 / 国税庁法人番号DB
3655,,美容機器メーカー・ディーラー,,大阪府,,,,,,,美容機器メーカー ディーラー関連サービス,営業中（推定）,,未収集,収集元推奨: BeautyWorld Japan展示会出展者一覧 / 国税庁法人番号DB
3656,,美容機器メーカー・ディーラー,,大阪府,,,,,,,美容機器メーカー ディーラー関連サービス,営業中（推定）,,未収集,収集元推奨: BeautyWorld Japan展示会出展者一覧 / 国税庁法人番号DB
3657,,美容機器メーカー・ディーラー,,大阪府,,,,,,,美容機器メーカー ディーラー関連サービス,営業中（推定）,,未収集,収集元推奨: BeautyWorld Japan展示会出展者一覧 / 国税庁法人番号DB
3658,,美容機器メーカー・ディーラー,,大阪府,,,,,,,美容機器メーカー ディーラー関連サービス,営業中（推定）,,未収集,収集元推奨: BeautyWorld Japan展示会出展者一覧 / 国税庁法人番号DB
3659,,美容機器メーカー・ディーラー,,大阪府,,,,,,,美容機器メーカー ディーラー関連サービス,営業中（推定）,,未収集,収集元推奨: BeautyWorld Japan展示会出展者一覧 / 国税庁法人番号DB
3660,,美容機器メーカー・ディーラー,,大阪府,,,,,,,美容機器メーカー ディーラー関連サービス,営業中（推定）,,未収集,収集元推奨: BeautyWorld Japan展示会出展者一覧 / 国税庁法人番号DB
3661,,美容機器メーカー・ディーラー,,大阪府,,,,,,,美容機器メーカー ディーラー関連サービス,営業中（推定）,,未収集,収集元推奨: BeautyWorld Japan展示会出展者一覧 / 国税庁法人番号DB
3662,,美容機器メーカー・ディーラー,,大阪府,,,,,,,美容機器メーカー ディーラー関連サービス,営業中（推定）,,未収集,収集元推奨: BeautyWorld Japan展示会出展者一覧 / 国税庁法人番号DB
3663,,美容機器メーカー・ディーラー,,大阪府,,,,,,,美容機器メーカー ディーラー関連サービス,営業中（推定）,,未収集,収集元推奨: BeautyWorld Japan展示会出展者一覧 / 国税庁法人番号DB
3664,,美容機器メーカー・ディーラー,,大阪府,,,,,,,美容機器メーカー ディーラー関連サービス,営業中（推定）,,未収集,収集元推奨: BeautyWorld Japan展示会出展者一覧 / 国税庁法人番号DB
3665,,美容機器メーカー・ディーラー,,大阪府,,,,,,,美容機器メーカー ディーラー関連サービス,営業中（推定）,,未収集,収集元推奨: BeautyWorld Japan展示会出展者一覧 / 国税庁法人番号DB
3666,,美容機器メーカー・ディーラー,,大阪府,,,,,,,美容機器メーカー ディーラー関連サービス,営業中（推定）,,未収集,収集元推奨: BeautyWorld Japan展示会出展者一覧 / 国税庁法人番号DB
3667,,美容機器メーカー・ディーラー,,大阪府,,,,,,,美容機器メーカー ディーラー関連サービス,営業中（推定）,,未収集,収集元推奨: BeautyWorld Japan展示会出展者一覧 / 国税庁法人番号DB
3668,,美容機器メーカー・ディーラー,,大阪府,,,,,,,美容機器メーカー ディーラー関連サービス,営業中（推定）,,未収集,収集元推奨: BeautyWorld Japan展示会出展者一覧 / 国税庁法人番号DB
3669,,美容機器メーカー・ディーラー,,大阪府,,,,,,,美容機器メーカー ディーラー関連サービス,営業中（推定）,,未収集,収集元推奨: BeautyWorld Japan展示会出展者一覧 / 国税庁法人番号DB
3670,,美容機器メーカー・ディーラー,,大阪府,,,,,,,美容機器メーカー ディーラー関連サービス,営業中（推定）,,未収集,収集元推奨: BeautyWorld Japan展示会出展者一覧 / 国税庁法人番号DB
3671,,美容機器メーカー・ディーラー,,大阪府,,,,,,,美容機器メーカー ディーラー関連サービス,営業中（推定）,,未収集,収集元推奨: BeautyWorld Japan展示会出展者一覧 / 国税庁法人番号DB
3672,,美容機器メーカー・ディーラー,,大阪府,,,,,,,美容機器メーカー ディーラー関連サービス,営業中（推定）,,未収集,収集元推奨: BeautyWorld Japan展示会出展者一覧 / 国税庁法人番号DB
3673,,美容機器メーカー・ディーラー,,大阪府,,,,,,,美容機器メーカー ディーラー関連サービス,営業中（推定）,,未収集,収集元推奨: BeautyWorld Japan展示会出展者一覧 / 国税庁法人番号DB
3674,,美容機器メーカー・ディーラー,,大阪府,,,,,,,美容機器メーカー ディーラー関連サービス,営業中（推定）,,未収集,収集元推奨: BeautyWorld Japan展示会出展者一覧 / 国税庁法人番号DB
3675,,美容機器メーカー・ディーラー,,大阪府,,,,,,,美容機器メーカー ディーラー関連サービス,営業中（推定）,,未収集,収集元推奨: BeautyWorld Japan展示会出展者一覧 / 国税庁法人番号DB
3676,,美容機器メーカー・ディーラー,,大阪府,,,,,,,美容機器メーカー ディーラー関連サービス,営業中（推定）,,未収集,収集元推奨: BeautyWorld Japan展示会出展者一覧 / 国税庁法人番号DB
3677,,美容機器メーカー・ディーラー,,大阪府,,,,,,,美容機器メーカー ディーラー関連サービス,営業中（推定）,,未収集,収集元推奨: BeautyWorld Japan展示会出展者一覧 / 国税庁法人番号DB
3678,,美容機器メーカー・ディーラー,,大阪府,,,,,,,美容機器メーカー ディーラー関連サービス,営業中（推定）,,未収集,収集元推奨: BeautyWorld Japan展示会出展者一覧 / 国税庁法人番号DB
3679,,美容機器メーカー・ディーラー,,大阪府,,,,,,,美容機器メーカー ディーラー関連サービス,営業中（推定）,,未収集,収集元推奨: BeautyWorld Japan展示会出展者一覧 / 国税庁法人番号DB
3680,,美容機器メーカー・ディーラー,,大阪府,,,,,,,美容機器メーカー ディーラー関連サービス,営業中（推定）,,未収集,収集元推奨: BeautyWorld Japan展示会出展者一覧 / 国税庁法人番号DB
3681,,化粧品メーカー,,大阪府,,,,,,,化粧品メーカー関連サービス,営業中（推定）,,未収集,収集元推奨: 日本化粧品工業会(JCIA)会員 / 国税庁法人番号DB
3682,,化粧品メーカー,,大阪府,,,,,,,化粧品メーカー関連サービス,営業中（推定）,,未収集,収集元推奨: 日本化粧品工業会(JCIA)会員 / 国税庁法人番号DB
3683,,化粧品メーカー,,大阪府,,,,,,,化粧品メーカー関連サービス,営業中（推定）,,未収集,収集元推奨: 日本化粧品工業会(JCIA)会員 / 国税庁法人番号DB
3684,,化粧品メーカー,,大阪府,,,,,,,化粧品メーカー関連サービス,営業中（推定）,,未収集,収集元推奨: 日本化粧品工業会(JCIA)会員 / 国税庁法人番号DB
3685,,化粧品メーカー,,大阪府,,,,,,,化粧品メーカー関連サービス,営業中（推定）,,未収集,収集元推奨: 日本化粧品工業会(JCIA)会員 / 国税庁法人番号DB
3686,,化粧品メーカー,,大阪府,,,,,,,化粧品メーカー関連サービス,営業中（推定）,,未収集,収集元推奨: 日本化粧品工業会(JCIA)会員 / 国税庁法人番号DB
3687,,化粧品メーカー,,大阪府,,,,,,,化粧品メーカー関連サービス,営業中（推定）,,未収集,収集元推奨: 日本化粧品工業会(JCIA)会員 / 国税庁法人番号DB
3688,,化粧品メーカー,,大阪府,,,,,,,化粧品メーカー関連サービス,営業中（推定）,,未収集,収集元推奨: 日本化粧品工業会(JCIA)会員 / 国税庁法人番号DB
3689,,化粧品メーカー,,大阪府,,,,,,,化粧品メーカー関連サービス,営業中（推定）,,未収集,収集元推奨: 日本化粧品工業会(JCIA)会員 / 国税庁法人番号DB
3690,,化粧品メーカー,,大阪府,,,,,,,化粧品メーカー関連サービス,営業中（推定）,,未収集,収集元推奨: 日本化粧品工業会(JCIA)会員 / 国税庁法人番号DB
3691,,化粧品メーカー,,大阪府,,,,,,,化粧品メーカー関連サービス,営業中（推定）,,未収集,収集元推奨: 日本化粧品工業会(JCIA)会員 / 国税庁法人番号DB
3692,,化粧品メーカー,,大阪府,,,,,,,化粧品メーカー関連サービス,営業中（推定）,,未収集,収集元推奨: 日本化粧品工業会(JCIA)会員 / 国税庁法人番号DB
3693,,化粧品メーカー,,大阪府,,,,,,,化粧品メーカー関連サービス,営業中（推定）,,未収集,収集元推奨: 日本化粧品工業会(JCIA)会員 / 国税庁法人番号DB
3694,,化粧品メーカー,,大阪府,,,,,,,化粧品メーカー関連サービス,営業中（推定）,,未収集,収集元推奨: 日本化粧品工業会(JCIA)会員 / 国税庁法人番号DB
3695,,化粧品メーカー,,大阪府,,,,,,,化粧品メーカー関連サービス,営業中（推定）,,未収集,収集元推奨: 日本化粧品工業会(JCIA)会員 / 国税庁法人番号DB
3696,,化粧品メーカー,,大阪府,,,,,,,化粧品メーカー関連サービス,営業中（推定）,,未収集,収集元推奨: 日本化粧品工業会(JCIA)会員 / 国税庁法人番号DB
3697,,化粧品メーカー,,大阪府,,,,,,,化粧品メーカー関連サービス,営業中（推定）,,未収集,収集元推奨: 日本化粧品工業会(JCIA)会員 / 国税庁法人番号DB
3698,,化粧品メーカー,,大阪府,,,,,,,化粧品メーカー関連サービス,営業中（推定）,,未収集,収集元推奨: 日本化粧品工業会(JCIA)会員 / 国税庁法人番号DB
3699,,化粧品メーカー,,大阪府,,,,,,,化粧品メーカー関連サービス,営業中（推定）,,未収集,収集元推奨: 日本化粧品工業会(JCIA)会員 / 国税庁法人番号DB
3700,,化粧品メーカー,,大阪府,,,,,,,化粧品メーカー関連サービス,営業中（推定）,,未収集,収集元推奨: 日本化粧品工業会(JCIA)会員 / 国税庁法人番号DB
3701,,化粧品メーカー,,大阪府,,,,,,,化粧品メーカー関連サービス,営業中（推定）,,未収集,収集元推奨: 日本化粧品工業会(JCIA)会員 / 国税庁法人番号DB
3702,,化粧品メーカー,,大阪府,,,,,,,化粧品メーカー関連サービス,営業中（推定）,,未収集,収集元推奨: 日本化粧品工業会(JCIA)会員 / 国税庁法人番号DB
3703,,化粧品メーカー,,大阪府,,,,,,,化粧品メーカー関連サービス,営業中（推定）,,未収集,収集元推奨: 日本化粧品工業会(JCIA)会員 / 国税庁法人番号DB
3704,,化粧品メーカー,,大阪府,,,,,,,化粧品メーカー関連サービス,営業中（推定）,,未収集,収集元推奨: 日本化粧品工業会(JCIA)会員 / 国税庁法人番号DB
3705,,化粧品メーカー,,大阪府,,,,,,,化粧品メーカー関連サービス,営業中（推定）,,未収集,収集元推奨: 日本化粧品工業会(JCIA)会員 / 国税庁法人番号DB
3706,,化粧品メーカー,,大阪府,,,,,,,化粧品メーカー関連サービス,営業中（推定）,,未収集,収集元推奨: 日本化粧品工業会(JCIA)会員 / 国税庁法人番号DB
3707,,化粧品メーカー,,大阪府,,,,,,,化粧品メーカー関連サービス,営業中（推定）,,未収集,収集元推奨: 日本化粧品工業会(JCIA)会員 / 国税庁法人番号DB
3708,,化粧品メーカー,,大阪府,,,,,,,化粧品メーカー関連サービス,営業中（推定）,,未収集,収集元推奨: 日本化粧品工業会(JCIA)会員 / 国税庁法人番号DB
3709,,化粧品メーカー,,大阪府,,,,,,,化粧品メーカー関連サービス,営業中（推定）,,未収集,収集元推奨: 日本化粧品工業会(JCIA)会員 / 国税庁法人番号DB
3710,,化粧品メーカー,,大阪府,,,,,,,化粧品メーカー関連サービス,営業中（推定）,,未収集,収集元推奨: 日本化粧品工業会(JCIA)会員 / 国税庁法人番号DB
3711,,化粧品メーカー,,大阪府,,,,,,,化粧品メーカー関連サービス,営業中（推定）,,未収集,収集元推奨: 日本化粧品工業会(JCIA)会員 / 国税庁法人番号DB
3712,,化粧品メーカー,,大阪府,,,,,,,化粧品メーカー関連サービス,営業中（推定）,,未収集,収集元推奨: 日本化粧品工業会(JCIA)会員 / 国税庁法人番号DB
3713,,化粧品メーカー,,大阪府,,,,,,,化粧品メーカー関連サービス,営業中（推定）,,未収集,収集元推奨: 日本化粧品工業会(JCIA)会員 / 国税庁法人番号DB
3714,,化粧品メーカー,,大阪府,,,,,,,化粧品メーカー関連サービス,営業中（推定）,,未収集,収集元推奨: 日本化粧品工業会(JCIA)会員 / 国税庁法人番号DB
3715,,化粧品メーカー,,大阪府,,,,,,,化粧品メーカー関連サービス,営業中（推定）,,未収集,収集元推奨: 日本化粧品工業会(JCIA)会員 / 国税庁法人番号DB
3716,,化粧品メーカー,,大阪府,,,,,,,化粧品メーカー関連サービス,営業中（推定）,,未収集,収集元推奨: 日本化粧品工業会(JCIA)会員 / 国税庁法人番号DB
3717,,化粧品メーカー,,大阪府,,,,,,,化粧品メーカー関連サービス,営業中（推定）,,未収集,収集元推奨: 日本化粧品工業会(JCIA)会員 / 国税庁法人番号DB
3718,,化粧品メーカー,,大阪府,,,,,,,化粧品メーカー関連サービス,営業中（推定）,,未収集,収集元推奨: 日本化粧品工業会(JCIA)会員 / 国税庁法人番号DB
3719,,化粧品メーカー,,大阪府,,,,,,,化粧品メーカー関連サービス,営業中（推定）,,未収集,収集元推奨: 日本化粧品工業会(JCIA)会員 / 国税庁法人番号DB
3720,,化粧品メーカー,,大阪府,,,,,,,化粧品メーカー関連サービス,営業中（推定）,,未収集,収集元推奨: 日本化粧品工業会(JCIA)会員 / 国税庁法人番号DB
3721,,化粧品メーカー,,大阪府,,,,,,,化粧品メーカー関連サービス,営業中（推定）,,未収集,収集元推奨: 日本化粧品工業会(JCIA)会員 / 国税庁法人番号DB
3722,,化粧品メーカー,,大阪府,,,,,,,化粧品メーカー関連サービス,営業中（推定）,,未収集,収集元推奨: 日本化粧品工業会(JCIA)会員 / 国税庁法人番号DB
3723,,化粧品メーカー,,大阪府,,,,,,,化粧品メーカー関連サービス,営業中（推定）,,未収集,収集元推奨: 日本化粧品工業会(JCIA)会員 / 国税庁法人番号DB
3724,,化粧品メーカー,,大阪府,,,,,,,化粧品メーカー関連サービス,営業中（推定）,,未収集,収集元推奨: 日本化粧品工業会(JCIA)会員 / 国税庁法人番号DB
3725,,化粧品メーカー,,大阪府,,,,,,,化粧品メーカー関連サービス,営業中（推定）,,未収集,収集元推奨: 日本化粧品工業会(JCIA)会員 / 国税庁法人番号DB
3726,,化粧品メーカー,,大阪府,,,,,,,化粧品メーカー関連サービス,営業中（推定）,,未収集,収集元推奨: 日本化粧品工業会(JCIA)会員 / 国税庁法人番号DB
3727,,化粧品メーカー,,大阪府,,,,,,,化粧品メーカー関連サービス,営業中（推定）,,未収集,収集元推奨: 日本化粧品工業会(JCIA)会員 / 国税庁法人番号DB
3728,,化粧品メーカー,,大阪府,,,,,,,化粧品メーカー関連サービス,営業中（推定）,,未収集,収集元推奨: 日本化粧品工業会(JCIA)会員 / 国税庁法人番号DB
3729,,化粧品メーカー,,大阪府,,,,,,,化粧品メーカー関連サービス,営業中（推定）,,未収集,収集元推奨: 日本化粧品工業会(JCIA)会員 / 国税庁法人番号DB
3730,,化粧品メーカー,,大阪府,,,,,,,化粧品メーカー関連サービス,営業中（推定）,,未収集,収集元推奨: 日本化粧品工業会(JCIA)会員 / 国税庁法人番号DB
3731,,化粧品メーカー,,大阪府,,,,,,,化粧品メーカー関連サービス,営業中（推定）,,未収集,収集元推奨: 日本化粧品工業会(JCIA)会員 / 国税庁法人番号DB
3732,,化粧品メーカー,,大阪府,,,,,,,化粧品メーカー関連サービス,営業中（推定）,,未収集,収集元推奨: 日本化粧品工業会(JCIA)会員 / 国税庁法人番号DB
3733,,化粧品メーカー,,大阪府,,,,,,,化粧品メーカー関連サービス,営業中（推定）,,未収集,収集元推奨: 日本化粧品工業会(JCIA)会員 / 国税庁法人番号DB
3734,,化粧品メーカー,,大阪府,,,,,,,化粧品メーカー関連サービス,営業中（推定）,,未収集,収集元推奨: 日本化粧品工業会(JCIA)会員 / 国税庁法人番号DB
3735,,化粧品メーカー,,大阪府,,,,,,,化粧品メーカー関連サービス,営業中（推定）,,未収集,収集元推奨: 日本化粧品工業会(JCIA)会員 / 国税庁法人番号DB
3736,,化粧品メーカー,,大阪府,,,,,,,化粧品メーカー関連サービス,営業中（推定）,,未収集,収集元推奨: 日本化粧品工業会(JCIA)会員 / 国税庁法人番号DB
3737,,化粧品メーカー,,大阪府,,,,,,,化粧品メーカー関連サービス,営業中（推定）,,未収集,収集元推奨: 日本化粧品工業会(JCIA)会員 / 国税庁法人番号DB
3738,,化粧品メーカー,,大阪府,,,,,,,化粧品メーカー関連サービス,営業中（推定）,,未収集,収集元推奨: 日本化粧品工業会(JCIA)会員 / 国税庁法人番号DB
3739,,化粧品メーカー,,大阪府,,,,,,,化粧品メーカー関連サービス,営業中（推定）,,未収集,収集元推奨: 日本化粧品工業会(JCIA)会員 / 国税庁法人番号DB
3740,,化粧品メーカー,,大阪府,,,,,,,化粧品メーカー関連サービス,営業中（推定）,,未収集,収集元推奨: 日本化粧品工業会(JCIA)会員 / 国税庁法人番号DB
3741,,化粧品メーカー,,大阪府,,,,,,,化粧品メーカー関連サービス,営業中（推定）,,未収集,収集元推奨: 日本化粧品工業会(JCIA)会員 / 国税庁法人番号DB
3742,,化粧品メーカー,,大阪府,,,,,,,化粧品メーカー関連サービス,営業中（推定）,,未収集,収集元推奨: 日本化粧品工業会(JCIA)会員 / 国税庁法人番号DB
3743,,化粧品メーカー,,大阪府,,,,,,,化粧品メーカー関連サービス,営業中（推定）,,未収集,収集元推奨: 日本化粧品工業会(JCIA)会員 / 国税庁法人番号DB
3744,,化粧品メーカー,,大阪府,,,,,,,化粧品メーカー関連サービス,営業中（推定）,,未収集,収集元推奨: 日本化粧品工業会(JCIA)会員 / 国税庁法人番号DB
3745,,化粧品メーカー,,大阪府,,,,,,,化粧品メーカー関連サービス,営業中（推定）,,未収集,収集元推奨: 日本化粧品工業会(JCIA)会員 / 国税庁法人番号DB
3746,,化粧品メーカー,,大阪府,,,,,,,化粧品メーカー関連サービス,営業中（推定）,,未収集,収集元推奨: 日本化粧品工業会(JCIA)会員 / 国税庁法人番号DB
3747,,化粧品メーカー,,大阪府,,,,,,,化粧品メーカー関連サービス,営業中（推定）,,未収集,収集元推奨: 日本化粧品工業会(JCIA)会員 / 国税庁法人番号DB
3748,,化粧品メーカー,,大阪府,,,,,,,化粧品メーカー関連サービス,営業中（推定）,,未収集,収集元推奨: 日本化粧品工業会(JCIA)会員 / 国税庁法人番号DB
3749,,化粧品メーカー,,大阪府,,,,,,,化粧品メーカー関連サービス,営業中（推定）,,未収集,収集元推奨: 日本化粧品工業会(JCIA)会員 / 国税庁法人番号DB
3750,,化粧品メーカー,,大阪府,,,,,,,化粧品メーカー関連サービス,営業中（推定）,,未収集,収集元推奨: 日本化粧品工業会(JCIA)会員 / 国税庁法人番号DB
3751,,化粧品メーカー,,大阪府,,,,,,,化粧品メーカー関連サービス,営業中（推定）,,未収集,収集元推奨: 日本化粧品工業会(JCIA)会員 / 国税庁法人番号DB
3752,,化粧品メーカー,,大阪府,,,,,,,化粧品メーカー関連サービス,営業中（推定）,,未収集,収集元推奨: 日本化粧品工業会(JCIA)会員 / 国税庁法人番号DB
3753,,化粧品メーカー,,大阪府,,,,,,,化粧品メーカー関連サービス,営業中（推定）,,未収集,収集元推奨: 日本化粧品工業会(JCIA)会員 / 国税庁法人番号DB
3754,,化粧品メーカー,,大阪府,,,,,,,化粧品メーカー関連サービス,営業中（推定）,,未収集,収集元推奨: 日本化粧品工業会(JCIA)会員 / 国税庁法人番号DB
3755,,化粧品メーカー,,大阪府,,,,,,,化粧品メーカー関連サービス,営業中（推定）,,未収集,収集元推奨: 日本化粧品工業会(JCIA)会員 / 国税庁法人番号DB
3756,,化粧品メーカー,,大阪府,,,,,,,化粧品メーカー関連サービス,営業中（推定）,,未収集,収集元推奨: 日本化粧品工業会(JCIA)会員 / 国税庁法人番号DB
3757,,化粧品メーカー,,大阪府,,,,,,,化粧品メーカー関連サービス,営業中（推定）,,未収集,収集元推奨: 日本化粧品工業会(JCIA)会員 / 国税庁法人番号DB
3758,,化粧品メーカー,,大阪府,,,,,,,化粧品メーカー関連サービス,営業中（推定）,,未収集,収集元推奨: 日本化粧品工業会(JCIA)会員 / 国税庁法人番号DB
3759,,化粧品メーカー,,大阪府,,,,,,,化粧品メーカー関連サービス,営業中（推定）,,未収集,収集元推奨: 日本化粧品工業会(JCIA)会員 / 国税庁法人番号DB
3760,,化粧品メーカー,,大阪府,,,,,,,化粧品メーカー関連サービス,営業中（推定）,,未収集,収集元推奨: 日本化粧品工業会(JCIA)会員 / 国税庁法人番号DB
3761,,化粧品メーカー,,大阪府,,,,,,,化粧品メーカー関連サービス,営業中（推定）,,未収集,収集元推奨: 日本化粧品工業会(JCIA)会員 / 国税庁法人番号DB
3762,,化粧品メーカー,,大阪府,,,,,,,化粧品メーカー関連サービス,営業中（推定）,,未収集,収集元推奨: 日本化粧品工業会(JCIA)会員 / 国税庁法人番号DB
3763,,化粧品メーカー,,大阪府,,,,,,,化粧品メーカー関連サービス,営業中（推定）,,未収集,収集元推奨: 日本化粧品工業会(JCIA)会員 / 国税庁法人番号DB
3764,,化粧品メーカー,,大阪府,,,,,,,化粧品メーカー関連サービス,営業中（推定）,,未収集,収集元推奨: 日本化粧品工業会(JCIA)会員 / 国税庁法人番号DB
3765,,化粧品メーカー,,大阪府,,,,,,,化粧品メーカー関連サービス,営業中（推定）,,未収集,収集元推奨: 日本化粧品工業会(JCIA)会員 / 国税庁法人番号DB
3766,,化粧品メーカー,,大阪府,,,,,,,化粧品メーカー関連サービス,営業中（推定）,,未収集,収集元推奨: 日本化粧品工業会(JCIA)会員 / 国税庁法人番号DB
3767,,化粧品メーカー,,大阪府,,,,,,,化粧品メーカー関連サービス,営業中（推定）,,未収集,収集元推奨: 日本化粧品工業会(JCIA)会員 / 国税庁法人番号DB
3768,,化粧品メーカー,,大阪府,,,,,,,化粧品メーカー関連サービス,営業中（推定）,,未収集,収集元推奨: 日本化粧品工業会(JCIA)会員 / 国税庁法人番号DB
3769,,ヘアサロン・サロンオーナー,,大阪府,,,,,,,ヘアサロン サロンオーナー関連サービス,営業中（推定）,,未収集,収集元推奨: ホットペッパービューティー / 美容師会 / iタウンページ
3770,,ヘアサロン・サロンオーナー,,大阪府,,,,,,,ヘアサロン サロンオーナー関連サービス,営業中（推定）,,未収集,収集元推奨: ホットペッパービューティー / 美容師会 / iタウンページ
3771,,ヘアサロン・サロンオーナー,,大阪府,,,,,,,ヘアサロン サロンオーナー関連サービス,営業中（推定）,,未収集,収集元推奨: ホットペッパービューティー / 美容師会 / iタウンページ
3772,,ヘアサロン・サロンオーナー,,大阪府,,,,,,,ヘアサロン サロンオーナー関連サービス,営業中（推定）,,未収集,収集元推奨: ホットペッパービューティー / 美容師会 / iタウンページ
3773,,ヘアサロン・サロンオーナー,,大阪府,,,,,,,ヘアサロン サロンオーナー関連サービス,営業中（推定）,,未収集,収集元推奨: ホットペッパービューティー / 美容師会 / iタウンページ
3774,,ヘアサロン・サロンオーナー,,大阪府,,,,,,,ヘアサロン サロンオーナー関連サービス,営業中（推定）,,未収集,収集元推奨: ホットペッパービューティー / 美容師会 / iタウンページ
3775,,ヘアサロン・サロンオーナー,,大阪府,,,,,,,ヘアサロン サロンオーナー関連サービス,営業中（推定）,,未収集,収集元推奨: ホットペッパービューティー / 美容師会 / iタウンページ
3776,,ヘアサロン・サロンオーナー,,大阪府,,,,,,,ヘアサロン サロンオーナー関連サービス,営業中（推定）,,未収集,収集元推奨: ホットペッパービューティー / 美容師会 / iタウンページ
3777,,ヘアサロン・サロンオーナー,,大阪府,,,,,,,ヘアサロン サロンオーナー関連サービス,営業中（推定）,,未収集,収集元推奨: ホットペッパービューティー / 美容師会 / iタウンページ
3778,,ヘアサロン・サロンオーナー,,大阪府,,,,,,,ヘアサロン サロンオーナー関連サービス,営業中（推定）,,未収集,収集元推奨: ホットペッパービューティー / 美容師会 / iタウンページ
3779,,ヘアサロン・サロンオーナー,,大阪府,,,,,,,ヘアサロン サロンオーナー関連サービス,営業中（推定）,,未収集,収集元推奨: ホットペッパービューティー / 美容師会 / iタウンページ
3780,,ヘアサロン・サロンオーナー,,大阪府,,,,,,,ヘアサロン サロンオーナー関連サービス,営業中（推定）,,未収集,収集元推奨: ホットペッパービューティー / 美容師会 / iタウンページ
3781,,ヘアサロン・サロンオーナー,,大阪府,,,,,,,ヘアサロン サロンオーナー関連サービス,営業中（推定）,,未収集,収集元推奨: ホットペッパービューティー / 美容師会 / iタウンページ
3782,,ヘアサロン・サロンオーナー,,大阪府,,,,,,,ヘアサロン サロンオーナー関連サービス,営業中（推定）,,未収集,収集元推奨: ホットペッパービューティー / 美容師会 / iタウンページ
3783,,ヘアサロン・サロンオーナー,,大阪府,,,,,,,ヘアサロン サロンオーナー関連サービス,営業中（推定）,,未収集,収集元推奨: ホットペッパービューティー / 美容師会 / iタウンページ
3784,,ヘアサロン・サロンオーナー,,大阪府,,,,,,,ヘアサロン サロンオーナー関連サービス,営業中（推定）,,未収集,収集元推奨: ホットペッパービューティー / 美容師会 / iタウンページ
3785,,ヘアサロン・サロンオーナー,,大阪府,,,,,,,ヘアサロン サロンオーナー関連サービス,営業中（推定）,,未収集,収集元推奨: ホットペッパービューティー / 美容師会 / iタウンページ
3786,,ヘアサロン・サロンオーナー,,大阪府,,,,,,,ヘアサロン サロンオーナー関連サービス,営業中（推定）,,未収集,収集元推奨: ホットペッパービューティー / 美容師会 / iタウンページ
3787,,ヘアサロン・サロンオーナー,,大阪府,,,,,,,ヘアサロン サロンオーナー関連サービス,営業中（推定）,,未収集,収集元推奨: ホットペッパービューティー / 美容師会 / iタウンページ
3788,,ヘアサロン・サロンオーナー,,大阪府,,,,,,,ヘアサロン サロンオーナー関連サービス,営業中（推定）,,未収集,収集元推奨: ホットペッパービューティー / 美容師会 / iタウンページ
3789,,ヘアサロン・サロンオーナー,,大阪府,,,,,,,ヘアサロン サロンオーナー関連サービス,営業中（推定）,,未収集,収集元推奨: ホットペッパービューティー / 美容師会 / iタウンページ
3790,,ヘアサロン・サロンオーナー,,大阪府,,,,,,,ヘアサロン サロンオーナー関連サービス,営業中（推定）,,未収集,収集元推奨: ホットペッパービューティー / 美容師会 / iタウンページ
3791,,ヘアサロン・サロンオーナー,,大阪府,,,,,,,ヘアサロン サロンオーナー関連サービス,営業中（推定）,,未収集,収集元推奨: ホットペッパービューティー / 美容師会 / iタウンページ
3792,,ヘアサロン・サロンオーナー,,大阪府,,,,,,,ヘアサロン サロンオーナー関連サービス,営業中（推定）,,未収集,収集元推奨: ホットペッパービューティー / 美容師会 / iタウンページ
3793,,ヘアサロン・サロンオーナー,,大阪府,,,,,,,ヘアサロン サロンオーナー関連サービス,営業中（推定）,,未収集,収集元推奨: ホットペッパービューティー / 美容師会 / iタウンページ
3794,,ヘアサロン・サロンオーナー,,大阪府,,,,,,,ヘアサロン サロンオーナー関連サービス,営業中（推定）,,未収集,収集元推奨: ホットペッパービューティー / 美容師会 / iタウンページ
3795,,ヘアサロン・サロンオーナー,,大阪府,,,,,,,ヘアサロン サロンオーナー関連サービス,営業中（推定）,,未収集,収集元推奨: ホットペッパービューティー / 美容師会 / iタウンページ
3796,,ヘアサロン・サロンオーナー,,大阪府,,,,,,,ヘアサロン サロンオーナー関連サービス,営業中（推定）,,未収集,収集元推奨: ホットペッパービューティー / 美容師会 / iタウンページ
3797,,ヘアサロン・サロンオーナー,,大阪府,,,,,,,ヘアサロン サロンオーナー関連サービス,営業中（推定）,,未収集,収集元推奨: ホットペッパービューティー / 美容師会 / iタウンページ
3798,,ヘアサロン・サロンオーナー,,大阪府,,,,,,,ヘアサロン サロンオーナー関連サービス,営業中（推定）,,未収集,収集元推奨: ホットペッパービューティー / 美容師会 / iタウンページ
3799,,ヘアサロン・サロンオーナー,,大阪府,,,,,,,ヘアサロン サロンオーナー関連サービス,営業中（推定）,,未収集,収集元推奨: ホットペッパービューティー / 美容師会 / iタウンページ
3800,,ヘアサロン・サロンオーナー,,大阪府,,,,,,,ヘアサロン サロンオーナー関連サービス,営業中（推定）,,未収集,収集元推奨: ホットペッパービューティー / 美容師会 / iタウンページ
3801,,ヘアサロン・サロンオーナー,,大阪府,,,,,,,ヘアサロン サロンオーナー関連サービス,営業中（推定）,,未収集,収集元推奨: ホットペッパービューティー / 美容師会 / iタウンページ
3802,,ヘアサロン・サロンオーナー,,大阪府,,,,,,,ヘアサロン サロンオーナー関連サービス,営業中（推定）,,未収集,収集元推奨: ホットペッパービューティー / 美容師会 / iタウンページ
3803,,ヘアサロン・サロンオーナー,,大阪府,,,,,,,ヘアサロン サロンオーナー関連サービス,営業中（推定）,,未収集,収集元推奨: ホットペッパービューティー / 美容師会 / iタウンページ
3804,,ヘアサロン・サロンオーナー,,大阪府,,,,,,,ヘアサロン サロンオーナー関連サービス,営業中（推定）,,未収集,収集元推奨: ホットペッパービューティー / 美容師会 / iタウンページ
3805,,ヘアサロン・サロンオーナー,,大阪府,,,,,,,ヘアサロン サロンオーナー関連サービス,営業中（推定）,,未収集,収集元推奨: ホットペッパービューティー / 美容師会 / iタウンページ
3806,,ヘアサロン・サロンオーナー,,大阪府,,,,,,,ヘアサロン サロンオーナー関連サービス,営業中（推定）,,未収集,収集元推奨: ホットペッパービューティー / 美容師会 / iタウンページ
3807,,ヘアサロン・サロンオーナー,,大阪府,,,,,,,ヘアサロン サロンオーナー関連サービス,営業中（推定）,,未収集,収集元推奨: ホットペッパービューティー / 美容師会 / iタウンページ
3808,,ヘアサロン・サロンオーナー,,大阪府,,,,,,,ヘアサロン サロンオーナー関連サービス,営業中（推定）,,未収集,収集元推奨: ホットペッパービューティー / 美容師会 / iタウンページ
3809,,ヘアサロン・サロンオーナー,,大阪府,,,,,,,ヘアサロン サロンオーナー関連サービス,営業中（推定）,,未収集,収集元推奨: ホットペッパービューティー / 美容師会 / iタウンページ
3810,,ヘアサロン・サロンオーナー,,大阪府,,,,,,,ヘアサロン サロンオーナー関連サービス,営業中（推定）,,未収集,収集元推奨: ホットペッパービューティー / 美容師会 / iタウンページ
3811,,ヘアサロン・サロンオーナー,,大阪府,,,,,,,ヘアサロン サロンオーナー関連サービス,営業中（推定）,,未収集,収集元推奨: ホットペッパービューティー / 美容師会 / iタウンページ
3812,,ヘアサロン・サロンオーナー,,大阪府,,,,,,,ヘアサロン サロンオーナー関連サービス,営業中（推定）,,未収集,収集元推奨: ホットペッパービューティー / 美容師会 / iタウンページ
3813,,ヘアサロン・サロンオーナー,,大阪府,,,,,,,ヘアサロン サロンオーナー関連サービス,営業中（推定）,,未収集,収集元推奨: ホットペッパービューティー / 美容師会 / iタウンページ
3814,,ヘアサロン・サロンオーナー,,大阪府,,,,,,,ヘアサロン サロンオーナー関連サービス,営業中（推定）,,未収集,収集元推奨: ホットペッパービューティー / 美容師会 / iタウンページ
3815,,ヘアサロン・サロンオーナー,,大阪府,,,,,,,ヘアサロン サロンオーナー関連サービス,営業中（推定）,,未収集,収集元推奨: ホットペッパービューティー / 美容師会 / iタウンページ
3816,,ヘアサロン・サロンオーナー,,大阪府,,,,,,,ヘアサロン サロンオーナー関連サービス,営業中（推定）,,未収集,収集元推奨: ホットペッパービューティー / 美容師会 / iタウンページ
3817,,ヘアサロン・サロンオーナー,,大阪府,,,,,,,ヘアサロン サロンオーナー関連サービス,営業中（推定）,,未収集,収集元推奨: ホットペッパービューティー / 美容師会 / iタウンページ
3818,,ヘアサロン・サロンオーナー,,大阪府,,,,,,,ヘアサロン サロンオーナー関連サービス,営業中（推定）,,未収集,収集元推奨: ホットペッパービューティー / 美容師会 / iタウンページ
3819,,ヘアサロン・サロンオーナー,,大阪府,,,,,,,ヘアサロン サロンオーナー関連サービス,営業中（推定）,,未収集,収集元推奨: ホットペッパービューティー / 美容師会 / iタウンページ
3820,,ヘアサロン・サロンオーナー,,大阪府,,,,,,,ヘアサロン サロンオーナー関連サービス,営業中（推定）,,未収集,収集元推奨: ホットペッパービューティー / 美容師会 / iタウンページ
3821,,ヘアサロン・サロンオーナー,,大阪府,,,,,,,ヘアサロン サロンオーナー関連サービス,営業中（推定）,,未収集,収集元推奨: ホットペッパービューティー / 美容師会 / iタウンページ
3822,,ヘアサロン・サロンオーナー,,大阪府,,,,,,,ヘアサロン サロンオーナー関連サービス,営業中（推定）,,未収集,収集元推奨: ホットペッパービューティー / 美容師会 / iタウンページ
3823,,ヘアサロン・サロンオーナー,,大阪府,,,,,,,ヘアサロン サロンオーナー関連サービス,営業中（推定）,,未収集,収集元推奨: ホットペッパービューティー / 美容師会 / iタウンページ
3824,,ヘアサロン・サロンオーナー,,大阪府,,,,,,,ヘアサロン サロンオーナー関連サービス,営業中（推定）,,未収集,収集元推奨: ホットペッパービューティー / 美容師会 / iタウンページ
3825,,ヘアサロン・サロンオーナー,,大阪府,,,,,,,ヘアサロン サロンオーナー関連サービス,営業中（推定）,,未収集,収集元推奨: ホットペッパービューティー / 美容師会 / iタウンページ
3826,,ヘアサロン・サロンオーナー,,大阪府,,,,,,,ヘアサロン サロンオーナー関連サービス,営業中（推定）,,未収集,収集元推奨: ホットペッパービューティー / 美容師会 / iタウンページ
3827,,ヘアサロン・サロンオーナー,,大阪府,,,,,,,ヘアサロン サロンオーナー関連サービス,営業中（推定）,,未収集,収集元推奨: ホットペッパービューティー / 美容師会 / iタウンページ
3828,,ヘアサロン・サロンオーナー,,大阪府,,,,,,,ヘアサロン サロンオーナー関連サービス,営業中（推定）,,未収集,収集元推奨: ホットペッパービューティー / 美容師会 / iタウンページ
3829,,ヘアサロン・サロンオーナー,,大阪府,,,,,,,ヘアサロン サロンオーナー関連サービス,営業中（推定）,,未収集,収集元推奨: ホットペッパービューティー / 美容師会 / iタウンページ
3830,,ヘアサロン・サロンオーナー,,大阪府,,,,,,,ヘアサロン サロンオーナー関連サービス,営業中（推定）,,未収集,収集元推奨: ホットペッパービューティー / 美容師会 / iタウンページ
3831,,ヘアサロン・サロンオーナー,,大阪府,,,,,,,ヘアサロン サロンオーナー関連サービス,営業中（推定）,,未収集,収集元推奨: ホットペッパービューティー / 美容師会 / iタウンページ
3832,,ヘアサロン・サロンオーナー,,大阪府,,,,,,,ヘアサロン サロンオーナー関連サービス,営業中（推定）,,未収集,収集元推奨: ホットペッパービューティー / 美容師会 / iタウンページ
3833,,ヘアサロン・サロンオーナー,,大阪府,,,,,,,ヘアサロン サロンオーナー関連サービス,営業中（推定）,,未収集,収集元推奨: ホットペッパービューティー / 美容師会 / iタウンページ
3834,,ヘアサロン・サロンオーナー,,大阪府,,,,,,,ヘアサロン サロンオーナー関連サービス,営業中（推定）,,未収集,収集元推奨: ホットペッパービューティー / 美容師会 / iタウンページ
3835,,ヘアサロン・サロンオーナー,,大阪府,,,,,,,ヘアサロン サロンオーナー関連サービス,営業中（推定）,,未収集,収集元推奨: ホットペッパービューティー / 美容師会 / iタウンページ
3836,,ヘアサロン・サロンオーナー,,大阪府,,,,,,,ヘアサロン サロンオーナー関連サービス,営業中（推定）,,未収集,収集元推奨: ホットペッパービューティー / 美容師会 / iタウンページ
3837,,ヘアサロン・サロンオーナー,,大阪府,,,,,,,ヘアサロン サロンオーナー関連サービス,営業中（推定）,,未収集,収集元推奨: ホットペッパービューティー / 美容師会 / iタウンページ
3838,,ヘアサロン・サロンオーナー,,大阪府,,,,,,,ヘアサロン サロンオーナー関連サービス,営業中（推定）,,未収集,収集元推奨: ホットペッパービューティー / 美容師会 / iタウンページ
3839,,ヘアサロン・サロンオーナー,,大阪府,,,,,,,ヘアサロン サロンオーナー関連サービス,営業中（推定）,,未収集,収集元推奨: ホットペッパービューティー / 美容師会 / iタウンページ
3840,,ヘアサロン・サロンオーナー,,大阪府,,,,,,,ヘアサロン サロンオーナー関連サービス,営業中（推定）,,未収集,収集元推奨: ホットペッパービューティー / 美容師会 / iタウンページ
3841,,ヘアサロン・サロンオーナー,,大阪府,,,,,,,ヘアサロン サロンオーナー関連サービス,営業中（推定）,,未収集,収集元推奨: ホットペッパービューティー / 美容師会 / iタウンページ
3842,,ヘアサロン・サロンオーナー,,大阪府,,,,,,,ヘアサロン サロンオーナー関連サービス,営業中（推定）,,未収集,収集元推奨: ホットペッパービューティー / 美容師会 / iタウンページ
3843,,ヘアサロン・サロンオーナー,,大阪府,,,,,,,ヘアサロン サロンオーナー関連サービス,営業中（推定）,,未収集,収集元推奨: ホットペッパービューティー / 美容師会 / iタウンページ
3844,,ヘアサロン・サロンオーナー,,大阪府,,,,,,,ヘアサロン サロンオーナー関連サービス,営業中（推定）,,未収集,収集元推奨: ホットペッパービューティー / 美容師会 / iタウンページ
3845,,ヘアサロン・サロンオーナー,,大阪府,,,,,,,ヘアサロン サロンオーナー関連サービス,営業中（推定）,,未収集,収集元推奨: ホットペッパービューティー / 美容師会 / iタウンページ
3846,,ヘアサロン・サロンオーナー,,大阪府,,,,,,,ヘアサロン サロンオーナー関連サービス,営業中（推定）,,未収集,収集元推奨: ホットペッパービューティー / 美容師会 / iタウンページ
3847,,ヘアサロン・サロンオーナー,,大阪府,,,,,,,ヘアサロン サロンオーナー関連サービス,営業中（推定）,,未収集,収集元推奨: ホットペッパービューティー / 美容師会 / iタウンページ
3848,,ヘアサロン・サロンオーナー,,大阪府,,,,,,,ヘアサロン サロンオーナー関連サービス,営業中（推定）,,未収集,収集元推奨: ホットペッパービューティー / 美容師会 / iタウンページ
3849,,ヘアサロン・サロンオーナー,,大阪府,,,,,,,ヘアサロン サロンオーナー関連サービス,営業中（推定）,,未収集,収集元推奨: ホットペッパービューティー / 美容師会 / iタウンページ
3850,,ヘアサロン・サロンオーナー,,大阪府,,,,,,,ヘアサロン サロンオーナー関連サービス,営業中（推定）,,未収集,収集元推奨: ホットペッパービューティー / 美容師会 / iタウンページ
3851,,ヘアサロン・サロンオーナー,,大阪府,,,,,,,ヘアサロン サロンオーナー関連サービス,営業中（推定）,,未収集,収集元推奨: ホットペッパービューティー / 美容師会 / iタウンページ
3852,,ヘアサロン・サロンオーナー,,大阪府,,,,,,,ヘアサロン サロンオーナー関連サービス,営業中（推定）,,未収集,収集元推奨: ホットペッパービューティー / 美容師会 / iタウンページ
3853,,ヘアサロン・サロンオーナー,,大阪府,,,,,,,ヘアサロン サロンオーナー関連サービス,営業中（推定）,,未収集,収集元推奨: ホットペッパービューティー / 美容師会 / iタウンページ
3854,,ヘアサロン・サロンオーナー,,大阪府,,,,,,,ヘアサロン サロンオーナー関連サービス,営業中（推定）,,未収集,収集元推奨: ホットペッパービューティー / 美容師会 / iタウンページ
3855,,ヘアサロン・サロンオーナー,,大阪府,,,,,,,ヘアサロン サロンオーナー関連サービス,営業中（推定）,,未収集,収集元推奨: ホットペッパービューティー / 美容師会 / iタウンページ
3856,,ヘアサロン・サロンオーナー,,大阪府,,,,,,,ヘアサロン サロンオーナー関連サービス,営業中（推定）,,未収集,収集元推奨: ホットペッパービューティー / 美容師会 / iタウンページ
3857,,IT・AI×美容,,大阪府,,,,,,,IT AI×美容関連サービス,営業中（推定）,,未収集,収集元推奨: スタートアップDB / PRTIMES / 展示会(BeautyTech系)
3858,,IT・AI×美容,,大阪府,,,,,,,IT AI×美容関連サービス,営業中（推定）,,未収集,収集元推奨: スタートアップDB / PRTIMES / 展示会(BeautyTech系)
3859,,IT・AI×美容,,大阪府,,,,,,,IT AI×美容関連サービス,営業中（推定）,,未収集,収集元推奨: スタートアップDB / PRTIMES / 展示会(BeautyTech系)
3860,,IT・AI×美容,,大阪府,,,,,,,IT AI×美容関連サービス,営業中（推定）,,未収集,収集元推奨: スタートアップDB / PRTIMES / 展示会(BeautyTech系)
3861,,IT・AI×美容,,大阪府,,,,,,,IT AI×美容関連サービス,営業中（推定）,,未収集,収集元推奨: スタートアップDB / PRTIMES / 展示会(BeautyTech系)
3862,,IT・AI×美容,,大阪府,,,,,,,IT AI×美容関連サービス,営業中（推定）,,未収集,収集元推奨: スタートアップDB / PRTIMES / 展示会(BeautyTech系)
3863,,IT・AI×美容,,大阪府,,,,,,,IT AI×美容関連サービス,営業中（推定）,,未収集,収集元推奨: スタートアップDB / PRTIMES / 展示会(BeautyTech系)
3864,,IT・AI×美容,,大阪府,,,,,,,IT AI×美容関連サービス,営業中（推定）,,未収集,収集元推奨: スタートアップDB / PRTIMES / 展示会(BeautyTech系)
3865,,IT・AI×美容,,大阪府,,,,,,,IT AI×美容関連サービス,営業中（推定）,,未収集,収集元推奨: スタートアップDB / PRTIMES / 展示会(BeautyTech系)
3866,,IT・AI×美容,,大阪府,,,,,,,IT AI×美容関連サービス,営業中（推定）,,未収集,収集元推奨: スタートアップDB / PRTIMES / 展示会(BeautyTech系)
3867,,IT・AI×美容,,大阪府,,,,,,,IT AI×美容関連サービス,営業中（推定）,,未収集,収集元推奨: スタートアップDB / PRTIMES / 展示会(BeautyTech系)
3868,,IT・AI×美容,,大阪府,,,,,,,IT AI×美容関連サービス,営業中（推定）,,未収集,収集元推奨: スタートアップDB / PRTIMES / 展示会(BeautyTech系)
3869,,IT・AI×美容,,大阪府,,,,,,,IT AI×美容関連サービス,営業中（推定）,,未収集,収集元推奨: スタートアップDB / PRTIMES / 展示会(BeautyTech系)
3870,,IT・AI×美容,,大阪府,,,,,,,IT AI×美容関連サービス,営業中（推定）,,未収集,収集元推奨: スタートアップDB / PRTIMES / 展示会(BeautyTech系)
3871,,IT・AI×美容,,大阪府,,,,,,,IT AI×美容関連サービス,営業中（推定）,,未収集,収集元推奨: スタートアップDB / PRTIMES / 展示会(BeautyTech系)
3872,,IT・AI×美容,,大阪府,,,,,,,IT AI×美容関連サービス,営業中（推定）,,未収集,収集元推奨: スタートアップDB / PRTIMES / 展示会(BeautyTech系)
3873,,IT・AI×美容,,大阪府,,,,,,,IT AI×美容関連サービス,営業中（推定）,,未収集,収集元推奨: スタートアップDB / PRTIMES / 展示会(BeautyTech系)
3874,,IT・AI×美容,,大阪府,,,,,,,IT AI×美容関連サービス,営業中（推定）,,未収集,収集元推奨: スタートアップDB / PRTIMES / 展示会(BeautyTech系)
3875,,IT・AI×美容,,大阪府,,,,,,,IT AI×美容関連サービス,営業中（推定）,,未収集,収集元推奨: スタートアップDB / PRTIMES / 展示会(BeautyTech系)
3876,,IT・AI×美容,,大阪府,,,,,,,IT AI×美容関連サービス,営業中（推定）,,未収集,収集元推奨: スタートアップDB / PRTIMES / 展示会(BeautyTech系)
3877,,IT・AI×美容,,大阪府,,,,,,,IT AI×美容関連サービス,営業中（推定）,,未収集,収集元推奨: スタートアップDB / PRTIMES / 展示会(BeautyTech系)
3878,,IT・AI×美容,,大阪府,,,,,,,IT AI×美容関連サービス,営業中（推定）,,未収集,収集元推奨: スタートアップDB / PRTIMES / 展示会(BeautyTech系)
3879,,IT・AI×美容,,大阪府,,,,,,,IT AI×美容関連サービス,営業中（推定）,,未収集,収集元推奨: スタートアップDB / PRTIMES / 展示会(BeautyTech系)
3880,,IT・AI×美容,,大阪府,,,,,,,IT AI×美容関連サービス,営業中（推定）,,未収集,収集元推奨: スタートアップDB / PRTIMES / 展示会(BeautyTech系)
3881,,IT・AI×美容,,大阪府,,,,,,,IT AI×美容関連サービス,営業中（推定）,,未収集,収集元推奨: スタートアップDB / PRTIMES / 展示会(BeautyTech系)
3882,,IT・AI×美容,,大阪府,,,,,,,IT AI×美容関連サービス,営業中（推定）,,未収集,収集元推奨: スタートアップDB / PRTIMES / 展示会(BeautyTech系)
3883,,IT・AI×美容,,大阪府,,,,,,,IT AI×美容関連サービス,営業中（推定）,,未収集,収集元推奨: スタートアップDB / PRTIMES / 展示会(BeautyTech系)
3884,,IT・AI×美容,,大阪府,,,,,,,IT AI×美容関連サービス,営業中（推定）,,未収集,収集元推奨: スタートアップDB / PRTIMES / 展示会(BeautyTech系)
3885,,IT・AI×美容,,大阪府,,,,,,,IT AI×美容関連サービス,営業中（推定）,,未収集,収集元推奨: スタートアップDB / PRTIMES / 展示会(BeautyTech系)
3886,,IT・AI×美容,,大阪府,,,,,,,IT AI×美容関連サービス,営業中（推定）,,未収集,収集元推奨: スタートアップDB / PRTIMES / 展示会(BeautyTech系)
3887,,IT・AI×美容,,大阪府,,,,,,,IT AI×美容関連サービス,営業中（推定）,,未収集,収集元推奨: スタートアップDB / PRTIMES / 展示会(BeautyTech系)
3888,,IT・AI×美容,,大阪府,,,,,,,IT AI×美容関連サービス,営業中（推定）,,未収集,収集元推奨: スタートアップDB / PRTIMES / 展示会(BeautyTech系)
3889,,IT・AI×美容,,大阪府,,,,,,,IT AI×美容関連サービス,営業中（推定）,,未収集,収集元推奨: スタートアップDB / PRTIMES / 展示会(BeautyTech系)
3890,,IT・AI×美容,,大阪府,,,,,,,IT AI×美容関連サービス,営業中（推定）,,未収集,収集元推奨: スタートアップDB / PRTIMES / 展示会(BeautyTech系)
3891,,IT・AI×美容,,大阪府,,,,,,,IT AI×美容関連サービス,営業中（推定）,,未収集,収集元推奨: スタートアップDB / PRTIMES / 展示会(BeautyTech系)
3892,,IT・AI×美容,,大阪府,,,,,,,IT AI×美容関連サービス,営業中（推定）,,未収集,収集元推奨: スタートアップDB / PRTIMES / 展示会(BeautyTech系)
3893,,IT・AI×美容,,大阪府,,,,,,,IT AI×美容関連サービス,営業中（推定）,,未収集,収集元推奨: スタートアップDB / PRTIMES / 展示会(BeautyTech系)
3894,,IT・AI×美容,,大阪府,,,,,,,IT AI×美容関連サービス,営業中（推定）,,未収集,収集元推奨: スタートアップDB / PRTIMES / 展示会(BeautyTech系)
3895,,IT・AI×美容,,大阪府,,,,,,,IT AI×美容関連サービス,営業中（推定）,,未収集,収集元推奨: スタートアップDB / PRTIMES / 展示会(BeautyTech系)
3896,,IT・AI×美容,,大阪府,,,,,,,IT AI×美容関連サービス,営業中（推定）,,未収集,収集元推奨: スタートアップDB / PRTIMES / 展示会(BeautyTech系)
3897,,IT・AI×美容,,大阪府,,,,,,,IT AI×美容関連サービス,営業中（推定）,,未収集,収集元推奨: スタートアップDB / PRTIMES / 展示会(BeautyTech系)
3898,,IT・AI×美容,,大阪府,,,,,,,IT AI×美容関連サービス,営業中（推定）,,未収集,収集元推奨: スタートアップDB / PRTIMES / 展示会(BeautyTech系)
3899,,IT・AI×美容,,大阪府,,,,,,,IT AI×美容関連サービス,営業中（推定）,,未収集,収集元推奨: スタートアップDB / PRTIMES / 展示会(BeautyTech系)
3900,,IT・AI×美容,,大阪府,,,,,,,IT AI×美容関連サービス,営業中（推定）,,未収集,収集元推奨: スタートアップDB / PRTIMES / 展示会(BeautyTech系)
3901,,IT・AI×美容,,大阪府,,,,,,,IT AI×美容関連サービス,営業中（推定）,,未収集,収集元推奨: スタートアップDB / PRTIMES / 展示会(BeautyTech系)
3902,,IT・AI×美容,,大阪府,,,,,,,IT AI×美容関連サービス,営業中（推定）,,未収集,収集元推奨: スタートアップDB / PRTIMES / 展示会(BeautyTech系)
3903,,IT・AI×美容,,大阪府,,,,,,,IT AI×美容関連サービス,営業中（推定）,,未収集,収集元推奨: スタートアップDB / PRTIMES / 展示会(BeautyTech系)
3904,,IT・AI×美容,,大阪府,,,,,,,IT AI×美容関連サービス,営業中（推定）,,未収集,収集元推奨: スタートアップDB / PRTIMES / 展示会(BeautyTech系)
3905,,IT・AI×美容,,大阪府,,,,,,,IT AI×美容関連サービス,営業中（推定）,,未収集,収集元推奨: スタートアップDB / PRTIMES / 展示会(BeautyTech系)
3906,,IT・AI×美容,,大阪府,,,,,,,IT AI×美容関連サービス,営業中（推定）,,未収集,収集元推奨: スタートアップDB / PRTIMES / 展示会(BeautyTech系)
3907,,IT・AI×美容,,大阪府,,,,,,,IT AI×美容関連サービス,営業中（推定）,,未収集,収集元推奨: スタートアップDB / PRTIMES / 展示会(BeautyTech系)
3908,,IT・AI×美容,,大阪府,,,,,,,IT AI×美容関連サービス,営業中（推定）,,未収集,収集元推奨: スタートアップDB / PRTIMES / 展示会(BeautyTech系)
3909,,IT・AI×美容,,大阪府,,,,,,,IT AI×美容関連サービス,営業中（推定）,,未収集,収集元推奨: スタートアップDB / PRTIMES / 展示会(BeautyTech系)
3910,,IT・AI×美容,,大阪府,,,,,,,IT AI×美容関連サービス,営業中（推定）,,未収集,収集元推奨: スタートアップDB / PRTIMES / 展示会(BeautyTech系)
3911,,IT・AI×美容,,大阪府,,,,,,,IT AI×美容関連サービス,営業中（推定）,,未収集,収集元推奨: スタートアップDB / PRTIMES / 展示会(BeautyTech系)
3912,,IT・AI×美容,,大阪府,,,,,,,IT AI×美容関連サービス,営業中（推定）,,未収集,収集元推奨: スタートアップDB / PRTIMES / 展示会(BeautyTech系)
3913,,IT・AI×美容,,大阪府,,,,,,,IT AI×美容関連サービス,営業中（推定）,,未収集,収集元推奨: スタートアップDB / PRTIMES / 展示会(BeautyTech系)
3914,,IT・AI×美容,,大阪府,,,,,,,IT AI×美容関連サービス,営業中（推定）,,未収集,収集元推奨: スタートアップDB / PRTIMES / 展示会(BeautyTech系)
3915,,IT・AI×美容,,大阪府,,,,,,,IT AI×美容関連サービス,営業中（推定）,,未収集,収集元推奨: スタートアップDB / PRTIMES / 展示会(BeautyTech系)
3916,,IT・AI×美容,,大阪府,,,,,,,IT AI×美容関連サービス,営業中（推定）,,未収集,収集元推奨: スタートアップDB / PRTIMES / 展示会(BeautyTech系)
3917,,IT・AI×美容,,大阪府,,,,,,,IT AI×美容関連サービス,営業中（推定）,,未収集,収集元推奨: スタートアップDB / PRTIMES / 展示会(BeautyTech系)
3918,,IT・AI×美容,,大阪府,,,,,,,IT AI×美容関連サービス,営業中（推定）,,未収集,収集元推奨: スタートアップDB / PRTIMES / 展示会(BeautyTech系)
3919,,IT・AI×美容,,大阪府,,,,,,,IT AI×美容関連サービス,営業中（推定）,,未収集,収集元推奨: スタートアップDB / PRTIMES / 展示会(BeautyTech系)
3920,,IT・AI×美容,,大阪府,,,,,,,IT AI×美容関連サービス,営業中（推定）,,未収集,収集元推奨: スタートアップDB / PRTIMES / 展示会(BeautyTech系)
3921,,IT・AI×美容,,大阪府,,,,,,,IT AI×美容関連サービス,営業中（推定）,,未収集,収集元推奨: スタートアップDB / PRTIMES / 展示会(BeautyTech系)
3922,,IT・AI×美容,,大阪府,,,,,,,IT AI×美容関連サービス,営業中（推定）,,未収集,収集元推奨: スタートアップDB / PRTIMES / 展示会(BeautyTech系)
3923,,IT・AI×美容,,大阪府,,,,,,,IT AI×美容関連サービス,営業中（推定）,,未収集,収集元推奨: スタートアップDB / PRTIMES / 展示会(BeautyTech系)
3924,,IT・AI×美容,,大阪府,,,,,,,IT AI×美容関連サービス,営業中（推定）,,未収集,収集元推奨: スタートアップDB / PRTIMES / 展示会(BeautyTech系)
3925,,IT・AI×美容,,大阪府,,,,,,,IT AI×美容関連サービス,営業中（推定）,,未収集,収集元推奨: スタートアップDB / PRTIMES / 展示会(BeautyTech系)
3926,,IT・AI×美容,,大阪府,,,,,,,IT AI×美容関連サービス,営業中（推定）,,未収集,収集元推奨: スタートアップDB / PRTIMES / 展示会(BeautyTech系)
3927,,IT・AI×美容,,大阪府,,,,,,,IT AI×美容関連サービス,営業中（推定）,,未収集,収集元推奨: スタートアップDB / PRTIMES / 展示会(BeautyTech系)
3928,,IT・AI×美容,,大阪府,,,,,,,IT AI×美容関連サービス,営業中（推定）,,未収集,収集元推奨: スタートアップDB / PRTIMES / 展示会(BeautyTech系)
3929,,IT・AI×美容,,大阪府,,,,,,,IT AI×美容関連サービス,営業中（推定）,,未収集,収集元推奨: スタートアップDB / PRTIMES / 展示会(BeautyTech系)
3930,,IT・AI×美容,,大阪府,,,,,,,IT AI×美容関連サービス,営業中（推定）,,未収集,収集元推奨: スタートアップDB / PRTIMES / 展示会(BeautyTech系)
3931,,IT・AI×美容,,大阪府,,,,,,,IT AI×美容関連サービス,営業中（推定）,,未収集,収集元推奨: スタートアップDB / PRTIMES / 展示会(BeautyTech系)
3932,,IT・AI×美容,,大阪府,,,,,,,IT AI×美容関連サービス,営業中（推定）,,未収集,収集元推奨: スタートアップDB / PRTIMES / 展示会(BeautyTech系)
3933,,IT・AI×美容,,大阪府,,,,,,,IT AI×美容関連サービス,営業中（推定）,,未収集,収集元推奨: スタートアップDB / PRTIMES / 展示会(BeautyTech系)
3934,,IT・AI×美容,,大阪府,,,,,,,IT AI×美容関連サービス,営業中（推定）,,未収集,収集元推奨: スタートアップDB / PRTIMES / 展示会(BeautyTech系)
3935,,IT・AI×美容,,大阪府,,,,,,,IT AI×美容関連サービス,営業中（推定）,,未収集,収集元推奨: スタートアップDB / PRTIMES / 展示会(BeautyTech系)
3936,,IT・AI×美容,,大阪府,,,,,,,IT AI×美容関連サービス,営業中（推定）,,未収集,収集元推奨: スタートアップDB / PRTIMES / 展示会(BeautyTech系)
3937,,IT・AI×美容,,大阪府,,,,,,,IT AI×美容関連サービス,営業中（推定）,,未収集,収集元推奨: スタートアップDB / PRTIMES / 展示会(BeautyTech系)
3938,,IT・AI×美容,,大阪府,,,,,,,IT AI×美容関連サービス,営業中（推定）,,未収集,収集元推奨: スタートアップDB / PRTIMES / 展示会(BeautyTech系)
3939,,IT・AI×美容,,大阪府,,,,,,,IT AI×美容関連サービス,営業中（推定）,,未収集,収集元推奨: スタートアップDB / PRTIMES / 展示会(BeautyTech系)
3940,,IT・AI×美容,,大阪府,,,,,,,IT AI×美容関連サービス,営業中（推定）,,未収集,収集元推奨: スタートアップDB / PRTIMES / 展示会(BeautyTech系)
3941,,IT・AI×美容,,大阪府,,,,,,,IT AI×美容関連サービス,営業中（推定）,,未収集,収集元推奨: スタートアップDB / PRTIMES / 展示会(BeautyTech系)
3942,,IT・AI×美容,,大阪府,,,,,,,IT AI×美容関連サービス,営業中（推定）,,未収集,収集元推奨: スタートアップDB / PRTIMES / 展示会(BeautyTech系)
3943,,IT・AI×美容,,大阪府,,,,,,,IT AI×美容関連サービス,営業中（推定）,,未収集,収集元推奨: スタートアップDB / PRTIMES / 展示会(BeautyTech系)
3944,,IT・AI×美容,,大阪府,,,,,,,IT AI×美容関連サービス,営業中（推定）,,未収集,収集元推奨: スタートアップDB / PRTIMES / 展示会(BeautyTech系)
3945,,IT・AI×美容,,大阪府,,,,,,,IT AI×美容関連サービス,営業中（推定）,,未収集,収集元推奨: スタートアップDB / PRTIMES / 展示会(BeautyTech系)
3946,,IT・AI×美容,,大阪府,,,,,,,IT AI×美容関連サービス,営業中（推定）,,未収集,収集元推奨: スタートアップDB / PRTIMES / 展示会(BeautyTech系)
3947,,IT・AI×美容,,大阪府,,,,,,,IT AI×美容関連サービス,営業中（推定）,,未収集,収集元推奨: スタートアップDB / PRTIMES / 展示会(BeautyTech系)
3948,,IT・AI×美容,,大阪府,,,,,,,IT AI×美容関連サービス,営業中（推定）,,未収集,収集元推奨: スタートアップDB / PRTIMES / 展示会(BeautyTech系)
3949,,IT・AI×美容,,大阪府,,,,,,,IT AI×美容関連サービス,営業中（推定）,,未収集,収集元推奨: スタートアップDB / PRTIMES / 展示会(BeautyTech系)
3950,,IT・AI×美容,,大阪府,,,,,,,IT AI×美容関連サービス,営業中（推定）,,未収集,収集元推奨: スタートアップDB / PRTIMES / 展示会(BeautyTech系)
3951,,IT・AI×美容,,大阪府,,,,,,,IT AI×美容関連サービス,営業中（推定）,,未収集,収集元推奨: スタートアップDB / PRTIMES / 展示会(BeautyTech系)
3952,,IT・AI×美容,,大阪府,,,,,,,IT AI×美容関連サービス,営業中（推定）,,未収集,収集元推奨: スタートアップDB / PRTIMES / 展示会(BeautyTech系)
3953,,IT・AI×美容,,大阪府,,,,,,,IT AI×美容関連サービス,営業中（推定）,,未収集,収集元推奨: スタートアップDB / PRTIMES / 展示会(BeautyTech系)
3954,,IT・AI×美容,,大阪府,,,,,,,IT AI×美容関連サービス,営業中（推定）,,未収集,収集元推奨: スタートアップDB / PRTIMES / 展示会(BeautyTech系)
3955,,IT・AI×美容,,大阪府,,,,,,,IT AI×美容関連サービス,営業中（推定）,,未収集,収集元推奨: スタートアップDB / PRTIMES / 展示会(BeautyTech系)
3956,,エステサロン,,神奈川県,,,,,,,エステサロン関連サービス,営業中（推定）,,未収集,収集元推奨: ホットペッパービューティー掲載企業公式サイト / 日本エステティック協会会員
3957,,エステサロン,,神奈川県,,,,,,,エステサロン関連サービス,営業中（推定）,,未収集,収集元推奨: ホットペッパービューティー掲載企業公式サイト / 日本エステティック協会会員
3958,,エステサロン,,神奈川県,,,,,,,エステサロン関連サービス,営業中（推定）,,未収集,収集元推奨: ホットペッパービューティー掲載企業公式サイト / 日本エステティック協会会員
3959,,エステサロン,,神奈川県,,,,,,,エステサロン関連サービス,営業中（推定）,,未収集,収集元推奨: ホットペッパービューティー掲載企業公式サイト / 日本エステティック協会会員
3960,,エステサロン,,神奈川県,,,,,,,エステサロン関連サービス,営業中（推定）,,未収集,収集元推奨: ホットペッパービューティー掲載企業公式サイト / 日本エステティック協会会員
3961,,エステサロン,,神奈川県,,,,,,,エステサロン関連サービス,営業中（推定）,,未収集,収集元推奨: ホットペッパービューティー掲載企業公式サイト / 日本エステティック協会会員
3962,,エステサロン,,神奈川県,,,,,,,エステサロン関連サービス,営業中（推定）,,未収集,収集元推奨: ホットペッパービューティー掲載企業公式サイト / 日本エステティック協会会員
3963,,エステサロン,,神奈川県,,,,,,,エステサロン関連サービス,営業中（推定）,,未収集,収集元推奨: ホットペッパービューティー掲載企業公式サイト / 日本エステティック協会会員
3964,,エステサロン,,神奈川県,,,,,,,エステサロン関連サービス,営業中（推定）,,未収集,収集元推奨: ホットペッパービューティー掲載企業公式サイト / 日本エステティック協会会員
3965,,エステサロン,,神奈川県,,,,,,,エステサロン関連サービス,営業中（推定）,,未収集,収集元推奨: ホットペッパービューティー掲載企業公式サイト / 日本エステティック協会会員
3966,,エステサロン,,神奈川県,,,,,,,エステサロン関連サービス,営業中（推定）,,未収集,収集元推奨: ホットペッパービューティー掲載企業公式サイト / 日本エステティック協会会員
3967,,エステサロン,,神奈川県,,,,,,,エステサロン関連サービス,営業中（推定）,,未収集,収集元推奨: ホットペッパービューティー掲載企業公式サイト / 日本エステティック協会会員
3968,,エステサロン,,神奈川県,,,,,,,エステサロン関連サービス,営業中（推定）,,未収集,収集元推奨: ホットペッパービューティー掲載企業公式サイト / 日本エステティック協会会員
3969,,エステサロン,,神奈川県,,,,,,,エステサロン関連サービス,営業中（推定）,,未収集,収集元推奨: ホットペッパービューティー掲載企業公式サイト / 日本エステティック協会会員
3970,,エステサロン,,神奈川県,,,,,,,エステサロン関連サービス,営業中（推定）,,未収集,収集元推奨: ホットペッパービューティー掲載企業公式サイト / 日本エステティック協会会員
3971,,エステサロン,,神奈川県,,,,,,,エステサロン関連サービス,営業中（推定）,,未収集,収集元推奨: ホットペッパービューティー掲載企業公式サイト / 日本エステティック協会会員
3972,,エステサロン,,神奈川県,,,,,,,エステサロン関連サービス,営業中（推定）,,未収集,収集元推奨: ホットペッパービューティー掲載企業公式サイト / 日本エステティック協会会員
3973,,エステサロン,,神奈川県,,,,,,,エステサロン関連サービス,営業中（推定）,,未収集,収集元推奨: ホットペッパービューティー掲載企業公式サイト / 日本エステティック協会会員
3974,,エステサロン,,神奈川県,,,,,,,エステサロン関連サービス,営業中（推定）,,未収集,収集元推奨: ホットペッパービューティー掲載企業公式サイト / 日本エステティック協会会員
3975,,エステサロン,,神奈川県,,,,,,,エステサロン関連サービス,営業中（推定）,,未収集,収集元推奨: ホットペッパービューティー掲載企業公式サイト / 日本エステティック協会会員
3976,,エステサロン,,神奈川県,,,,,,,エステサロン関連サービス,営業中（推定）,,未収集,収集元推奨: ホットペッパービューティー掲載企業公式サイト / 日本エステティック協会会員
3977,,エステサロン,,神奈川県,,,,,,,エステサロン関連サービス,営業中（推定）,,未収集,収集元推奨: ホットペッパービューティー掲載企業公式サイト / 日本エステティック協会会員
3978,,エステサロン,,神奈川県,,,,,,,エステサロン関連サービス,営業中（推定）,,未収集,収集元推奨: ホットペッパービューティー掲載企業公式サイト / 日本エステティック協会会員
3979,,エステサロン,,神奈川県,,,,,,,エステサロン関連サービス,営業中（推定）,,未収集,収集元推奨: ホットペッパービューティー掲載企業公式サイト / 日本エステティック協会会員
3980,,エステサロン,,神奈川県,,,,,,,エステサロン関連サービス,営業中（推定）,,未収集,収集元推奨: ホットペッパービューティー掲載企業公式サイト / 日本エステティック協会会員
3981,,エステサロン,,神奈川県,,,,,,,エステサロン関連サービス,営業中（推定）,,未収集,収集元推奨: ホットペッパービューティー掲載企業公式サイト / 日本エステティック協会会員
3982,,エステサロン,,神奈川県,,,,,,,エステサロン関連サービス,営業中（推定）,,未収集,収集元推奨: ホットペッパービューティー掲載企業公式サイト / 日本エステティック協会会員
3983,,エステサロン,,神奈川県,,,,,,,エステサロン関連サービス,営業中（推定）,,未収集,収集元推奨: ホットペッパービューティー掲載企業公式サイト / 日本エステティック協会会員
3984,,エステサロン,,神奈川県,,,,,,,エステサロン関連サービス,営業中（推定）,,未収集,収集元推奨: ホットペッパービューティー掲載企業公式サイト / 日本エステティック協会会員
3985,,エステサロン,,神奈川県,,,,,,,エステサロン関連サービス,営業中（推定）,,未収集,収集元推奨: ホットペッパービューティー掲載企業公式サイト / 日本エステティック協会会員
3986,,エステサロン,,神奈川県,,,,,,,エステサロン関連サービス,営業中（推定）,,未収集,収集元推奨: ホットペッパービューティー掲載企業公式サイト / 日本エステティック協会会員
3987,,エステサロン,,神奈川県,,,,,,,エステサロン関連サービス,営業中（推定）,,未収集,収集元推奨: ホットペッパービューティー掲載企業公式サイト / 日本エステティック協会会員
3988,,エステサロン,,神奈川県,,,,,,,エステサロン関連サービス,営業中（推定）,,未収集,収集元推奨: ホットペッパービューティー掲載企業公式サイト / 日本エステティック協会会員
3989,,エステサロン,,神奈川県,,,,,,,エステサロン関連サービス,営業中（推定）,,未収集,収集元推奨: ホットペッパービューティー掲載企業公式サイト / 日本エステティック協会会員
3990,,エステサロン,,神奈川県,,,,,,,エステサロン関連サービス,営業中（推定）,,未収集,収集元推奨: ホットペッパービューティー掲載企業公式サイト / 日本エステティック協会会員
3991,,エステサロン,,神奈川県,,,,,,,エステサロン関連サービス,営業中（推定）,,未収集,収集元推奨: ホットペッパービューティー掲載企業公式サイト / 日本エステティック協会会員
3992,,エステサロン,,神奈川県,,,,,,,エステサロン関連サービス,営業中（推定）,,未収集,収集元推奨: ホットペッパービューティー掲載企業公式サイト / 日本エステティック協会会員
3993,,エステサロン,,神奈川県,,,,,,,エステサロン関連サービス,営業中（推定）,,未収集,収集元推奨: ホットペッパービューティー掲載企業公式サイト / 日本エステティック協会会員
3994,,エステサロン,,神奈川県,,,,,,,エステサロン関連サービス,営業中（推定）,,未収集,収集元推奨: ホットペッパービューティー掲載企業公式サイト / 日本エステティック協会会員
3995,,エステサロン,,神奈川県,,,,,,,エステサロン関連サービス,営業中（推定）,,未収集,収集元推奨: ホットペッパービューティー掲載企業公式サイト / 日本エステティック協会会員
3996,,エステサロン,,神奈川県,,,,,,,エステサロン関連サービス,営業中（推定）,,未収集,収集元推奨: ホットペッパービューティー掲載企業公式サイト / 日本エステティック協会会員
3997,,エステサロン,,神奈川県,,,,,,,エステサロン関連サービス,営業中（推定）,,未収集,収集元推奨: ホットペッパービューティー掲載企業公式サイト / 日本エステティック協会会員
3998,,エステサロン,,神奈川県,,,,,,,エステサロン関連サービス,営業中（推定）,,未収集,収集元推奨: ホットペッパービューティー掲載企業公式サイト / 日本エステティック協会会員
3999,,エステサロン,,神奈川県,,,,,,,エステサロン関連サービス,営業中（推定）,,未収集,収集元推奨: ホットペッパービューティー掲載企業公式サイト / 日本エステティック協会会員
4000,,エステサロン,,神奈川県,,,,,,,エステサロン関連サービス,営業中（推定）,,未収集,収集元推奨: ホットペッパービューティー掲載企業公式サイト / 日本エステティック協会会員
4001,,エステサロン,,神奈川県,,,,,,,エステサロン関連サービス,営業中（推定）,,未収集,収集元推奨: ホットペッパービューティー掲載企業公式サイト / 日本エステティック協会会員
4002,,エステサロン,,神奈川県,,,,,,,エステサロン関連サービス,営業中（推定）,,未収集,収集元推奨: ホットペッパービューティー掲載企業公式サイト / 日本エステティック協会会員
4003,,エステサロン,,神奈川県,,,,,,,エステサロン関連サービス,営業中（推定）,,未収集,収集元推奨: ホットペッパービューティー掲載企業公式サイト / 日本エステティック協会会員
4004,,エステサロン,,神奈川県,,,,,,,エステサロン関連サービス,営業中（推定）,,未収集,収集元推奨: ホットペッパービューティー掲載企業公式サイト / 日本エステティック協会会員
4005,,エステサロン,,神奈川県,,,,,,,エステサロン関連サービス,営業中（推定）,,未収集,収集元推奨: ホットペッパービューティー掲載企業公式サイト / 日本エステティック協会会員
4006,,エステサロン,,神奈川県,,,,,,,エステサロン関連サービス,営業中（推定）,,未収集,収集元推奨: ホットペッパービューティー掲載企業公式サイト / 日本エステティック協会会員
4007,,エステサロン,,神奈川県,,,,,,,エステサロン関連サービス,営業中（推定）,,未収集,収集元推奨: ホットペッパービューティー掲載企業公式サイト / 日本エステティック協会会員
4008,,エステサロン,,神奈川県,,,,,,,エステサロン関連サービス,営業中（推定）,,未収集,収集元推奨: ホットペッパービューティー掲載企業公式サイト / 日本エステティック協会会員
4009,,エステサロン,,神奈川県,,,,,,,エステサロン関連サービス,営業中（推定）,,未収集,収集元推奨: ホットペッパービューティー掲載企業公式サイト / 日本エステティック協会会員
4010,,エステサロン,,神奈川県,,,,,,,エステサロン関連サービス,営業中（推定）,,未収集,収集元推奨: ホットペッパービューティー掲載企業公式サイト / 日本エステティック協会会員
4011,,エステサロン,,神奈川県,,,,,,,エステサロン関連サービス,営業中（推定）,,未収集,収集元推奨: ホットペッパービューティー掲載企業公式サイト / 日本エステティック協会会員
4012,,エステサロン,,神奈川県,,,,,,,エステサロン関連サービス,営業中（推定）,,未収集,収集元推奨: ホットペッパービューティー掲載企業公式サイト / 日本エステティック協会会員
4013,,エステサロン,,神奈川県,,,,,,,エステサロン関連サービス,営業中（推定）,,未収集,収集元推奨: ホットペッパービューティー掲載企業公式サイト / 日本エステティック協会会員
4014,,エステサロン,,神奈川県,,,,,,,エステサロン関連サービス,営業中（推定）,,未収集,収集元推奨: ホットペッパービューティー掲載企業公式サイト / 日本エステティック協会会員
4015,,エステサロン,,神奈川県,,,,,,,エステサロン関連サービス,営業中（推定）,,未収集,収集元推奨: ホットペッパービューティー掲載企業公式サイト / 日本エステティック協会会員
4016,,エステサロン,,神奈川県,,,,,,,エステサロン関連サービス,営業中（推定）,,未収集,収集元推奨: ホットペッパービューティー掲載企業公式サイト / 日本エステティック協会会員
4017,,エステサロン,,神奈川県,,,,,,,エステサロン関連サービス,営業中（推定）,,未収集,収集元推奨: ホットペッパービューティー掲載企業公式サイト / 日本エステティック協会会員
4018,,エステサロン,,神奈川県,,,,,,,エステサロン関連サービス,営業中（推定）,,未収集,収集元推奨: ホットペッパービューティー掲載企業公式サイト / 日本エステティック協会会員
4019,,エステサロン,,神奈川県,,,,,,,エステサロン関連サービス,営業中（推定）,,未収集,収集元推奨: ホットペッパービューティー掲載企業公式サイト / 日本エステティック協会会員
4020,,エステサロン,,神奈川県,,,,,,,エステサロン関連サービス,営業中（推定）,,未収集,収集元推奨: ホットペッパービューティー掲載企業公式サイト / 日本エステティック協会会員
4021,,エステサロン,,神奈川県,,,,,,,エステサロン関連サービス,営業中（推定）,,未収集,収集元推奨: ホットペッパービューティー掲載企業公式サイト / 日本エステティック協会会員
4022,,エステサロン,,神奈川県,,,,,,,エステサロン関連サービス,営業中（推定）,,未収集,収集元推奨: ホットペッパービューティー掲載企業公式サイト / 日本エステティック協会会員
4023,,エステサロン,,神奈川県,,,,,,,エステサロン関連サービス,営業中（推定）,,未収集,収集元推奨: ホットペッパービューティー掲載企業公式サイト / 日本エステティック協会会員
4024,,エステサロン,,神奈川県,,,,,,,エステサロン関連サービス,営業中（推定）,,未収集,収集元推奨: ホットペッパービューティー掲載企業公式サイト / 日本エステティック協会会員
4025,,エステサロン,,神奈川県,,,,,,,エステサロン関連サービス,営業中（推定）,,未収集,収集元推奨: ホットペッパービューティー掲載企業公式サイト / 日本エステティック協会会員
4026,,エステサロン,,神奈川県,,,,,,,エステサロン関連サービス,営業中（推定）,,未収集,収集元推奨: ホットペッパービューティー掲載企業公式サイト / 日本エステティック協会会員
4027,,エステサロン,,神奈川県,,,,,,,エステサロン関連サービス,営業中（推定）,,未収集,収集元推奨: ホットペッパービューティー掲載企業公式サイト / 日本エステティック協会会員
4028,,エステサロン,,神奈川県,,,,,,,エステサロン関連サービス,営業中（推定）,,未収集,収集元推奨: ホットペッパービューティー掲載企業公式サイト / 日本エステティック協会会員
4029,,エステサロン,,神奈川県,,,,,,,エステサロン関連サービス,営業中（推定）,,未収集,収集元推奨: ホットペッパービューティー掲載企業公式サイト / 日本エステティック協会会員
4030,,エステサロン,,神奈川県,,,,,,,エステサロン関連サービス,営業中（推定）,,未収集,収集元推奨: ホットペッパービューティー掲載企業公式サイト / 日本エステティック協会会員
4031,,エステサロン,,神奈川県,,,,,,,エステサロン関連サービス,営業中（推定）,,未収集,収集元推奨: ホットペッパービューティー掲載企業公式サイト / 日本エステティック協会会員
4032,,エステサロン,,神奈川県,,,,,,,エステサロン関連サービス,営業中（推定）,,未収集,収集元推奨: ホットペッパービューティー掲載企業公式サイト / 日本エステティック協会会員
4033,,エステサロン,,神奈川県,,,,,,,エステサロン関連サービス,営業中（推定）,,未収集,収集元推奨: ホットペッパービューティー掲載企業公式サイト / 日本エステティック協会会員
4034,,エステサロン,,神奈川県,,,,,,,エステサロン関連サービス,営業中（推定）,,未収集,収集元推奨: ホットペッパービューティー掲載企業公式サイト / 日本エステティック協会会員
4035,,エステサロン,,神奈川県,,,,,,,エステサロン関連サービス,営業中（推定）,,未収集,収集元推奨: ホットペッパービューティー掲載企業公式サイト / 日本エステティック協会会員
4036,,エステサロン,,神奈川県,,,,,,,エステサロン関連サービス,営業中（推定）,,未収集,収集元推奨: ホットペッパービューティー掲載企業公式サイト / 日本エステティック協会会員
4037,,エステサロン,,神奈川県,,,,,,,エステサロン関連サービス,営業中（推定）,,未収集,収集元推奨: ホットペッパービューティー掲載企業公式サイト / 日本エステティック協会会員
4038,,エステサロン,,神奈川県,,,,,,,エステサロン関連サービス,営業中（推定）,,未収集,収集元推奨: ホットペッパービューティー掲載企業公式サイト / 日本エステティック協会会員
4039,,エステサロン,,神奈川県,,,,,,,エステサロン関連サービス,営業中（推定）,,未収集,収集元推奨: ホットペッパービューティー掲載企業公式サイト / 日本エステティック協会会員
4040,,エステサロン,,神奈川県,,,,,,,エステサロン関連サービス,営業中（推定）,,未収集,収集元推奨: ホットペッパービューティー掲載企業公式サイト / 日本エステティック協会会員
4041,,エステサロン,,神奈川県,,,,,,,エステサロン関連サービス,営業中（推定）,,未収集,収集元推奨: ホットペッパービューティー掲載企業公式サイト / 日本エステティック協会会員
4042,,エステサロン,,神奈川県,,,,,,,エステサロン関連サービス,営業中（推定）,,未収集,収集元推奨: ホットペッパービューティー掲載企業公式サイト / 日本エステティック協会会員
4043,,エステサロン,,神奈川県,,,,,,,エステサロン関連サービス,営業中（推定）,,未収集,収集元推奨: ホットペッパービューティー掲載企業公式サイト / 日本エステティック協会会員
4044,,エステサロン,,神奈川県,,,,,,,エステサロン関連サービス,営業中（推定）,,未収集,収集元推奨: ホットペッパービューティー掲載企業公式サイト / 日本エステティック協会会員
4045,,エステサロン,,神奈川県,,,,,,,エステサロン関連サービス,営業中（推定）,,未収集,収集元推奨: ホットペッパービューティー掲載企業公式サイト / 日本エステティック協会会員
4046,,エステサロン,,神奈川県,,,,,,,エステサロン関連サービス,営業中（推定）,,未収集,収集元推奨: ホットペッパービューティー掲載企業公式サイト / 日本エステティック協会会員
4047,,エステサロン,,神奈川県,,,,,,,エステサロン関連サービス,営業中（推定）,,未収集,収集元推奨: ホットペッパービューティー掲載企業公式サイト / 日本エステティック協会会員
4048,,エステサロン,,神奈川県,,,,,,,エステサロン関連サービス,営業中（推定）,,未収集,収集元推奨: ホットペッパービューティー掲載企業公式サイト / 日本エステティック協会会員
4049,,エステサロン,,神奈川県,,,,,,,エステサロン関連サービス,営業中（推定）,,未収集,収集元推奨: ホットペッパービューティー掲載企業公式サイト / 日本エステティック協会会員
4050,,エステサロン,,神奈川県,,,,,,,エステサロン関連サービス,営業中（推定）,,未収集,収集元推奨: ホットペッパービューティー掲載企業公式サイト / 日本エステティック協会会員
4051,,エステサロン,,神奈川県,,,,,,,エステサロン関連サービス,営業中（推定）,,未収集,収集元推奨: ホットペッパービューティー掲載企業公式サイト / 日本エステティック協会会員
4052,,エステサロン,,神奈川県,,,,,,,エステサロン関連サービス,営業中（推定）,,未収集,収集元推奨: ホットペッパービューティー掲載企業公式サイト / 日本エステティック協会会員
4053,,エステサロン,,神奈川県,,,,,,,エステサロン関連サービス,営業中（推定）,,未収集,収集元推奨: ホットペッパービューティー掲載企業公式サイト / 日本エステティック協会会員
4054,,エステサロン,,神奈川県,,,,,,,エステサロン関連サービス,営業中（推定）,,未収集,収集元推奨: ホットペッパービューティー掲載企業公式サイト / 日本エステティック協会会員
4055,,エステサロン,,神奈川県,,,,,,,エステサロン関連サービス,営業中（推定）,,未収集,収集元推奨: ホットペッパービューティー掲載企業公式サイト / 日本エステティック協会会員
4056,,エステサロン,,神奈川県,,,,,,,エステサロン関連サービス,営業中（推定）,,未収集,収集元推奨: ホットペッパービューティー掲載企業公式サイト / 日本エステティック協会会員
4057,,エステサロン,,神奈川県,,,,,,,エステサロン関連サービス,営業中（推定）,,未収集,収集元推奨: ホットペッパービューティー掲載企業公式サイト / 日本エステティック協会会員
4058,,エステサロン,,神奈川県,,,,,,,エステサロン関連サービス,営業中（推定）,,未収集,収集元推奨: ホットペッパービューティー掲載企業公式サイト / 日本エステティック協会会員
4059,,エステサロン,,神奈川県,,,,,,,エステサロン関連サービス,営業中（推定）,,未収集,収集元推奨: ホットペッパービューティー掲載企業公式サイト / 日本エステティック協会会員
4060,,エステサロン,,神奈川県,,,,,,,エステサロン関連サービス,営業中（推定）,,未収集,収集元推奨: ホットペッパービューティー掲載企業公式サイト / 日本エステティック協会会員
4061,,エステサロン,,神奈川県,,,,,,,エステサロン関連サービス,営業中（推定）,,未収集,収集元推奨: ホットペッパービューティー掲載企業公式サイト / 日本エステティック協会会員
4062,,エステサロン,,神奈川県,,,,,,,エステサロン関連サービス,営業中（推定）,,未収集,収集元推奨: ホットペッパービューティー掲載企業公式サイト / 日本エステティック協会会員
4063,,エステサロン,,神奈川県,,,,,,,エステサロン関連サービス,営業中（推定）,,未収集,収集元推奨: ホットペッパービューティー掲載企業公式サイト / 日本エステティック協会会員
4064,,エステサロン,,神奈川県,,,,,,,エステサロン関連サービス,営業中（推定）,,未収集,収集元推奨: ホットペッパービューティー掲載企業公式サイト / 日本エステティック協会会員
4065,,エステサロン,,神奈川県,,,,,,,エステサロン関連サービス,営業中（推定）,,未収集,収集元推奨: ホットペッパービューティー掲載企業公式サイト / 日本エステティック協会会員
4066,,エステサロン,,神奈川県,,,,,,,エステサロン関連サービス,営業中（推定）,,未収集,収集元推奨: ホットペッパービューティー掲載企業公式サイト / 日本エステティック協会会員
4067,,エステサロン,,神奈川県,,,,,,,エステサロン関連サービス,営業中（推定）,,未収集,収集元推奨: ホットペッパービューティー掲載企業公式サイト / 日本エステティック協会会員
4068,,エステサロン,,神奈川県,,,,,,,エステサロン関連サービス,営業中（推定）,,未収集,収集元推奨: ホットペッパービューティー掲載企業公式サイト / 日本エステティック協会会員
4069,,エステサロン,,神奈川県,,,,,,,エステサロン関連サービス,営業中（推定）,,未収集,収集元推奨: ホットペッパービューティー掲載企業公式サイト / 日本エステティック協会会員
4070,,エステサロン,,神奈川県,,,,,,,エステサロン関連サービス,営業中（推定）,,未収集,収集元推奨: ホットペッパービューティー掲載企業公式サイト / 日本エステティック協会会員
4071,,エステサロン,,神奈川県,,,,,,,エステサロン関連サービス,営業中（推定）,,未収集,収集元推奨: ホットペッパービューティー掲載企業公式サイト / 日本エステティック協会会員
4072,,エステサロン,,神奈川県,,,,,,,エステサロン関連サービス,営業中（推定）,,未収集,収集元推奨: ホットペッパービューティー掲載企業公式サイト / 日本エステティック協会会員
4073,,エステサロン,,神奈川県,,,,,,,エステサロン関連サービス,営業中（推定）,,未収集,収集元推奨: ホットペッパービューティー掲載企業公式サイト / 日本エステティック協会会員
4074,,エステサロン,,神奈川県,,,,,,,エステサロン関連サービス,営業中（推定）,,未収集,収集元推奨: ホットペッパービューティー掲載企業公式サイト / 日本エステティック協会会員
4075,,エステサロン,,神奈川県,,,,,,,エステサロン関連サービス,営業中（推定）,,未収集,収集元推奨: ホットペッパービューティー掲載企業公式サイト / 日本エステティック協会会員
4076,,エステサロン,,神奈川県,,,,,,,エステサロン関連サービス,営業中（推定）,,未収集,収集元推奨: ホットペッパービューティー掲載企業公式サイト / 日本エステティック協会会員
4077,,エステサロン,,神奈川県,,,,,,,エステサロン関連サービス,営業中（推定）,,未収集,収集元推奨: ホットペッパービューティー掲載企業公式サイト / 日本エステティック協会会員
4078,,エステサロン,,神奈川県,,,,,,,エステサロン関連サービス,営業中（推定）,,未収集,収集元推奨: ホットペッパービューティー掲載企業公式サイト / 日本エステティック協会会員
4079,,エステサロン,,神奈川県,,,,,,,エステサロン関連サービス,営業中（推定）,,未収集,収集元推奨: ホットペッパービューティー掲載企業公式サイト / 日本エステティック協会会員
4080,,エステサロン,,神奈川県,,,,,,,エステサロン関連サービス,営業中（推定）,,未収集,収集元推奨: ホットペッパービューティー掲載企業公式サイト / 日本エステティック協会会員
4081,,エステサロン,,神奈川県,,,,,,,エステサロン関連サービス,営業中（推定）,,未収集,収集元推奨: ホットペッパービューティー掲載企業公式サイト / 日本エステティック協会会員
4082,,エステサロン,,神奈川県,,,,,,,エステサロン関連サービス,営業中（推定）,,未収集,収集元推奨: ホットペッパービューティー掲載企業公式サイト / 日本エステティック協会会員
4083,,エステサロン,,神奈川県,,,,,,,エステサロン関連サービス,営業中（推定）,,未収集,収集元推奨: ホットペッパービューティー掲載企業公式サイト / 日本エステティック協会会員
4084,,エステサロン,,神奈川県,,,,,,,エステサロン関連サービス,営業中（推定）,,未収集,収集元推奨: ホットペッパービューティー掲載企業公式サイト / 日本エステティック協会会員
4085,,エステサロン,,神奈川県,,,,,,,エステサロン関連サービス,営業中（推定）,,未収集,収集元推奨: ホットペッパービューティー掲載企業公式サイト / 日本エステティック協会会員
4086,,エステサロン,,神奈川県,,,,,,,エステサロン関連サービス,営業中（推定）,,未収集,収集元推奨: ホットペッパービューティー掲載企業公式サイト / 日本エステティック協会会員
4087,,エステサロン,,神奈川県,,,,,,,エステサロン関連サービス,営業中（推定）,,未収集,収集元推奨: ホットペッパービューティー掲載企業公式サイト / 日本エステティック協会会員
4088,,エステサロン,,神奈川県,,,,,,,エステサロン関連サービス,営業中（推定）,,未収集,収集元推奨: ホットペッパービューティー掲載企業公式サイト / 日本エステティック協会会員
4089,,エステサロン,,神奈川県,,,,,,,エステサロン関連サービス,営業中（推定）,,未収集,収集元推奨: ホットペッパービューティー掲載企業公式サイト / 日本エステティック協会会員
4090,,エステサロン,,神奈川県,,,,,,,エステサロン関連サービス,営業中（推定）,,未収集,収集元推奨: ホットペッパービューティー掲載企業公式サイト / 日本エステティック協会会員
4091,,エステサロン,,神奈川県,,,,,,,エステサロン関連サービス,営業中（推定）,,未収集,収集元推奨: ホットペッパービューティー掲載企業公式サイト / 日本エステティック協会会員
4092,,エステサロン,,神奈川県,,,,,,,エステサロン関連サービス,営業中（推定）,,未収集,収集元推奨: ホットペッパービューティー掲載企業公式サイト / 日本エステティック協会会員
4093,,エステサロン,,神奈川県,,,,,,,エステサロン関連サービス,営業中（推定）,,未収集,収集元推奨: ホットペッパービューティー掲載企業公式サイト / 日本エステティック協会会員
4094,,エステサロン,,神奈川県,,,,,,,エステサロン関連サービス,営業中（推定）,,未収集,収集元推奨: ホットペッパービューティー掲載企業公式サイト / 日本エステティック協会会員
4095,,エステサロン,,神奈川県,,,,,,,エステサロン関連サービス,営業中（推定）,,未収集,収集元推奨: ホットペッパービューティー掲載企業公式サイト / 日本エステティック協会会員
4096,,エステサロン,,神奈川県,,,,,,,エステサロン関連サービス,営業中（推定）,,未収集,収集元推奨: ホットペッパービューティー掲載企業公式サイト / 日本エステティック協会会員
4097,,エステサロン,,神奈川県,,,,,,,エステサロン関連サービス,営業中（推定）,,未収集,収集元推奨: ホットペッパービューティー掲載企業公式サイト / 日本エステティック協会会員
4098,,エステサロン,,神奈川県,,,,,,,エステサロン関連サービス,営業中（推定）,,未収集,収集元推奨: ホットペッパービューティー掲載企業公式サイト / 日本エステティック協会会員
4099,,エステサロン,,神奈川県,,,,,,,エステサロン関連サービス,営業中（推定）,,未収集,収集元推奨: ホットペッパービューティー掲載企業公式サイト / 日本エステティック協会会員
4100,,エステサロン,,神奈川県,,,,,,,エステサロン関連サービス,営業中（推定）,,未収集,収集元推奨: ホットペッパービューティー掲載企業公式サイト / 日本エステティック協会会員
4101,,エステサロン,,神奈川県,,,,,,,エステサロン関連サービス,営業中（推定）,,未収集,収集元推奨: ホットペッパービューティー掲載企業公式サイト / 日本エステティック協会会員
4102,,エステサロン,,神奈川県,,,,,,,エステサロン関連サービス,営業中（推定）,,未収集,収集元推奨: ホットペッパービューティー掲載企業公式サイト / 日本エステティック協会会員
4103,,エステサロン,,神奈川県,,,,,,,エステサロン関連サービス,営業中（推定）,,未収集,収集元推奨: ホットペッパービューティー掲載企業公式サイト / 日本エステティック協会会員
4104,,エステサロン,,神奈川県,,,,,,,エステサロン関連サービス,営業中（推定）,,未収集,収集元推奨: ホットペッパービューティー掲載企業公式サイト / 日本エステティック協会会員
4105,,エステサロン,,神奈川県,,,,,,,エステサロン関連サービス,営業中（推定）,,未収集,収集元推奨: ホットペッパービューティー掲載企業公式サイト / 日本エステティック協会会員
4106,,ネイルサロン,,神奈川県,,,,,,,ネイルサロン関連サービス,営業中（推定）,,未収集,収集元推奨: JNA（日本ネイリスト協会）会員 / ホットペッパービューティー
4107,,ネイルサロン,,神奈川県,,,,,,,ネイルサロン関連サービス,営業中（推定）,,未収集,収集元推奨: JNA（日本ネイリスト協会）会員 / ホットペッパービューティー
4108,,ネイルサロン,,神奈川県,,,,,,,ネイルサロン関連サービス,営業中（推定）,,未収集,収集元推奨: JNA（日本ネイリスト協会）会員 / ホットペッパービューティー
4109,,ネイルサロン,,神奈川県,,,,,,,ネイルサロン関連サービス,営業中（推定）,,未収集,収集元推奨: JNA（日本ネイリスト協会）会員 / ホットペッパービューティー
4110,,ネイルサロン,,神奈川県,,,,,,,ネイルサロン関連サービス,営業中（推定）,,未収集,収集元推奨: JNA（日本ネイリスト協会）会員 / ホットペッパービューティー
4111,,ネイルサロン,,神奈川県,,,,,,,ネイルサロン関連サービス,営業中（推定）,,未収集,収集元推奨: JNA（日本ネイリスト協会）会員 / ホットペッパービューティー
4112,,ネイルサロン,,神奈川県,,,,,,,ネイルサロン関連サービス,営業中（推定）,,未収集,収集元推奨: JNA（日本ネイリスト協会）会員 / ホットペッパービューティー
4113,,ネイルサロン,,神奈川県,,,,,,,ネイルサロン関連サービス,営業中（推定）,,未収集,収集元推奨: JNA（日本ネイリスト協会）会員 / ホットペッパービューティー
4114,,ネイルサロン,,神奈川県,,,,,,,ネイルサロン関連サービス,営業中（推定）,,未収集,収集元推奨: JNA（日本ネイリスト協会）会員 / ホットペッパービューティー
4115,,ネイルサロン,,神奈川県,,,,,,,ネイルサロン関連サービス,営業中（推定）,,未収集,収集元推奨: JNA（日本ネイリスト協会）会員 / ホットペッパービューティー
4116,,ネイルサロン,,神奈川県,,,,,,,ネイルサロン関連サービス,営業中（推定）,,未収集,収集元推奨: JNA（日本ネイリスト協会）会員 / ホットペッパービューティー
4117,,ネイルサロン,,神奈川県,,,,,,,ネイルサロン関連サービス,営業中（推定）,,未収集,収集元推奨: JNA（日本ネイリスト協会）会員 / ホットペッパービューティー
4118,,ネイルサロン,,神奈川県,,,,,,,ネイルサロン関連サービス,営業中（推定）,,未収集,収集元推奨: JNA（日本ネイリスト協会）会員 / ホットペッパービューティー
4119,,ネイルサロン,,神奈川県,,,,,,,ネイルサロン関連サービス,営業中（推定）,,未収集,収集元推奨: JNA（日本ネイリスト協会）会員 / ホットペッパービューティー
4120,,ネイルサロン,,神奈川県,,,,,,,ネイルサロン関連サービス,営業中（推定）,,未収集,収集元推奨: JNA（日本ネイリスト協会）会員 / ホットペッパービューティー
4121,,ネイルサロン,,神奈川県,,,,,,,ネイルサロン関連サービス,営業中（推定）,,未収集,収集元推奨: JNA（日本ネイリスト協会）会員 / ホットペッパービューティー
4122,,ネイルサロン,,神奈川県,,,,,,,ネイルサロン関連サービス,営業中（推定）,,未収集,収集元推奨: JNA（日本ネイリスト協会）会員 / ホットペッパービューティー
4123,,ネイルサロン,,神奈川県,,,,,,,ネイルサロン関連サービス,営業中（推定）,,未収集,収集元推奨: JNA（日本ネイリスト協会）会員 / ホットペッパービューティー
4124,,ネイルサロン,,神奈川県,,,,,,,ネイルサロン関連サービス,営業中（推定）,,未収集,収集元推奨: JNA（日本ネイリスト協会）会員 / ホットペッパービューティー
4125,,ネイルサロン,,神奈川県,,,,,,,ネイルサロン関連サービス,営業中（推定）,,未収集,収集元推奨: JNA（日本ネイリスト協会）会員 / ホットペッパービューティー
4126,,ネイルサロン,,神奈川県,,,,,,,ネイルサロン関連サービス,営業中（推定）,,未収集,収集元推奨: JNA（日本ネイリスト協会）会員 / ホットペッパービューティー
4127,,ネイルサロン,,神奈川県,,,,,,,ネイルサロン関連サービス,営業中（推定）,,未収集,収集元推奨: JNA（日本ネイリスト協会）会員 / ホットペッパービューティー
4128,,ネイルサロン,,神奈川県,,,,,,,ネイルサロン関連サービス,営業中（推定）,,未収集,収集元推奨: JNA（日本ネイリスト協会）会員 / ホットペッパービューティー
4129,,ネイルサロン,,神奈川県,,,,,,,ネイルサロン関連サービス,営業中（推定）,,未収集,収集元推奨: JNA（日本ネイリスト協会）会員 / ホットペッパービューティー
4130,,ネイルサロン,,神奈川県,,,,,,,ネイルサロン関連サービス,営業中（推定）,,未収集,収集元推奨: JNA（日本ネイリスト協会）会員 / ホットペッパービューティー
4131,,ネイルサロン,,神奈川県,,,,,,,ネイルサロン関連サービス,営業中（推定）,,未収集,収集元推奨: JNA（日本ネイリスト協会）会員 / ホットペッパービューティー
4132,,ネイルサロン,,神奈川県,,,,,,,ネイルサロン関連サービス,営業中（推定）,,未収集,収集元推奨: JNA（日本ネイリスト協会）会員 / ホットペッパービューティー
4133,,ネイルサロン,,神奈川県,,,,,,,ネイルサロン関連サービス,営業中（推定）,,未収集,収集元推奨: JNA（日本ネイリスト協会）会員 / ホットペッパービューティー
4134,,ネイルサロン,,神奈川県,,,,,,,ネイルサロン関連サービス,営業中（推定）,,未収集,収集元推奨: JNA（日本ネイリスト協会）会員 / ホットペッパービューティー
4135,,ネイルサロン,,神奈川県,,,,,,,ネイルサロン関連サービス,営業中（推定）,,未収集,収集元推奨: JNA（日本ネイリスト協会）会員 / ホットペッパービューティー
4136,,ネイルサロン,,神奈川県,,,,,,,ネイルサロン関連サービス,営業中（推定）,,未収集,収集元推奨: JNA（日本ネイリスト協会）会員 / ホットペッパービューティー
4137,,ネイルサロン,,神奈川県,,,,,,,ネイルサロン関連サービス,営業中（推定）,,未収集,収集元推奨: JNA（日本ネイリスト協会）会員 / ホットペッパービューティー
4138,,ネイルサロン,,神奈川県,,,,,,,ネイルサロン関連サービス,営業中（推定）,,未収集,収集元推奨: JNA（日本ネイリスト協会）会員 / ホットペッパービューティー
4139,,ネイルサロン,,神奈川県,,,,,,,ネイルサロン関連サービス,営業中（推定）,,未収集,収集元推奨: JNA（日本ネイリスト協会）会員 / ホットペッパービューティー
4140,,ネイルサロン,,神奈川県,,,,,,,ネイルサロン関連サービス,営業中（推定）,,未収集,収集元推奨: JNA（日本ネイリスト協会）会員 / ホットペッパービューティー
4141,,ネイルサロン,,神奈川県,,,,,,,ネイルサロン関連サービス,営業中（推定）,,未収集,収集元推奨: JNA（日本ネイリスト協会）会員 / ホットペッパービューティー
4142,,ネイルサロン,,神奈川県,,,,,,,ネイルサロン関連サービス,営業中（推定）,,未収集,収集元推奨: JNA（日本ネイリスト協会）会員 / ホットペッパービューティー
4143,,ネイルサロン,,神奈川県,,,,,,,ネイルサロン関連サービス,営業中（推定）,,未収集,収集元推奨: JNA（日本ネイリスト協会）会員 / ホットペッパービューティー
4144,,ネイルサロン,,神奈川県,,,,,,,ネイルサロン関連サービス,営業中（推定）,,未収集,収集元推奨: JNA（日本ネイリスト協会）会員 / ホットペッパービューティー
4145,,ネイルサロン,,神奈川県,,,,,,,ネイルサロン関連サービス,営業中（推定）,,未収集,収集元推奨: JNA（日本ネイリスト協会）会員 / ホットペッパービューティー
4146,,ネイルサロン,,神奈川県,,,,,,,ネイルサロン関連サービス,営業中（推定）,,未収集,収集元推奨: JNA（日本ネイリスト協会）会員 / ホットペッパービューティー
4147,,ネイルサロン,,神奈川県,,,,,,,ネイルサロン関連サービス,営業中（推定）,,未収集,収集元推奨: JNA（日本ネイリスト協会）会員 / ホットペッパービューティー
4148,,ネイルサロン,,神奈川県,,,,,,,ネイルサロン関連サービス,営業中（推定）,,未収集,収集元推奨: JNA（日本ネイリスト協会）会員 / ホットペッパービューティー
4149,,ネイルサロン,,神奈川県,,,,,,,ネイルサロン関連サービス,営業中（推定）,,未収集,収集元推奨: JNA（日本ネイリスト協会）会員 / ホットペッパービューティー
4150,,ネイルサロン,,神奈川県,,,,,,,ネイルサロン関連サービス,営業中（推定）,,未収集,収集元推奨: JNA（日本ネイリスト協会）会員 / ホットペッパービューティー
4151,,ネイルサロン,,神奈川県,,,,,,,ネイルサロン関連サービス,営業中（推定）,,未収集,収集元推奨: JNA（日本ネイリスト協会）会員 / ホットペッパービューティー
4152,,ネイルサロン,,神奈川県,,,,,,,ネイルサロン関連サービス,営業中（推定）,,未収集,収集元推奨: JNA（日本ネイリスト協会）会員 / ホットペッパービューティー
4153,,ネイルサロン,,神奈川県,,,,,,,ネイルサロン関連サービス,営業中（推定）,,未収集,収集元推奨: JNA（日本ネイリスト協会）会員 / ホットペッパービューティー
4154,,ネイルサロン,,神奈川県,,,,,,,ネイルサロン関連サービス,営業中（推定）,,未収集,収集元推奨: JNA（日本ネイリスト協会）会員 / ホットペッパービューティー
4155,,ネイルサロン,,神奈川県,,,,,,,ネイルサロン関連サービス,営業中（推定）,,未収集,収集元推奨: JNA（日本ネイリスト協会）会員 / ホットペッパービューティー
4156,,ネイルサロン,,神奈川県,,,,,,,ネイルサロン関連サービス,営業中（推定）,,未収集,収集元推奨: JNA（日本ネイリスト協会）会員 / ホットペッパービューティー
4157,,ネイルサロン,,神奈川県,,,,,,,ネイルサロン関連サービス,営業中（推定）,,未収集,収集元推奨: JNA（日本ネイリスト協会）会員 / ホットペッパービューティー
4158,,ネイルサロン,,神奈川県,,,,,,,ネイルサロン関連サービス,営業中（推定）,,未収集,収集元推奨: JNA（日本ネイリスト協会）会員 / ホットペッパービューティー
4159,,ネイルサロン,,神奈川県,,,,,,,ネイルサロン関連サービス,営業中（推定）,,未収集,収集元推奨: JNA（日本ネイリスト協会）会員 / ホットペッパービューティー
4160,,ネイルサロン,,神奈川県,,,,,,,ネイルサロン関連サービス,営業中（推定）,,未収集,収集元推奨: JNA（日本ネイリスト協会）会員 / ホットペッパービューティー
4161,,ネイルサロン,,神奈川県,,,,,,,ネイルサロン関連サービス,営業中（推定）,,未収集,収集元推奨: JNA（日本ネイリスト協会）会員 / ホットペッパービューティー
4162,,ネイルサロン,,神奈川県,,,,,,,ネイルサロン関連サービス,営業中（推定）,,未収集,収集元推奨: JNA（日本ネイリスト協会）会員 / ホットペッパービューティー
4163,,ネイルサロン,,神奈川県,,,,,,,ネイルサロン関連サービス,営業中（推定）,,未収集,収集元推奨: JNA（日本ネイリスト協会）会員 / ホットペッパービューティー
4164,,ネイルサロン,,神奈川県,,,,,,,ネイルサロン関連サービス,営業中（推定）,,未収集,収集元推奨: JNA（日本ネイリスト協会）会員 / ホットペッパービューティー
4165,,ネイルサロン,,神奈川県,,,,,,,ネイルサロン関連サービス,営業中（推定）,,未収集,収集元推奨: JNA（日本ネイリスト協会）会員 / ホットペッパービューティー
4166,,ネイルサロン,,神奈川県,,,,,,,ネイルサロン関連サービス,営業中（推定）,,未収集,収集元推奨: JNA（日本ネイリスト協会）会員 / ホットペッパービューティー
4167,,ネイルサロン,,神奈川県,,,,,,,ネイルサロン関連サービス,営業中（推定）,,未収集,収集元推奨: JNA（日本ネイリスト協会）会員 / ホットペッパービューティー
4168,,ネイルサロン,,神奈川県,,,,,,,ネイルサロン関連サービス,営業中（推定）,,未収集,収集元推奨: JNA（日本ネイリスト協会）会員 / ホットペッパービューティー
4169,,ネイルサロン,,神奈川県,,,,,,,ネイルサロン関連サービス,営業中（推定）,,未収集,収集元推奨: JNA（日本ネイリスト協会）会員 / ホットペッパービューティー
4170,,ネイルサロン,,神奈川県,,,,,,,ネイルサロン関連サービス,営業中（推定）,,未収集,収集元推奨: JNA（日本ネイリスト協会）会員 / ホットペッパービューティー
4171,,ネイルサロン,,神奈川県,,,,,,,ネイルサロン関連サービス,営業中（推定）,,未収集,収集元推奨: JNA（日本ネイリスト協会）会員 / ホットペッパービューティー
4172,,ネイルサロン,,神奈川県,,,,,,,ネイルサロン関連サービス,営業中（推定）,,未収集,収集元推奨: JNA（日本ネイリスト協会）会員 / ホットペッパービューティー
4173,,ネイルサロン,,神奈川県,,,,,,,ネイルサロン関連サービス,営業中（推定）,,未収集,収集元推奨: JNA（日本ネイリスト協会）会員 / ホットペッパービューティー
4174,,ネイルサロン,,神奈川県,,,,,,,ネイルサロン関連サービス,営業中（推定）,,未収集,収集元推奨: JNA（日本ネイリスト協会）会員 / ホットペッパービューティー
4175,,ネイルサロン,,神奈川県,,,,,,,ネイルサロン関連サービス,営業中（推定）,,未収集,収集元推奨: JNA（日本ネイリスト協会）会員 / ホットペッパービューティー
4176,,ネイルサロン,,神奈川県,,,,,,,ネイルサロン関連サービス,営業中（推定）,,未収集,収集元推奨: JNA（日本ネイリスト協会）会員 / ホットペッパービューティー
4177,,ネイルサロン,,神奈川県,,,,,,,ネイルサロン関連サービス,営業中（推定）,,未収集,収集元推奨: JNA（日本ネイリスト協会）会員 / ホットペッパービューティー
4178,,ネイルサロン,,神奈川県,,,,,,,ネイルサロン関連サービス,営業中（推定）,,未収集,収集元推奨: JNA（日本ネイリスト協会）会員 / ホットペッパービューティー
4179,,ネイルサロン,,神奈川県,,,,,,,ネイルサロン関連サービス,営業中（推定）,,未収集,収集元推奨: JNA（日本ネイリスト協会）会員 / ホットペッパービューティー
4180,,ネイルサロン,,神奈川県,,,,,,,ネイルサロン関連サービス,営業中（推定）,,未収集,収集元推奨: JNA（日本ネイリスト協会）会員 / ホットペッパービューティー
4181,,ネイルサロン,,神奈川県,,,,,,,ネイルサロン関連サービス,営業中（推定）,,未収集,収集元推奨: JNA（日本ネイリスト協会）会員 / ホットペッパービューティー
4182,,ネイルサロン,,神奈川県,,,,,,,ネイルサロン関連サービス,営業中（推定）,,未収集,収集元推奨: JNA（日本ネイリスト協会）会員 / ホットペッパービューティー
4183,,ネイルサロン,,神奈川県,,,,,,,ネイルサロン関連サービス,営業中（推定）,,未収集,収集元推奨: JNA（日本ネイリスト協会）会員 / ホットペッパービューティー
4184,,ネイルサロン,,神奈川県,,,,,,,ネイルサロン関連サービス,営業中（推定）,,未収集,収集元推奨: JNA（日本ネイリスト協会）会員 / ホットペッパービューティー
4185,,ネイルサロン,,神奈川県,,,,,,,ネイルサロン関連サービス,営業中（推定）,,未収集,収集元推奨: JNA（日本ネイリスト協会）会員 / ホットペッパービューティー
4186,,ネイルサロン,,神奈川県,,,,,,,ネイルサロン関連サービス,営業中（推定）,,未収集,収集元推奨: JNA（日本ネイリスト協会）会員 / ホットペッパービューティー
4187,,ネイルサロン,,神奈川県,,,,,,,ネイルサロン関連サービス,営業中（推定）,,未収集,収集元推奨: JNA（日本ネイリスト協会）会員 / ホットペッパービューティー
4188,,ネイルサロン,,神奈川県,,,,,,,ネイルサロン関連サービス,営業中（推定）,,未収集,収集元推奨: JNA（日本ネイリスト協会）会員 / ホットペッパービューティー
4189,,ネイルサロン,,神奈川県,,,,,,,ネイルサロン関連サービス,営業中（推定）,,未収集,収集元推奨: JNA（日本ネイリスト協会）会員 / ホットペッパービューティー
4190,,ネイルサロン,,神奈川県,,,,,,,ネイルサロン関連サービス,営業中（推定）,,未収集,収集元推奨: JNA（日本ネイリスト協会）会員 / ホットペッパービューティー
4191,,ネイルサロン,,神奈川県,,,,,,,ネイルサロン関連サービス,営業中（推定）,,未収集,収集元推奨: JNA（日本ネイリスト協会）会員 / ホットペッパービューティー
4192,,ネイルサロン,,神奈川県,,,,,,,ネイルサロン関連サービス,営業中（推定）,,未収集,収集元推奨: JNA（日本ネイリスト協会）会員 / ホットペッパービューティー
4193,,ネイルサロン,,神奈川県,,,,,,,ネイルサロン関連サービス,営業中（推定）,,未収集,収集元推奨: JNA（日本ネイリスト協会）会員 / ホットペッパービューティー
4194,,ネイルサロン,,神奈川県,,,,,,,ネイルサロン関連サービス,営業中（推定）,,未収集,収集元推奨: JNA（日本ネイリスト協会）会員 / ホットペッパービューティー
4195,,ネイルサロン,,神奈川県,,,,,,,ネイルサロン関連サービス,営業中（推定）,,未収集,収集元推奨: JNA（日本ネイリスト協会）会員 / ホットペッパービューティー
4196,,ネイルサロン,,神奈川県,,,,,,,ネイルサロン関連サービス,営業中（推定）,,未収集,収集元推奨: JNA（日本ネイリスト協会）会員 / ホットペッパービューティー
4197,,ネイルサロン,,神奈川県,,,,,,,ネイルサロン関連サービス,営業中（推定）,,未収集,収集元推奨: JNA（日本ネイリスト協会）会員 / ホットペッパービューティー
4198,,ネイルサロン,,神奈川県,,,,,,,ネイルサロン関連サービス,営業中（推定）,,未収集,収集元推奨: JNA（日本ネイリスト協会）会員 / ホットペッパービューティー
4199,,ネイルサロン,,神奈川県,,,,,,,ネイルサロン関連サービス,営業中（推定）,,未収集,収集元推奨: JNA（日本ネイリスト協会）会員 / ホットペッパービューティー
4200,,ネイルサロン,,神奈川県,,,,,,,ネイルサロン関連サービス,営業中（推定）,,未収集,収集元推奨: JNA（日本ネイリスト協会）会員 / ホットペッパービューティー
4201,,ネイルサロン,,神奈川県,,,,,,,ネイルサロン関連サービス,営業中（推定）,,未収集,収集元推奨: JNA（日本ネイリスト協会）会員 / ホットペッパービューティー
4202,,ネイルサロン,,神奈川県,,,,,,,ネイルサロン関連サービス,営業中（推定）,,未収集,収集元推奨: JNA（日本ネイリスト協会）会員 / ホットペッパービューティー
4203,,ネイルサロン,,神奈川県,,,,,,,ネイルサロン関連サービス,営業中（推定）,,未収集,収集元推奨: JNA（日本ネイリスト協会）会員 / ホットペッパービューティー
4204,,ネイルサロン,,神奈川県,,,,,,,ネイルサロン関連サービス,営業中（推定）,,未収集,収集元推奨: JNA（日本ネイリスト協会）会員 / ホットペッパービューティー
4205,,ネイルサロン,,神奈川県,,,,,,,ネイルサロン関連サービス,営業中（推定）,,未収集,収集元推奨: JNA（日本ネイリスト協会）会員 / ホットペッパービューティー
4206,,ネイルサロン,,神奈川県,,,,,,,ネイルサロン関連サービス,営業中（推定）,,未収集,収集元推奨: JNA（日本ネイリスト協会）会員 / ホットペッパービューティー
4207,,ネイルサロン,,神奈川県,,,,,,,ネイルサロン関連サービス,営業中（推定）,,未収集,収集元推奨: JNA（日本ネイリスト協会）会員 / ホットペッパービューティー
4208,,ネイルサロン,,神奈川県,,,,,,,ネイルサロン関連サービス,営業中（推定）,,未収集,収集元推奨: JNA（日本ネイリスト協会）会員 / ホットペッパービューティー
4209,,ネイルサロン,,神奈川県,,,,,,,ネイルサロン関連サービス,営業中（推定）,,未収集,収集元推奨: JNA（日本ネイリスト協会）会員 / ホットペッパービューティー
4210,,ネイルサロン,,神奈川県,,,,,,,ネイルサロン関連サービス,営業中（推定）,,未収集,収集元推奨: JNA（日本ネイリスト協会）会員 / ホットペッパービューティー
4211,,ネイルサロン,,神奈川県,,,,,,,ネイルサロン関連サービス,営業中（推定）,,未収集,収集元推奨: JNA（日本ネイリスト協会）会員 / ホットペッパービューティー
4212,,ネイルサロン,,神奈川県,,,,,,,ネイルサロン関連サービス,営業中（推定）,,未収集,収集元推奨: JNA（日本ネイリスト協会）会員 / ホットペッパービューティー
4213,,ネイルサロン,,神奈川県,,,,,,,ネイルサロン関連サービス,営業中（推定）,,未収集,収集元推奨: JNA（日本ネイリスト協会）会員 / ホットペッパービューティー
4214,,ネイルサロン,,神奈川県,,,,,,,ネイルサロン関連サービス,営業中（推定）,,未収集,収集元推奨: JNA（日本ネイリスト協会）会員 / ホットペッパービューティー
4215,,ネイルサロン,,神奈川県,,,,,,,ネイルサロン関連サービス,営業中（推定）,,未収集,収集元推奨: JNA（日本ネイリスト協会）会員 / ホットペッパービューティー
4216,,ネイルサロン,,神奈川県,,,,,,,ネイルサロン関連サービス,営業中（推定）,,未収集,収集元推奨: JNA（日本ネイリスト協会）会員 / ホットペッパービューティー
4217,,ネイルサロン,,神奈川県,,,,,,,ネイルサロン関連サービス,営業中（推定）,,未収集,収集元推奨: JNA（日本ネイリスト協会）会員 / ホットペッパービューティー
4218,,美容整体・小顔矯正,,神奈川県,,,,,,,美容整体 小顔矯正関連サービス,営業中（推定）,,未収集,収集元推奨: エキテン・ホットペッパービューティー / iタウンページ「整体」
4219,,美容整体・小顔矯正,,神奈川県,,,,,,,美容整体 小顔矯正関連サービス,営業中（推定）,,未収集,収集元推奨: エキテン・ホットペッパービューティー / iタウンページ「整体」
4220,,美容整体・小顔矯正,,神奈川県,,,,,,,美容整体 小顔矯正関連サービス,営業中（推定）,,未収集,収集元推奨: エキテン・ホットペッパービューティー / iタウンページ「整体」
4221,,美容整体・小顔矯正,,神奈川県,,,,,,,美容整体 小顔矯正関連サービス,営業中（推定）,,未収集,収集元推奨: エキテン・ホットペッパービューティー / iタウンページ「整体」
4222,,美容整体・小顔矯正,,神奈川県,,,,,,,美容整体 小顔矯正関連サービス,営業中（推定）,,未収集,収集元推奨: エキテン・ホットペッパービューティー / iタウンページ「整体」
4223,,美容整体・小顔矯正,,神奈川県,,,,,,,美容整体 小顔矯正関連サービス,営業中（推定）,,未収集,収集元推奨: エキテン・ホットペッパービューティー / iタウンページ「整体」
4224,,美容整体・小顔矯正,,神奈川県,,,,,,,美容整体 小顔矯正関連サービス,営業中（推定）,,未収集,収集元推奨: エキテン・ホットペッパービューティー / iタウンページ「整体」
4225,,美容整体・小顔矯正,,神奈川県,,,,,,,美容整体 小顔矯正関連サービス,営業中（推定）,,未収集,収集元推奨: エキテン・ホットペッパービューティー / iタウンページ「整体」
4226,,美容整体・小顔矯正,,神奈川県,,,,,,,美容整体 小顔矯正関連サービス,営業中（推定）,,未収集,収集元推奨: エキテン・ホットペッパービューティー / iタウンページ「整体」
4227,,美容整体・小顔矯正,,神奈川県,,,,,,,美容整体 小顔矯正関連サービス,営業中（推定）,,未収集,収集元推奨: エキテン・ホットペッパービューティー / iタウンページ「整体」
4228,,美容整体・小顔矯正,,神奈川県,,,,,,,美容整体 小顔矯正関連サービス,営業中（推定）,,未収集,収集元推奨: エキテン・ホットペッパービューティー / iタウンページ「整体」
4229,,美容整体・小顔矯正,,神奈川県,,,,,,,美容整体 小顔矯正関連サービス,営業中（推定）,,未収集,収集元推奨: エキテン・ホットペッパービューティー / iタウンページ「整体」
4230,,美容整体・小顔矯正,,神奈川県,,,,,,,美容整体 小顔矯正関連サービス,営業中（推定）,,未収集,収集元推奨: エキテン・ホットペッパービューティー / iタウンページ「整体」
4231,,美容整体・小顔矯正,,神奈川県,,,,,,,美容整体 小顔矯正関連サービス,営業中（推定）,,未収集,収集元推奨: エキテン・ホットペッパービューティー / iタウンページ「整体」
4232,,美容整体・小顔矯正,,神奈川県,,,,,,,美容整体 小顔矯正関連サービス,営業中（推定）,,未収集,収集元推奨: エキテン・ホットペッパービューティー / iタウンページ「整体」
4233,,美容整体・小顔矯正,,神奈川県,,,,,,,美容整体 小顔矯正関連サービス,営業中（推定）,,未収集,収集元推奨: エキテン・ホットペッパービューティー / iタウンページ「整体」
4234,,美容整体・小顔矯正,,神奈川県,,,,,,,美容整体 小顔矯正関連サービス,営業中（推定）,,未収集,収集元推奨: エキテン・ホットペッパービューティー / iタウンページ「整体」
4235,,美容整体・小顔矯正,,神奈川県,,,,,,,美容整体 小顔矯正関連サービス,営業中（推定）,,未収集,収集元推奨: エキテン・ホットペッパービューティー / iタウンページ「整体」
4236,,美容整体・小顔矯正,,神奈川県,,,,,,,美容整体 小顔矯正関連サービス,営業中（推定）,,未収集,収集元推奨: エキテン・ホットペッパービューティー / iタウンページ「整体」
4237,,美容整体・小顔矯正,,神奈川県,,,,,,,美容整体 小顔矯正関連サービス,営業中（推定）,,未収集,収集元推奨: エキテン・ホットペッパービューティー / iタウンページ「整体」
4238,,美容整体・小顔矯正,,神奈川県,,,,,,,美容整体 小顔矯正関連サービス,営業中（推定）,,未収集,収集元推奨: エキテン・ホットペッパービューティー / iタウンページ「整体」
4239,,美容整体・小顔矯正,,神奈川県,,,,,,,美容整体 小顔矯正関連サービス,営業中（推定）,,未収集,収集元推奨: エキテン・ホットペッパービューティー / iタウンページ「整体」
4240,,美容整体・小顔矯正,,神奈川県,,,,,,,美容整体 小顔矯正関連サービス,営業中（推定）,,未収集,収集元推奨: エキテン・ホットペッパービューティー / iタウンページ「整体」
4241,,美容整体・小顔矯正,,神奈川県,,,,,,,美容整体 小顔矯正関連サービス,営業中（推定）,,未収集,収集元推奨: エキテン・ホットペッパービューティー / iタウンページ「整体」
4242,,美容整体・小顔矯正,,神奈川県,,,,,,,美容整体 小顔矯正関連サービス,営業中（推定）,,未収集,収集元推奨: エキテン・ホットペッパービューティー / iタウンページ「整体」
4243,,美容整体・小顔矯正,,神奈川県,,,,,,,美容整体 小顔矯正関連サービス,営業中（推定）,,未収集,収集元推奨: エキテン・ホットペッパービューティー / iタウンページ「整体」
4244,,美容整体・小顔矯正,,神奈川県,,,,,,,美容整体 小顔矯正関連サービス,営業中（推定）,,未収集,収集元推奨: エキテン・ホットペッパービューティー / iタウンページ「整体」
4245,,美容整体・小顔矯正,,神奈川県,,,,,,,美容整体 小顔矯正関連サービス,営業中（推定）,,未収集,収集元推奨: エキテン・ホットペッパービューティー / iタウンページ「整体」
4246,,美容整体・小顔矯正,,神奈川県,,,,,,,美容整体 小顔矯正関連サービス,営業中（推定）,,未収集,収集元推奨: エキテン・ホットペッパービューティー / iタウンページ「整体」
4247,,美容整体・小顔矯正,,神奈川県,,,,,,,美容整体 小顔矯正関連サービス,営業中（推定）,,未収集,収集元推奨: エキテン・ホットペッパービューティー / iタウンページ「整体」
4248,,美容整体・小顔矯正,,神奈川県,,,,,,,美容整体 小顔矯正関連サービス,営業中（推定）,,未収集,収集元推奨: エキテン・ホットペッパービューティー / iタウンページ「整体」
4249,,美容整体・小顔矯正,,神奈川県,,,,,,,美容整体 小顔矯正関連サービス,営業中（推定）,,未収集,収集元推奨: エキテン・ホットペッパービューティー / iタウンページ「整体」
4250,,美容整体・小顔矯正,,神奈川県,,,,,,,美容整体 小顔矯正関連サービス,営業中（推定）,,未収集,収集元推奨: エキテン・ホットペッパービューティー / iタウンページ「整体」
4251,,美容整体・小顔矯正,,神奈川県,,,,,,,美容整体 小顔矯正関連サービス,営業中（推定）,,未収集,収集元推奨: エキテン・ホットペッパービューティー / iタウンページ「整体」
4252,,美容整体・小顔矯正,,神奈川県,,,,,,,美容整体 小顔矯正関連サービス,営業中（推定）,,未収集,収集元推奨: エキテン・ホットペッパービューティー / iタウンページ「整体」
4253,,美容整体・小顔矯正,,神奈川県,,,,,,,美容整体 小顔矯正関連サービス,営業中（推定）,,未収集,収集元推奨: エキテン・ホットペッパービューティー / iタウンページ「整体」
4254,,美容整体・小顔矯正,,神奈川県,,,,,,,美容整体 小顔矯正関連サービス,営業中（推定）,,未収集,収集元推奨: エキテン・ホットペッパービューティー / iタウンページ「整体」
4255,,美容整体・小顔矯正,,神奈川県,,,,,,,美容整体 小顔矯正関連サービス,営業中（推定）,,未収集,収集元推奨: エキテン・ホットペッパービューティー / iタウンページ「整体」
4256,,美容整体・小顔矯正,,神奈川県,,,,,,,美容整体 小顔矯正関連サービス,営業中（推定）,,未収集,収集元推奨: エキテン・ホットペッパービューティー / iタウンページ「整体」
4257,,美容整体・小顔矯正,,神奈川県,,,,,,,美容整体 小顔矯正関連サービス,営業中（推定）,,未収集,収集元推奨: エキテン・ホットペッパービューティー / iタウンページ「整体」
4258,,美容整体・小顔矯正,,神奈川県,,,,,,,美容整体 小顔矯正関連サービス,営業中（推定）,,未収集,収集元推奨: エキテン・ホットペッパービューティー / iタウンページ「整体」
4259,,美容整体・小顔矯正,,神奈川県,,,,,,,美容整体 小顔矯正関連サービス,営業中（推定）,,未収集,収集元推奨: エキテン・ホットペッパービューティー / iタウンページ「整体」
4260,,美容整体・小顔矯正,,神奈川県,,,,,,,美容整体 小顔矯正関連サービス,営業中（推定）,,未収集,収集元推奨: エキテン・ホットペッパービューティー / iタウンページ「整体」
4261,,美容整体・小顔矯正,,神奈川県,,,,,,,美容整体 小顔矯正関連サービス,営業中（推定）,,未収集,収集元推奨: エキテン・ホットペッパービューティー / iタウンページ「整体」
4262,,美容整体・小顔矯正,,神奈川県,,,,,,,美容整体 小顔矯正関連サービス,営業中（推定）,,未収集,収集元推奨: エキテン・ホットペッパービューティー / iタウンページ「整体」
4263,,美容整体・小顔矯正,,神奈川県,,,,,,,美容整体 小顔矯正関連サービス,営業中（推定）,,未収集,収集元推奨: エキテン・ホットペッパービューティー / iタウンページ「整体」
4264,,美容整体・小顔矯正,,神奈川県,,,,,,,美容整体 小顔矯正関連サービス,営業中（推定）,,未収集,収集元推奨: エキテン・ホットペッパービューティー / iタウンページ「整体」
4265,,美容整体・小顔矯正,,神奈川県,,,,,,,美容整体 小顔矯正関連サービス,営業中（推定）,,未収集,収集元推奨: エキテン・ホットペッパービューティー / iタウンページ「整体」
4266,,美容整体・小顔矯正,,神奈川県,,,,,,,美容整体 小顔矯正関連サービス,営業中（推定）,,未収集,収集元推奨: エキテン・ホットペッパービューティー / iタウンページ「整体」
4267,,美容整体・小顔矯正,,神奈川県,,,,,,,美容整体 小顔矯正関連サービス,営業中（推定）,,未収集,収集元推奨: エキテン・ホットペッパービューティー / iタウンページ「整体」
4268,,美容整体・小顔矯正,,神奈川県,,,,,,,美容整体 小顔矯正関連サービス,営業中（推定）,,未収集,収集元推奨: エキテン・ホットペッパービューティー / iタウンページ「整体」
4269,,美容整体・小顔矯正,,神奈川県,,,,,,,美容整体 小顔矯正関連サービス,営業中（推定）,,未収集,収集元推奨: エキテン・ホットペッパービューティー / iタウンページ「整体」
4270,,美容整体・小顔矯正,,神奈川県,,,,,,,美容整体 小顔矯正関連サービス,営業中（推定）,,未収集,収集元推奨: エキテン・ホットペッパービューティー / iタウンページ「整体」
4271,,美容整体・小顔矯正,,神奈川県,,,,,,,美容整体 小顔矯正関連サービス,営業中（推定）,,未収集,収集元推奨: エキテン・ホットペッパービューティー / iタウンページ「整体」
4272,,美容整体・小顔矯正,,神奈川県,,,,,,,美容整体 小顔矯正関連サービス,営業中（推定）,,未収集,収集元推奨: エキテン・ホットペッパービューティー / iタウンページ「整体」
4273,,美容整体・小顔矯正,,神奈川県,,,,,,,美容整体 小顔矯正関連サービス,営業中（推定）,,未収集,収集元推奨: エキテン・ホットペッパービューティー / iタウンページ「整体」
4274,,美容整体・小顔矯正,,神奈川県,,,,,,,美容整体 小顔矯正関連サービス,営業中（推定）,,未収集,収集元推奨: エキテン・ホットペッパービューティー / iタウンページ「整体」
4275,,美容整体・小顔矯正,,神奈川県,,,,,,,美容整体 小顔矯正関連サービス,営業中（推定）,,未収集,収集元推奨: エキテン・ホットペッパービューティー / iタウンページ「整体」
4276,,美容整体・小顔矯正,,神奈川県,,,,,,,美容整体 小顔矯正関連サービス,営業中（推定）,,未収集,収集元推奨: エキテン・ホットペッパービューティー / iタウンページ「整体」
4277,,美容整体・小顔矯正,,神奈川県,,,,,,,美容整体 小顔矯正関連サービス,営業中（推定）,,未収集,収集元推奨: エキテン・ホットペッパービューティー / iタウンページ「整体」
4278,,美容整体・小顔矯正,,神奈川県,,,,,,,美容整体 小顔矯正関連サービス,営業中（推定）,,未収集,収集元推奨: エキテン・ホットペッパービューティー / iタウンページ「整体」
4279,,美容整体・小顔矯正,,神奈川県,,,,,,,美容整体 小顔矯正関連サービス,営業中（推定）,,未収集,収集元推奨: エキテン・ホットペッパービューティー / iタウンページ「整体」
4280,,美容整体・小顔矯正,,神奈川県,,,,,,,美容整体 小顔矯正関連サービス,営業中（推定）,,未収集,収集元推奨: エキテン・ホットペッパービューティー / iタウンページ「整体」
4281,,美容整体・小顔矯正,,神奈川県,,,,,,,美容整体 小顔矯正関連サービス,営業中（推定）,,未収集,収集元推奨: エキテン・ホットペッパービューティー / iタウンページ「整体」
4282,,美容整体・小顔矯正,,神奈川県,,,,,,,美容整体 小顔矯正関連サービス,営業中（推定）,,未収集,収集元推奨: エキテン・ホットペッパービューティー / iタウンページ「整体」
4283,,美容整体・小顔矯正,,神奈川県,,,,,,,美容整体 小顔矯正関連サービス,営業中（推定）,,未収集,収集元推奨: エキテン・ホットペッパービューティー / iタウンページ「整体」
4284,,美容整体・小顔矯正,,神奈川県,,,,,,,美容整体 小顔矯正関連サービス,営業中（推定）,,未収集,収集元推奨: エキテン・ホットペッパービューティー / iタウンページ「整体」
4285,,美容整体・小顔矯正,,神奈川県,,,,,,,美容整体 小顔矯正関連サービス,営業中（推定）,,未収集,収集元推奨: エキテン・ホットペッパービューティー / iタウンページ「整体」
4286,,美容整体・小顔矯正,,神奈川県,,,,,,,美容整体 小顔矯正関連サービス,営業中（推定）,,未収集,収集元推奨: エキテン・ホットペッパービューティー / iタウンページ「整体」
4287,,美容整体・小顔矯正,,神奈川県,,,,,,,美容整体 小顔矯正関連サービス,営業中（推定）,,未収集,収集元推奨: エキテン・ホットペッパービューティー / iタウンページ「整体」
4288,,美容整体・小顔矯正,,神奈川県,,,,,,,美容整体 小顔矯正関連サービス,営業中（推定）,,未収集,収集元推奨: エキテン・ホットペッパービューティー / iタウンページ「整体」
4289,,美容整体・小顔矯正,,神奈川県,,,,,,,美容整体 小顔矯正関連サービス,営業中（推定）,,未収集,収集元推奨: エキテン・ホットペッパービューティー / iタウンページ「整体」
4290,,美容整体・小顔矯正,,神奈川県,,,,,,,美容整体 小顔矯正関連サービス,営業中（推定）,,未収集,収集元推奨: エキテン・ホットペッパービューティー / iタウンページ「整体」
4291,,美容整体・小顔矯正,,神奈川県,,,,,,,美容整体 小顔矯正関連サービス,営業中（推定）,,未収集,収集元推奨: エキテン・ホットペッパービューティー / iタウンページ「整体」
4292,,美容整体・小顔矯正,,神奈川県,,,,,,,美容整体 小顔矯正関連サービス,営業中（推定）,,未収集,収集元推奨: エキテン・ホットペッパービューティー / iタウンページ「整体」
4293,,美容鍼灸院,,神奈川県,,,,,,,美容鍼灸院関連サービス,営業中（推定）,,未収集,収集元推奨: 日本鍼灸師会地方師会会員名簿 / 鍼灸ポータルサイト
4294,,美容鍼灸院,,神奈川県,,,,,,,美容鍼灸院関連サービス,営業中（推定）,,未収集,収集元推奨: 日本鍼灸師会地方師会会員名簿 / 鍼灸ポータルサイト
4295,,美容鍼灸院,,神奈川県,,,,,,,美容鍼灸院関連サービス,営業中（推定）,,未収集,収集元推奨: 日本鍼灸師会地方師会会員名簿 / 鍼灸ポータルサイト
4296,,美容鍼灸院,,神奈川県,,,,,,,美容鍼灸院関連サービス,営業中（推定）,,未収集,収集元推奨: 日本鍼灸師会地方師会会員名簿 / 鍼灸ポータルサイト
4297,,美容鍼灸院,,神奈川県,,,,,,,美容鍼灸院関連サービス,営業中（推定）,,未収集,収集元推奨: 日本鍼灸師会地方師会会員名簿 / 鍼灸ポータルサイト
4298,,美容鍼灸院,,神奈川県,,,,,,,美容鍼灸院関連サービス,営業中（推定）,,未収集,収集元推奨: 日本鍼灸師会地方師会会員名簿 / 鍼灸ポータルサイト
4299,,美容鍼灸院,,神奈川県,,,,,,,美容鍼灸院関連サービス,営業中（推定）,,未収集,収集元推奨: 日本鍼灸師会地方師会会員名簿 / 鍼灸ポータルサイト
4300,,美容鍼灸院,,神奈川県,,,,,,,美容鍼灸院関連サービス,営業中（推定）,,未収集,収集元推奨: 日本鍼灸師会地方師会会員名簿 / 鍼灸ポータルサイト
4301,,美容鍼灸院,,神奈川県,,,,,,,美容鍼灸院関連サービス,営業中（推定）,,未収集,収集元推奨: 日本鍼灸師会地方師会会員名簿 / 鍼灸ポータルサイト
4302,,美容鍼灸院,,神奈川県,,,,,,,美容鍼灸院関連サービス,営業中（推定）,,未収集,収集元推奨: 日本鍼灸師会地方師会会員名簿 / 鍼灸ポータルサイト
4303,,美容鍼灸院,,神奈川県,,,,,,,美容鍼灸院関連サービス,営業中（推定）,,未収集,収集元推奨: 日本鍼灸師会地方師会会員名簿 / 鍼灸ポータルサイト
4304,,美容鍼灸院,,神奈川県,,,,,,,美容鍼灸院関連サービス,営業中（推定）,,未収集,収集元推奨: 日本鍼灸師会地方師会会員名簿 / 鍼灸ポータルサイト
4305,,美容鍼灸院,,神奈川県,,,,,,,美容鍼灸院関連サービス,営業中（推定）,,未収集,収集元推奨: 日本鍼灸師会地方師会会員名簿 / 鍼灸ポータルサイト
4306,,美容鍼灸院,,神奈川県,,,,,,,美容鍼灸院関連サービス,営業中（推定）,,未収集,収集元推奨: 日本鍼灸師会地方師会会員名簿 / 鍼灸ポータルサイト
4307,,美容鍼灸院,,神奈川県,,,,,,,美容鍼灸院関連サービス,営業中（推定）,,未収集,収集元推奨: 日本鍼灸師会地方師会会員名簿 / 鍼灸ポータルサイト
4308,,美容鍼灸院,,神奈川県,,,,,,,美容鍼灸院関連サービス,営業中（推定）,,未収集,収集元推奨: 日本鍼灸師会地方師会会員名簿 / 鍼灸ポータルサイト
4309,,美容鍼灸院,,神奈川県,,,,,,,美容鍼灸院関連サービス,営業中（推定）,,未収集,収集元推奨: 日本鍼灸師会地方師会会員名簿 / 鍼灸ポータルサイト
4310,,美容鍼灸院,,神奈川県,,,,,,,美容鍼灸院関連サービス,営業中（推定）,,未収集,収集元推奨: 日本鍼灸師会地方師会会員名簿 / 鍼灸ポータルサイト
4311,,美容鍼灸院,,神奈川県,,,,,,,美容鍼灸院関連サービス,営業中（推定）,,未収集,収集元推奨: 日本鍼灸師会地方師会会員名簿 / 鍼灸ポータルサイト
4312,,美容鍼灸院,,神奈川県,,,,,,,美容鍼灸院関連サービス,営業中（推定）,,未収集,収集元推奨: 日本鍼灸師会地方師会会員名簿 / 鍼灸ポータルサイト
4313,,美容鍼灸院,,神奈川県,,,,,,,美容鍼灸院関連サービス,営業中（推定）,,未収集,収集元推奨: 日本鍼灸師会地方師会会員名簿 / 鍼灸ポータルサイト
4314,,美容鍼灸院,,神奈川県,,,,,,,美容鍼灸院関連サービス,営業中（推定）,,未収集,収集元推奨: 日本鍼灸師会地方師会会員名簿 / 鍼灸ポータルサイト
4315,,美容鍼灸院,,神奈川県,,,,,,,美容鍼灸院関連サービス,営業中（推定）,,未収集,収集元推奨: 日本鍼灸師会地方師会会員名簿 / 鍼灸ポータルサイト
4316,,美容鍼灸院,,神奈川県,,,,,,,美容鍼灸院関連サービス,営業中（推定）,,未収集,収集元推奨: 日本鍼灸師会地方師会会員名簿 / 鍼灸ポータルサイト
4317,,美容鍼灸院,,神奈川県,,,,,,,美容鍼灸院関連サービス,営業中（推定）,,未収集,収集元推奨: 日本鍼灸師会地方師会会員名簿 / 鍼灸ポータルサイト
4318,,美容鍼灸院,,神奈川県,,,,,,,美容鍼灸院関連サービス,営業中（推定）,,未収集,収集元推奨: 日本鍼灸師会地方師会会員名簿 / 鍼灸ポータルサイト
4319,,美容鍼灸院,,神奈川県,,,,,,,美容鍼灸院関連サービス,営業中（推定）,,未収集,収集元推奨: 日本鍼灸師会地方師会会員名簿 / 鍼灸ポータルサイト
4320,,美容鍼灸院,,神奈川県,,,,,,,美容鍼灸院関連サービス,営業中（推定）,,未収集,収集元推奨: 日本鍼灸師会地方師会会員名簿 / 鍼灸ポータルサイト
4321,,美容鍼灸院,,神奈川県,,,,,,,美容鍼灸院関連サービス,営業中（推定）,,未収集,収集元推奨: 日本鍼灸師会地方師会会員名簿 / 鍼灸ポータルサイト
4322,,美容鍼灸院,,神奈川県,,,,,,,美容鍼灸院関連サービス,営業中（推定）,,未収集,収集元推奨: 日本鍼灸師会地方師会会員名簿 / 鍼灸ポータルサイト
4323,,美容鍼灸院,,神奈川県,,,,,,,美容鍼灸院関連サービス,営業中（推定）,,未収集,収集元推奨: 日本鍼灸師会地方師会会員名簿 / 鍼灸ポータルサイト
4324,,美容鍼灸院,,神奈川県,,,,,,,美容鍼灸院関連サービス,営業中（推定）,,未収集,収集元推奨: 日本鍼灸師会地方師会会員名簿 / 鍼灸ポータルサイト
4325,,美容鍼灸院,,神奈川県,,,,,,,美容鍼灸院関連サービス,営業中（推定）,,未収集,収集元推奨: 日本鍼灸師会地方師会会員名簿 / 鍼灸ポータルサイト
4326,,美容鍼灸院,,神奈川県,,,,,,,美容鍼灸院関連サービス,営業中（推定）,,未収集,収集元推奨: 日本鍼灸師会地方師会会員名簿 / 鍼灸ポータルサイト
4327,,美容鍼灸院,,神奈川県,,,,,,,美容鍼灸院関連サービス,営業中（推定）,,未収集,収集元推奨: 日本鍼灸師会地方師会会員名簿 / 鍼灸ポータルサイト
4328,,美容鍼灸院,,神奈川県,,,,,,,美容鍼灸院関連サービス,営業中（推定）,,未収集,収集元推奨: 日本鍼灸師会地方師会会員名簿 / 鍼灸ポータルサイト
4329,,美容鍼灸院,,神奈川県,,,,,,,美容鍼灸院関連サービス,営業中（推定）,,未収集,収集元推奨: 日本鍼灸師会地方師会会員名簿 / 鍼灸ポータルサイト
4330,,美容鍼灸院,,神奈川県,,,,,,,美容鍼灸院関連サービス,営業中（推定）,,未収集,収集元推奨: 日本鍼灸師会地方師会会員名簿 / 鍼灸ポータルサイト
4331,,美容鍼灸院,,神奈川県,,,,,,,美容鍼灸院関連サービス,営業中（推定）,,未収集,収集元推奨: 日本鍼灸師会地方師会会員名簿 / 鍼灸ポータルサイト
4332,,美容鍼灸院,,神奈川県,,,,,,,美容鍼灸院関連サービス,営業中（推定）,,未収集,収集元推奨: 日本鍼灸師会地方師会会員名簿 / 鍼灸ポータルサイト
4333,,美容鍼灸院,,神奈川県,,,,,,,美容鍼灸院関連サービス,営業中（推定）,,未収集,収集元推奨: 日本鍼灸師会地方師会会員名簿 / 鍼灸ポータルサイト
4334,,美容鍼灸院,,神奈川県,,,,,,,美容鍼灸院関連サービス,営業中（推定）,,未収集,収集元推奨: 日本鍼灸師会地方師会会員名簿 / 鍼灸ポータルサイト
4335,,美容鍼灸院,,神奈川県,,,,,,,美容鍼灸院関連サービス,営業中（推定）,,未収集,収集元推奨: 日本鍼灸師会地方師会会員名簿 / 鍼灸ポータルサイト
4336,,美容鍼灸院,,神奈川県,,,,,,,美容鍼灸院関連サービス,営業中（推定）,,未収集,収集元推奨: 日本鍼灸師会地方師会会員名簿 / 鍼灸ポータルサイト
4337,,美容鍼灸院,,神奈川県,,,,,,,美容鍼灸院関連サービス,営業中（推定）,,未収集,収集元推奨: 日本鍼灸師会地方師会会員名簿 / 鍼灸ポータルサイト
4338,,美容鍼灸院,,神奈川県,,,,,,,美容鍼灸院関連サービス,営業中（推定）,,未収集,収集元推奨: 日本鍼灸師会地方師会会員名簿 / 鍼灸ポータルサイト
4339,,美容鍼灸院,,神奈川県,,,,,,,美容鍼灸院関連サービス,営業中（推定）,,未収集,収集元推奨: 日本鍼灸師会地方師会会員名簿 / 鍼灸ポータルサイト
4340,,美容鍼灸院,,神奈川県,,,,,,,美容鍼灸院関連サービス,営業中（推定）,,未収集,収集元推奨: 日本鍼灸師会地方師会会員名簿 / 鍼灸ポータルサイト
4341,,美容鍼灸院,,神奈川県,,,,,,,美容鍼灸院関連サービス,営業中（推定）,,未収集,収集元推奨: 日本鍼灸師会地方師会会員名簿 / 鍼灸ポータルサイト
4342,,美容鍼灸院,,神奈川県,,,,,,,美容鍼灸院関連サービス,営業中（推定）,,未収集,収集元推奨: 日本鍼灸師会地方師会会員名簿 / 鍼灸ポータルサイト
4343,,美容鍼灸院,,神奈川県,,,,,,,美容鍼灸院関連サービス,営業中（推定）,,未収集,収集元推奨: 日本鍼灸師会地方師会会員名簿 / 鍼灸ポータルサイト
4344,,美容鍼灸院,,神奈川県,,,,,,,美容鍼灸院関連サービス,営業中（推定）,,未収集,収集元推奨: 日本鍼灸師会地方師会会員名簿 / 鍼灸ポータルサイト
4345,,美容鍼灸院,,神奈川県,,,,,,,美容鍼灸院関連サービス,営業中（推定）,,未収集,収集元推奨: 日本鍼灸師会地方師会会員名簿 / 鍼灸ポータルサイト
4346,,美容鍼灸院,,神奈川県,,,,,,,美容鍼灸院関連サービス,営業中（推定）,,未収集,収集元推奨: 日本鍼灸師会地方師会会員名簿 / 鍼灸ポータルサイト
4347,,美容鍼灸院,,神奈川県,,,,,,,美容鍼灸院関連サービス,営業中（推定）,,未収集,収集元推奨: 日本鍼灸師会地方師会会員名簿 / 鍼灸ポータルサイト
4348,,美容鍼灸院,,神奈川県,,,,,,,美容鍼灸院関連サービス,営業中（推定）,,未収集,収集元推奨: 日本鍼灸師会地方師会会員名簿 / 鍼灸ポータルサイト
4349,,美容鍼灸院,,神奈川県,,,,,,,美容鍼灸院関連サービス,営業中（推定）,,未収集,収集元推奨: 日本鍼灸師会地方師会会員名簿 / 鍼灸ポータルサイト
4350,,美容鍼灸院,,神奈川県,,,,,,,美容鍼灸院関連サービス,営業中（推定）,,未収集,収集元推奨: 日本鍼灸師会地方師会会員名簿 / 鍼灸ポータルサイト
4351,,美容鍼灸院,,神奈川県,,,,,,,美容鍼灸院関連サービス,営業中（推定）,,未収集,収集元推奨: 日本鍼灸師会地方師会会員名簿 / 鍼灸ポータルサイト
4352,,美容鍼灸院,,神奈川県,,,,,,,美容鍼灸院関連サービス,営業中（推定）,,未収集,収集元推奨: 日本鍼灸師会地方師会会員名簿 / 鍼灸ポータルサイト
4353,,アロマ・リラクゼーション,,神奈川県,,,,,,,アロマ リラクゼーション関連サービス,営業中（推定）,,未収集,収集元推奨: AEAJ認定サロン一覧 / ホットペッパービューティー
4354,,アロマ・リラクゼーション,,神奈川県,,,,,,,アロマ リラクゼーション関連サービス,営業中（推定）,,未収集,収集元推奨: AEAJ認定サロン一覧 / ホットペッパービューティー
4355,,アロマ・リラクゼーション,,神奈川県,,,,,,,アロマ リラクゼーション関連サービス,営業中（推定）,,未収集,収集元推奨: AEAJ認定サロン一覧 / ホットペッパービューティー
4356,,アロマ・リラクゼーション,,神奈川県,,,,,,,アロマ リラクゼーション関連サービス,営業中（推定）,,未収集,収集元推奨: AEAJ認定サロン一覧 / ホットペッパービューティー
4357,,アロマ・リラクゼーション,,神奈川県,,,,,,,アロマ リラクゼーション関連サービス,営業中（推定）,,未収集,収集元推奨: AEAJ認定サロン一覧 / ホットペッパービューティー
4358,,アロマ・リラクゼーション,,神奈川県,,,,,,,アロマ リラクゼーション関連サービス,営業中（推定）,,未収集,収集元推奨: AEAJ認定サロン一覧 / ホットペッパービューティー
4359,,アロマ・リラクゼーション,,神奈川県,,,,,,,アロマ リラクゼーション関連サービス,営業中（推定）,,未収集,収集元推奨: AEAJ認定サロン一覧 / ホットペッパービューティー
4360,,アロマ・リラクゼーション,,神奈川県,,,,,,,アロマ リラクゼーション関連サービス,営業中（推定）,,未収集,収集元推奨: AEAJ認定サロン一覧 / ホットペッパービューティー
4361,,アロマ・リラクゼーション,,神奈川県,,,,,,,アロマ リラクゼーション関連サービス,営業中（推定）,,未収集,収集元推奨: AEAJ認定サロン一覧 / ホットペッパービューティー
4362,,アロマ・リラクゼーション,,神奈川県,,,,,,,アロマ リラクゼーション関連サービス,営業中（推定）,,未収集,収集元推奨: AEAJ認定サロン一覧 / ホットペッパービューティー
4363,,アロマ・リラクゼーション,,神奈川県,,,,,,,アロマ リラクゼーション関連サービス,営業中（推定）,,未収集,収集元推奨: AEAJ認定サロン一覧 / ホットペッパービューティー
4364,,アロマ・リラクゼーション,,神奈川県,,,,,,,アロマ リラクゼーション関連サービス,営業中（推定）,,未収集,収集元推奨: AEAJ認定サロン一覧 / ホットペッパービューティー
4365,,アロマ・リラクゼーション,,神奈川県,,,,,,,アロマ リラクゼーション関連サービス,営業中（推定）,,未収集,収集元推奨: AEAJ認定サロン一覧 / ホットペッパービューティー
4366,,アロマ・リラクゼーション,,神奈川県,,,,,,,アロマ リラクゼーション関連サービス,営業中（推定）,,未収集,収集元推奨: AEAJ認定サロン一覧 / ホットペッパービューティー
4367,,アロマ・リラクゼーション,,神奈川県,,,,,,,アロマ リラクゼーション関連サービス,営業中（推定）,,未収集,収集元推奨: AEAJ認定サロン一覧 / ホットペッパービューティー
4368,,アロマ・リラクゼーション,,神奈川県,,,,,,,アロマ リラクゼーション関連サービス,営業中（推定）,,未収集,収集元推奨: AEAJ認定サロン一覧 / ホットペッパービューティー
4369,,アロマ・リラクゼーション,,神奈川県,,,,,,,アロマ リラクゼーション関連サービス,営業中（推定）,,未収集,収集元推奨: AEAJ認定サロン一覧 / ホットペッパービューティー
4370,,アロマ・リラクゼーション,,神奈川県,,,,,,,アロマ リラクゼーション関連サービス,営業中（推定）,,未収集,収集元推奨: AEAJ認定サロン一覧 / ホットペッパービューティー
4371,,アロマ・リラクゼーション,,神奈川県,,,,,,,アロマ リラクゼーション関連サービス,営業中（推定）,,未収集,収集元推奨: AEAJ認定サロン一覧 / ホットペッパービューティー
4372,,アロマ・リラクゼーション,,神奈川県,,,,,,,アロマ リラクゼーション関連サービス,営業中（推定）,,未収集,収集元推奨: AEAJ認定サロン一覧 / ホットペッパービューティー
4373,,アロマ・リラクゼーション,,神奈川県,,,,,,,アロマ リラクゼーション関連サービス,営業中（推定）,,未収集,収集元推奨: AEAJ認定サロン一覧 / ホットペッパービューティー
4374,,アロマ・リラクゼーション,,神奈川県,,,,,,,アロマ リラクゼーション関連サービス,営業中（推定）,,未収集,収集元推奨: AEAJ認定サロン一覧 / ホットペッパービューティー
4375,,アロマ・リラクゼーション,,神奈川県,,,,,,,アロマ リラクゼーション関連サービス,営業中（推定）,,未収集,収集元推奨: AEAJ認定サロン一覧 / ホットペッパービューティー
4376,,アロマ・リラクゼーション,,神奈川県,,,,,,,アロマ リラクゼーション関連サービス,営業中（推定）,,未収集,収集元推奨: AEAJ認定サロン一覧 / ホットペッパービューティー
4377,,アロマ・リラクゼーション,,神奈川県,,,,,,,アロマ リラクゼーション関連サービス,営業中（推定）,,未収集,収集元推奨: AEAJ認定サロン一覧 / ホットペッパービューティー
4378,,アロマ・リラクゼーション,,神奈川県,,,,,,,アロマ リラクゼーション関連サービス,営業中（推定）,,未収集,収集元推奨: AEAJ認定サロン一覧 / ホットペッパービューティー
4379,,アロマ・リラクゼーション,,神奈川県,,,,,,,アロマ リラクゼーション関連サービス,営業中（推定）,,未収集,収集元推奨: AEAJ認定サロン一覧 / ホットペッパービューティー
4380,,アロマ・リラクゼーション,,神奈川県,,,,,,,アロマ リラクゼーション関連サービス,営業中（推定）,,未収集,収集元推奨: AEAJ認定サロン一覧 / ホットペッパービューティー
4381,,アロマ・リラクゼーション,,神奈川県,,,,,,,アロマ リラクゼーション関連サービス,営業中（推定）,,未収集,収集元推奨: AEAJ認定サロン一覧 / ホットペッパービューティー
4382,,アロマ・リラクゼーション,,神奈川県,,,,,,,アロマ リラクゼーション関連サービス,営業中（推定）,,未収集,収集元推奨: AEAJ認定サロン一覧 / ホットペッパービューティー
4383,,アロマ・リラクゼーション,,神奈川県,,,,,,,アロマ リラクゼーション関連サービス,営業中（推定）,,未収集,収集元推奨: AEAJ認定サロン一覧 / ホットペッパービューティー
4384,,アロマ・リラクゼーション,,神奈川県,,,,,,,アロマ リラクゼーション関連サービス,営業中（推定）,,未収集,収集元推奨: AEAJ認定サロン一覧 / ホットペッパービューティー
4385,,アロマ・リラクゼーション,,神奈川県,,,,,,,アロマ リラクゼーション関連サービス,営業中（推定）,,未収集,収集元推奨: AEAJ認定サロン一覧 / ホットペッパービューティー
4386,,アロマ・リラクゼーション,,神奈川県,,,,,,,アロマ リラクゼーション関連サービス,営業中（推定）,,未収集,収集元推奨: AEAJ認定サロン一覧 / ホットペッパービューティー
4387,,アロマ・リラクゼーション,,神奈川県,,,,,,,アロマ リラクゼーション関連サービス,営業中（推定）,,未収集,収集元推奨: AEAJ認定サロン一覧 / ホットペッパービューティー
4388,,アロマ・リラクゼーション,,神奈川県,,,,,,,アロマ リラクゼーション関連サービス,営業中（推定）,,未収集,収集元推奨: AEAJ認定サロン一覧 / ホットペッパービューティー
4389,,アロマ・リラクゼーション,,神奈川県,,,,,,,アロマ リラクゼーション関連サービス,営業中（推定）,,未収集,収集元推奨: AEAJ認定サロン一覧 / ホットペッパービューティー
4390,,アロマ・リラクゼーション,,神奈川県,,,,,,,アロマ リラクゼーション関連サービス,営業中（推定）,,未収集,収集元推奨: AEAJ認定サロン一覧 / ホットペッパービューティー
4391,,アロマ・リラクゼーション,,神奈川県,,,,,,,アロマ リラクゼーション関連サービス,営業中（推定）,,未収集,収集元推奨: AEAJ認定サロン一覧 / ホットペッパービューティー
4392,,アロマ・リラクゼーション,,神奈川県,,,,,,,アロマ リラクゼーション関連サービス,営業中（推定）,,未収集,収集元推奨: AEAJ認定サロン一覧 / ホットペッパービューティー
4393,,アロマ・リラクゼーション,,神奈川県,,,,,,,アロマ リラクゼーション関連サービス,営業中（推定）,,未収集,収集元推奨: AEAJ認定サロン一覧 / ホットペッパービューティー
4394,,アロマ・リラクゼーション,,神奈川県,,,,,,,アロマ リラクゼーション関連サービス,営業中（推定）,,未収集,収集元推奨: AEAJ認定サロン一覧 / ホットペッパービューティー
4395,,アロマ・リラクゼーション,,神奈川県,,,,,,,アロマ リラクゼーション関連サービス,営業中（推定）,,未収集,収集元推奨: AEAJ認定サロン一覧 / ホットペッパービューティー
4396,,アロマ・リラクゼーション,,神奈川県,,,,,,,アロマ リラクゼーション関連サービス,営業中（推定）,,未収集,収集元推奨: AEAJ認定サロン一覧 / ホットペッパービューティー
4397,,アロマ・リラクゼーション,,神奈川県,,,,,,,アロマ リラクゼーション関連サービス,営業中（推定）,,未収集,収集元推奨: AEAJ認定サロン一覧 / ホットペッパービューティー
4398,,アロマ・リラクゼーション,,神奈川県,,,,,,,アロマ リラクゼーション関連サービス,営業中（推定）,,未収集,収集元推奨: AEAJ認定サロン一覧 / ホットペッパービューティー
4399,,アロマ・リラクゼーション,,神奈川県,,,,,,,アロマ リラクゼーション関連サービス,営業中（推定）,,未収集,収集元推奨: AEAJ認定サロン一覧 / ホットペッパービューティー
4400,,アロマ・リラクゼーション,,神奈川県,,,,,,,アロマ リラクゼーション関連サービス,営業中（推定）,,未収集,収集元推奨: AEAJ認定サロン一覧 / ホットペッパービューティー
4401,,アロマ・リラクゼーション,,神奈川県,,,,,,,アロマ リラクゼーション関連サービス,営業中（推定）,,未収集,収集元推奨: AEAJ認定サロン一覧 / ホットペッパービューティー
4402,,アロマ・リラクゼーション,,神奈川県,,,,,,,アロマ リラクゼーション関連サービス,営業中（推定）,,未収集,収集元推奨: AEAJ認定サロン一覧 / ホットペッパービューティー
4403,,アロマ・リラクゼーション,,神奈川県,,,,,,,アロマ リラクゼーション関連サービス,営業中（推定）,,未収集,収集元推奨: AEAJ認定サロン一覧 / ホットペッパービューティー
4404,,アロマ・リラクゼーション,,神奈川県,,,,,,,アロマ リラクゼーション関連サービス,営業中（推定）,,未収集,収集元推奨: AEAJ認定サロン一覧 / ホットペッパービューティー
4405,,アロマ・リラクゼーション,,神奈川県,,,,,,,アロマ リラクゼーション関連サービス,営業中（推定）,,未収集,収集元推奨: AEAJ認定サロン一覧 / ホットペッパービューティー
4406,,アロマ・リラクゼーション,,神奈川県,,,,,,,アロマ リラクゼーション関連サービス,営業中（推定）,,未収集,収集元推奨: AEAJ認定サロン一覧 / ホットペッパービューティー
4407,,アロマ・リラクゼーション,,神奈川県,,,,,,,アロマ リラクゼーション関連サービス,営業中（推定）,,未収集,収集元推奨: AEAJ認定サロン一覧 / ホットペッパービューティー
4408,,アロマ・リラクゼーション,,神奈川県,,,,,,,アロマ リラクゼーション関連サービス,営業中（推定）,,未収集,収集元推奨: AEAJ認定サロン一覧 / ホットペッパービューティー
4409,,アロマ・リラクゼーション,,神奈川県,,,,,,,アロマ リラクゼーション関連サービス,営業中（推定）,,未収集,収集元推奨: AEAJ認定サロン一覧 / ホットペッパービューティー
4410,,アロマ・リラクゼーション,,神奈川県,,,,,,,アロマ リラクゼーション関連サービス,営業中（推定）,,未収集,収集元推奨: AEAJ認定サロン一覧 / ホットペッパービューティー
4411,,アロマ・リラクゼーション,,神奈川県,,,,,,,アロマ リラクゼーション関連サービス,営業中（推定）,,未収集,収集元推奨: AEAJ認定サロン一覧 / ホットペッパービューティー
4412,,アロマ・リラクゼーション,,神奈川県,,,,,,,アロマ リラクゼーション関連サービス,営業中（推定）,,未収集,収集元推奨: AEAJ認定サロン一覧 / ホットペッパービューティー
4413,,美容クリニック,,神奈川県,,,,,,,美容クリニック関連サービス,営業中（推定）,,未収集,収集元推奨: 日本美容外科学会(JSAS)会員 / 各クリニック公式サイト
4414,,美容クリニック,,神奈川県,,,,,,,美容クリニック関連サービス,営業中（推定）,,未収集,収集元推奨: 日本美容外科学会(JSAS)会員 / 各クリニック公式サイト
4415,,美容クリニック,,神奈川県,,,,,,,美容クリニック関連サービス,営業中（推定）,,未収集,収集元推奨: 日本美容外科学会(JSAS)会員 / 各クリニック公式サイト
4416,,美容クリニック,,神奈川県,,,,,,,美容クリニック関連サービス,営業中（推定）,,未収集,収集元推奨: 日本美容外科学会(JSAS)会員 / 各クリニック公式サイト
4417,,美容クリニック,,神奈川県,,,,,,,美容クリニック関連サービス,営業中（推定）,,未収集,収集元推奨: 日本美容外科学会(JSAS)会員 / 各クリニック公式サイト
4418,,美容クリニック,,神奈川県,,,,,,,美容クリニック関連サービス,営業中（推定）,,未収集,収集元推奨: 日本美容外科学会(JSAS)会員 / 各クリニック公式サイト
4419,,美容クリニック,,神奈川県,,,,,,,美容クリニック関連サービス,営業中（推定）,,未収集,収集元推奨: 日本美容外科学会(JSAS)会員 / 各クリニック公式サイト
4420,,美容クリニック,,神奈川県,,,,,,,美容クリニック関連サービス,営業中（推定）,,未収集,収集元推奨: 日本美容外科学会(JSAS)会員 / 各クリニック公式サイト
4421,,美容クリニック,,神奈川県,,,,,,,美容クリニック関連サービス,営業中（推定）,,未収集,収集元推奨: 日本美容外科学会(JSAS)会員 / 各クリニック公式サイト
4422,,美容クリニック,,神奈川県,,,,,,,美容クリニック関連サービス,営業中（推定）,,未収集,収集元推奨: 日本美容外科学会(JSAS)会員 / 各クリニック公式サイト
4423,,美容クリニック,,神奈川県,,,,,,,美容クリニック関連サービス,営業中（推定）,,未収集,収集元推奨: 日本美容外科学会(JSAS)会員 / 各クリニック公式サイト
4424,,美容クリニック,,神奈川県,,,,,,,美容クリニック関連サービス,営業中（推定）,,未収集,収集元推奨: 日本美容外科学会(JSAS)会員 / 各クリニック公式サイト
4425,,美容クリニック,,神奈川県,,,,,,,美容クリニック関連サービス,営業中（推定）,,未収集,収集元推奨: 日本美容外科学会(JSAS)会員 / 各クリニック公式サイト
4426,,美容クリニック,,神奈川県,,,,,,,美容クリニック関連サービス,営業中（推定）,,未収集,収集元推奨: 日本美容外科学会(JSAS)会員 / 各クリニック公式サイト
4427,,美容クリニック,,神奈川県,,,,,,,美容クリニック関連サービス,営業中（推定）,,未収集,収集元推奨: 日本美容外科学会(JSAS)会員 / 各クリニック公式サイト
4428,,美容クリニック,,神奈川県,,,,,,,美容クリニック関連サービス,営業中（推定）,,未収集,収集元推奨: 日本美容外科学会(JSAS)会員 / 各クリニック公式サイト
4429,,美容クリニック,,神奈川県,,,,,,,美容クリニック関連サービス,営業中（推定）,,未収集,収集元推奨: 日本美容外科学会(JSAS)会員 / 各クリニック公式サイト
4430,,美容クリニック,,神奈川県,,,,,,,美容クリニック関連サービス,営業中（推定）,,未収集,収集元推奨: 日本美容外科学会(JSAS)会員 / 各クリニック公式サイト
4431,,美容クリニック,,神奈川県,,,,,,,美容クリニック関連サービス,営業中（推定）,,未収集,収集元推奨: 日本美容外科学会(JSAS)会員 / 各クリニック公式サイト
4432,,美容クリニック,,神奈川県,,,,,,,美容クリニック関連サービス,営業中（推定）,,未収集,収集元推奨: 日本美容外科学会(JSAS)会員 / 各クリニック公式サイト
4433,,美容クリニック,,神奈川県,,,,,,,美容クリニック関連サービス,営業中（推定）,,未収集,収集元推奨: 日本美容外科学会(JSAS)会員 / 各クリニック公式サイト
4434,,美容クリニック,,神奈川県,,,,,,,美容クリニック関連サービス,営業中（推定）,,未収集,収集元推奨: 日本美容外科学会(JSAS)会員 / 各クリニック公式サイト
4435,,美容クリニック,,神奈川県,,,,,,,美容クリニック関連サービス,営業中（推定）,,未収集,収集元推奨: 日本美容外科学会(JSAS)会員 / 各クリニック公式サイト
4436,,美容クリニック,,神奈川県,,,,,,,美容クリニック関連サービス,営業中（推定）,,未収集,収集元推奨: 日本美容外科学会(JSAS)会員 / 各クリニック公式サイト
4437,,美容クリニック,,神奈川県,,,,,,,美容クリニック関連サービス,営業中（推定）,,未収集,収集元推奨: 日本美容外科学会(JSAS)会員 / 各クリニック公式サイト
4438,,美容クリニック,,神奈川県,,,,,,,美容クリニック関連サービス,営業中（推定）,,未収集,収集元推奨: 日本美容外科学会(JSAS)会員 / 各クリニック公式サイト
4439,,美容クリニック,,神奈川県,,,,,,,美容クリニック関連サービス,営業中（推定）,,未収集,収集元推奨: 日本美容外科学会(JSAS)会員 / 各クリニック公式サイト
4440,,美容クリニック,,神奈川県,,,,,,,美容クリニック関連サービス,営業中（推定）,,未収集,収集元推奨: 日本美容外科学会(JSAS)会員 / 各クリニック公式サイト
4441,,美容クリニック,,神奈川県,,,,,,,美容クリニック関連サービス,営業中（推定）,,未収集,収集元推奨: 日本美容外科学会(JSAS)会員 / 各クリニック公式サイト
4442,,美容クリニック,,神奈川県,,,,,,,美容クリニック関連サービス,営業中（推定）,,未収集,収集元推奨: 日本美容外科学会(JSAS)会員 / 各クリニック公式サイト
4443,,美容クリニック,,神奈川県,,,,,,,美容クリニック関連サービス,営業中（推定）,,未収集,収集元推奨: 日本美容外科学会(JSAS)会員 / 各クリニック公式サイト
4444,,美容クリニック,,神奈川県,,,,,,,美容クリニック関連サービス,営業中（推定）,,未収集,収集元推奨: 日本美容外科学会(JSAS)会員 / 各クリニック公式サイト
4445,,美容クリニック,,神奈川県,,,,,,,美容クリニック関連サービス,営業中（推定）,,未収集,収集元推奨: 日本美容外科学会(JSAS)会員 / 各クリニック公式サイト
4446,,美容クリニック,,神奈川県,,,,,,,美容クリニック関連サービス,営業中（推定）,,未収集,収集元推奨: 日本美容外科学会(JSAS)会員 / 各クリニック公式サイト
4447,,美容クリニック,,神奈川県,,,,,,,美容クリニック関連サービス,営業中（推定）,,未収集,収集元推奨: 日本美容外科学会(JSAS)会員 / 各クリニック公式サイト
4448,,美容クリニック,,神奈川県,,,,,,,美容クリニック関連サービス,営業中（推定）,,未収集,収集元推奨: 日本美容外科学会(JSAS)会員 / 各クリニック公式サイト
4449,,美容クリニック,,神奈川県,,,,,,,美容クリニック関連サービス,営業中（推定）,,未収集,収集元推奨: 日本美容外科学会(JSAS)会員 / 各クリニック公式サイト
4450,,美容クリニック,,神奈川県,,,,,,,美容クリニック関連サービス,営業中（推定）,,未収集,収集元推奨: 日本美容外科学会(JSAS)会員 / 各クリニック公式サイト
4451,,美容クリニック,,神奈川県,,,,,,,美容クリニック関連サービス,営業中（推定）,,未収集,収集元推奨: 日本美容外科学会(JSAS)会員 / 各クリニック公式サイト
4452,,美容クリニック,,神奈川県,,,,,,,美容クリニック関連サービス,営業中（推定）,,未収集,収集元推奨: 日本美容外科学会(JSAS)会員 / 各クリニック公式サイト
4453,,美容クリニック,,神奈川県,,,,,,,美容クリニック関連サービス,営業中（推定）,,未収集,収集元推奨: 日本美容外科学会(JSAS)会員 / 各クリニック公式サイト
4454,,美容クリニック,,神奈川県,,,,,,,美容クリニック関連サービス,営業中（推定）,,未収集,収集元推奨: 日本美容外科学会(JSAS)会員 / 各クリニック公式サイト
4455,,美容クリニック,,神奈川県,,,,,,,美容クリニック関連サービス,営業中（推定）,,未収集,収集元推奨: 日本美容外科学会(JSAS)会員 / 各クリニック公式サイト
4456,,美容クリニック,,神奈川県,,,,,,,美容クリニック関連サービス,営業中（推定）,,未収集,収集元推奨: 日本美容外科学会(JSAS)会員 / 各クリニック公式サイト
4457,,美容クリニック,,神奈川県,,,,,,,美容クリニック関連サービス,営業中（推定）,,未収集,収集元推奨: 日本美容外科学会(JSAS)会員 / 各クリニック公式サイト
4458,,美容クリニック,,神奈川県,,,,,,,美容クリニック関連サービス,営業中（推定）,,未収集,収集元推奨: 日本美容外科学会(JSAS)会員 / 各クリニック公式サイト
4459,,美容クリニック,,神奈川県,,,,,,,美容クリニック関連サービス,営業中（推定）,,未収集,収集元推奨: 日本美容外科学会(JSAS)会員 / 各クリニック公式サイト
4460,,美容クリニック,,神奈川県,,,,,,,美容クリニック関連サービス,営業中（推定）,,未収集,収集元推奨: 日本美容外科学会(JSAS)会員 / 各クリニック公式サイト
4461,,美容クリニック,,神奈川県,,,,,,,美容クリニック関連サービス,営業中（推定）,,未収集,収集元推奨: 日本美容外科学会(JSAS)会員 / 各クリニック公式サイト
4462,,美容クリニック,,神奈川県,,,,,,,美容クリニック関連サービス,営業中（推定）,,未収集,収集元推奨: 日本美容外科学会(JSAS)会員 / 各クリニック公式サイト
4463,,美容クリニック,,神奈川県,,,,,,,美容クリニック関連サービス,営業中（推定）,,未収集,収集元推奨: 日本美容外科学会(JSAS)会員 / 各クリニック公式サイト
4464,,美容クリニック,,神奈川県,,,,,,,美容クリニック関連サービス,営業中（推定）,,未収集,収集元推奨: 日本美容外科学会(JSAS)会員 / 各クリニック公式サイト
4465,,美容クリニック,,神奈川県,,,,,,,美容クリニック関連サービス,営業中（推定）,,未収集,収集元推奨: 日本美容外科学会(JSAS)会員 / 各クリニック公式サイト
4466,,美容クリニック,,神奈川県,,,,,,,美容クリニック関連サービス,営業中（推定）,,未収集,収集元推奨: 日本美容外科学会(JSAS)会員 / 各クリニック公式サイト
4467,,美容クリニック,,神奈川県,,,,,,,美容クリニック関連サービス,営業中（推定）,,未収集,収集元推奨: 日本美容外科学会(JSAS)会員 / 各クリニック公式サイト
4468,,美容クリニック,,神奈川県,,,,,,,美容クリニック関連サービス,営業中（推定）,,未収集,収集元推奨: 日本美容外科学会(JSAS)会員 / 各クリニック公式サイト
4469,,美容クリニック,,神奈川県,,,,,,,美容クリニック関連サービス,営業中（推定）,,未収集,収集元推奨: 日本美容外科学会(JSAS)会員 / 各クリニック公式サイト
4470,,美容クリニック,,神奈川県,,,,,,,美容クリニック関連サービス,営業中（推定）,,未収集,収集元推奨: 日本美容外科学会(JSAS)会員 / 各クリニック公式サイト
4471,,美容クリニック,,神奈川県,,,,,,,美容クリニック関連サービス,営業中（推定）,,未収集,収集元推奨: 日本美容外科学会(JSAS)会員 / 各クリニック公式サイト
4472,,美容クリニック,,神奈川県,,,,,,,美容クリニック関連サービス,営業中（推定）,,未収集,収集元推奨: 日本美容外科学会(JSAS)会員 / 各クリニック公式サイト
4473,,美容機器メーカー・ディーラー,,神奈川県,,,,,,,美容機器メーカー ディーラー関連サービス,営業中（推定）,,未収集,収集元推奨: BeautyWorld Japan展示会出展者一覧 / 国税庁法人番号DB
4474,,美容機器メーカー・ディーラー,,神奈川県,,,,,,,美容機器メーカー ディーラー関連サービス,営業中（推定）,,未収集,収集元推奨: BeautyWorld Japan展示会出展者一覧 / 国税庁法人番号DB
4475,,美容機器メーカー・ディーラー,,神奈川県,,,,,,,美容機器メーカー ディーラー関連サービス,営業中（推定）,,未収集,収集元推奨: BeautyWorld Japan展示会出展者一覧 / 国税庁法人番号DB
4476,,美容機器メーカー・ディーラー,,神奈川県,,,,,,,美容機器メーカー ディーラー関連サービス,営業中（推定）,,未収集,収集元推奨: BeautyWorld Japan展示会出展者一覧 / 国税庁法人番号DB
4477,,美容機器メーカー・ディーラー,,神奈川県,,,,,,,美容機器メーカー ディーラー関連サービス,営業中（推定）,,未収集,収集元推奨: BeautyWorld Japan展示会出展者一覧 / 国税庁法人番号DB
4478,,美容機器メーカー・ディーラー,,神奈川県,,,,,,,美容機器メーカー ディーラー関連サービス,営業中（推定）,,未収集,収集元推奨: BeautyWorld Japan展示会出展者一覧 / 国税庁法人番号DB
4479,,美容機器メーカー・ディーラー,,神奈川県,,,,,,,美容機器メーカー ディーラー関連サービス,営業中（推定）,,未収集,収集元推奨: BeautyWorld Japan展示会出展者一覧 / 国税庁法人番号DB
4480,,美容機器メーカー・ディーラー,,神奈川県,,,,,,,美容機器メーカー ディーラー関連サービス,営業中（推定）,,未収集,収集元推奨: BeautyWorld Japan展示会出展者一覧 / 国税庁法人番号DB
4481,,美容機器メーカー・ディーラー,,神奈川県,,,,,,,美容機器メーカー ディーラー関連サービス,営業中（推定）,,未収集,収集元推奨: BeautyWorld Japan展示会出展者一覧 / 国税庁法人番号DB
4482,,美容機器メーカー・ディーラー,,神奈川県,,,,,,,美容機器メーカー ディーラー関連サービス,営業中（推定）,,未収集,収集元推奨: BeautyWorld Japan展示会出展者一覧 / 国税庁法人番号DB
4483,,美容機器メーカー・ディーラー,,神奈川県,,,,,,,美容機器メーカー ディーラー関連サービス,営業中（推定）,,未収集,収集元推奨: BeautyWorld Japan展示会出展者一覧 / 国税庁法人番号DB
4484,,美容機器メーカー・ディーラー,,神奈川県,,,,,,,美容機器メーカー ディーラー関連サービス,営業中（推定）,,未収集,収集元推奨: BeautyWorld Japan展示会出展者一覧 / 国税庁法人番号DB
4485,,美容機器メーカー・ディーラー,,神奈川県,,,,,,,美容機器メーカー ディーラー関連サービス,営業中（推定）,,未収集,収集元推奨: BeautyWorld Japan展示会出展者一覧 / 国税庁法人番号DB
4486,,美容機器メーカー・ディーラー,,神奈川県,,,,,,,美容機器メーカー ディーラー関連サービス,営業中（推定）,,未収集,収集元推奨: BeautyWorld Japan展示会出展者一覧 / 国税庁法人番号DB
4487,,美容機器メーカー・ディーラー,,神奈川県,,,,,,,美容機器メーカー ディーラー関連サービス,営業中（推定）,,未収集,収集元推奨: BeautyWorld Japan展示会出展者一覧 / 国税庁法人番号DB
4488,,美容機器メーカー・ディーラー,,神奈川県,,,,,,,美容機器メーカー ディーラー関連サービス,営業中（推定）,,未収集,収集元推奨: BeautyWorld Japan展示会出展者一覧 / 国税庁法人番号DB
4489,,美容機器メーカー・ディーラー,,神奈川県,,,,,,,美容機器メーカー ディーラー関連サービス,営業中（推定）,,未収集,収集元推奨: BeautyWorld Japan展示会出展者一覧 / 国税庁法人番号DB
4490,,美容機器メーカー・ディーラー,,神奈川県,,,,,,,美容機器メーカー ディーラー関連サービス,営業中（推定）,,未収集,収集元推奨: BeautyWorld Japan展示会出展者一覧 / 国税庁法人番号DB
4491,,美容機器メーカー・ディーラー,,神奈川県,,,,,,,美容機器メーカー ディーラー関連サービス,営業中（推定）,,未収集,収集元推奨: BeautyWorld Japan展示会出展者一覧 / 国税庁法人番号DB
4492,,美容機器メーカー・ディーラー,,神奈川県,,,,,,,美容機器メーカー ディーラー関連サービス,営業中（推定）,,未収集,収集元推奨: BeautyWorld Japan展示会出展者一覧 / 国税庁法人番号DB
4493,,美容機器メーカー・ディーラー,,神奈川県,,,,,,,美容機器メーカー ディーラー関連サービス,営業中（推定）,,未収集,収集元推奨: BeautyWorld Japan展示会出展者一覧 / 国税庁法人番号DB
4494,,美容機器メーカー・ディーラー,,神奈川県,,,,,,,美容機器メーカー ディーラー関連サービス,営業中（推定）,,未収集,収集元推奨: BeautyWorld Japan展示会出展者一覧 / 国税庁法人番号DB
4495,,美容機器メーカー・ディーラー,,神奈川県,,,,,,,美容機器メーカー ディーラー関連サービス,営業中（推定）,,未収集,収集元推奨: BeautyWorld Japan展示会出展者一覧 / 国税庁法人番号DB
4496,,美容機器メーカー・ディーラー,,神奈川県,,,,,,,美容機器メーカー ディーラー関連サービス,営業中（推定）,,未収集,収集元推奨: BeautyWorld Japan展示会出展者一覧 / 国税庁法人番号DB
4497,,美容機器メーカー・ディーラー,,神奈川県,,,,,,,美容機器メーカー ディーラー関連サービス,営業中（推定）,,未収集,収集元推奨: BeautyWorld Japan展示会出展者一覧 / 国税庁法人番号DB
4498,,美容機器メーカー・ディーラー,,神奈川県,,,,,,,美容機器メーカー ディーラー関連サービス,営業中（推定）,,未収集,収集元推奨: BeautyWorld Japan展示会出展者一覧 / 国税庁法人番号DB
4499,,美容機器メーカー・ディーラー,,神奈川県,,,,,,,美容機器メーカー ディーラー関連サービス,営業中（推定）,,未収集,収集元推奨: BeautyWorld Japan展示会出展者一覧 / 国税庁法人番号DB
4500,,美容機器メーカー・ディーラー,,神奈川県,,,,,,,美容機器メーカー ディーラー関連サービス,営業中（推定）,,未収集,収集元推奨: BeautyWorld Japan展示会出展者一覧 / 国税庁法人番号DB
4501,,美容機器メーカー・ディーラー,,神奈川県,,,,,,,美容機器メーカー ディーラー関連サービス,営業中（推定）,,未収集,収集元推奨: BeautyWorld Japan展示会出展者一覧 / 国税庁法人番号DB
4502,,美容機器メーカー・ディーラー,,神奈川県,,,,,,,美容機器メーカー ディーラー関連サービス,営業中（推定）,,未収集,収集元推奨: BeautyWorld Japan展示会出展者一覧 / 国税庁法人番号DB
4503,,美容機器メーカー・ディーラー,,神奈川県,,,,,,,美容機器メーカー ディーラー関連サービス,営業中（推定）,,未収集,収集元推奨: BeautyWorld Japan展示会出展者一覧 / 国税庁法人番号DB
4504,,美容機器メーカー・ディーラー,,神奈川県,,,,,,,美容機器メーカー ディーラー関連サービス,営業中（推定）,,未収集,収集元推奨: BeautyWorld Japan展示会出展者一覧 / 国税庁法人番号DB
4505,,美容機器メーカー・ディーラー,,神奈川県,,,,,,,美容機器メーカー ディーラー関連サービス,営業中（推定）,,未収集,収集元推奨: BeautyWorld Japan展示会出展者一覧 / 国税庁法人番号DB
4506,,美容機器メーカー・ディーラー,,神奈川県,,,,,,,美容機器メーカー ディーラー関連サービス,営業中（推定）,,未収集,収集元推奨: BeautyWorld Japan展示会出展者一覧 / 国税庁法人番号DB
4507,,美容機器メーカー・ディーラー,,神奈川県,,,,,,,美容機器メーカー ディーラー関連サービス,営業中（推定）,,未収集,収集元推奨: BeautyWorld Japan展示会出展者一覧 / 国税庁法人番号DB
4508,,美容機器メーカー・ディーラー,,神奈川県,,,,,,,美容機器メーカー ディーラー関連サービス,営業中（推定）,,未収集,収集元推奨: BeautyWorld Japan展示会出展者一覧 / 国税庁法人番号DB
4509,,美容機器メーカー・ディーラー,,神奈川県,,,,,,,美容機器メーカー ディーラー関連サービス,営業中（推定）,,未収集,収集元推奨: BeautyWorld Japan展示会出展者一覧 / 国税庁法人番号DB
4510,,美容機器メーカー・ディーラー,,神奈川県,,,,,,,美容機器メーカー ディーラー関連サービス,営業中（推定）,,未収集,収集元推奨: BeautyWorld Japan展示会出展者一覧 / 国税庁法人番号DB
4511,,美容機器メーカー・ディーラー,,神奈川県,,,,,,,美容機器メーカー ディーラー関連サービス,営業中（推定）,,未収集,収集元推奨: BeautyWorld Japan展示会出展者一覧 / 国税庁法人番号DB
4512,,美容機器メーカー・ディーラー,,神奈川県,,,,,,,美容機器メーカー ディーラー関連サービス,営業中（推定）,,未収集,収集元推奨: BeautyWorld Japan展示会出展者一覧 / 国税庁法人番号DB
4513,,美容機器メーカー・ディーラー,,神奈川県,,,,,,,美容機器メーカー ディーラー関連サービス,営業中（推定）,,未収集,収集元推奨: BeautyWorld Japan展示会出展者一覧 / 国税庁法人番号DB
4514,,美容機器メーカー・ディーラー,,神奈川県,,,,,,,美容機器メーカー ディーラー関連サービス,営業中（推定）,,未収集,収集元推奨: BeautyWorld Japan展示会出展者一覧 / 国税庁法人番号DB
4515,,美容機器メーカー・ディーラー,,神奈川県,,,,,,,美容機器メーカー ディーラー関連サービス,営業中（推定）,,未収集,収集元推奨: BeautyWorld Japan展示会出展者一覧 / 国税庁法人番号DB
4516,,美容機器メーカー・ディーラー,,神奈川県,,,,,,,美容機器メーカー ディーラー関連サービス,営業中（推定）,,未収集,収集元推奨: BeautyWorld Japan展示会出展者一覧 / 国税庁法人番号DB
4517,,美容機器メーカー・ディーラー,,神奈川県,,,,,,,美容機器メーカー ディーラー関連サービス,営業中（推定）,,未収集,収集元推奨: BeautyWorld Japan展示会出展者一覧 / 国税庁法人番号DB
4518,,化粧品メーカー,,神奈川県,,,,,,,化粧品メーカー関連サービス,営業中（推定）,,未収集,収集元推奨: 日本化粧品工業会(JCIA)会員 / 国税庁法人番号DB
4519,,化粧品メーカー,,神奈川県,,,,,,,化粧品メーカー関連サービス,営業中（推定）,,未収集,収集元推奨: 日本化粧品工業会(JCIA)会員 / 国税庁法人番号DB
4520,,化粧品メーカー,,神奈川県,,,,,,,化粧品メーカー関連サービス,営業中（推定）,,未収集,収集元推奨: 日本化粧品工業会(JCIA)会員 / 国税庁法人番号DB
4521,,化粧品メーカー,,神奈川県,,,,,,,化粧品メーカー関連サービス,営業中（推定）,,未収集,収集元推奨: 日本化粧品工業会(JCIA)会員 / 国税庁法人番号DB
4522,,化粧品メーカー,,神奈川県,,,,,,,化粧品メーカー関連サービス,営業中（推定）,,未収集,収集元推奨: 日本化粧品工業会(JCIA)会員 / 国税庁法人番号DB
4523,,化粧品メーカー,,神奈川県,,,,,,,化粧品メーカー関連サービス,営業中（推定）,,未収集,収集元推奨: 日本化粧品工業会(JCIA)会員 / 国税庁法人番号DB
4524,,化粧品メーカー,,神奈川県,,,,,,,化粧品メーカー関連サービス,営業中（推定）,,未収集,収集元推奨: 日本化粧品工業会(JCIA)会員 / 国税庁法人番号DB
4525,,化粧品メーカー,,神奈川県,,,,,,,化粧品メーカー関連サービス,営業中（推定）,,未収集,収集元推奨: 日本化粧品工業会(JCIA)会員 / 国税庁法人番号DB
4526,,化粧品メーカー,,神奈川県,,,,,,,化粧品メーカー関連サービス,営業中（推定）,,未収集,収集元推奨: 日本化粧品工業会(JCIA)会員 / 国税庁法人番号DB
4527,,化粧品メーカー,,神奈川県,,,,,,,化粧品メーカー関連サービス,営業中（推定）,,未収集,収集元推奨: 日本化粧品工業会(JCIA)会員 / 国税庁法人番号DB
4528,,化粧品メーカー,,神奈川県,,,,,,,化粧品メーカー関連サービス,営業中（推定）,,未収集,収集元推奨: 日本化粧品工業会(JCIA)会員 / 国税庁法人番号DB
4529,,化粧品メーカー,,神奈川県,,,,,,,化粧品メーカー関連サービス,営業中（推定）,,未収集,収集元推奨: 日本化粧品工業会(JCIA)会員 / 国税庁法人番号DB
4530,,化粧品メーカー,,神奈川県,,,,,,,化粧品メーカー関連サービス,営業中（推定）,,未収集,収集元推奨: 日本化粧品工業会(JCIA)会員 / 国税庁法人番号DB
4531,,化粧品メーカー,,神奈川県,,,,,,,化粧品メーカー関連サービス,営業中（推定）,,未収集,収集元推奨: 日本化粧品工業会(JCIA)会員 / 国税庁法人番号DB
4532,,化粧品メーカー,,神奈川県,,,,,,,化粧品メーカー関連サービス,営業中（推定）,,未収集,収集元推奨: 日本化粧品工業会(JCIA)会員 / 国税庁法人番号DB
4533,,化粧品メーカー,,神奈川県,,,,,,,化粧品メーカー関連サービス,営業中（推定）,,未収集,収集元推奨: 日本化粧品工業会(JCIA)会員 / 国税庁法人番号DB
4534,,化粧品メーカー,,神奈川県,,,,,,,化粧品メーカー関連サービス,営業中（推定）,,未収集,収集元推奨: 日本化粧品工業会(JCIA)会員 / 国税庁法人番号DB
4535,,化粧品メーカー,,神奈川県,,,,,,,化粧品メーカー関連サービス,営業中（推定）,,未収集,収集元推奨: 日本化粧品工業会(JCIA)会員 / 国税庁法人番号DB
4536,,化粧品メーカー,,神奈川県,,,,,,,化粧品メーカー関連サービス,営業中（推定）,,未収集,収集元推奨: 日本化粧品工業会(JCIA)会員 / 国税庁法人番号DB
4537,,化粧品メーカー,,神奈川県,,,,,,,化粧品メーカー関連サービス,営業中（推定）,,未収集,収集元推奨: 日本化粧品工業会(JCIA)会員 / 国税庁法人番号DB
4538,,化粧品メーカー,,神奈川県,,,,,,,化粧品メーカー関連サービス,営業中（推定）,,未収集,収集元推奨: 日本化粧品工業会(JCIA)会員 / 国税庁法人番号DB
4539,,化粧品メーカー,,神奈川県,,,,,,,化粧品メーカー関連サービス,営業中（推定）,,未収集,収集元推奨: 日本化粧品工業会(JCIA)会員 / 国税庁法人番号DB
4540,,化粧品メーカー,,神奈川県,,,,,,,化粧品メーカー関連サービス,営業中（推定）,,未収集,収集元推奨: 日本化粧品工業会(JCIA)会員 / 国税庁法人番号DB
4541,,化粧品メーカー,,神奈川県,,,,,,,化粧品メーカー関連サービス,営業中（推定）,,未収集,収集元推奨: 日本化粧品工業会(JCIA)会員 / 国税庁法人番号DB
4542,,化粧品メーカー,,神奈川県,,,,,,,化粧品メーカー関連サービス,営業中（推定）,,未収集,収集元推奨: 日本化粧品工業会(JCIA)会員 / 国税庁法人番号DB
4543,,化粧品メーカー,,神奈川県,,,,,,,化粧品メーカー関連サービス,営業中（推定）,,未収集,収集元推奨: 日本化粧品工業会(JCIA)会員 / 国税庁法人番号DB
4544,,化粧品メーカー,,神奈川県,,,,,,,化粧品メーカー関連サービス,営業中（推定）,,未収集,収集元推奨: 日本化粧品工業会(JCIA)会員 / 国税庁法人番号DB
4545,,化粧品メーカー,,神奈川県,,,,,,,化粧品メーカー関連サービス,営業中（推定）,,未収集,収集元推奨: 日本化粧品工業会(JCIA)会員 / 国税庁法人番号DB
4546,,化粧品メーカー,,神奈川県,,,,,,,化粧品メーカー関連サービス,営業中（推定）,,未収集,収集元推奨: 日本化粧品工業会(JCIA)会員 / 国税庁法人番号DB
4547,,化粧品メーカー,,神奈川県,,,,,,,化粧品メーカー関連サービス,営業中（推定）,,未収集,収集元推奨: 日本化粧品工業会(JCIA)会員 / 国税庁法人番号DB
4548,,化粧品メーカー,,神奈川県,,,,,,,化粧品メーカー関連サービス,営業中（推定）,,未収集,収集元推奨: 日本化粧品工業会(JCIA)会員 / 国税庁法人番号DB
4549,,化粧品メーカー,,神奈川県,,,,,,,化粧品メーカー関連サービス,営業中（推定）,,未収集,収集元推奨: 日本化粧品工業会(JCIA)会員 / 国税庁法人番号DB
4550,,化粧品メーカー,,神奈川県,,,,,,,化粧品メーカー関連サービス,営業中（推定）,,未収集,収集元推奨: 日本化粧品工業会(JCIA)会員 / 国税庁法人番号DB
4551,,化粧品メーカー,,神奈川県,,,,,,,化粧品メーカー関連サービス,営業中（推定）,,未収集,収集元推奨: 日本化粧品工業会(JCIA)会員 / 国税庁法人番号DB
4552,,化粧品メーカー,,神奈川県,,,,,,,化粧品メーカー関連サービス,営業中（推定）,,未収集,収集元推奨: 日本化粧品工業会(JCIA)会員 / 国税庁法人番号DB
4553,,化粧品メーカー,,神奈川県,,,,,,,化粧品メーカー関連サービス,営業中（推定）,,未収集,収集元推奨: 日本化粧品工業会(JCIA)会員 / 国税庁法人番号DB
4554,,化粧品メーカー,,神奈川県,,,,,,,化粧品メーカー関連サービス,営業中（推定）,,未収集,収集元推奨: 日本化粧品工業会(JCIA)会員 / 国税庁法人番号DB
4555,,化粧品メーカー,,神奈川県,,,,,,,化粧品メーカー関連サービス,営業中（推定）,,未収集,収集元推奨: 日本化粧品工業会(JCIA)会員 / 国税庁法人番号DB
4556,,化粧品メーカー,,神奈川県,,,,,,,化粧品メーカー関連サービス,営業中（推定）,,未収集,収集元推奨: 日本化粧品工業会(JCIA)会員 / 国税庁法人番号DB
4557,,化粧品メーカー,,神奈川県,,,,,,,化粧品メーカー関連サービス,営業中（推定）,,未収集,収集元推奨: 日本化粧品工業会(JCIA)会員 / 国税庁法人番号DB
4558,,化粧品メーカー,,神奈川県,,,,,,,化粧品メーカー関連サービス,営業中（推定）,,未収集,収集元推奨: 日本化粧品工業会(JCIA)会員 / 国税庁法人番号DB
4559,,化粧品メーカー,,神奈川県,,,,,,,化粧品メーカー関連サービス,営業中（推定）,,未収集,収集元推奨: 日本化粧品工業会(JCIA)会員 / 国税庁法人番号DB
4560,,化粧品メーカー,,神奈川県,,,,,,,化粧品メーカー関連サービス,営業中（推定）,,未収集,収集元推奨: 日本化粧品工業会(JCIA)会員 / 国税庁法人番号DB
4561,,化粧品メーカー,,神奈川県,,,,,,,化粧品メーカー関連サービス,営業中（推定）,,未収集,収集元推奨: 日本化粧品工業会(JCIA)会員 / 国税庁法人番号DB
4562,,化粧品メーカー,,神奈川県,,,,,,,化粧品メーカー関連サービス,営業中（推定）,,未収集,収集元推奨: 日本化粧品工業会(JCIA)会員 / 国税庁法人番号DB
4563,,化粧品メーカー,,神奈川県,,,,,,,化粧品メーカー関連サービス,営業中（推定）,,未収集,収集元推奨: 日本化粧品工業会(JCIA)会員 / 国税庁法人番号DB
4564,,化粧品メーカー,,神奈川県,,,,,,,化粧品メーカー関連サービス,営業中（推定）,,未収集,収集元推奨: 日本化粧品工業会(JCIA)会員 / 国税庁法人番号DB
4565,,化粧品メーカー,,神奈川県,,,,,,,化粧品メーカー関連サービス,営業中（推定）,,未収集,収集元推奨: 日本化粧品工業会(JCIA)会員 / 国税庁法人番号DB
4566,,化粧品メーカー,,神奈川県,,,,,,,化粧品メーカー関連サービス,営業中（推定）,,未収集,収集元推奨: 日本化粧品工業会(JCIA)会員 / 国税庁法人番号DB
4567,,化粧品メーカー,,神奈川県,,,,,,,化粧品メーカー関連サービス,営業中（推定）,,未収集,収集元推奨: 日本化粧品工業会(JCIA)会員 / 国税庁法人番号DB
4568,,化粧品メーカー,,神奈川県,,,,,,,化粧品メーカー関連サービス,営業中（推定）,,未収集,収集元推奨: 日本化粧品工業会(JCIA)会員 / 国税庁法人番号DB
4569,,化粧品メーカー,,神奈川県,,,,,,,化粧品メーカー関連サービス,営業中（推定）,,未収集,収集元推奨: 日本化粧品工業会(JCIA)会員 / 国税庁法人番号DB
4570,,化粧品メーカー,,神奈川県,,,,,,,化粧品メーカー関連サービス,営業中（推定）,,未収集,収集元推奨: 日本化粧品工業会(JCIA)会員 / 国税庁法人番号DB
4571,,化粧品メーカー,,神奈川県,,,,,,,化粧品メーカー関連サービス,営業中（推定）,,未収集,収集元推奨: 日本化粧品工業会(JCIA)会員 / 国税庁法人番号DB
4572,,化粧品メーカー,,神奈川県,,,,,,,化粧品メーカー関連サービス,営業中（推定）,,未収集,収集元推奨: 日本化粧品工業会(JCIA)会員 / 国税庁法人番号DB
4573,,化粧品メーカー,,神奈川県,,,,,,,化粧品メーカー関連サービス,営業中（推定）,,未収集,収集元推奨: 日本化粧品工業会(JCIA)会員 / 国税庁法人番号DB
4574,,化粧品メーカー,,神奈川県,,,,,,,化粧品メーカー関連サービス,営業中（推定）,,未収集,収集元推奨: 日本化粧品工業会(JCIA)会員 / 国税庁法人番号DB
4575,,化粧品メーカー,,神奈川県,,,,,,,化粧品メーカー関連サービス,営業中（推定）,,未収集,収集元推奨: 日本化粧品工業会(JCIA)会員 / 国税庁法人番号DB
4576,,化粧品メーカー,,神奈川県,,,,,,,化粧品メーカー関連サービス,営業中（推定）,,未収集,収集元推奨: 日本化粧品工業会(JCIA)会員 / 国税庁法人番号DB
4577,,化粧品メーカー,,神奈川県,,,,,,,化粧品メーカー関連サービス,営業中（推定）,,未収集,収集元推奨: 日本化粧品工業会(JCIA)会員 / 国税庁法人番号DB
4578,,ヘアサロン・サロンオーナー,,神奈川県,,,,,,,ヘアサロン サロンオーナー関連サービス,営業中（推定）,,未収集,収集元推奨: ホットペッパービューティー / 美容師会 / iタウンページ
4579,,ヘアサロン・サロンオーナー,,神奈川県,,,,,,,ヘアサロン サロンオーナー関連サービス,営業中（推定）,,未収集,収集元推奨: ホットペッパービューティー / 美容師会 / iタウンページ
4580,,ヘアサロン・サロンオーナー,,神奈川県,,,,,,,ヘアサロン サロンオーナー関連サービス,営業中（推定）,,未収集,収集元推奨: ホットペッパービューティー / 美容師会 / iタウンページ
4581,,ヘアサロン・サロンオーナー,,神奈川県,,,,,,,ヘアサロン サロンオーナー関連サービス,営業中（推定）,,未収集,収集元推奨: ホットペッパービューティー / 美容師会 / iタウンページ
4582,,ヘアサロン・サロンオーナー,,神奈川県,,,,,,,ヘアサロン サロンオーナー関連サービス,営業中（推定）,,未収集,収集元推奨: ホットペッパービューティー / 美容師会 / iタウンページ
4583,,ヘアサロン・サロンオーナー,,神奈川県,,,,,,,ヘアサロン サロンオーナー関連サービス,営業中（推定）,,未収集,収集元推奨: ホットペッパービューティー / 美容師会 / iタウンページ
4584,,ヘアサロン・サロンオーナー,,神奈川県,,,,,,,ヘアサロン サロンオーナー関連サービス,営業中（推定）,,未収集,収集元推奨: ホットペッパービューティー / 美容師会 / iタウンページ
4585,,ヘアサロン・サロンオーナー,,神奈川県,,,,,,,ヘアサロン サロンオーナー関連サービス,営業中（推定）,,未収集,収集元推奨: ホットペッパービューティー / 美容師会 / iタウンページ
4586,,ヘアサロン・サロンオーナー,,神奈川県,,,,,,,ヘアサロン サロンオーナー関連サービス,営業中（推定）,,未収集,収集元推奨: ホットペッパービューティー / 美容師会 / iタウンページ
4587,,ヘアサロン・サロンオーナー,,神奈川県,,,,,,,ヘアサロン サロンオーナー関連サービス,営業中（推定）,,未収集,収集元推奨: ホットペッパービューティー / 美容師会 / iタウンページ
4588,,ヘアサロン・サロンオーナー,,神奈川県,,,,,,,ヘアサロン サロンオーナー関連サービス,営業中（推定）,,未収集,収集元推奨: ホットペッパービューティー / 美容師会 / iタウンページ
4589,,ヘアサロン・サロンオーナー,,神奈川県,,,,,,,ヘアサロン サロンオーナー関連サービス,営業中（推定）,,未収集,収集元推奨: ホットペッパービューティー / 美容師会 / iタウンページ
4590,,ヘアサロン・サロンオーナー,,神奈川県,,,,,,,ヘアサロン サロンオーナー関連サービス,営業中（推定）,,未収集,収集元推奨: ホットペッパービューティー / 美容師会 / iタウンページ
4591,,ヘアサロン・サロンオーナー,,神奈川県,,,,,,,ヘアサロン サロンオーナー関連サービス,営業中（推定）,,未収集,収集元推奨: ホットペッパービューティー / 美容師会 / iタウンページ
4592,,ヘアサロン・サロンオーナー,,神奈川県,,,,,,,ヘアサロン サロンオーナー関連サービス,営業中（推定）,,未収集,収集元推奨: ホットペッパービューティー / 美容師会 / iタウンページ
4593,,ヘアサロン・サロンオーナー,,神奈川県,,,,,,,ヘアサロン サロンオーナー関連サービス,営業中（推定）,,未収集,収集元推奨: ホットペッパービューティー / 美容師会 / iタウンページ
4594,,ヘアサロン・サロンオーナー,,神奈川県,,,,,,,ヘアサロン サロンオーナー関連サービス,営業中（推定）,,未収集,収集元推奨: ホットペッパービューティー / 美容師会 / iタウンページ
4595,,ヘアサロン・サロンオーナー,,神奈川県,,,,,,,ヘアサロン サロンオーナー関連サービス,営業中（推定）,,未収集,収集元推奨: ホットペッパービューティー / 美容師会 / iタウンページ
4596,,ヘアサロン・サロンオーナー,,神奈川県,,,,,,,ヘアサロン サロンオーナー関連サービス,営業中（推定）,,未収集,収集元推奨: ホットペッパービューティー / 美容師会 / iタウンページ
4597,,ヘアサロン・サロンオーナー,,神奈川県,,,,,,,ヘアサロン サロンオーナー関連サービス,営業中（推定）,,未収集,収集元推奨: ホットペッパービューティー / 美容師会 / iタウンページ
4598,,ヘアサロン・サロンオーナー,,神奈川県,,,,,,,ヘアサロン サロンオーナー関連サービス,営業中（推定）,,未収集,収集元推奨: ホットペッパービューティー / 美容師会 / iタウンページ
4599,,ヘアサロン・サロンオーナー,,神奈川県,,,,,,,ヘアサロン サロンオーナー関連サービス,営業中（推定）,,未収集,収集元推奨: ホットペッパービューティー / 美容師会 / iタウンページ
4600,,ヘアサロン・サロンオーナー,,神奈川県,,,,,,,ヘアサロン サロンオーナー関連サービス,営業中（推定）,,未収集,収集元推奨: ホットペッパービューティー / 美容師会 / iタウンページ
4601,,ヘアサロン・サロンオーナー,,神奈川県,,,,,,,ヘアサロン サロンオーナー関連サービス,営業中（推定）,,未収集,収集元推奨: ホットペッパービューティー / 美容師会 / iタウンページ
4602,,ヘアサロン・サロンオーナー,,神奈川県,,,,,,,ヘアサロン サロンオーナー関連サービス,営業中（推定）,,未収集,収集元推奨: ホットペッパービューティー / 美容師会 / iタウンページ
4603,,ヘアサロン・サロンオーナー,,神奈川県,,,,,,,ヘアサロン サロンオーナー関連サービス,営業中（推定）,,未収集,収集元推奨: ホットペッパービューティー / 美容師会 / iタウンページ
4604,,ヘアサロン・サロンオーナー,,神奈川県,,,,,,,ヘアサロン サロンオーナー関連サービス,営業中（推定）,,未収集,収集元推奨: ホットペッパービューティー / 美容師会 / iタウンページ
4605,,ヘアサロン・サロンオーナー,,神奈川県,,,,,,,ヘアサロン サロンオーナー関連サービス,営業中（推定）,,未収集,収集元推奨: ホットペッパービューティー / 美容師会 / iタウンページ
4606,,ヘアサロン・サロンオーナー,,神奈川県,,,,,,,ヘアサロン サロンオーナー関連サービス,営業中（推定）,,未収集,収集元推奨: ホットペッパービューティー / 美容師会 / iタウンページ
4607,,ヘアサロン・サロンオーナー,,神奈川県,,,,,,,ヘアサロン サロンオーナー関連サービス,営業中（推定）,,未収集,収集元推奨: ホットペッパービューティー / 美容師会 / iタウンページ
4608,,ヘアサロン・サロンオーナー,,神奈川県,,,,,,,ヘアサロン サロンオーナー関連サービス,営業中（推定）,,未収集,収集元推奨: ホットペッパービューティー / 美容師会 / iタウンページ
4609,,ヘアサロン・サロンオーナー,,神奈川県,,,,,,,ヘアサロン サロンオーナー関連サービス,営業中（推定）,,未収集,収集元推奨: ホットペッパービューティー / 美容師会 / iタウンページ
4610,,ヘアサロン・サロンオーナー,,神奈川県,,,,,,,ヘアサロン サロンオーナー関連サービス,営業中（推定）,,未収集,収集元推奨: ホットペッパービューティー / 美容師会 / iタウンページ
4611,,ヘアサロン・サロンオーナー,,神奈川県,,,,,,,ヘアサロン サロンオーナー関連サービス,営業中（推定）,,未収集,収集元推奨: ホットペッパービューティー / 美容師会 / iタウンページ
4612,,ヘアサロン・サロンオーナー,,神奈川県,,,,,,,ヘアサロン サロンオーナー関連サービス,営業中（推定）,,未収集,収集元推奨: ホットペッパービューティー / 美容師会 / iタウンページ
4613,,ヘアサロン・サロンオーナー,,神奈川県,,,,,,,ヘアサロン サロンオーナー関連サービス,営業中（推定）,,未収集,収集元推奨: ホットペッパービューティー / 美容師会 / iタウンページ
4614,,ヘアサロン・サロンオーナー,,神奈川県,,,,,,,ヘアサロン サロンオーナー関連サービス,営業中（推定）,,未収集,収集元推奨: ホットペッパービューティー / 美容師会 / iタウンページ
4615,,ヘアサロン・サロンオーナー,,神奈川県,,,,,,,ヘアサロン サロンオーナー関連サービス,営業中（推定）,,未収集,収集元推奨: ホットペッパービューティー / 美容師会 / iタウンページ
4616,,ヘアサロン・サロンオーナー,,神奈川県,,,,,,,ヘアサロン サロンオーナー関連サービス,営業中（推定）,,未収集,収集元推奨: ホットペッパービューティー / 美容師会 / iタウンページ
4617,,ヘアサロン・サロンオーナー,,神奈川県,,,,,,,ヘアサロン サロンオーナー関連サービス,営業中（推定）,,未収集,収集元推奨: ホットペッパービューティー / 美容師会 / iタウンページ
4618,,ヘアサロン・サロンオーナー,,神奈川県,,,,,,,ヘアサロン サロンオーナー関連サービス,営業中（推定）,,未収集,収集元推奨: ホットペッパービューティー / 美容師会 / iタウンページ
4619,,ヘアサロン・サロンオーナー,,神奈川県,,,,,,,ヘアサロン サロンオーナー関連サービス,営業中（推定）,,未収集,収集元推奨: ホットペッパービューティー / 美容師会 / iタウンページ
4620,,ヘアサロン・サロンオーナー,,神奈川県,,,,,,,ヘアサロン サロンオーナー関連サービス,営業中（推定）,,未収集,収集元推奨: ホットペッパービューティー / 美容師会 / iタウンページ
4621,,ヘアサロン・サロンオーナー,,神奈川県,,,,,,,ヘアサロン サロンオーナー関連サービス,営業中（推定）,,未収集,収集元推奨: ホットペッパービューティー / 美容師会 / iタウンページ
4622,,ヘアサロン・サロンオーナー,,神奈川県,,,,,,,ヘアサロン サロンオーナー関連サービス,営業中（推定）,,未収集,収集元推奨: ホットペッパービューティー / 美容師会 / iタウンページ
4623,,ヘアサロン・サロンオーナー,,神奈川県,,,,,,,ヘアサロン サロンオーナー関連サービス,営業中（推定）,,未収集,収集元推奨: ホットペッパービューティー / 美容師会 / iタウンページ
4624,,ヘアサロン・サロンオーナー,,神奈川県,,,,,,,ヘアサロン サロンオーナー関連サービス,営業中（推定）,,未収集,収集元推奨: ホットペッパービューティー / 美容師会 / iタウンページ
4625,,ヘアサロン・サロンオーナー,,神奈川県,,,,,,,ヘアサロン サロンオーナー関連サービス,営業中（推定）,,未収集,収集元推奨: ホットペッパービューティー / 美容師会 / iタウンページ
4626,,ヘアサロン・サロンオーナー,,神奈川県,,,,,,,ヘアサロン サロンオーナー関連サービス,営業中（推定）,,未収集,収集元推奨: ホットペッパービューティー / 美容師会 / iタウンページ
4627,,ヘアサロン・サロンオーナー,,神奈川県,,,,,,,ヘアサロン サロンオーナー関連サービス,営業中（推定）,,未収集,収集元推奨: ホットペッパービューティー / 美容師会 / iタウンページ
4628,,ヘアサロン・サロンオーナー,,神奈川県,,,,,,,ヘアサロン サロンオーナー関連サービス,営業中（推定）,,未収集,収集元推奨: ホットペッパービューティー / 美容師会 / iタウンページ
4629,,ヘアサロン・サロンオーナー,,神奈川県,,,,,,,ヘアサロン サロンオーナー関連サービス,営業中（推定）,,未収集,収集元推奨: ホットペッパービューティー / 美容師会 / iタウンページ
4630,,ヘアサロン・サロンオーナー,,神奈川県,,,,,,,ヘアサロン サロンオーナー関連サービス,営業中（推定）,,未収集,収集元推奨: ホットペッパービューティー / 美容師会 / iタウンページ
4631,,ヘアサロン・サロンオーナー,,神奈川県,,,,,,,ヘアサロン サロンオーナー関連サービス,営業中（推定）,,未収集,収集元推奨: ホットペッパービューティー / 美容師会 / iタウンページ
4632,,ヘアサロン・サロンオーナー,,神奈川県,,,,,,,ヘアサロン サロンオーナー関連サービス,営業中（推定）,,未収集,収集元推奨: ホットペッパービューティー / 美容師会 / iタウンページ
4633,,ヘアサロン・サロンオーナー,,神奈川県,,,,,,,ヘアサロン サロンオーナー関連サービス,営業中（推定）,,未収集,収集元推奨: ホットペッパービューティー / 美容師会 / iタウンページ
4634,,ヘアサロン・サロンオーナー,,神奈川県,,,,,,,ヘアサロン サロンオーナー関連サービス,営業中（推定）,,未収集,収集元推奨: ホットペッパービューティー / 美容師会 / iタウンページ
4635,,ヘアサロン・サロンオーナー,,神奈川県,,,,,,,ヘアサロン サロンオーナー関連サービス,営業中（推定）,,未収集,収集元推奨: ホットペッパービューティー / 美容師会 / iタウンページ
4636,,ヘアサロン・サロンオーナー,,神奈川県,,,,,,,ヘアサロン サロンオーナー関連サービス,営業中（推定）,,未収集,収集元推奨: ホットペッパービューティー / 美容師会 / iタウンページ
4637,,ヘアサロン・サロンオーナー,,神奈川県,,,,,,,ヘアサロン サロンオーナー関連サービス,営業中（推定）,,未収集,収集元推奨: ホットペッパービューティー / 美容師会 / iタウンページ
4638,,IT・AI×美容,,神奈川県,,,,,,,IT AI×美容関連サービス,営業中（推定）,,未収集,収集元推奨: スタートアップDB / PRTIMES / 展示会(BeautyTech系)
4639,,IT・AI×美容,,神奈川県,,,,,,,IT AI×美容関連サービス,営業中（推定）,,未収集,収集元推奨: スタートアップDB / PRTIMES / 展示会(BeautyTech系)
4640,,IT・AI×美容,,神奈川県,,,,,,,IT AI×美容関連サービス,営業中（推定）,,未収集,収集元推奨: スタートアップDB / PRTIMES / 展示会(BeautyTech系)
4641,,IT・AI×美容,,神奈川県,,,,,,,IT AI×美容関連サービス,営業中（推定）,,未収集,収集元推奨: スタートアップDB / PRTIMES / 展示会(BeautyTech系)
4642,,IT・AI×美容,,神奈川県,,,,,,,IT AI×美容関連サービス,営業中（推定）,,未収集,収集元推奨: スタートアップDB / PRTIMES / 展示会(BeautyTech系)
4643,,IT・AI×美容,,神奈川県,,,,,,,IT AI×美容関連サービス,営業中（推定）,,未収集,収集元推奨: スタートアップDB / PRTIMES / 展示会(BeautyTech系)
4644,,IT・AI×美容,,神奈川県,,,,,,,IT AI×美容関連サービス,営業中（推定）,,未収集,収集元推奨: スタートアップDB / PRTIMES / 展示会(BeautyTech系)
4645,,IT・AI×美容,,神奈川県,,,,,,,IT AI×美容関連サービス,営業中（推定）,,未収集,収集元推奨: スタートアップDB / PRTIMES / 展示会(BeautyTech系)
4646,,IT・AI×美容,,神奈川県,,,,,,,IT AI×美容関連サービス,営業中（推定）,,未収集,収集元推奨: スタートアップDB / PRTIMES / 展示会(BeautyTech系)
4647,,IT・AI×美容,,神奈川県,,,,,,,IT AI×美容関連サービス,営業中（推定）,,未収集,収集元推奨: スタートアップDB / PRTIMES / 展示会(BeautyTech系)
4648,,IT・AI×美容,,神奈川県,,,,,,,IT AI×美容関連サービス,営業中（推定）,,未収集,収集元推奨: スタートアップDB / PRTIMES / 展示会(BeautyTech系)
4649,,IT・AI×美容,,神奈川県,,,,,,,IT AI×美容関連サービス,営業中（推定）,,未収集,収集元推奨: スタートアップDB / PRTIMES / 展示会(BeautyTech系)
4650,,IT・AI×美容,,神奈川県,,,,,,,IT AI×美容関連サービス,営業中（推定）,,未収集,収集元推奨: スタートアップDB / PRTIMES / 展示会(BeautyTech系)
4651,,IT・AI×美容,,神奈川県,,,,,,,IT AI×美容関連サービス,営業中（推定）,,未収集,収集元推奨: スタートアップDB / PRTIMES / 展示会(BeautyTech系)
4652,,IT・AI×美容,,神奈川県,,,,,,,IT AI×美容関連サービス,営業中（推定）,,未収集,収集元推奨: スタートアップDB / PRTIMES / 展示会(BeautyTech系)
4653,,IT・AI×美容,,神奈川県,,,,,,,IT AI×美容関連サービス,営業中（推定）,,未収集,収集元推奨: スタートアップDB / PRTIMES / 展示会(BeautyTech系)
4654,,IT・AI×美容,,神奈川県,,,,,,,IT AI×美容関連サービス,営業中（推定）,,未収集,収集元推奨: スタートアップDB / PRTIMES / 展示会(BeautyTech系)
4655,,IT・AI×美容,,神奈川県,,,,,,,IT AI×美容関連サービス,営業中（推定）,,未収集,収集元推奨: スタートアップDB / PRTIMES / 展示会(BeautyTech系)
4656,,IT・AI×美容,,神奈川県,,,,,,,IT AI×美容関連サービス,営業中（推定）,,未収集,収集元推奨: スタートアップDB / PRTIMES / 展示会(BeautyTech系)
4657,,IT・AI×美容,,神奈川県,,,,,,,IT AI×美容関連サービス,営業中（推定）,,未収集,収集元推奨: スタートアップDB / PRTIMES / 展示会(BeautyTech系)
4658,,IT・AI×美容,,神奈川県,,,,,,,IT AI×美容関連サービス,営業中（推定）,,未収集,収集元推奨: スタートアップDB / PRTIMES / 展示会(BeautyTech系)
4659,,IT・AI×美容,,神奈川県,,,,,,,IT AI×美容関連サービス,営業中（推定）,,未収集,収集元推奨: スタートアップDB / PRTIMES / 展示会(BeautyTech系)
4660,,IT・AI×美容,,神奈川県,,,,,,,IT AI×美容関連サービス,営業中（推定）,,未収集,収集元推奨: スタートアップDB / PRTIMES / 展示会(BeautyTech系)
4661,,IT・AI×美容,,神奈川県,,,,,,,IT AI×美容関連サービス,営業中（推定）,,未収集,収集元推奨: スタートアップDB / PRTIMES / 展示会(BeautyTech系)
4662,,IT・AI×美容,,神奈川県,,,,,,,IT AI×美容関連サービス,営業中（推定）,,未収集,収集元推奨: スタートアップDB / PRTIMES / 展示会(BeautyTech系)
4663,,IT・AI×美容,,神奈川県,,,,,,,IT AI×美容関連サービス,営業中（推定）,,未収集,収集元推奨: スタートアップDB / PRTIMES / 展示会(BeautyTech系)
4664,,IT・AI×美容,,神奈川県,,,,,,,IT AI×美容関連サービス,営業中（推定）,,未収集,収集元推奨: スタートアップDB / PRTIMES / 展示会(BeautyTech系)
4665,,IT・AI×美容,,神奈川県,,,,,,,IT AI×美容関連サービス,営業中（推定）,,未収集,収集元推奨: スタートアップDB / PRTIMES / 展示会(BeautyTech系)
4666,,IT・AI×美容,,神奈川県,,,,,,,IT AI×美容関連サービス,営業中（推定）,,未収集,収集元推奨: スタートアップDB / PRTIMES / 展示会(BeautyTech系)
4667,,IT・AI×美容,,神奈川県,,,,,,,IT AI×美容関連サービス,営業中（推定）,,未収集,収集元推奨: スタートアップDB / PRTIMES / 展示会(BeautyTech系)
4668,,IT・AI×美容,,神奈川県,,,,,,,IT AI×美容関連サービス,営業中（推定）,,未収集,収集元推奨: スタートアップDB / PRTIMES / 展示会(BeautyTech系)
4669,,IT・AI×美容,,神奈川県,,,,,,,IT AI×美容関連サービス,営業中（推定）,,未収集,収集元推奨: スタートアップDB / PRTIMES / 展示会(BeautyTech系)
4670,,IT・AI×美容,,神奈川県,,,,,,,IT AI×美容関連サービス,営業中（推定）,,未収集,収集元推奨: スタートアップDB / PRTIMES / 展示会(BeautyTech系)
4671,,IT・AI×美容,,神奈川県,,,,,,,IT AI×美容関連サービス,営業中（推定）,,未収集,収集元推奨: スタートアップDB / PRTIMES / 展示会(BeautyTech系)
4672,,IT・AI×美容,,神奈川県,,,,,,,IT AI×美容関連サービス,営業中（推定）,,未収集,収集元推奨: スタートアップDB / PRTIMES / 展示会(BeautyTech系)
4673,,IT・AI×美容,,神奈川県,,,,,,,IT AI×美容関連サービス,営業中（推定）,,未収集,収集元推奨: スタートアップDB / PRTIMES / 展示会(BeautyTech系)
4674,,IT・AI×美容,,神奈川県,,,,,,,IT AI×美容関連サービス,営業中（推定）,,未収集,収集元推奨: スタートアップDB / PRTIMES / 展示会(BeautyTech系)
4675,,IT・AI×美容,,神奈川県,,,,,,,IT AI×美容関連サービス,営業中（推定）,,未収集,収集元推奨: スタートアップDB / PRTIMES / 展示会(BeautyTech系)
4676,,IT・AI×美容,,神奈川県,,,,,,,IT AI×美容関連サービス,営業中（推定）,,未収集,収集元推奨: スタートアップDB / PRTIMES / 展示会(BeautyTech系)
4677,,IT・AI×美容,,神奈川県,,,,,,,IT AI×美容関連サービス,営業中（推定）,,未収集,収集元推奨: スタートアップDB / PRTIMES / 展示会(BeautyTech系)
4678,,IT・AI×美容,,神奈川県,,,,,,,IT AI×美容関連サービス,営業中（推定）,,未収集,収集元推奨: スタートアップDB / PRTIMES / 展示会(BeautyTech系)
4679,,IT・AI×美容,,神奈川県,,,,,,,IT AI×美容関連サービス,営業中（推定）,,未収集,収集元推奨: スタートアップDB / PRTIMES / 展示会(BeautyTech系)
4680,,IT・AI×美容,,神奈川県,,,,,,,IT AI×美容関連サービス,営業中（推定）,,未収集,収集元推奨: スタートアップDB / PRTIMES / 展示会(BeautyTech系)
4681,,IT・AI×美容,,神奈川県,,,,,,,IT AI×美容関連サービス,営業中（推定）,,未収集,収集元推奨: スタートアップDB / PRTIMES / 展示会(BeautyTech系)
4682,,IT・AI×美容,,神奈川県,,,,,,,IT AI×美容関連サービス,営業中（推定）,,未収集,収集元推奨: スタートアップDB / PRTIMES / 展示会(BeautyTech系)
4683,,IT・AI×美容,,神奈川県,,,,,,,IT AI×美容関連サービス,営業中（推定）,,未収集,収集元推奨: スタートアップDB / PRTIMES / 展示会(BeautyTech系)
4684,,IT・AI×美容,,神奈川県,,,,,,,IT AI×美容関連サービス,営業中（推定）,,未収集,収集元推奨: スタートアップDB / PRTIMES / 展示会(BeautyTech系)
4685,,IT・AI×美容,,神奈川県,,,,,,,IT AI×美容関連サービス,営業中（推定）,,未収集,収集元推奨: スタートアップDB / PRTIMES / 展示会(BeautyTech系)
4686,,IT・AI×美容,,神奈川県,,,,,,,IT AI×美容関連サービス,営業中（推定）,,未収集,収集元推奨: スタートアップDB / PRTIMES / 展示会(BeautyTech系)
4687,,IT・AI×美容,,神奈川県,,,,,,,IT AI×美容関連サービス,営業中（推定）,,未収集,収集元推奨: スタートアップDB / PRTIMES / 展示会(BeautyTech系)
4688,,IT・AI×美容,,神奈川県,,,,,,,IT AI×美容関連サービス,営業中（推定）,,未収集,収集元推奨: スタートアップDB / PRTIMES / 展示会(BeautyTech系)
4689,,IT・AI×美容,,神奈川県,,,,,,,IT AI×美容関連サービス,営業中（推定）,,未収集,収集元推奨: スタートアップDB / PRTIMES / 展示会(BeautyTech系)
4690,,IT・AI×美容,,神奈川県,,,,,,,IT AI×美容関連サービス,営業中（推定）,,未収集,収集元推奨: スタートアップDB / PRTIMES / 展示会(BeautyTech系)
4691,,IT・AI×美容,,神奈川県,,,,,,,IT AI×美容関連サービス,営業中（推定）,,未収集,収集元推奨: スタートアップDB / PRTIMES / 展示会(BeautyTech系)
4692,,IT・AI×美容,,神奈川県,,,,,,,IT AI×美容関連サービス,営業中（推定）,,未収集,収集元推奨: スタートアップDB / PRTIMES / 展示会(BeautyTech系)
4693,,IT・AI×美容,,神奈川県,,,,,,,IT AI×美容関連サービス,営業中（推定）,,未収集,収集元推奨: スタートアップDB / PRTIMES / 展示会(BeautyTech系)
4694,,IT・AI×美容,,神奈川県,,,,,,,IT AI×美容関連サービス,営業中（推定）,,未収集,収集元推奨: スタートアップDB / PRTIMES / 展示会(BeautyTech系)
4695,,IT・AI×美容,,神奈川県,,,,,,,IT AI×美容関連サービス,営業中（推定）,,未収集,収集元推奨: スタートアップDB / PRTIMES / 展示会(BeautyTech系)
4696,,IT・AI×美容,,神奈川県,,,,,,,IT AI×美容関連サービス,営業中（推定）,,未収集,収集元推奨: スタートアップDB / PRTIMES / 展示会(BeautyTech系)
4697,,IT・AI×美容,,神奈川県,,,,,,,IT AI×美容関連サービス,営業中（推定）,,未収集,収集元推奨: スタートアップDB / PRTIMES / 展示会(BeautyTech系)
4698,,IT・AI×美容,,神奈川県,,,,,,,IT AI×美容関連サービス,営業中（推定）,,未収集,収集元推奨: スタートアップDB / PRTIMES / 展示会(BeautyTech系)
4699,,IT・AI×美容,,神奈川県,,,,,,,IT AI×美容関連サービス,営業中（推定）,,未収集,収集元推奨: スタートアップDB / PRTIMES / 展示会(BeautyTech系)
4700,,IT・AI×美容,,神奈川県,,,,,,,IT AI×美容関連サービス,営業中（推定）,,未収集,収集元推奨: スタートアップDB / PRTIMES / 展示会(BeautyTech系)
4701,,IT・AI×美容,,神奈川県,,,,,,,IT AI×美容関連サービス,営業中（推定）,,未収集,収集元推奨: スタートアップDB / PRTIMES / 展示会(BeautyTech系)
4702,,IT・AI×美容,,神奈川県,,,,,,,IT AI×美容関連サービス,営業中（推定）,,未収集,収集元推奨: スタートアップDB / PRTIMES / 展示会(BeautyTech系)
4703,,IT・AI×美容,,神奈川県,,,,,,,IT AI×美容関連サービス,営業中（推定）,,未収集,収集元推奨: スタートアップDB / PRTIMES / 展示会(BeautyTech系)
4704,,IT・AI×美容,,神奈川県,,,,,,,IT AI×美容関連サービス,営業中（推定）,,未収集,収集元推奨: スタートアップDB / PRTIMES / 展示会(BeautyTech系)
4705,,IT・AI×美容,,神奈川県,,,,,,,IT AI×美容関連サービス,営業中（推定）,,未収集,収集元推奨: スタートアップDB / PRTIMES / 展示会(BeautyTech系)
4706,,エステサロン,,愛知県,,,,,,,エステサロン関連サービス,営業中（推定）,,未収集,収集元推奨: ホットペッパービューティー掲載企業公式サイト / 日本エステティック協会会員
4707,,エステサロン,,愛知県,,,,,,,エステサロン関連サービス,営業中（推定）,,未収集,収集元推奨: ホットペッパービューティー掲載企業公式サイト / 日本エステティック協会会員
4708,,エステサロン,,愛知県,,,,,,,エステサロン関連サービス,営業中（推定）,,未収集,収集元推奨: ホットペッパービューティー掲載企業公式サイト / 日本エステティック協会会員
4709,,エステサロン,,愛知県,,,,,,,エステサロン関連サービス,営業中（推定）,,未収集,収集元推奨: ホットペッパービューティー掲載企業公式サイト / 日本エステティック協会会員
4710,,エステサロン,,愛知県,,,,,,,エステサロン関連サービス,営業中（推定）,,未収集,収集元推奨: ホットペッパービューティー掲載企業公式サイト / 日本エステティック協会会員
4711,,エステサロン,,愛知県,,,,,,,エステサロン関連サービス,営業中（推定）,,未収集,収集元推奨: ホットペッパービューティー掲載企業公式サイト / 日本エステティック協会会員
4712,,エステサロン,,愛知県,,,,,,,エステサロン関連サービス,営業中（推定）,,未収集,収集元推奨: ホットペッパービューティー掲載企業公式サイト / 日本エステティック協会会員
4713,,エステサロン,,愛知県,,,,,,,エステサロン関連サービス,営業中（推定）,,未収集,収集元推奨: ホットペッパービューティー掲載企業公式サイト / 日本エステティック協会会員
4714,,エステサロン,,愛知県,,,,,,,エステサロン関連サービス,営業中（推定）,,未収集,収集元推奨: ホットペッパービューティー掲載企業公式サイト / 日本エステティック協会会員
4715,,エステサロン,,愛知県,,,,,,,エステサロン関連サービス,営業中（推定）,,未収集,収集元推奨: ホットペッパービューティー掲載企業公式サイト / 日本エステティック協会会員
4716,,エステサロン,,愛知県,,,,,,,エステサロン関連サービス,営業中（推定）,,未収集,収集元推奨: ホットペッパービューティー掲載企業公式サイト / 日本エステティック協会会員
4717,,エステサロン,,愛知県,,,,,,,エステサロン関連サービス,営業中（推定）,,未収集,収集元推奨: ホットペッパービューティー掲載企業公式サイト / 日本エステティック協会会員
4718,,エステサロン,,愛知県,,,,,,,エステサロン関連サービス,営業中（推定）,,未収集,収集元推奨: ホットペッパービューティー掲載企業公式サイト / 日本エステティック協会会員
4719,,エステサロン,,愛知県,,,,,,,エステサロン関連サービス,営業中（推定）,,未収集,収集元推奨: ホットペッパービューティー掲載企業公式サイト / 日本エステティック協会会員
4720,,エステサロン,,愛知県,,,,,,,エステサロン関連サービス,営業中（推定）,,未収集,収集元推奨: ホットペッパービューティー掲載企業公式サイト / 日本エステティック協会会員
4721,,エステサロン,,愛知県,,,,,,,エステサロン関連サービス,営業中（推定）,,未収集,収集元推奨: ホットペッパービューティー掲載企業公式サイト / 日本エステティック協会会員
4722,,エステサロン,,愛知県,,,,,,,エステサロン関連サービス,営業中（推定）,,未収集,収集元推奨: ホットペッパービューティー掲載企業公式サイト / 日本エステティック協会会員
4723,,エステサロン,,愛知県,,,,,,,エステサロン関連サービス,営業中（推定）,,未収集,収集元推奨: ホットペッパービューティー掲載企業公式サイト / 日本エステティック協会会員
4724,,エステサロン,,愛知県,,,,,,,エステサロン関連サービス,営業中（推定）,,未収集,収集元推奨: ホットペッパービューティー掲載企業公式サイト / 日本エステティック協会会員
4725,,エステサロン,,愛知県,,,,,,,エステサロン関連サービス,営業中（推定）,,未収集,収集元推奨: ホットペッパービューティー掲載企業公式サイト / 日本エステティック協会会員
4726,,エステサロン,,愛知県,,,,,,,エステサロン関連サービス,営業中（推定）,,未収集,収集元推奨: ホットペッパービューティー掲載企業公式サイト / 日本エステティック協会会員
4727,,エステサロン,,愛知県,,,,,,,エステサロン関連サービス,営業中（推定）,,未収集,収集元推奨: ホットペッパービューティー掲載企業公式サイト / 日本エステティック協会会員
4728,,エステサロン,,愛知県,,,,,,,エステサロン関連サービス,営業中（推定）,,未収集,収集元推奨: ホットペッパービューティー掲載企業公式サイト / 日本エステティック協会会員
4729,,エステサロン,,愛知県,,,,,,,エステサロン関連サービス,営業中（推定）,,未収集,収集元推奨: ホットペッパービューティー掲載企業公式サイト / 日本エステティック協会会員
4730,,エステサロン,,愛知県,,,,,,,エステサロン関連サービス,営業中（推定）,,未収集,収集元推奨: ホットペッパービューティー掲載企業公式サイト / 日本エステティック協会会員
4731,,エステサロン,,愛知県,,,,,,,エステサロン関連サービス,営業中（推定）,,未収集,収集元推奨: ホットペッパービューティー掲載企業公式サイト / 日本エステティック協会会員
4732,,エステサロン,,愛知県,,,,,,,エステサロン関連サービス,営業中（推定）,,未収集,収集元推奨: ホットペッパービューティー掲載企業公式サイト / 日本エステティック協会会員
4733,,エステサロン,,愛知県,,,,,,,エステサロン関連サービス,営業中（推定）,,未収集,収集元推奨: ホットペッパービューティー掲載企業公式サイト / 日本エステティック協会会員
4734,,エステサロン,,愛知県,,,,,,,エステサロン関連サービス,営業中（推定）,,未収集,収集元推奨: ホットペッパービューティー掲載企業公式サイト / 日本エステティック協会会員
4735,,エステサロン,,愛知県,,,,,,,エステサロン関連サービス,営業中（推定）,,未収集,収集元推奨: ホットペッパービューティー掲載企業公式サイト / 日本エステティック協会会員
4736,,エステサロン,,愛知県,,,,,,,エステサロン関連サービス,営業中（推定）,,未収集,収集元推奨: ホットペッパービューティー掲載企業公式サイト / 日本エステティック協会会員
4737,,エステサロン,,愛知県,,,,,,,エステサロン関連サービス,営業中（推定）,,未収集,収集元推奨: ホットペッパービューティー掲載企業公式サイト / 日本エステティック協会会員
4738,,エステサロン,,愛知県,,,,,,,エステサロン関連サービス,営業中（推定）,,未収集,収集元推奨: ホットペッパービューティー掲載企業公式サイト / 日本エステティック協会会員
4739,,エステサロン,,愛知県,,,,,,,エステサロン関連サービス,営業中（推定）,,未収集,収集元推奨: ホットペッパービューティー掲載企業公式サイト / 日本エステティック協会会員
4740,,エステサロン,,愛知県,,,,,,,エステサロン関連サービス,営業中（推定）,,未収集,収集元推奨: ホットペッパービューティー掲載企業公式サイト / 日本エステティック協会会員
4741,,エステサロン,,愛知県,,,,,,,エステサロン関連サービス,営業中（推定）,,未収集,収集元推奨: ホットペッパービューティー掲載企業公式サイト / 日本エステティック協会会員
4742,,エステサロン,,愛知県,,,,,,,エステサロン関連サービス,営業中（推定）,,未収集,収集元推奨: ホットペッパービューティー掲載企業公式サイト / 日本エステティック協会会員
4743,,エステサロン,,愛知県,,,,,,,エステサロン関連サービス,営業中（推定）,,未収集,収集元推奨: ホットペッパービューティー掲載企業公式サイト / 日本エステティック協会会員
4744,,エステサロン,,愛知県,,,,,,,エステサロン関連サービス,営業中（推定）,,未収集,収集元推奨: ホットペッパービューティー掲載企業公式サイト / 日本エステティック協会会員
4745,,エステサロン,,愛知県,,,,,,,エステサロン関連サービス,営業中（推定）,,未収集,収集元推奨: ホットペッパービューティー掲載企業公式サイト / 日本エステティック協会会員
4746,,エステサロン,,愛知県,,,,,,,エステサロン関連サービス,営業中（推定）,,未収集,収集元推奨: ホットペッパービューティー掲載企業公式サイト / 日本エステティック協会会員
4747,,エステサロン,,愛知県,,,,,,,エステサロン関連サービス,営業中（推定）,,未収集,収集元推奨: ホットペッパービューティー掲載企業公式サイト / 日本エステティック協会会員
4748,,エステサロン,,愛知県,,,,,,,エステサロン関連サービス,営業中（推定）,,未収集,収集元推奨: ホットペッパービューティー掲載企業公式サイト / 日本エステティック協会会員
4749,,エステサロン,,愛知県,,,,,,,エステサロン関連サービス,営業中（推定）,,未収集,収集元推奨: ホットペッパービューティー掲載企業公式サイト / 日本エステティック協会会員
4750,,エステサロン,,愛知県,,,,,,,エステサロン関連サービス,営業中（推定）,,未収集,収集元推奨: ホットペッパービューティー掲載企業公式サイト / 日本エステティック協会会員
4751,,エステサロン,,愛知県,,,,,,,エステサロン関連サービス,営業中（推定）,,未収集,収集元推奨: ホットペッパービューティー掲載企業公式サイト / 日本エステティック協会会員
4752,,エステサロン,,愛知県,,,,,,,エステサロン関連サービス,営業中（推定）,,未収集,収集元推奨: ホットペッパービューティー掲載企業公式サイト / 日本エステティック協会会員
4753,,エステサロン,,愛知県,,,,,,,エステサロン関連サービス,営業中（推定）,,未収集,収集元推奨: ホットペッパービューティー掲載企業公式サイト / 日本エステティック協会会員
4754,,エステサロン,,愛知県,,,,,,,エステサロン関連サービス,営業中（推定）,,未収集,収集元推奨: ホットペッパービューティー掲載企業公式サイト / 日本エステティック協会会員
4755,,エステサロン,,愛知県,,,,,,,エステサロン関連サービス,営業中（推定）,,未収集,収集元推奨: ホットペッパービューティー掲載企業公式サイト / 日本エステティック協会会員
4756,,エステサロン,,愛知県,,,,,,,エステサロン関連サービス,営業中（推定）,,未収集,収集元推奨: ホットペッパービューティー掲載企業公式サイト / 日本エステティック協会会員
4757,,エステサロン,,愛知県,,,,,,,エステサロン関連サービス,営業中（推定）,,未収集,収集元推奨: ホットペッパービューティー掲載企業公式サイト / 日本エステティック協会会員
4758,,エステサロン,,愛知県,,,,,,,エステサロン関連サービス,営業中（推定）,,未収集,収集元推奨: ホットペッパービューティー掲載企業公式サイト / 日本エステティック協会会員
4759,,エステサロン,,愛知県,,,,,,,エステサロン関連サービス,営業中（推定）,,未収集,収集元推奨: ホットペッパービューティー掲載企業公式サイト / 日本エステティック協会会員
4760,,エステサロン,,愛知県,,,,,,,エステサロン関連サービス,営業中（推定）,,未収集,収集元推奨: ホットペッパービューティー掲載企業公式サイト / 日本エステティック協会会員
4761,,エステサロン,,愛知県,,,,,,,エステサロン関連サービス,営業中（推定）,,未収集,収集元推奨: ホットペッパービューティー掲載企業公式サイト / 日本エステティック協会会員
4762,,エステサロン,,愛知県,,,,,,,エステサロン関連サービス,営業中（推定）,,未収集,収集元推奨: ホットペッパービューティー掲載企業公式サイト / 日本エステティック協会会員
4763,,エステサロン,,愛知県,,,,,,,エステサロン関連サービス,営業中（推定）,,未収集,収集元推奨: ホットペッパービューティー掲載企業公式サイト / 日本エステティック協会会員
4764,,エステサロン,,愛知県,,,,,,,エステサロン関連サービス,営業中（推定）,,未収集,収集元推奨: ホットペッパービューティー掲載企業公式サイト / 日本エステティック協会会員
4765,,エステサロン,,愛知県,,,,,,,エステサロン関連サービス,営業中（推定）,,未収集,収集元推奨: ホットペッパービューティー掲載企業公式サイト / 日本エステティック協会会員
4766,,エステサロン,,愛知県,,,,,,,エステサロン関連サービス,営業中（推定）,,未収集,収集元推奨: ホットペッパービューティー掲載企業公式サイト / 日本エステティック協会会員
4767,,エステサロン,,愛知県,,,,,,,エステサロン関連サービス,営業中（推定）,,未収集,収集元推奨: ホットペッパービューティー掲載企業公式サイト / 日本エステティック協会会員
4768,,エステサロン,,愛知県,,,,,,,エステサロン関連サービス,営業中（推定）,,未収集,収集元推奨: ホットペッパービューティー掲載企業公式サイト / 日本エステティック協会会員
4769,,エステサロン,,愛知県,,,,,,,エステサロン関連サービス,営業中（推定）,,未収集,収集元推奨: ホットペッパービューティー掲載企業公式サイト / 日本エステティック協会会員
4770,,エステサロン,,愛知県,,,,,,,エステサロン関連サービス,営業中（推定）,,未収集,収集元推奨: ホットペッパービューティー掲載企業公式サイト / 日本エステティック協会会員
4771,,エステサロン,,愛知県,,,,,,,エステサロン関連サービス,営業中（推定）,,未収集,収集元推奨: ホットペッパービューティー掲載企業公式サイト / 日本エステティック協会会員
4772,,エステサロン,,愛知県,,,,,,,エステサロン関連サービス,営業中（推定）,,未収集,収集元推奨: ホットペッパービューティー掲載企業公式サイト / 日本エステティック協会会員
4773,,エステサロン,,愛知県,,,,,,,エステサロン関連サービス,営業中（推定）,,未収集,収集元推奨: ホットペッパービューティー掲載企業公式サイト / 日本エステティック協会会員
4774,,エステサロン,,愛知県,,,,,,,エステサロン関連サービス,営業中（推定）,,未収集,収集元推奨: ホットペッパービューティー掲載企業公式サイト / 日本エステティック協会会員
4775,,エステサロン,,愛知県,,,,,,,エステサロン関連サービス,営業中（推定）,,未収集,収集元推奨: ホットペッパービューティー掲載企業公式サイト / 日本エステティック協会会員
4776,,エステサロン,,愛知県,,,,,,,エステサロン関連サービス,営業中（推定）,,未収集,収集元推奨: ホットペッパービューティー掲載企業公式サイト / 日本エステティック協会会員
4777,,エステサロン,,愛知県,,,,,,,エステサロン関連サービス,営業中（推定）,,未収集,収集元推奨: ホットペッパービューティー掲載企業公式サイト / 日本エステティック協会会員
4778,,エステサロン,,愛知県,,,,,,,エステサロン関連サービス,営業中（推定）,,未収集,収集元推奨: ホットペッパービューティー掲載企業公式サイト / 日本エステティック協会会員
4779,,エステサロン,,愛知県,,,,,,,エステサロン関連サービス,営業中（推定）,,未収集,収集元推奨: ホットペッパービューティー掲載企業公式サイト / 日本エステティック協会会員
4780,,エステサロン,,愛知県,,,,,,,エステサロン関連サービス,営業中（推定）,,未収集,収集元推奨: ホットペッパービューティー掲載企業公式サイト / 日本エステティック協会会員
4781,,エステサロン,,愛知県,,,,,,,エステサロン関連サービス,営業中（推定）,,未収集,収集元推奨: ホットペッパービューティー掲載企業公式サイト / 日本エステティック協会会員
4782,,エステサロン,,愛知県,,,,,,,エステサロン関連サービス,営業中（推定）,,未収集,収集元推奨: ホットペッパービューティー掲載企業公式サイト / 日本エステティック協会会員
4783,,エステサロン,,愛知県,,,,,,,エステサロン関連サービス,営業中（推定）,,未収集,収集元推奨: ホットペッパービューティー掲載企業公式サイト / 日本エステティック協会会員
4784,,エステサロン,,愛知県,,,,,,,エステサロン関連サービス,営業中（推定）,,未収集,収集元推奨: ホットペッパービューティー掲載企業公式サイト / 日本エステティック協会会員
4785,,エステサロン,,愛知県,,,,,,,エステサロン関連サービス,営業中（推定）,,未収集,収集元推奨: ホットペッパービューティー掲載企業公式サイト / 日本エステティック協会会員
4786,,エステサロン,,愛知県,,,,,,,エステサロン関連サービス,営業中（推定）,,未収集,収集元推奨: ホットペッパービューティー掲載企業公式サイト / 日本エステティック協会会員
4787,,エステサロン,,愛知県,,,,,,,エステサロン関連サービス,営業中（推定）,,未収集,収集元推奨: ホットペッパービューティー掲載企業公式サイト / 日本エステティック協会会員
4788,,エステサロン,,愛知県,,,,,,,エステサロン関連サービス,営業中（推定）,,未収集,収集元推奨: ホットペッパービューティー掲載企業公式サイト / 日本エステティック協会会員
4789,,エステサロン,,愛知県,,,,,,,エステサロン関連サービス,営業中（推定）,,未収集,収集元推奨: ホットペッパービューティー掲載企業公式サイト / 日本エステティック協会会員
4790,,エステサロン,,愛知県,,,,,,,エステサロン関連サービス,営業中（推定）,,未収集,収集元推奨: ホットペッパービューティー掲載企業公式サイト / 日本エステティック協会会員
4791,,エステサロン,,愛知県,,,,,,,エステサロン関連サービス,営業中（推定）,,未収集,収集元推奨: ホットペッパービューティー掲載企業公式サイト / 日本エステティック協会会員
4792,,エステサロン,,愛知県,,,,,,,エステサロン関連サービス,営業中（推定）,,未収集,収集元推奨: ホットペッパービューティー掲載企業公式サイト / 日本エステティック協会会員
4793,,エステサロン,,愛知県,,,,,,,エステサロン関連サービス,営業中（推定）,,未収集,収集元推奨: ホットペッパービューティー掲載企業公式サイト / 日本エステティック協会会員
4794,,エステサロン,,愛知県,,,,,,,エステサロン関連サービス,営業中（推定）,,未収集,収集元推奨: ホットペッパービューティー掲載企業公式サイト / 日本エステティック協会会員
4795,,エステサロン,,愛知県,,,,,,,エステサロン関連サービス,営業中（推定）,,未収集,収集元推奨: ホットペッパービューティー掲載企業公式サイト / 日本エステティック協会会員
4796,,エステサロン,,愛知県,,,,,,,エステサロン関連サービス,営業中（推定）,,未収集,収集元推奨: ホットペッパービューティー掲載企業公式サイト / 日本エステティック協会会員
4797,,エステサロン,,愛知県,,,,,,,エステサロン関連サービス,営業中（推定）,,未収集,収集元推奨: ホットペッパービューティー掲載企業公式サイト / 日本エステティック協会会員
4798,,エステサロン,,愛知県,,,,,,,エステサロン関連サービス,営業中（推定）,,未収集,収集元推奨: ホットペッパービューティー掲載企業公式サイト / 日本エステティック協会会員
4799,,エステサロン,,愛知県,,,,,,,エステサロン関連サービス,営業中（推定）,,未収集,収集元推奨: ホットペッパービューティー掲載企業公式サイト / 日本エステティック協会会員
4800,,エステサロン,,愛知県,,,,,,,エステサロン関連サービス,営業中（推定）,,未収集,収集元推奨: ホットペッパービューティー掲載企業公式サイト / 日本エステティック協会会員
4801,,エステサロン,,愛知県,,,,,,,エステサロン関連サービス,営業中（推定）,,未収集,収集元推奨: ホットペッパービューティー掲載企業公式サイト / 日本エステティック協会会員
4802,,エステサロン,,愛知県,,,,,,,エステサロン関連サービス,営業中（推定）,,未収集,収集元推奨: ホットペッパービューティー掲載企業公式サイト / 日本エステティック協会会員
4803,,エステサロン,,愛知県,,,,,,,エステサロン関連サービス,営業中（推定）,,未収集,収集元推奨: ホットペッパービューティー掲載企業公式サイト / 日本エステティック協会会員
4804,,エステサロン,,愛知県,,,,,,,エステサロン関連サービス,営業中（推定）,,未収集,収集元推奨: ホットペッパービューティー掲載企業公式サイト / 日本エステティック協会会員
4805,,エステサロン,,愛知県,,,,,,,エステサロン関連サービス,営業中（推定）,,未収集,収集元推奨: ホットペッパービューティー掲載企業公式サイト / 日本エステティック協会会員
4806,,エステサロン,,愛知県,,,,,,,エステサロン関連サービス,営業中（推定）,,未収集,収集元推奨: ホットペッパービューティー掲載企業公式サイト / 日本エステティック協会会員
4807,,エステサロン,,愛知県,,,,,,,エステサロン関連サービス,営業中（推定）,,未収集,収集元推奨: ホットペッパービューティー掲載企業公式サイト / 日本エステティック協会会員
4808,,エステサロン,,愛知県,,,,,,,エステサロン関連サービス,営業中（推定）,,未収集,収集元推奨: ホットペッパービューティー掲載企業公式サイト / 日本エステティック協会会員
4809,,エステサロン,,愛知県,,,,,,,エステサロン関連サービス,営業中（推定）,,未収集,収集元推奨: ホットペッパービューティー掲載企業公式サイト / 日本エステティック協会会員
4810,,エステサロン,,愛知県,,,,,,,エステサロン関連サービス,営業中（推定）,,未収集,収集元推奨: ホットペッパービューティー掲載企業公式サイト / 日本エステティック協会会員
4811,,エステサロン,,愛知県,,,,,,,エステサロン関連サービス,営業中（推定）,,未収集,収集元推奨: ホットペッパービューティー掲載企業公式サイト / 日本エステティック協会会員
4812,,エステサロン,,愛知県,,,,,,,エステサロン関連サービス,営業中（推定）,,未収集,収集元推奨: ホットペッパービューティー掲載企業公式サイト / 日本エステティック協会会員
4813,,エステサロン,,愛知県,,,,,,,エステサロン関連サービス,営業中（推定）,,未収集,収集元推奨: ホットペッパービューティー掲載企業公式サイト / 日本エステティック協会会員
4814,,エステサロン,,愛知県,,,,,,,エステサロン関連サービス,営業中（推定）,,未収集,収集元推奨: ホットペッパービューティー掲載企業公式サイト / 日本エステティック協会会員
4815,,エステサロン,,愛知県,,,,,,,エステサロン関連サービス,営業中（推定）,,未収集,収集元推奨: ホットペッパービューティー掲載企業公式サイト / 日本エステティック協会会員
4816,,エステサロン,,愛知県,,,,,,,エステサロン関連サービス,営業中（推定）,,未収集,収集元推奨: ホットペッパービューティー掲載企業公式サイト / 日本エステティック協会会員
4817,,エステサロン,,愛知県,,,,,,,エステサロン関連サービス,営業中（推定）,,未収集,収集元推奨: ホットペッパービューティー掲載企業公式サイト / 日本エステティック協会会員
4818,,エステサロン,,愛知県,,,,,,,エステサロン関連サービス,営業中（推定）,,未収集,収集元推奨: ホットペッパービューティー掲載企業公式サイト / 日本エステティック協会会員
4819,,エステサロン,,愛知県,,,,,,,エステサロン関連サービス,営業中（推定）,,未収集,収集元推奨: ホットペッパービューティー掲載企業公式サイト / 日本エステティック協会会員
4820,,エステサロン,,愛知県,,,,,,,エステサロン関連サービス,営業中（推定）,,未収集,収集元推奨: ホットペッパービューティー掲載企業公式サイト / 日本エステティック協会会員
4821,,エステサロン,,愛知県,,,,,,,エステサロン関連サービス,営業中（推定）,,未収集,収集元推奨: ホットペッパービューティー掲載企業公式サイト / 日本エステティック協会会員
4822,,エステサロン,,愛知県,,,,,,,エステサロン関連サービス,営業中（推定）,,未収集,収集元推奨: ホットペッパービューティー掲載企業公式サイト / 日本エステティック協会会員
4823,,エステサロン,,愛知県,,,,,,,エステサロン関連サービス,営業中（推定）,,未収集,収集元推奨: ホットペッパービューティー掲載企業公式サイト / 日本エステティック協会会員
4824,,エステサロン,,愛知県,,,,,,,エステサロン関連サービス,営業中（推定）,,未収集,収集元推奨: ホットペッパービューティー掲載企業公式サイト / 日本エステティック協会会員
4825,,エステサロン,,愛知県,,,,,,,エステサロン関連サービス,営業中（推定）,,未収集,収集元推奨: ホットペッパービューティー掲載企業公式サイト / 日本エステティック協会会員
4826,,ネイルサロン,,愛知県,,,,,,,ネイルサロン関連サービス,営業中（推定）,,未収集,収集元推奨: JNA（日本ネイリスト協会）会員 / ホットペッパービューティー
4827,,ネイルサロン,,愛知県,,,,,,,ネイルサロン関連サービス,営業中（推定）,,未収集,収集元推奨: JNA（日本ネイリスト協会）会員 / ホットペッパービューティー
4828,,ネイルサロン,,愛知県,,,,,,,ネイルサロン関連サービス,営業中（推定）,,未収集,収集元推奨: JNA（日本ネイリスト協会）会員 / ホットペッパービューティー
4829,,ネイルサロン,,愛知県,,,,,,,ネイルサロン関連サービス,営業中（推定）,,未収集,収集元推奨: JNA（日本ネイリスト協会）会員 / ホットペッパービューティー
4830,,ネイルサロン,,愛知県,,,,,,,ネイルサロン関連サービス,営業中（推定）,,未収集,収集元推奨: JNA（日本ネイリスト協会）会員 / ホットペッパービューティー
4831,,ネイルサロン,,愛知県,,,,,,,ネイルサロン関連サービス,営業中（推定）,,未収集,収集元推奨: JNA（日本ネイリスト協会）会員 / ホットペッパービューティー
4832,,ネイルサロン,,愛知県,,,,,,,ネイルサロン関連サービス,営業中（推定）,,未収集,収集元推奨: JNA（日本ネイリスト協会）会員 / ホットペッパービューティー
4833,,ネイルサロン,,愛知県,,,,,,,ネイルサロン関連サービス,営業中（推定）,,未収集,収集元推奨: JNA（日本ネイリスト協会）会員 / ホットペッパービューティー
4834,,ネイルサロン,,愛知県,,,,,,,ネイルサロン関連サービス,営業中（推定）,,未収集,収集元推奨: JNA（日本ネイリスト協会）会員 / ホットペッパービューティー
4835,,ネイルサロン,,愛知県,,,,,,,ネイルサロン関連サービス,営業中（推定）,,未収集,収集元推奨: JNA（日本ネイリスト協会）会員 / ホットペッパービューティー
4836,,ネイルサロン,,愛知県,,,,,,,ネイルサロン関連サービス,営業中（推定）,,未収集,収集元推奨: JNA（日本ネイリスト協会）会員 / ホットペッパービューティー
4837,,ネイルサロン,,愛知県,,,,,,,ネイルサロン関連サービス,営業中（推定）,,未収集,収集元推奨: JNA（日本ネイリスト協会）会員 / ホットペッパービューティー
4838,,ネイルサロン,,愛知県,,,,,,,ネイルサロン関連サービス,営業中（推定）,,未収集,収集元推奨: JNA（日本ネイリスト協会）会員 / ホットペッパービューティー
4839,,ネイルサロン,,愛知県,,,,,,,ネイルサロン関連サービス,営業中（推定）,,未収集,収集元推奨: JNA（日本ネイリスト協会）会員 / ホットペッパービューティー
4840,,ネイルサロン,,愛知県,,,,,,,ネイルサロン関連サービス,営業中（推定）,,未収集,収集元推奨: JNA（日本ネイリスト協会）会員 / ホットペッパービューティー
4841,,ネイルサロン,,愛知県,,,,,,,ネイルサロン関連サービス,営業中（推定）,,未収集,収集元推奨: JNA（日本ネイリスト協会）会員 / ホットペッパービューティー
4842,,ネイルサロン,,愛知県,,,,,,,ネイルサロン関連サービス,営業中（推定）,,未収集,収集元推奨: JNA（日本ネイリスト協会）会員 / ホットペッパービューティー
4843,,ネイルサロン,,愛知県,,,,,,,ネイルサロン関連サービス,営業中（推定）,,未収集,収集元推奨: JNA（日本ネイリスト協会）会員 / ホットペッパービューティー
4844,,ネイルサロン,,愛知県,,,,,,,ネイルサロン関連サービス,営業中（推定）,,未収集,収集元推奨: JNA（日本ネイリスト協会）会員 / ホットペッパービューティー
4845,,ネイルサロン,,愛知県,,,,,,,ネイルサロン関連サービス,営業中（推定）,,未収集,収集元推奨: JNA（日本ネイリスト協会）会員 / ホットペッパービューティー
4846,,ネイルサロン,,愛知県,,,,,,,ネイルサロン関連サービス,営業中（推定）,,未収集,収集元推奨: JNA（日本ネイリスト協会）会員 / ホットペッパービューティー
4847,,ネイルサロン,,愛知県,,,,,,,ネイルサロン関連サービス,営業中（推定）,,未収集,収集元推奨: JNA（日本ネイリスト協会）会員 / ホットペッパービューティー
4848,,ネイルサロン,,愛知県,,,,,,,ネイルサロン関連サービス,営業中（推定）,,未収集,収集元推奨: JNA（日本ネイリスト協会）会員 / ホットペッパービューティー
4849,,ネイルサロン,,愛知県,,,,,,,ネイルサロン関連サービス,営業中（推定）,,未収集,収集元推奨: JNA（日本ネイリスト協会）会員 / ホットペッパービューティー
4850,,ネイルサロン,,愛知県,,,,,,,ネイルサロン関連サービス,営業中（推定）,,未収集,収集元推奨: JNA（日本ネイリスト協会）会員 / ホットペッパービューティー
4851,,ネイルサロン,,愛知県,,,,,,,ネイルサロン関連サービス,営業中（推定）,,未収集,収集元推奨: JNA（日本ネイリスト協会）会員 / ホットペッパービューティー
4852,,ネイルサロン,,愛知県,,,,,,,ネイルサロン関連サービス,営業中（推定）,,未収集,収集元推奨: JNA（日本ネイリスト協会）会員 / ホットペッパービューティー
4853,,ネイルサロン,,愛知県,,,,,,,ネイルサロン関連サービス,営業中（推定）,,未収集,収集元推奨: JNA（日本ネイリスト協会）会員 / ホットペッパービューティー
4854,,ネイルサロン,,愛知県,,,,,,,ネイルサロン関連サービス,営業中（推定）,,未収集,収集元推奨: JNA（日本ネイリスト協会）会員 / ホットペッパービューティー
4855,,ネイルサロン,,愛知県,,,,,,,ネイルサロン関連サービス,営業中（推定）,,未収集,収集元推奨: JNA（日本ネイリスト協会）会員 / ホットペッパービューティー
4856,,ネイルサロン,,愛知県,,,,,,,ネイルサロン関連サービス,営業中（推定）,,未収集,収集元推奨: JNA（日本ネイリスト協会）会員 / ホットペッパービューティー
4857,,ネイルサロン,,愛知県,,,,,,,ネイルサロン関連サービス,営業中（推定）,,未収集,収集元推奨: JNA（日本ネイリスト協会）会員 / ホットペッパービューティー
4858,,ネイルサロン,,愛知県,,,,,,,ネイルサロン関連サービス,営業中（推定）,,未収集,収集元推奨: JNA（日本ネイリスト協会）会員 / ホットペッパービューティー
4859,,ネイルサロン,,愛知県,,,,,,,ネイルサロン関連サービス,営業中（推定）,,未収集,収集元推奨: JNA（日本ネイリスト協会）会員 / ホットペッパービューティー
4860,,ネイルサロン,,愛知県,,,,,,,ネイルサロン関連サービス,営業中（推定）,,未収集,収集元推奨: JNA（日本ネイリスト協会）会員 / ホットペッパービューティー
4861,,ネイルサロン,,愛知県,,,,,,,ネイルサロン関連サービス,営業中（推定）,,未収集,収集元推奨: JNA（日本ネイリスト協会）会員 / ホットペッパービューティー
4862,,ネイルサロン,,愛知県,,,,,,,ネイルサロン関連サービス,営業中（推定）,,未収集,収集元推奨: JNA（日本ネイリスト協会）会員 / ホットペッパービューティー
4863,,ネイルサロン,,愛知県,,,,,,,ネイルサロン関連サービス,営業中（推定）,,未収集,収集元推奨: JNA（日本ネイリスト協会）会員 / ホットペッパービューティー
4864,,ネイルサロン,,愛知県,,,,,,,ネイルサロン関連サービス,営業中（推定）,,未収集,収集元推奨: JNA（日本ネイリスト協会）会員 / ホットペッパービューティー
4865,,ネイルサロン,,愛知県,,,,,,,ネイルサロン関連サービス,営業中（推定）,,未収集,収集元推奨: JNA（日本ネイリスト協会）会員 / ホットペッパービューティー
4866,,ネイルサロン,,愛知県,,,,,,,ネイルサロン関連サービス,営業中（推定）,,未収集,収集元推奨: JNA（日本ネイリスト協会）会員 / ホットペッパービューティー
4867,,ネイルサロン,,愛知県,,,,,,,ネイルサロン関連サービス,営業中（推定）,,未収集,収集元推奨: JNA（日本ネイリスト協会）会員 / ホットペッパービューティー
4868,,ネイルサロン,,愛知県,,,,,,,ネイルサロン関連サービス,営業中（推定）,,未収集,収集元推奨: JNA（日本ネイリスト協会）会員 / ホットペッパービューティー
4869,,ネイルサロン,,愛知県,,,,,,,ネイルサロン関連サービス,営業中（推定）,,未収集,収集元推奨: JNA（日本ネイリスト協会）会員 / ホットペッパービューティー
4870,,ネイルサロン,,愛知県,,,,,,,ネイルサロン関連サービス,営業中（推定）,,未収集,収集元推奨: JNA（日本ネイリスト協会）会員 / ホットペッパービューティー
4871,,ネイルサロン,,愛知県,,,,,,,ネイルサロン関連サービス,営業中（推定）,,未収集,収集元推奨: JNA（日本ネイリスト協会）会員 / ホットペッパービューティー
4872,,ネイルサロン,,愛知県,,,,,,,ネイルサロン関連サービス,営業中（推定）,,未収集,収集元推奨: JNA（日本ネイリスト協会）会員 / ホットペッパービューティー
4873,,ネイルサロン,,愛知県,,,,,,,ネイルサロン関連サービス,営業中（推定）,,未収集,収集元推奨: JNA（日本ネイリスト協会）会員 / ホットペッパービューティー
4874,,ネイルサロン,,愛知県,,,,,,,ネイルサロン関連サービス,営業中（推定）,,未収集,収集元推奨: JNA（日本ネイリスト協会）会員 / ホットペッパービューティー
4875,,ネイルサロン,,愛知県,,,,,,,ネイルサロン関連サービス,営業中（推定）,,未収集,収集元推奨: JNA（日本ネイリスト協会）会員 / ホットペッパービューティー
4876,,ネイルサロン,,愛知県,,,,,,,ネイルサロン関連サービス,営業中（推定）,,未収集,収集元推奨: JNA（日本ネイリスト協会）会員 / ホットペッパービューティー
4877,,ネイルサロン,,愛知県,,,,,,,ネイルサロン関連サービス,営業中（推定）,,未収集,収集元推奨: JNA（日本ネイリスト協会）会員 / ホットペッパービューティー
4878,,ネイルサロン,,愛知県,,,,,,,ネイルサロン関連サービス,営業中（推定）,,未収集,収集元推奨: JNA（日本ネイリスト協会）会員 / ホットペッパービューティー
4879,,ネイルサロン,,愛知県,,,,,,,ネイルサロン関連サービス,営業中（推定）,,未収集,収集元推奨: JNA（日本ネイリスト協会）会員 / ホットペッパービューティー
4880,,ネイルサロン,,愛知県,,,,,,,ネイルサロン関連サービス,営業中（推定）,,未収集,収集元推奨: JNA（日本ネイリスト協会）会員 / ホットペッパービューティー
4881,,ネイルサロン,,愛知県,,,,,,,ネイルサロン関連サービス,営業中（推定）,,未収集,収集元推奨: JNA（日本ネイリスト協会）会員 / ホットペッパービューティー
4882,,ネイルサロン,,愛知県,,,,,,,ネイルサロン関連サービス,営業中（推定）,,未収集,収集元推奨: JNA（日本ネイリスト協会）会員 / ホットペッパービューティー
4883,,ネイルサロン,,愛知県,,,,,,,ネイルサロン関連サービス,営業中（推定）,,未収集,収集元推奨: JNA（日本ネイリスト協会）会員 / ホットペッパービューティー
4884,,ネイルサロン,,愛知県,,,,,,,ネイルサロン関連サービス,営業中（推定）,,未収集,収集元推奨: JNA（日本ネイリスト協会）会員 / ホットペッパービューティー
4885,,ネイルサロン,,愛知県,,,,,,,ネイルサロン関連サービス,営業中（推定）,,未収集,収集元推奨: JNA（日本ネイリスト協会）会員 / ホットペッパービューティー
4886,,ネイルサロン,,愛知県,,,,,,,ネイルサロン関連サービス,営業中（推定）,,未収集,収集元推奨: JNA（日本ネイリスト協会）会員 / ホットペッパービューティー
4887,,ネイルサロン,,愛知県,,,,,,,ネイルサロン関連サービス,営業中（推定）,,未収集,収集元推奨: JNA（日本ネイリスト協会）会員 / ホットペッパービューティー
4888,,ネイルサロン,,愛知県,,,,,,,ネイルサロン関連サービス,営業中（推定）,,未収集,収集元推奨: JNA（日本ネイリスト協会）会員 / ホットペッパービューティー
4889,,ネイルサロン,,愛知県,,,,,,,ネイルサロン関連サービス,営業中（推定）,,未収集,収集元推奨: JNA（日本ネイリスト協会）会員 / ホットペッパービューティー
4890,,ネイルサロン,,愛知県,,,,,,,ネイルサロン関連サービス,営業中（推定）,,未収集,収集元推奨: JNA（日本ネイリスト協会）会員 / ホットペッパービューティー
4891,,ネイルサロン,,愛知県,,,,,,,ネイルサロン関連サービス,営業中（推定）,,未収集,収集元推奨: JNA（日本ネイリスト協会）会員 / ホットペッパービューティー
4892,,ネイルサロン,,愛知県,,,,,,,ネイルサロン関連サービス,営業中（推定）,,未収集,収集元推奨: JNA（日本ネイリスト協会）会員 / ホットペッパービューティー
4893,,ネイルサロン,,愛知県,,,,,,,ネイルサロン関連サービス,営業中（推定）,,未収集,収集元推奨: JNA（日本ネイリスト協会）会員 / ホットペッパービューティー
4894,,ネイルサロン,,愛知県,,,,,,,ネイルサロン関連サービス,営業中（推定）,,未収集,収集元推奨: JNA（日本ネイリスト協会）会員 / ホットペッパービューティー
4895,,ネイルサロン,,愛知県,,,,,,,ネイルサロン関連サービス,営業中（推定）,,未収集,収集元推奨: JNA（日本ネイリスト協会）会員 / ホットペッパービューティー
4896,,ネイルサロン,,愛知県,,,,,,,ネイルサロン関連サービス,営業中（推定）,,未収集,収集元推奨: JNA（日本ネイリスト協会）会員 / ホットペッパービューティー
4897,,ネイルサロン,,愛知県,,,,,,,ネイルサロン関連サービス,営業中（推定）,,未収集,収集元推奨: JNA（日本ネイリスト協会）会員 / ホットペッパービューティー
4898,,ネイルサロン,,愛知県,,,,,,,ネイルサロン関連サービス,営業中（推定）,,未収集,収集元推奨: JNA（日本ネイリスト協会）会員 / ホットペッパービューティー
4899,,ネイルサロン,,愛知県,,,,,,,ネイルサロン関連サービス,営業中（推定）,,未収集,収集元推奨: JNA（日本ネイリスト協会）会員 / ホットペッパービューティー
4900,,ネイルサロン,,愛知県,,,,,,,ネイルサロン関連サービス,営業中（推定）,,未収集,収集元推奨: JNA（日本ネイリスト協会）会員 / ホットペッパービューティー
4901,,ネイルサロン,,愛知県,,,,,,,ネイルサロン関連サービス,営業中（推定）,,未収集,収集元推奨: JNA（日本ネイリスト協会）会員 / ホットペッパービューティー
4902,,ネイルサロン,,愛知県,,,,,,,ネイルサロン関連サービス,営業中（推定）,,未収集,収集元推奨: JNA（日本ネイリスト協会）会員 / ホットペッパービューティー
4903,,ネイルサロン,,愛知県,,,,,,,ネイルサロン関連サービス,営業中（推定）,,未収集,収集元推奨: JNA（日本ネイリスト協会）会員 / ホットペッパービューティー
4904,,ネイルサロン,,愛知県,,,,,,,ネイルサロン関連サービス,営業中（推定）,,未収集,収集元推奨: JNA（日本ネイリスト協会）会員 / ホットペッパービューティー
4905,,ネイルサロン,,愛知県,,,,,,,ネイルサロン関連サービス,営業中（推定）,,未収集,収集元推奨: JNA（日本ネイリスト協会）会員 / ホットペッパービューティー
4906,,ネイルサロン,,愛知県,,,,,,,ネイルサロン関連サービス,営業中（推定）,,未収集,収集元推奨: JNA（日本ネイリスト協会）会員 / ホットペッパービューティー
4907,,ネイルサロン,,愛知県,,,,,,,ネイルサロン関連サービス,営業中（推定）,,未収集,収集元推奨: JNA（日本ネイリスト協会）会員 / ホットペッパービューティー
4908,,ネイルサロン,,愛知県,,,,,,,ネイルサロン関連サービス,営業中（推定）,,未収集,収集元推奨: JNA（日本ネイリスト協会）会員 / ホットペッパービューティー
4909,,ネイルサロン,,愛知県,,,,,,,ネイルサロン関連サービス,営業中（推定）,,未収集,収集元推奨: JNA（日本ネイリスト協会）会員 / ホットペッパービューティー
4910,,ネイルサロン,,愛知県,,,,,,,ネイルサロン関連サービス,営業中（推定）,,未収集,収集元推奨: JNA（日本ネイリスト協会）会員 / ホットペッパービューティー
4911,,ネイルサロン,,愛知県,,,,,,,ネイルサロン関連サービス,営業中（推定）,,未収集,収集元推奨: JNA（日本ネイリスト協会）会員 / ホットペッパービューティー
4912,,ネイルサロン,,愛知県,,,,,,,ネイルサロン関連サービス,営業中（推定）,,未収集,収集元推奨: JNA（日本ネイリスト協会）会員 / ホットペッパービューティー
4913,,ネイルサロン,,愛知県,,,,,,,ネイルサロン関連サービス,営業中（推定）,,未収集,収集元推奨: JNA（日本ネイリスト協会）会員 / ホットペッパービューティー
4914,,ネイルサロン,,愛知県,,,,,,,ネイルサロン関連サービス,営業中（推定）,,未収集,収集元推奨: JNA（日本ネイリスト協会）会員 / ホットペッパービューティー
4915,,ネイルサロン,,愛知県,,,,,,,ネイルサロン関連サービス,営業中（推定）,,未収集,収集元推奨: JNA（日本ネイリスト協会）会員 / ホットペッパービューティー
4916,,美容整体・小顔矯正,,愛知県,,,,,,,美容整体 小顔矯正関連サービス,営業中（推定）,,未収集,収集元推奨: エキテン・ホットペッパービューティー / iタウンページ「整体」
4917,,美容整体・小顔矯正,,愛知県,,,,,,,美容整体 小顔矯正関連サービス,営業中（推定）,,未収集,収集元推奨: エキテン・ホットペッパービューティー / iタウンページ「整体」
4918,,美容整体・小顔矯正,,愛知県,,,,,,,美容整体 小顔矯正関連サービス,営業中（推定）,,未収集,収集元推奨: エキテン・ホットペッパービューティー / iタウンページ「整体」
4919,,美容整体・小顔矯正,,愛知県,,,,,,,美容整体 小顔矯正関連サービス,営業中（推定）,,未収集,収集元推奨: エキテン・ホットペッパービューティー / iタウンページ「整体」
4920,,美容整体・小顔矯正,,愛知県,,,,,,,美容整体 小顔矯正関連サービス,営業中（推定）,,未収集,収集元推奨: エキテン・ホットペッパービューティー / iタウンページ「整体」
4921,,美容整体・小顔矯正,,愛知県,,,,,,,美容整体 小顔矯正関連サービス,営業中（推定）,,未収集,収集元推奨: エキテン・ホットペッパービューティー / iタウンページ「整体」
4922,,美容整体・小顔矯正,,愛知県,,,,,,,美容整体 小顔矯正関連サービス,営業中（推定）,,未収集,収集元推奨: エキテン・ホットペッパービューティー / iタウンページ「整体」
4923,,美容整体・小顔矯正,,愛知県,,,,,,,美容整体 小顔矯正関連サービス,営業中（推定）,,未収集,収集元推奨: エキテン・ホットペッパービューティー / iタウンページ「整体」
4924,,美容整体・小顔矯正,,愛知県,,,,,,,美容整体 小顔矯正関連サービス,営業中（推定）,,未収集,収集元推奨: エキテン・ホットペッパービューティー / iタウンページ「整体」
4925,,美容整体・小顔矯正,,愛知県,,,,,,,美容整体 小顔矯正関連サービス,営業中（推定）,,未収集,収集元推奨: エキテン・ホットペッパービューティー / iタウンページ「整体」
4926,,美容整体・小顔矯正,,愛知県,,,,,,,美容整体 小顔矯正関連サービス,営業中（推定）,,未収集,収集元推奨: エキテン・ホットペッパービューティー / iタウンページ「整体」
4927,,美容整体・小顔矯正,,愛知県,,,,,,,美容整体 小顔矯正関連サービス,営業中（推定）,,未収集,収集元推奨: エキテン・ホットペッパービューティー / iタウンページ「整体」
4928,,美容整体・小顔矯正,,愛知県,,,,,,,美容整体 小顔矯正関連サービス,営業中（推定）,,未収集,収集元推奨: エキテン・ホットペッパービューティー / iタウンページ「整体」
4929,,美容整体・小顔矯正,,愛知県,,,,,,,美容整体 小顔矯正関連サービス,営業中（推定）,,未収集,収集元推奨: エキテン・ホットペッパービューティー / iタウンページ「整体」
4930,,美容整体・小顔矯正,,愛知県,,,,,,,美容整体 小顔矯正関連サービス,営業中（推定）,,未収集,収集元推奨: エキテン・ホットペッパービューティー / iタウンページ「整体」
4931,,美容整体・小顔矯正,,愛知県,,,,,,,美容整体 小顔矯正関連サービス,営業中（推定）,,未収集,収集元推奨: エキテン・ホットペッパービューティー / iタウンページ「整体」
4932,,美容整体・小顔矯正,,愛知県,,,,,,,美容整体 小顔矯正関連サービス,営業中（推定）,,未収集,収集元推奨: エキテン・ホットペッパービューティー / iタウンページ「整体」
4933,,美容整体・小顔矯正,,愛知県,,,,,,,美容整体 小顔矯正関連サービス,営業中（推定）,,未収集,収集元推奨: エキテン・ホットペッパービューティー / iタウンページ「整体」
4934,,美容整体・小顔矯正,,愛知県,,,,,,,美容整体 小顔矯正関連サービス,営業中（推定）,,未収集,収集元推奨: エキテン・ホットペッパービューティー / iタウンページ「整体」
4935,,美容整体・小顔矯正,,愛知県,,,,,,,美容整体 小顔矯正関連サービス,営業中（推定）,,未収集,収集元推奨: エキテン・ホットペッパービューティー / iタウンページ「整体」
4936,,美容整体・小顔矯正,,愛知県,,,,,,,美容整体 小顔矯正関連サービス,営業中（推定）,,未収集,収集元推奨: エキテン・ホットペッパービューティー / iタウンページ「整体」
4937,,美容整体・小顔矯正,,愛知県,,,,,,,美容整体 小顔矯正関連サービス,営業中（推定）,,未収集,収集元推奨: エキテン・ホットペッパービューティー / iタウンページ「整体」
4938,,美容整体・小顔矯正,,愛知県,,,,,,,美容整体 小顔矯正関連サービス,営業中（推定）,,未収集,収集元推奨: エキテン・ホットペッパービューティー / iタウンページ「整体」
4939,,美容整体・小顔矯正,,愛知県,,,,,,,美容整体 小顔矯正関連サービス,営業中（推定）,,未収集,収集元推奨: エキテン・ホットペッパービューティー / iタウンページ「整体」
4940,,美容整体・小顔矯正,,愛知県,,,,,,,美容整体 小顔矯正関連サービス,営業中（推定）,,未収集,収集元推奨: エキテン・ホットペッパービューティー / iタウンページ「整体」
4941,,美容整体・小顔矯正,,愛知県,,,,,,,美容整体 小顔矯正関連サービス,営業中（推定）,,未収集,収集元推奨: エキテン・ホットペッパービューティー / iタウンページ「整体」
4942,,美容整体・小顔矯正,,愛知県,,,,,,,美容整体 小顔矯正関連サービス,営業中（推定）,,未収集,収集元推奨: エキテン・ホットペッパービューティー / iタウンページ「整体」
4943,,美容整体・小顔矯正,,愛知県,,,,,,,美容整体 小顔矯正関連サービス,営業中（推定）,,未収集,収集元推奨: エキテン・ホットペッパービューティー / iタウンページ「整体」
4944,,美容整体・小顔矯正,,愛知県,,,,,,,美容整体 小顔矯正関連サービス,営業中（推定）,,未収集,収集元推奨: エキテン・ホットペッパービューティー / iタウンページ「整体」
4945,,美容整体・小顔矯正,,愛知県,,,,,,,美容整体 小顔矯正関連サービス,営業中（推定）,,未収集,収集元推奨: エキテン・ホットペッパービューティー / iタウンページ「整体」
4946,,美容整体・小顔矯正,,愛知県,,,,,,,美容整体 小顔矯正関連サービス,営業中（推定）,,未収集,収集元推奨: エキテン・ホットペッパービューティー / iタウンページ「整体」
4947,,美容整体・小顔矯正,,愛知県,,,,,,,美容整体 小顔矯正関連サービス,営業中（推定）,,未収集,収集元推奨: エキテン・ホットペッパービューティー / iタウンページ「整体」
4948,,美容整体・小顔矯正,,愛知県,,,,,,,美容整体 小顔矯正関連サービス,営業中（推定）,,未収集,収集元推奨: エキテン・ホットペッパービューティー / iタウンページ「整体」
4949,,美容整体・小顔矯正,,愛知県,,,,,,,美容整体 小顔矯正関連サービス,営業中（推定）,,未収集,収集元推奨: エキテン・ホットペッパービューティー / iタウンページ「整体」
4950,,美容整体・小顔矯正,,愛知県,,,,,,,美容整体 小顔矯正関連サービス,営業中（推定）,,未収集,収集元推奨: エキテン・ホットペッパービューティー / iタウンページ「整体」
4951,,美容整体・小顔矯正,,愛知県,,,,,,,美容整体 小顔矯正関連サービス,営業中（推定）,,未収集,収集元推奨: エキテン・ホットペッパービューティー / iタウンページ「整体」
4952,,美容整体・小顔矯正,,愛知県,,,,,,,美容整体 小顔矯正関連サービス,営業中（推定）,,未収集,収集元推奨: エキテン・ホットペッパービューティー / iタウンページ「整体」
4953,,美容整体・小顔矯正,,愛知県,,,,,,,美容整体 小顔矯正関連サービス,営業中（推定）,,未収集,収集元推奨: エキテン・ホットペッパービューティー / iタウンページ「整体」
4954,,美容整体・小顔矯正,,愛知県,,,,,,,美容整体 小顔矯正関連サービス,営業中（推定）,,未収集,収集元推奨: エキテン・ホットペッパービューティー / iタウンページ「整体」
4955,,美容整体・小顔矯正,,愛知県,,,,,,,美容整体 小顔矯正関連サービス,営業中（推定）,,未収集,収集元推奨: エキテン・ホットペッパービューティー / iタウンページ「整体」
4956,,美容整体・小顔矯正,,愛知県,,,,,,,美容整体 小顔矯正関連サービス,営業中（推定）,,未収集,収集元推奨: エキテン・ホットペッパービューティー / iタウンページ「整体」
4957,,美容整体・小顔矯正,,愛知県,,,,,,,美容整体 小顔矯正関連サービス,営業中（推定）,,未収集,収集元推奨: エキテン・ホットペッパービューティー / iタウンページ「整体」
4958,,美容整体・小顔矯正,,愛知県,,,,,,,美容整体 小顔矯正関連サービス,営業中（推定）,,未収集,収集元推奨: エキテン・ホットペッパービューティー / iタウンページ「整体」
4959,,美容整体・小顔矯正,,愛知県,,,,,,,美容整体 小顔矯正関連サービス,営業中（推定）,,未収集,収集元推奨: エキテン・ホットペッパービューティー / iタウンページ「整体」
4960,,美容整体・小顔矯正,,愛知県,,,,,,,美容整体 小顔矯正関連サービス,営業中（推定）,,未収集,収集元推奨: エキテン・ホットペッパービューティー / iタウンページ「整体」
4961,,美容整体・小顔矯正,,愛知県,,,,,,,美容整体 小顔矯正関連サービス,営業中（推定）,,未収集,収集元推奨: エキテン・ホットペッパービューティー / iタウンページ「整体」
4962,,美容整体・小顔矯正,,愛知県,,,,,,,美容整体 小顔矯正関連サービス,営業中（推定）,,未収集,収集元推奨: エキテン・ホットペッパービューティー / iタウンページ「整体」
4963,,美容整体・小顔矯正,,愛知県,,,,,,,美容整体 小顔矯正関連サービス,営業中（推定）,,未収集,収集元推奨: エキテン・ホットペッパービューティー / iタウンページ「整体」
4964,,美容整体・小顔矯正,,愛知県,,,,,,,美容整体 小顔矯正関連サービス,営業中（推定）,,未収集,収集元推奨: エキテン・ホットペッパービューティー / iタウンページ「整体」
4965,,美容整体・小顔矯正,,愛知県,,,,,,,美容整体 小顔矯正関連サービス,営業中（推定）,,未収集,収集元推奨: エキテン・ホットペッパービューティー / iタウンページ「整体」
4966,,美容整体・小顔矯正,,愛知県,,,,,,,美容整体 小顔矯正関連サービス,営業中（推定）,,未収集,収集元推奨: エキテン・ホットペッパービューティー / iタウンページ「整体」
4967,,美容整体・小顔矯正,,愛知県,,,,,,,美容整体 小顔矯正関連サービス,営業中（推定）,,未収集,収集元推奨: エキテン・ホットペッパービューティー / iタウンページ「整体」
4968,,美容整体・小顔矯正,,愛知県,,,,,,,美容整体 小顔矯正関連サービス,営業中（推定）,,未収集,収集元推奨: エキテン・ホットペッパービューティー / iタウンページ「整体」
4969,,美容整体・小顔矯正,,愛知県,,,,,,,美容整体 小顔矯正関連サービス,営業中（推定）,,未収集,収集元推奨: エキテン・ホットペッパービューティー / iタウンページ「整体」
4970,,美容整体・小顔矯正,,愛知県,,,,,,,美容整体 小顔矯正関連サービス,営業中（推定）,,未収集,収集元推奨: エキテン・ホットペッパービューティー / iタウンページ「整体」
4971,,美容整体・小顔矯正,,愛知県,,,,,,,美容整体 小顔矯正関連サービス,営業中（推定）,,未収集,収集元推奨: エキテン・ホットペッパービューティー / iタウンページ「整体」
4972,,美容整体・小顔矯正,,愛知県,,,,,,,美容整体 小顔矯正関連サービス,営業中（推定）,,未収集,収集元推奨: エキテン・ホットペッパービューティー / iタウンページ「整体」
4973,,美容整体・小顔矯正,,愛知県,,,,,,,美容整体 小顔矯正関連サービス,営業中（推定）,,未収集,収集元推奨: エキテン・ホットペッパービューティー / iタウンページ「整体」
4974,,美容整体・小顔矯正,,愛知県,,,,,,,美容整体 小顔矯正関連サービス,営業中（推定）,,未収集,収集元推奨: エキテン・ホットペッパービューティー / iタウンページ「整体」
4975,,美容整体・小顔矯正,,愛知県,,,,,,,美容整体 小顔矯正関連サービス,営業中（推定）,,未収集,収集元推奨: エキテン・ホットペッパービューティー / iタウンページ「整体」
4976,,美容鍼灸院,,愛知県,,,,,,,美容鍼灸院関連サービス,営業中（推定）,,未収集,収集元推奨: 日本鍼灸師会地方師会会員名簿 / 鍼灸ポータルサイト
4977,,美容鍼灸院,,愛知県,,,,,,,美容鍼灸院関連サービス,営業中（推定）,,未収集,収集元推奨: 日本鍼灸師会地方師会会員名簿 / 鍼灸ポータルサイト
4978,,美容鍼灸院,,愛知県,,,,,,,美容鍼灸院関連サービス,営業中（推定）,,未収集,収集元推奨: 日本鍼灸師会地方師会会員名簿 / 鍼灸ポータルサイト
4979,,美容鍼灸院,,愛知県,,,,,,,美容鍼灸院関連サービス,営業中（推定）,,未収集,収集元推奨: 日本鍼灸師会地方師会会員名簿 / 鍼灸ポータルサイト
4980,,美容鍼灸院,,愛知県,,,,,,,美容鍼灸院関連サービス,営業中（推定）,,未収集,収集元推奨: 日本鍼灸師会地方師会会員名簿 / 鍼灸ポータルサイト
4981,,美容鍼灸院,,愛知県,,,,,,,美容鍼灸院関連サービス,営業中（推定）,,未収集,収集元推奨: 日本鍼灸師会地方師会会員名簿 / 鍼灸ポータルサイト
4982,,美容鍼灸院,,愛知県,,,,,,,美容鍼灸院関連サービス,営業中（推定）,,未収集,収集元推奨: 日本鍼灸師会地方師会会員名簿 / 鍼灸ポータルサイト
4983,,美容鍼灸院,,愛知県,,,,,,,美容鍼灸院関連サービス,営業中（推定）,,未収集,収集元推奨: 日本鍼灸師会地方師会会員名簿 / 鍼灸ポータルサイト
4984,,美容鍼灸院,,愛知県,,,,,,,美容鍼灸院関連サービス,営業中（推定）,,未収集,収集元推奨: 日本鍼灸師会地方師会会員名簿 / 鍼灸ポータルサイト
4985,,美容鍼灸院,,愛知県,,,,,,,美容鍼灸院関連サービス,営業中（推定）,,未収集,収集元推奨: 日本鍼灸師会地方師会会員名簿 / 鍼灸ポータルサイト
4986,,美容鍼灸院,,愛知県,,,,,,,美容鍼灸院関連サービス,営業中（推定）,,未収集,収集元推奨: 日本鍼灸師会地方師会会員名簿 / 鍼灸ポータルサイト
4987,,美容鍼灸院,,愛知県,,,,,,,美容鍼灸院関連サービス,営業中（推定）,,未収集,収集元推奨: 日本鍼灸師会地方師会会員名簿 / 鍼灸ポータルサイト
4988,,美容鍼灸院,,愛知県,,,,,,,美容鍼灸院関連サービス,営業中（推定）,,未収集,収集元推奨: 日本鍼灸師会地方師会会員名簿 / 鍼灸ポータルサイト
4989,,美容鍼灸院,,愛知県,,,,,,,美容鍼灸院関連サービス,営業中（推定）,,未収集,収集元推奨: 日本鍼灸師会地方師会会員名簿 / 鍼灸ポータルサイト
4990,,美容鍼灸院,,愛知県,,,,,,,美容鍼灸院関連サービス,営業中（推定）,,未収集,収集元推奨: 日本鍼灸師会地方師会会員名簿 / 鍼灸ポータルサイト
4991,,美容鍼灸院,,愛知県,,,,,,,美容鍼灸院関連サービス,営業中（推定）,,未収集,収集元推奨: 日本鍼灸師会地方師会会員名簿 / 鍼灸ポータルサイト
4992,,美容鍼灸院,,愛知県,,,,,,,美容鍼灸院関連サービス,営業中（推定）,,未収集,収集元推奨: 日本鍼灸師会地方師会会員名簿 / 鍼灸ポータルサイト
4993,,美容鍼灸院,,愛知県,,,,,,,美容鍼灸院関連サービス,営業中（推定）,,未収集,収集元推奨: 日本鍼灸師会地方師会会員名簿 / 鍼灸ポータルサイト
4994,,美容鍼灸院,,愛知県,,,,,,,美容鍼灸院関連サービス,営業中（推定）,,未収集,収集元推奨: 日本鍼灸師会地方師会会員名簿 / 鍼灸ポータルサイト
4995,,美容鍼灸院,,愛知県,,,,,,,美容鍼灸院関連サービス,営業中（推定）,,未収集,収集元推奨: 日本鍼灸師会地方師会会員名簿 / 鍼灸ポータルサイト
4996,,美容鍼灸院,,愛知県,,,,,,,美容鍼灸院関連サービス,営業中（推定）,,未収集,収集元推奨: 日本鍼灸師会地方師会会員名簿 / 鍼灸ポータルサイト
4997,,美容鍼灸院,,愛知県,,,,,,,美容鍼灸院関連サービス,営業中（推定）,,未収集,収集元推奨: 日本鍼灸師会地方師会会員名簿 / 鍼灸ポータルサイト
4998,,美容鍼灸院,,愛知県,,,,,,,美容鍼灸院関連サービス,営業中（推定）,,未収集,収集元推奨: 日本鍼灸師会地方師会会員名簿 / 鍼灸ポータルサイト
4999,,美容鍼灸院,,愛知県,,,,,,,美容鍼灸院関連サービス,営業中（推定）,,未収集,収集元推奨: 日本鍼灸師会地方師会会員名簿 / 鍼灸ポータルサイト
5000,,美容鍼灸院,,愛知県,,,,,,,美容鍼灸院関連サービス,営業中（推定）,,未収集,収集元推奨: 日本鍼灸師会地方師会会員名簿 / 鍼灸ポータルサイト
5001,,美容鍼灸院,,愛知県,,,,,,,美容鍼灸院関連サービス,営業中（推定）,,未収集,収集元推奨: 日本鍼灸師会地方師会会員名簿 / 鍼灸ポータルサイト
5002,,美容鍼灸院,,愛知県,,,,,,,美容鍼灸院関連サービス,営業中（推定）,,未収集,収集元推奨: 日本鍼灸師会地方師会会員名簿 / 鍼灸ポータルサイト
5003,,美容鍼灸院,,愛知県,,,,,,,美容鍼灸院関連サービス,営業中（推定）,,未収集,収集元推奨: 日本鍼灸師会地方師会会員名簿 / 鍼灸ポータルサイト
5004,,美容鍼灸院,,愛知県,,,,,,,美容鍼灸院関連サービス,営業中（推定）,,未収集,収集元推奨: 日本鍼灸師会地方師会会員名簿 / 鍼灸ポータルサイト
5005,,美容鍼灸院,,愛知県,,,,,,,美容鍼灸院関連サービス,営業中（推定）,,未収集,収集元推奨: 日本鍼灸師会地方師会会員名簿 / 鍼灸ポータルサイト
5006,,美容鍼灸院,,愛知県,,,,,,,美容鍼灸院関連サービス,営業中（推定）,,未収集,収集元推奨: 日本鍼灸師会地方師会会員名簿 / 鍼灸ポータルサイト
5007,,美容鍼灸院,,愛知県,,,,,,,美容鍼灸院関連サービス,営業中（推定）,,未収集,収集元推奨: 日本鍼灸師会地方師会会員名簿 / 鍼灸ポータルサイト
5008,,美容鍼灸院,,愛知県,,,,,,,美容鍼灸院関連サービス,営業中（推定）,,未収集,収集元推奨: 日本鍼灸師会地方師会会員名簿 / 鍼灸ポータルサイト
5009,,美容鍼灸院,,愛知県,,,,,,,美容鍼灸院関連サービス,営業中（推定）,,未収集,収集元推奨: 日本鍼灸師会地方師会会員名簿 / 鍼灸ポータルサイト
5010,,美容鍼灸院,,愛知県,,,,,,,美容鍼灸院関連サービス,営業中（推定）,,未収集,収集元推奨: 日本鍼灸師会地方師会会員名簿 / 鍼灸ポータルサイト
5011,,美容鍼灸院,,愛知県,,,,,,,美容鍼灸院関連サービス,営業中（推定）,,未収集,収集元推奨: 日本鍼灸師会地方師会会員名簿 / 鍼灸ポータルサイト
5012,,美容鍼灸院,,愛知県,,,,,,,美容鍼灸院関連サービス,営業中（推定）,,未収集,収集元推奨: 日本鍼灸師会地方師会会員名簿 / 鍼灸ポータルサイト
5013,,美容鍼灸院,,愛知県,,,,,,,美容鍼灸院関連サービス,営業中（推定）,,未収集,収集元推奨: 日本鍼灸師会地方師会会員名簿 / 鍼灸ポータルサイト
5014,,美容鍼灸院,,愛知県,,,,,,,美容鍼灸院関連サービス,営業中（推定）,,未収集,収集元推奨: 日本鍼灸師会地方師会会員名簿 / 鍼灸ポータルサイト
5015,,美容鍼灸院,,愛知県,,,,,,,美容鍼灸院関連サービス,営業中（推定）,,未収集,収集元推奨: 日本鍼灸師会地方師会会員名簿 / 鍼灸ポータルサイト
5016,,美容鍼灸院,,愛知県,,,,,,,美容鍼灸院関連サービス,営業中（推定）,,未収集,収集元推奨: 日本鍼灸師会地方師会会員名簿 / 鍼灸ポータルサイト
5017,,美容鍼灸院,,愛知県,,,,,,,美容鍼灸院関連サービス,営業中（推定）,,未収集,収集元推奨: 日本鍼灸師会地方師会会員名簿 / 鍼灸ポータルサイト
5018,,美容鍼灸院,,愛知県,,,,,,,美容鍼灸院関連サービス,営業中（推定）,,未収集,収集元推奨: 日本鍼灸師会地方師会会員名簿 / 鍼灸ポータルサイト
5019,,美容鍼灸院,,愛知県,,,,,,,美容鍼灸院関連サービス,営業中（推定）,,未収集,収集元推奨: 日本鍼灸師会地方師会会員名簿 / 鍼灸ポータルサイト
5020,,美容鍼灸院,,愛知県,,,,,,,美容鍼灸院関連サービス,営業中（推定）,,未収集,収集元推奨: 日本鍼灸師会地方師会会員名簿 / 鍼灸ポータルサイト
5021,,美容鍼灸院,,愛知県,,,,,,,美容鍼灸院関連サービス,営業中（推定）,,未収集,収集元推奨: 日本鍼灸師会地方師会会員名簿 / 鍼灸ポータルサイト
5022,,美容鍼灸院,,愛知県,,,,,,,美容鍼灸院関連サービス,営業中（推定）,,未収集,収集元推奨: 日本鍼灸師会地方師会会員名簿 / 鍼灸ポータルサイト
5023,,美容鍼灸院,,愛知県,,,,,,,美容鍼灸院関連サービス,営業中（推定）,,未収集,収集元推奨: 日本鍼灸師会地方師会会員名簿 / 鍼灸ポータルサイト
5024,,アロマ・リラクゼーション,,愛知県,,,,,,,アロマ リラクゼーション関連サービス,営業中（推定）,,未収集,収集元推奨: AEAJ認定サロン一覧 / ホットペッパービューティー
5025,,アロマ・リラクゼーション,,愛知県,,,,,,,アロマ リラクゼーション関連サービス,営業中（推定）,,未収集,収集元推奨: AEAJ認定サロン一覧 / ホットペッパービューティー
5026,,アロマ・リラクゼーション,,愛知県,,,,,,,アロマ リラクゼーション関連サービス,営業中（推定）,,未収集,収集元推奨: AEAJ認定サロン一覧 / ホットペッパービューティー
5027,,アロマ・リラクゼーション,,愛知県,,,,,,,アロマ リラクゼーション関連サービス,営業中（推定）,,未収集,収集元推奨: AEAJ認定サロン一覧 / ホットペッパービューティー
5028,,アロマ・リラクゼーション,,愛知県,,,,,,,アロマ リラクゼーション関連サービス,営業中（推定）,,未収集,収集元推奨: AEAJ認定サロン一覧 / ホットペッパービューティー
5029,,アロマ・リラクゼーション,,愛知県,,,,,,,アロマ リラクゼーション関連サービス,営業中（推定）,,未収集,収集元推奨: AEAJ認定サロン一覧 / ホットペッパービューティー
5030,,アロマ・リラクゼーション,,愛知県,,,,,,,アロマ リラクゼーション関連サービス,営業中（推定）,,未収集,収集元推奨: AEAJ認定サロン一覧 / ホットペッパービューティー
5031,,アロマ・リラクゼーション,,愛知県,,,,,,,アロマ リラクゼーション関連サービス,営業中（推定）,,未収集,収集元推奨: AEAJ認定サロン一覧 / ホットペッパービューティー
5032,,アロマ・リラクゼーション,,愛知県,,,,,,,アロマ リラクゼーション関連サービス,営業中（推定）,,未収集,収集元推奨: AEAJ認定サロン一覧 / ホットペッパービューティー
5033,,アロマ・リラクゼーション,,愛知県,,,,,,,アロマ リラクゼーション関連サービス,営業中（推定）,,未収集,収集元推奨: AEAJ認定サロン一覧 / ホットペッパービューティー
5034,,アロマ・リラクゼーション,,愛知県,,,,,,,アロマ リラクゼーション関連サービス,営業中（推定）,,未収集,収集元推奨: AEAJ認定サロン一覧 / ホットペッパービューティー
5035,,アロマ・リラクゼーション,,愛知県,,,,,,,アロマ リラクゼーション関連サービス,営業中（推定）,,未収集,収集元推奨: AEAJ認定サロン一覧 / ホットペッパービューティー
5036,,アロマ・リラクゼーション,,愛知県,,,,,,,アロマ リラクゼーション関連サービス,営業中（推定）,,未収集,収集元推奨: AEAJ認定サロン一覧 / ホットペッパービューティー
5037,,アロマ・リラクゼーション,,愛知県,,,,,,,アロマ リラクゼーション関連サービス,営業中（推定）,,未収集,収集元推奨: AEAJ認定サロン一覧 / ホットペッパービューティー
5038,,アロマ・リラクゼーション,,愛知県,,,,,,,アロマ リラクゼーション関連サービス,営業中（推定）,,未収集,収集元推奨: AEAJ認定サロン一覧 / ホットペッパービューティー
5039,,アロマ・リラクゼーション,,愛知県,,,,,,,アロマ リラクゼーション関連サービス,営業中（推定）,,未収集,収集元推奨: AEAJ認定サロン一覧 / ホットペッパービューティー
5040,,アロマ・リラクゼーション,,愛知県,,,,,,,アロマ リラクゼーション関連サービス,営業中（推定）,,未収集,収集元推奨: AEAJ認定サロン一覧 / ホットペッパービューティー
5041,,アロマ・リラクゼーション,,愛知県,,,,,,,アロマ リラクゼーション関連サービス,営業中（推定）,,未収集,収集元推奨: AEAJ認定サロン一覧 / ホットペッパービューティー
5042,,アロマ・リラクゼーション,,愛知県,,,,,,,アロマ リラクゼーション関連サービス,営業中（推定）,,未収集,収集元推奨: AEAJ認定サロン一覧 / ホットペッパービューティー
5043,,アロマ・リラクゼーション,,愛知県,,,,,,,アロマ リラクゼーション関連サービス,営業中（推定）,,未収集,収集元推奨: AEAJ認定サロン一覧 / ホットペッパービューティー
5044,,アロマ・リラクゼーション,,愛知県,,,,,,,アロマ リラクゼーション関連サービス,営業中（推定）,,未収集,収集元推奨: AEAJ認定サロン一覧 / ホットペッパービューティー
5045,,アロマ・リラクゼーション,,愛知県,,,,,,,アロマ リラクゼーション関連サービス,営業中（推定）,,未収集,収集元推奨: AEAJ認定サロン一覧 / ホットペッパービューティー
5046,,アロマ・リラクゼーション,,愛知県,,,,,,,アロマ リラクゼーション関連サービス,営業中（推定）,,未収集,収集元推奨: AEAJ認定サロン一覧 / ホットペッパービューティー
5047,,アロマ・リラクゼーション,,愛知県,,,,,,,アロマ リラクゼーション関連サービス,営業中（推定）,,未収集,収集元推奨: AEAJ認定サロン一覧 / ホットペッパービューティー
5048,,アロマ・リラクゼーション,,愛知県,,,,,,,アロマ リラクゼーション関連サービス,営業中（推定）,,未収集,収集元推奨: AEAJ認定サロン一覧 / ホットペッパービューティー
5049,,アロマ・リラクゼーション,,愛知県,,,,,,,アロマ リラクゼーション関連サービス,営業中（推定）,,未収集,収集元推奨: AEAJ認定サロン一覧 / ホットペッパービューティー
5050,,アロマ・リラクゼーション,,愛知県,,,,,,,アロマ リラクゼーション関連サービス,営業中（推定）,,未収集,収集元推奨: AEAJ認定サロン一覧 / ホットペッパービューティー
5051,,アロマ・リラクゼーション,,愛知県,,,,,,,アロマ リラクゼーション関連サービス,営業中（推定）,,未収集,収集元推奨: AEAJ認定サロン一覧 / ホットペッパービューティー
5052,,アロマ・リラクゼーション,,愛知県,,,,,,,アロマ リラクゼーション関連サービス,営業中（推定）,,未収集,収集元推奨: AEAJ認定サロン一覧 / ホットペッパービューティー
5053,,アロマ・リラクゼーション,,愛知県,,,,,,,アロマ リラクゼーション関連サービス,営業中（推定）,,未収集,収集元推奨: AEAJ認定サロン一覧 / ホットペッパービューティー
5054,,アロマ・リラクゼーション,,愛知県,,,,,,,アロマ リラクゼーション関連サービス,営業中（推定）,,未収集,収集元推奨: AEAJ認定サロン一覧 / ホットペッパービューティー
5055,,アロマ・リラクゼーション,,愛知県,,,,,,,アロマ リラクゼーション関連サービス,営業中（推定）,,未収集,収集元推奨: AEAJ認定サロン一覧 / ホットペッパービューティー
5056,,アロマ・リラクゼーション,,愛知県,,,,,,,アロマ リラクゼーション関連サービス,営業中（推定）,,未収集,収集元推奨: AEAJ認定サロン一覧 / ホットペッパービューティー
5057,,アロマ・リラクゼーション,,愛知県,,,,,,,アロマ リラクゼーション関連サービス,営業中（推定）,,未収集,収集元推奨: AEAJ認定サロン一覧 / ホットペッパービューティー
5058,,アロマ・リラクゼーション,,愛知県,,,,,,,アロマ リラクゼーション関連サービス,営業中（推定）,,未収集,収集元推奨: AEAJ認定サロン一覧 / ホットペッパービューティー
5059,,アロマ・リラクゼーション,,愛知県,,,,,,,アロマ リラクゼーション関連サービス,営業中（推定）,,未収集,収集元推奨: AEAJ認定サロン一覧 / ホットペッパービューティー
5060,,アロマ・リラクゼーション,,愛知県,,,,,,,アロマ リラクゼーション関連サービス,営業中（推定）,,未収集,収集元推奨: AEAJ認定サロン一覧 / ホットペッパービューティー
5061,,アロマ・リラクゼーション,,愛知県,,,,,,,アロマ リラクゼーション関連サービス,営業中（推定）,,未収集,収集元推奨: AEAJ認定サロン一覧 / ホットペッパービューティー
5062,,アロマ・リラクゼーション,,愛知県,,,,,,,アロマ リラクゼーション関連サービス,営業中（推定）,,未収集,収集元推奨: AEAJ認定サロン一覧 / ホットペッパービューティー
5063,,アロマ・リラクゼーション,,愛知県,,,,,,,アロマ リラクゼーション関連サービス,営業中（推定）,,未収集,収集元推奨: AEAJ認定サロン一覧 / ホットペッパービューティー
5064,,アロマ・リラクゼーション,,愛知県,,,,,,,アロマ リラクゼーション関連サービス,営業中（推定）,,未収集,収集元推奨: AEAJ認定サロン一覧 / ホットペッパービューティー
5065,,アロマ・リラクゼーション,,愛知県,,,,,,,アロマ リラクゼーション関連サービス,営業中（推定）,,未収集,収集元推奨: AEAJ認定サロン一覧 / ホットペッパービューティー
5066,,アロマ・リラクゼーション,,愛知県,,,,,,,アロマ リラクゼーション関連サービス,営業中（推定）,,未収集,収集元推奨: AEAJ認定サロン一覧 / ホットペッパービューティー
5067,,アロマ・リラクゼーション,,愛知県,,,,,,,アロマ リラクゼーション関連サービス,営業中（推定）,,未収集,収集元推奨: AEAJ認定サロン一覧 / ホットペッパービューティー
5068,,アロマ・リラクゼーション,,愛知県,,,,,,,アロマ リラクゼーション関連サービス,営業中（推定）,,未収集,収集元推奨: AEAJ認定サロン一覧 / ホットペッパービューティー
5069,,アロマ・リラクゼーション,,愛知県,,,,,,,アロマ リラクゼーション関連サービス,営業中（推定）,,未収集,収集元推奨: AEAJ認定サロン一覧 / ホットペッパービューティー
5070,,アロマ・リラクゼーション,,愛知県,,,,,,,アロマ リラクゼーション関連サービス,営業中（推定）,,未収集,収集元推奨: AEAJ認定サロン一覧 / ホットペッパービューティー
5071,,アロマ・リラクゼーション,,愛知県,,,,,,,アロマ リラクゼーション関連サービス,営業中（推定）,,未収集,収集元推奨: AEAJ認定サロン一覧 / ホットペッパービューティー
5072,,美容クリニック,,愛知県,,,,,,,美容クリニック関連サービス,営業中（推定）,,未収集,収集元推奨: 日本美容外科学会(JSAS)会員 / 各クリニック公式サイト
5073,,美容クリニック,,愛知県,,,,,,,美容クリニック関連サービス,営業中（推定）,,未収集,収集元推奨: 日本美容外科学会(JSAS)会員 / 各クリニック公式サイト
5074,,美容クリニック,,愛知県,,,,,,,美容クリニック関連サービス,営業中（推定）,,未収集,収集元推奨: 日本美容外科学会(JSAS)会員 / 各クリニック公式サイト
5075,,美容クリニック,,愛知県,,,,,,,美容クリニック関連サービス,営業中（推定）,,未収集,収集元推奨: 日本美容外科学会(JSAS)会員 / 各クリニック公式サイト
5076,,美容クリニック,,愛知県,,,,,,,美容クリニック関連サービス,営業中（推定）,,未収集,収集元推奨: 日本美容外科学会(JSAS)会員 / 各クリニック公式サイト
5077,,美容クリニック,,愛知県,,,,,,,美容クリニック関連サービス,営業中（推定）,,未収集,収集元推奨: 日本美容外科学会(JSAS)会員 / 各クリニック公式サイト
5078,,美容クリニック,,愛知県,,,,,,,美容クリニック関連サービス,営業中（推定）,,未収集,収集元推奨: 日本美容外科学会(JSAS)会員 / 各クリニック公式サイト
5079,,美容クリニック,,愛知県,,,,,,,美容クリニック関連サービス,営業中（推定）,,未収集,収集元推奨: 日本美容外科学会(JSAS)会員 / 各クリニック公式サイト
5080,,美容クリニック,,愛知県,,,,,,,美容クリニック関連サービス,営業中（推定）,,未収集,収集元推奨: 日本美容外科学会(JSAS)会員 / 各クリニック公式サイト
5081,,美容クリニック,,愛知県,,,,,,,美容クリニック関連サービス,営業中（推定）,,未収集,収集元推奨: 日本美容外科学会(JSAS)会員 / 各クリニック公式サイト
5082,,美容クリニック,,愛知県,,,,,,,美容クリニック関連サービス,営業中（推定）,,未収集,収集元推奨: 日本美容外科学会(JSAS)会員 / 各クリニック公式サイト
5083,,美容クリニック,,愛知県,,,,,,,美容クリニック関連サービス,営業中（推定）,,未収集,収集元推奨: 日本美容外科学会(JSAS)会員 / 各クリニック公式サイト
5084,,美容クリニック,,愛知県,,,,,,,美容クリニック関連サービス,営業中（推定）,,未収集,収集元推奨: 日本美容外科学会(JSAS)会員 / 各クリニック公式サイト
5085,,美容クリニック,,愛知県,,,,,,,美容クリニック関連サービス,営業中（推定）,,未収集,収集元推奨: 日本美容外科学会(JSAS)会員 / 各クリニック公式サイト
5086,,美容クリニック,,愛知県,,,,,,,美容クリニック関連サービス,営業中（推定）,,未収集,収集元推奨: 日本美容外科学会(JSAS)会員 / 各クリニック公式サイト
5087,,美容クリニック,,愛知県,,,,,,,美容クリニック関連サービス,営業中（推定）,,未収集,収集元推奨: 日本美容外科学会(JSAS)会員 / 各クリニック公式サイト
5088,,美容クリニック,,愛知県,,,,,,,美容クリニック関連サービス,営業中（推定）,,未収集,収集元推奨: 日本美容外科学会(JSAS)会員 / 各クリニック公式サイト
5089,,美容クリニック,,愛知県,,,,,,,美容クリニック関連サービス,営業中（推定）,,未収集,収集元推奨: 日本美容外科学会(JSAS)会員 / 各クリニック公式サイト
5090,,美容クリニック,,愛知県,,,,,,,美容クリニック関連サービス,営業中（推定）,,未収集,収集元推奨: 日本美容外科学会(JSAS)会員 / 各クリニック公式サイト
5091,,美容クリニック,,愛知県,,,,,,,美容クリニック関連サービス,営業中（推定）,,未収集,収集元推奨: 日本美容外科学会(JSAS)会員 / 各クリニック公式サイト
5092,,美容クリニック,,愛知県,,,,,,,美容クリニック関連サービス,営業中（推定）,,未収集,収集元推奨: 日本美容外科学会(JSAS)会員 / 各クリニック公式サイト
5093,,美容クリニック,,愛知県,,,,,,,美容クリニック関連サービス,営業中（推定）,,未収集,収集元推奨: 日本美容外科学会(JSAS)会員 / 各クリニック公式サイト
5094,,美容クリニック,,愛知県,,,,,,,美容クリニック関連サービス,営業中（推定）,,未収集,収集元推奨: 日本美容外科学会(JSAS)会員 / 各クリニック公式サイト
5095,,美容クリニック,,愛知県,,,,,,,美容クリニック関連サービス,営業中（推定）,,未収集,収集元推奨: 日本美容外科学会(JSAS)会員 / 各クリニック公式サイト
5096,,美容クリニック,,愛知県,,,,,,,美容クリニック関連サービス,営業中（推定）,,未収集,収集元推奨: 日本美容外科学会(JSAS)会員 / 各クリニック公式サイト
5097,,美容クリニック,,愛知県,,,,,,,美容クリニック関連サービス,営業中（推定）,,未収集,収集元推奨: 日本美容外科学会(JSAS)会員 / 各クリニック公式サイト
5098,,美容クリニック,,愛知県,,,,,,,美容クリニック関連サービス,営業中（推定）,,未収集,収集元推奨: 日本美容外科学会(JSAS)会員 / 各クリニック公式サイト
5099,,美容クリニック,,愛知県,,,,,,,美容クリニック関連サービス,営業中（推定）,,未収集,収集元推奨: 日本美容外科学会(JSAS)会員 / 各クリニック公式サイト
5100,,美容クリニック,,愛知県,,,,,,,美容クリニック関連サービス,営業中（推定）,,未収集,収集元推奨: 日本美容外科学会(JSAS)会員 / 各クリニック公式サイト
5101,,美容クリニック,,愛知県,,,,,,,美容クリニック関連サービス,営業中（推定）,,未収集,収集元推奨: 日本美容外科学会(JSAS)会員 / 各クリニック公式サイト
5102,,美容クリニック,,愛知県,,,,,,,美容クリニック関連サービス,営業中（推定）,,未収集,収集元推奨: 日本美容外科学会(JSAS)会員 / 各クリニック公式サイト
5103,,美容クリニック,,愛知県,,,,,,,美容クリニック関連サービス,営業中（推定）,,未収集,収集元推奨: 日本美容外科学会(JSAS)会員 / 各クリニック公式サイト
5104,,美容クリニック,,愛知県,,,,,,,美容クリニック関連サービス,営業中（推定）,,未収集,収集元推奨: 日本美容外科学会(JSAS)会員 / 各クリニック公式サイト
5105,,美容クリニック,,愛知県,,,,,,,美容クリニック関連サービス,営業中（推定）,,未収集,収集元推奨: 日本美容外科学会(JSAS)会員 / 各クリニック公式サイト
5106,,美容クリニック,,愛知県,,,,,,,美容クリニック関連サービス,営業中（推定）,,未収集,収集元推奨: 日本美容外科学会(JSAS)会員 / 各クリニック公式サイト
5107,,美容クリニック,,愛知県,,,,,,,美容クリニック関連サービス,営業中（推定）,,未収集,収集元推奨: 日本美容外科学会(JSAS)会員 / 各クリニック公式サイト
5108,,美容クリニック,,愛知県,,,,,,,美容クリニック関連サービス,営業中（推定）,,未収集,収集元推奨: 日本美容外科学会(JSAS)会員 / 各クリニック公式サイト
5109,,美容クリニック,,愛知県,,,,,,,美容クリニック関連サービス,営業中（推定）,,未収集,収集元推奨: 日本美容外科学会(JSAS)会員 / 各クリニック公式サイト
5110,,美容クリニック,,愛知県,,,,,,,美容クリニック関連サービス,営業中（推定）,,未収集,収集元推奨: 日本美容外科学会(JSAS)会員 / 各クリニック公式サイト
5111,,美容クリニック,,愛知県,,,,,,,美容クリニック関連サービス,営業中（推定）,,未収集,収集元推奨: 日本美容外科学会(JSAS)会員 / 各クリニック公式サイト
5112,,美容クリニック,,愛知県,,,,,,,美容クリニック関連サービス,営業中（推定）,,未収集,収集元推奨: 日本美容外科学会(JSAS)会員 / 各クリニック公式サイト
5113,,美容クリニック,,愛知県,,,,,,,美容クリニック関連サービス,営業中（推定）,,未収集,収集元推奨: 日本美容外科学会(JSAS)会員 / 各クリニック公式サイト
5114,,美容クリニック,,愛知県,,,,,,,美容クリニック関連サービス,営業中（推定）,,未収集,収集元推奨: 日本美容外科学会(JSAS)会員 / 各クリニック公式サイト
5115,,美容クリニック,,愛知県,,,,,,,美容クリニック関連サービス,営業中（推定）,,未収集,収集元推奨: 日本美容外科学会(JSAS)会員 / 各クリニック公式サイト
5116,,美容クリニック,,愛知県,,,,,,,美容クリニック関連サービス,営業中（推定）,,未収集,収集元推奨: 日本美容外科学会(JSAS)会員 / 各クリニック公式サイト
5117,,美容クリニック,,愛知県,,,,,,,美容クリニック関連サービス,営業中（推定）,,未収集,収集元推奨: 日本美容外科学会(JSAS)会員 / 各クリニック公式サイト
5118,,美容クリニック,,愛知県,,,,,,,美容クリニック関連サービス,営業中（推定）,,未収集,収集元推奨: 日本美容外科学会(JSAS)会員 / 各クリニック公式サイト
5119,,美容クリニック,,愛知県,,,,,,,美容クリニック関連サービス,営業中（推定）,,未収集,収集元推奨: 日本美容外科学会(JSAS)会員 / 各クリニック公式サイト
5120,,美容機器メーカー・ディーラー,,愛知県,,,,,,,美容機器メーカー ディーラー関連サービス,営業中（推定）,,未収集,収集元推奨: BeautyWorld Japan展示会出展者一覧 / 国税庁法人番号DB
5121,,美容機器メーカー・ディーラー,,愛知県,,,,,,,美容機器メーカー ディーラー関連サービス,営業中（推定）,,未収集,収集元推奨: BeautyWorld Japan展示会出展者一覧 / 国税庁法人番号DB
5122,,美容機器メーカー・ディーラー,,愛知県,,,,,,,美容機器メーカー ディーラー関連サービス,営業中（推定）,,未収集,収集元推奨: BeautyWorld Japan展示会出展者一覧 / 国税庁法人番号DB
5123,,美容機器メーカー・ディーラー,,愛知県,,,,,,,美容機器メーカー ディーラー関連サービス,営業中（推定）,,未収集,収集元推奨: BeautyWorld Japan展示会出展者一覧 / 国税庁法人番号DB
5124,,美容機器メーカー・ディーラー,,愛知県,,,,,,,美容機器メーカー ディーラー関連サービス,営業中（推定）,,未収集,収集元推奨: BeautyWorld Japan展示会出展者一覧 / 国税庁法人番号DB
5125,,美容機器メーカー・ディーラー,,愛知県,,,,,,,美容機器メーカー ディーラー関連サービス,営業中（推定）,,未収集,収集元推奨: BeautyWorld Japan展示会出展者一覧 / 国税庁法人番号DB
5126,,美容機器メーカー・ディーラー,,愛知県,,,,,,,美容機器メーカー ディーラー関連サービス,営業中（推定）,,未収集,収集元推奨: BeautyWorld Japan展示会出展者一覧 / 国税庁法人番号DB
5127,,美容機器メーカー・ディーラー,,愛知県,,,,,,,美容機器メーカー ディーラー関連サービス,営業中（推定）,,未収集,収集元推奨: BeautyWorld Japan展示会出展者一覧 / 国税庁法人番号DB
5128,,美容機器メーカー・ディーラー,,愛知県,,,,,,,美容機器メーカー ディーラー関連サービス,営業中（推定）,,未収集,収集元推奨: BeautyWorld Japan展示会出展者一覧 / 国税庁法人番号DB
5129,,美容機器メーカー・ディーラー,,愛知県,,,,,,,美容機器メーカー ディーラー関連サービス,営業中（推定）,,未収集,収集元推奨: BeautyWorld Japan展示会出展者一覧 / 国税庁法人番号DB
5130,,美容機器メーカー・ディーラー,,愛知県,,,,,,,美容機器メーカー ディーラー関連サービス,営業中（推定）,,未収集,収集元推奨: BeautyWorld Japan展示会出展者一覧 / 国税庁法人番号DB
5131,,美容機器メーカー・ディーラー,,愛知県,,,,,,,美容機器メーカー ディーラー関連サービス,営業中（推定）,,未収集,収集元推奨: BeautyWorld Japan展示会出展者一覧 / 国税庁法人番号DB
5132,,美容機器メーカー・ディーラー,,愛知県,,,,,,,美容機器メーカー ディーラー関連サービス,営業中（推定）,,未収集,収集元推奨: BeautyWorld Japan展示会出展者一覧 / 国税庁法人番号DB
5133,,美容機器メーカー・ディーラー,,愛知県,,,,,,,美容機器メーカー ディーラー関連サービス,営業中（推定）,,未収集,収集元推奨: BeautyWorld Japan展示会出展者一覧 / 国税庁法人番号DB
5134,,美容機器メーカー・ディーラー,,愛知県,,,,,,,美容機器メーカー ディーラー関連サービス,営業中（推定）,,未収集,収集元推奨: BeautyWorld Japan展示会出展者一覧 / 国税庁法人番号DB
5135,,美容機器メーカー・ディーラー,,愛知県,,,,,,,美容機器メーカー ディーラー関連サービス,営業中（推定）,,未収集,収集元推奨: BeautyWorld Japan展示会出展者一覧 / 国税庁法人番号DB
5136,,美容機器メーカー・ディーラー,,愛知県,,,,,,,美容機器メーカー ディーラー関連サービス,営業中（推定）,,未収集,収集元推奨: BeautyWorld Japan展示会出展者一覧 / 国税庁法人番号DB
5137,,美容機器メーカー・ディーラー,,愛知県,,,,,,,美容機器メーカー ディーラー関連サービス,営業中（推定）,,未収集,収集元推奨: BeautyWorld Japan展示会出展者一覧 / 国税庁法人番号DB
5138,,美容機器メーカー・ディーラー,,愛知県,,,,,,,美容機器メーカー ディーラー関連サービス,営業中（推定）,,未収集,収集元推奨: BeautyWorld Japan展示会出展者一覧 / 国税庁法人番号DB
5139,,美容機器メーカー・ディーラー,,愛知県,,,,,,,美容機器メーカー ディーラー関連サービス,営業中（推定）,,未収集,収集元推奨: BeautyWorld Japan展示会出展者一覧 / 国税庁法人番号DB
5140,,美容機器メーカー・ディーラー,,愛知県,,,,,,,美容機器メーカー ディーラー関連サービス,営業中（推定）,,未収集,収集元推奨: BeautyWorld Japan展示会出展者一覧 / 国税庁法人番号DB
5141,,美容機器メーカー・ディーラー,,愛知県,,,,,,,美容機器メーカー ディーラー関連サービス,営業中（推定）,,未収集,収集元推奨: BeautyWorld Japan展示会出展者一覧 / 国税庁法人番号DB
5142,,美容機器メーカー・ディーラー,,愛知県,,,,,,,美容機器メーカー ディーラー関連サービス,営業中（推定）,,未収集,収集元推奨: BeautyWorld Japan展示会出展者一覧 / 国税庁法人番号DB
5143,,美容機器メーカー・ディーラー,,愛知県,,,,,,,美容機器メーカー ディーラー関連サービス,営業中（推定）,,未収集,収集元推奨: BeautyWorld Japan展示会出展者一覧 / 国税庁法人番号DB
5144,,美容機器メーカー・ディーラー,,愛知県,,,,,,,美容機器メーカー ディーラー関連サービス,営業中（推定）,,未収集,収集元推奨: BeautyWorld Japan展示会出展者一覧 / 国税庁法人番号DB
5145,,美容機器メーカー・ディーラー,,愛知県,,,,,,,美容機器メーカー ディーラー関連サービス,営業中（推定）,,未収集,収集元推奨: BeautyWorld Japan展示会出展者一覧 / 国税庁法人番号DB
5146,,美容機器メーカー・ディーラー,,愛知県,,,,,,,美容機器メーカー ディーラー関連サービス,営業中（推定）,,未収集,収集元推奨: BeautyWorld Japan展示会出展者一覧 / 国税庁法人番号DB
5147,,美容機器メーカー・ディーラー,,愛知県,,,,,,,美容機器メーカー ディーラー関連サービス,営業中（推定）,,未収集,収集元推奨: BeautyWorld Japan展示会出展者一覧 / 国税庁法人番号DB
5148,,美容機器メーカー・ディーラー,,愛知県,,,,,,,美容機器メーカー ディーラー関連サービス,営業中（推定）,,未収集,収集元推奨: BeautyWorld Japan展示会出展者一覧 / 国税庁法人番号DB
5149,,美容機器メーカー・ディーラー,,愛知県,,,,,,,美容機器メーカー ディーラー関連サービス,営業中（推定）,,未収集,収集元推奨: BeautyWorld Japan展示会出展者一覧 / 国税庁法人番号DB
5150,,美容機器メーカー・ディーラー,,愛知県,,,,,,,美容機器メーカー ディーラー関連サービス,営業中（推定）,,未収集,収集元推奨: BeautyWorld Japan展示会出展者一覧 / 国税庁法人番号DB
5151,,美容機器メーカー・ディーラー,,愛知県,,,,,,,美容機器メーカー ディーラー関連サービス,営業中（推定）,,未収集,収集元推奨: BeautyWorld Japan展示会出展者一覧 / 国税庁法人番号DB
5152,,美容機器メーカー・ディーラー,,愛知県,,,,,,,美容機器メーカー ディーラー関連サービス,営業中（推定）,,未収集,収集元推奨: BeautyWorld Japan展示会出展者一覧 / 国税庁法人番号DB
5153,,美容機器メーカー・ディーラー,,愛知県,,,,,,,美容機器メーカー ディーラー関連サービス,営業中（推定）,,未収集,収集元推奨: BeautyWorld Japan展示会出展者一覧 / 国税庁法人番号DB
5154,,美容機器メーカー・ディーラー,,愛知県,,,,,,,美容機器メーカー ディーラー関連サービス,営業中（推定）,,未収集,収集元推奨: BeautyWorld Japan展示会出展者一覧 / 国税庁法人番号DB
5155,,美容機器メーカー・ディーラー,,愛知県,,,,,,,美容機器メーカー ディーラー関連サービス,営業中（推定）,,未収集,収集元推奨: BeautyWorld Japan展示会出展者一覧 / 国税庁法人番号DB
5156,,化粧品メーカー,,愛知県,,,,,,,化粧品メーカー関連サービス,営業中（推定）,,未収集,収集元推奨: 日本化粧品工業会(JCIA)会員 / 国税庁法人番号DB
5157,,化粧品メーカー,,愛知県,,,,,,,化粧品メーカー関連サービス,営業中（推定）,,未収集,収集元推奨: 日本化粧品工業会(JCIA)会員 / 国税庁法人番号DB
5158,,化粧品メーカー,,愛知県,,,,,,,化粧品メーカー関連サービス,営業中（推定）,,未収集,収集元推奨: 日本化粧品工業会(JCIA)会員 / 国税庁法人番号DB
5159,,化粧品メーカー,,愛知県,,,,,,,化粧品メーカー関連サービス,営業中（推定）,,未収集,収集元推奨: 日本化粧品工業会(JCIA)会員 / 国税庁法人番号DB
5160,,化粧品メーカー,,愛知県,,,,,,,化粧品メーカー関連サービス,営業中（推定）,,未収集,収集元推奨: 日本化粧品工業会(JCIA)会員 / 国税庁法人番号DB
5161,,化粧品メーカー,,愛知県,,,,,,,化粧品メーカー関連サービス,営業中（推定）,,未収集,収集元推奨: 日本化粧品工業会(JCIA)会員 / 国税庁法人番号DB
5162,,化粧品メーカー,,愛知県,,,,,,,化粧品メーカー関連サービス,営業中（推定）,,未収集,収集元推奨: 日本化粧品工業会(JCIA)会員 / 国税庁法人番号DB
5163,,化粧品メーカー,,愛知県,,,,,,,化粧品メーカー関連サービス,営業中（推定）,,未収集,収集元推奨: 日本化粧品工業会(JCIA)会員 / 国税庁法人番号DB
5164,,化粧品メーカー,,愛知県,,,,,,,化粧品メーカー関連サービス,営業中（推定）,,未収集,収集元推奨: 日本化粧品工業会(JCIA)会員 / 国税庁法人番号DB
5165,,化粧品メーカー,,愛知県,,,,,,,化粧品メーカー関連サービス,営業中（推定）,,未収集,収集元推奨: 日本化粧品工業会(JCIA)会員 / 国税庁法人番号DB
5166,,化粧品メーカー,,愛知県,,,,,,,化粧品メーカー関連サービス,営業中（推定）,,未収集,収集元推奨: 日本化粧品工業会(JCIA)会員 / 国税庁法人番号DB
5167,,化粧品メーカー,,愛知県,,,,,,,化粧品メーカー関連サービス,営業中（推定）,,未収集,収集元推奨: 日本化粧品工業会(JCIA)会員 / 国税庁法人番号DB
5168,,化粧品メーカー,,愛知県,,,,,,,化粧品メーカー関連サービス,営業中（推定）,,未収集,収集元推奨: 日本化粧品工業会(JCIA)会員 / 国税庁法人番号DB
5169,,化粧品メーカー,,愛知県,,,,,,,化粧品メーカー関連サービス,営業中（推定）,,未収集,収集元推奨: 日本化粧品工業会(JCIA)会員 / 国税庁法人番号DB
5170,,化粧品メーカー,,愛知県,,,,,,,化粧品メーカー関連サービス,営業中（推定）,,未収集,収集元推奨: 日本化粧品工業会(JCIA)会員 / 国税庁法人番号DB
5171,,化粧品メーカー,,愛知県,,,,,,,化粧品メーカー関連サービス,営業中（推定）,,未収集,収集元推奨: 日本化粧品工業会(JCIA)会員 / 国税庁法人番号DB
5172,,化粧品メーカー,,愛知県,,,,,,,化粧品メーカー関連サービス,営業中（推定）,,未収集,収集元推奨: 日本化粧品工業会(JCIA)会員 / 国税庁法人番号DB
5173,,化粧品メーカー,,愛知県,,,,,,,化粧品メーカー関連サービス,営業中（推定）,,未収集,収集元推奨: 日本化粧品工業会(JCIA)会員 / 国税庁法人番号DB
5174,,化粧品メーカー,,愛知県,,,,,,,化粧品メーカー関連サービス,営業中（推定）,,未収集,収集元推奨: 日本化粧品工業会(JCIA)会員 / 国税庁法人番号DB
5175,,化粧品メーカー,,愛知県,,,,,,,化粧品メーカー関連サービス,営業中（推定）,,未収集,収集元推奨: 日本化粧品工業会(JCIA)会員 / 国税庁法人番号DB
5176,,化粧品メーカー,,愛知県,,,,,,,化粧品メーカー関連サービス,営業中（推定）,,未収集,収集元推奨: 日本化粧品工業会(JCIA)会員 / 国税庁法人番号DB
5177,,化粧品メーカー,,愛知県,,,,,,,化粧品メーカー関連サービス,営業中（推定）,,未収集,収集元推奨: 日本化粧品工業会(JCIA)会員 / 国税庁法人番号DB
5178,,化粧品メーカー,,愛知県,,,,,,,化粧品メーカー関連サービス,営業中（推定）,,未収集,収集元推奨: 日本化粧品工業会(JCIA)会員 / 国税庁法人番号DB
5179,,化粧品メーカー,,愛知県,,,,,,,化粧品メーカー関連サービス,営業中（推定）,,未収集,収集元推奨: 日本化粧品工業会(JCIA)会員 / 国税庁法人番号DB
5180,,化粧品メーカー,,愛知県,,,,,,,化粧品メーカー関連サービス,営業中（推定）,,未収集,収集元推奨: 日本化粧品工業会(JCIA)会員 / 国税庁法人番号DB
5181,,化粧品メーカー,,愛知県,,,,,,,化粧品メーカー関連サービス,営業中（推定）,,未収集,収集元推奨: 日本化粧品工業会(JCIA)会員 / 国税庁法人番号DB
5182,,化粧品メーカー,,愛知県,,,,,,,化粧品メーカー関連サービス,営業中（推定）,,未収集,収集元推奨: 日本化粧品工業会(JCIA)会員 / 国税庁法人番号DB
5183,,化粧品メーカー,,愛知県,,,,,,,化粧品メーカー関連サービス,営業中（推定）,,未収集,収集元推奨: 日本化粧品工業会(JCIA)会員 / 国税庁法人番号DB
5184,,化粧品メーカー,,愛知県,,,,,,,化粧品メーカー関連サービス,営業中（推定）,,未収集,収集元推奨: 日本化粧品工業会(JCIA)会員 / 国税庁法人番号DB
5185,,化粧品メーカー,,愛知県,,,,,,,化粧品メーカー関連サービス,営業中（推定）,,未収集,収集元推奨: 日本化粧品工業会(JCIA)会員 / 国税庁法人番号DB
5186,,化粧品メーカー,,愛知県,,,,,,,化粧品メーカー関連サービス,営業中（推定）,,未収集,収集元推奨: 日本化粧品工業会(JCIA)会員 / 国税庁法人番号DB
5187,,化粧品メーカー,,愛知県,,,,,,,化粧品メーカー関連サービス,営業中（推定）,,未収集,収集元推奨: 日本化粧品工業会(JCIA)会員 / 国税庁法人番号DB
5188,,化粧品メーカー,,愛知県,,,,,,,化粧品メーカー関連サービス,営業中（推定）,,未収集,収集元推奨: 日本化粧品工業会(JCIA)会員 / 国税庁法人番号DB
5189,,化粧品メーカー,,愛知県,,,,,,,化粧品メーカー関連サービス,営業中（推定）,,未収集,収集元推奨: 日本化粧品工業会(JCIA)会員 / 国税庁法人番号DB
5190,,化粧品メーカー,,愛知県,,,,,,,化粧品メーカー関連サービス,営業中（推定）,,未収集,収集元推奨: 日本化粧品工業会(JCIA)会員 / 国税庁法人番号DB
5191,,化粧品メーカー,,愛知県,,,,,,,化粧品メーカー関連サービス,営業中（推定）,,未収集,収集元推奨: 日本化粧品工業会(JCIA)会員 / 国税庁法人番号DB
5192,,化粧品メーカー,,愛知県,,,,,,,化粧品メーカー関連サービス,営業中（推定）,,未収集,収集元推奨: 日本化粧品工業会(JCIA)会員 / 国税庁法人番号DB
5193,,化粧品メーカー,,愛知県,,,,,,,化粧品メーカー関連サービス,営業中（推定）,,未収集,収集元推奨: 日本化粧品工業会(JCIA)会員 / 国税庁法人番号DB
5194,,化粧品メーカー,,愛知県,,,,,,,化粧品メーカー関連サービス,営業中（推定）,,未収集,収集元推奨: 日本化粧品工業会(JCIA)会員 / 国税庁法人番号DB
5195,,化粧品メーカー,,愛知県,,,,,,,化粧品メーカー関連サービス,営業中（推定）,,未収集,収集元推奨: 日本化粧品工業会(JCIA)会員 / 国税庁法人番号DB
5196,,化粧品メーカー,,愛知県,,,,,,,化粧品メーカー関連サービス,営業中（推定）,,未収集,収集元推奨: 日本化粧品工業会(JCIA)会員 / 国税庁法人番号DB
5197,,化粧品メーカー,,愛知県,,,,,,,化粧品メーカー関連サービス,営業中（推定）,,未収集,収集元推奨: 日本化粧品工業会(JCIA)会員 / 国税庁法人番号DB
5198,,化粧品メーカー,,愛知県,,,,,,,化粧品メーカー関連サービス,営業中（推定）,,未収集,収集元推奨: 日本化粧品工業会(JCIA)会員 / 国税庁法人番号DB
5199,,化粧品メーカー,,愛知県,,,,,,,化粧品メーカー関連サービス,営業中（推定）,,未収集,収集元推奨: 日本化粧品工業会(JCIA)会員 / 国税庁法人番号DB
5200,,化粧品メーカー,,愛知県,,,,,,,化粧品メーカー関連サービス,営業中（推定）,,未収集,収集元推奨: 日本化粧品工業会(JCIA)会員 / 国税庁法人番号DB
5201,,化粧品メーカー,,愛知県,,,,,,,化粧品メーカー関連サービス,営業中（推定）,,未収集,収集元推奨: 日本化粧品工業会(JCIA)会員 / 国税庁法人番号DB
5202,,化粧品メーカー,,愛知県,,,,,,,化粧品メーカー関連サービス,営業中（推定）,,未収集,収集元推奨: 日本化粧品工業会(JCIA)会員 / 国税庁法人番号DB
5203,,化粧品メーカー,,愛知県,,,,,,,化粧品メーカー関連サービス,営業中（推定）,,未収集,収集元推奨: 日本化粧品工業会(JCIA)会員 / 国税庁法人番号DB
5204,,ヘアサロン・サロンオーナー,,愛知県,,,,,,,ヘアサロン サロンオーナー関連サービス,営業中（推定）,,未収集,収集元推奨: ホットペッパービューティー / 美容師会 / iタウンページ
5205,,ヘアサロン・サロンオーナー,,愛知県,,,,,,,ヘアサロン サロンオーナー関連サービス,営業中（推定）,,未収集,収集元推奨: ホットペッパービューティー / 美容師会 / iタウンページ
5206,,ヘアサロン・サロンオーナー,,愛知県,,,,,,,ヘアサロン サロンオーナー関連サービス,営業中（推定）,,未収集,収集元推奨: ホットペッパービューティー / 美容師会 / iタウンページ
5207,,ヘアサロン・サロンオーナー,,愛知県,,,,,,,ヘアサロン サロンオーナー関連サービス,営業中（推定）,,未収集,収集元推奨: ホットペッパービューティー / 美容師会 / iタウンページ
5208,,ヘアサロン・サロンオーナー,,愛知県,,,,,,,ヘアサロン サロンオーナー関連サービス,営業中（推定）,,未収集,収集元推奨: ホットペッパービューティー / 美容師会 / iタウンページ
5209,,ヘアサロン・サロンオーナー,,愛知県,,,,,,,ヘアサロン サロンオーナー関連サービス,営業中（推定）,,未収集,収集元推奨: ホットペッパービューティー / 美容師会 / iタウンページ
5210,,ヘアサロン・サロンオーナー,,愛知県,,,,,,,ヘアサロン サロンオーナー関連サービス,営業中（推定）,,未収集,収集元推奨: ホットペッパービューティー / 美容師会 / iタウンページ
5211,,ヘアサロン・サロンオーナー,,愛知県,,,,,,,ヘアサロン サロンオーナー関連サービス,営業中（推定）,,未収集,収集元推奨: ホットペッパービューティー / 美容師会 / iタウンページ
5212,,ヘアサロン・サロンオーナー,,愛知県,,,,,,,ヘアサロン サロンオーナー関連サービス,営業中（推定）,,未収集,収集元推奨: ホットペッパービューティー / 美容師会 / iタウンページ
5213,,ヘアサロン・サロンオーナー,,愛知県,,,,,,,ヘアサロン サロンオーナー関連サービス,営業中（推定）,,未収集,収集元推奨: ホットペッパービューティー / 美容師会 / iタウンページ
5214,,ヘアサロン・サロンオーナー,,愛知県,,,,,,,ヘアサロン サロンオーナー関連サービス,営業中（推定）,,未収集,収集元推奨: ホットペッパービューティー / 美容師会 / iタウンページ
5215,,ヘアサロン・サロンオーナー,,愛知県,,,,,,,ヘアサロン サロンオーナー関連サービス,営業中（推定）,,未収集,収集元推奨: ホットペッパービューティー / 美容師会 / iタウンページ
5216,,ヘアサロン・サロンオーナー,,愛知県,,,,,,,ヘアサロン サロンオーナー関連サービス,営業中（推定）,,未収集,収集元推奨: ホットペッパービューティー / 美容師会 / iタウンページ
5217,,ヘアサロン・サロンオーナー,,愛知県,,,,,,,ヘアサロン サロンオーナー関連サービス,営業中（推定）,,未収集,収集元推奨: ホットペッパービューティー / 美容師会 / iタウンページ
5218,,ヘアサロン・サロンオーナー,,愛知県,,,,,,,ヘアサロン サロンオーナー関連サービス,営業中（推定）,,未収集,収集元推奨: ホットペッパービューティー / 美容師会 / iタウンページ
5219,,ヘアサロン・サロンオーナー,,愛知県,,,,,,,ヘアサロン サロンオーナー関連サービス,営業中（推定）,,未収集,収集元推奨: ホットペッパービューティー / 美容師会 / iタウンページ
5220,,ヘアサロン・サロンオーナー,,愛知県,,,,,,,ヘアサロン サロンオーナー関連サービス,営業中（推定）,,未収集,収集元推奨: ホットペッパービューティー / 美容師会 / iタウンページ
5221,,ヘアサロン・サロンオーナー,,愛知県,,,,,,,ヘアサロン サロンオーナー関連サービス,営業中（推定）,,未収集,収集元推奨: ホットペッパービューティー / 美容師会 / iタウンページ
5222,,ヘアサロン・サロンオーナー,,愛知県,,,,,,,ヘアサロン サロンオーナー関連サービス,営業中（推定）,,未収集,収集元推奨: ホットペッパービューティー / 美容師会 / iタウンページ
5223,,ヘアサロン・サロンオーナー,,愛知県,,,,,,,ヘアサロン サロンオーナー関連サービス,営業中（推定）,,未収集,収集元推奨: ホットペッパービューティー / 美容師会 / iタウンページ
5224,,ヘアサロン・サロンオーナー,,愛知県,,,,,,,ヘアサロン サロンオーナー関連サービス,営業中（推定）,,未収集,収集元推奨: ホットペッパービューティー / 美容師会 / iタウンページ
5225,,ヘアサロン・サロンオーナー,,愛知県,,,,,,,ヘアサロン サロンオーナー関連サービス,営業中（推定）,,未収集,収集元推奨: ホットペッパービューティー / 美容師会 / iタウンページ
5226,,ヘアサロン・サロンオーナー,,愛知県,,,,,,,ヘアサロン サロンオーナー関連サービス,営業中（推定）,,未収集,収集元推奨: ホットペッパービューティー / 美容師会 / iタウンページ
5227,,ヘアサロン・サロンオーナー,,愛知県,,,,,,,ヘアサロン サロンオーナー関連サービス,営業中（推定）,,未収集,収集元推奨: ホットペッパービューティー / 美容師会 / iタウンページ
5228,,ヘアサロン・サロンオーナー,,愛知県,,,,,,,ヘアサロン サロンオーナー関連サービス,営業中（推定）,,未収集,収集元推奨: ホットペッパービューティー / 美容師会 / iタウンページ
5229,,ヘアサロン・サロンオーナー,,愛知県,,,,,,,ヘアサロン サロンオーナー関連サービス,営業中（推定）,,未収集,収集元推奨: ホットペッパービューティー / 美容師会 / iタウンページ
5230,,ヘアサロン・サロンオーナー,,愛知県,,,,,,,ヘアサロン サロンオーナー関連サービス,営業中（推定）,,未収集,収集元推奨: ホットペッパービューティー / 美容師会 / iタウンページ
5231,,ヘアサロン・サロンオーナー,,愛知県,,,,,,,ヘアサロン サロンオーナー関連サービス,営業中（推定）,,未収集,収集元推奨: ホットペッパービューティー / 美容師会 / iタウンページ
5232,,ヘアサロン・サロンオーナー,,愛知県,,,,,,,ヘアサロン サロンオーナー関連サービス,営業中（推定）,,未収集,収集元推奨: ホットペッパービューティー / 美容師会 / iタウンページ
5233,,ヘアサロン・サロンオーナー,,愛知県,,,,,,,ヘアサロン サロンオーナー関連サービス,営業中（推定）,,未収集,収集元推奨: ホットペッパービューティー / 美容師会 / iタウンページ
5234,,ヘアサロン・サロンオーナー,,愛知県,,,,,,,ヘアサロン サロンオーナー関連サービス,営業中（推定）,,未収集,収集元推奨: ホットペッパービューティー / 美容師会 / iタウンページ
5235,,ヘアサロン・サロンオーナー,,愛知県,,,,,,,ヘアサロン サロンオーナー関連サービス,営業中（推定）,,未収集,収集元推奨: ホットペッパービューティー / 美容師会 / iタウンページ
5236,,ヘアサロン・サロンオーナー,,愛知県,,,,,,,ヘアサロン サロンオーナー関連サービス,営業中（推定）,,未収集,収集元推奨: ホットペッパービューティー / 美容師会 / iタウンページ
5237,,ヘアサロン・サロンオーナー,,愛知県,,,,,,,ヘアサロン サロンオーナー関連サービス,営業中（推定）,,未収集,収集元推奨: ホットペッパービューティー / 美容師会 / iタウンページ
5238,,ヘアサロン・サロンオーナー,,愛知県,,,,,,,ヘアサロン サロンオーナー関連サービス,営業中（推定）,,未収集,収集元推奨: ホットペッパービューティー / 美容師会 / iタウンページ
5239,,ヘアサロン・サロンオーナー,,愛知県,,,,,,,ヘアサロン サロンオーナー関連サービス,営業中（推定）,,未収集,収集元推奨: ホットペッパービューティー / 美容師会 / iタウンページ
5240,,ヘアサロン・サロンオーナー,,愛知県,,,,,,,ヘアサロン サロンオーナー関連サービス,営業中（推定）,,未収集,収集元推奨: ホットペッパービューティー / 美容師会 / iタウンページ
5241,,ヘアサロン・サロンオーナー,,愛知県,,,,,,,ヘアサロン サロンオーナー関連サービス,営業中（推定）,,未収集,収集元推奨: ホットペッパービューティー / 美容師会 / iタウンページ
5242,,ヘアサロン・サロンオーナー,,愛知県,,,,,,,ヘアサロン サロンオーナー関連サービス,営業中（推定）,,未収集,収集元推奨: ホットペッパービューティー / 美容師会 / iタウンページ
5243,,ヘアサロン・サロンオーナー,,愛知県,,,,,,,ヘアサロン サロンオーナー関連サービス,営業中（推定）,,未収集,収集元推奨: ホットペッパービューティー / 美容師会 / iタウンページ
5244,,ヘアサロン・サロンオーナー,,愛知県,,,,,,,ヘアサロン サロンオーナー関連サービス,営業中（推定）,,未収集,収集元推奨: ホットペッパービューティー / 美容師会 / iタウンページ
5245,,ヘアサロン・サロンオーナー,,愛知県,,,,,,,ヘアサロン サロンオーナー関連サービス,営業中（推定）,,未収集,収集元推奨: ホットペッパービューティー / 美容師会 / iタウンページ
5246,,ヘアサロン・サロンオーナー,,愛知県,,,,,,,ヘアサロン サロンオーナー関連サービス,営業中（推定）,,未収集,収集元推奨: ホットペッパービューティー / 美容師会 / iタウンページ
5247,,ヘアサロン・サロンオーナー,,愛知県,,,,,,,ヘアサロン サロンオーナー関連サービス,営業中（推定）,,未収集,収集元推奨: ホットペッパービューティー / 美容師会 / iタウンページ
5248,,ヘアサロン・サロンオーナー,,愛知県,,,,,,,ヘアサロン サロンオーナー関連サービス,営業中（推定）,,未収集,収集元推奨: ホットペッパービューティー / 美容師会 / iタウンページ
5249,,ヘアサロン・サロンオーナー,,愛知県,,,,,,,ヘアサロン サロンオーナー関連サービス,営業中（推定）,,未収集,収集元推奨: ホットペッパービューティー / 美容師会 / iタウンページ
5250,,ヘアサロン・サロンオーナー,,愛知県,,,,,,,ヘアサロン サロンオーナー関連サービス,営業中（推定）,,未収集,収集元推奨: ホットペッパービューティー / 美容師会 / iタウンページ
5251,,ヘアサロン・サロンオーナー,,愛知県,,,,,,,ヘアサロン サロンオーナー関連サービス,営業中（推定）,,未収集,収集元推奨: ホットペッパービューティー / 美容師会 / iタウンページ
5252,,IT・AI×美容,,愛知県,,,,,,,IT AI×美容関連サービス,営業中（推定）,,未収集,収集元推奨: スタートアップDB / PRTIMES / 展示会(BeautyTech系)
5253,,IT・AI×美容,,愛知県,,,,,,,IT AI×美容関連サービス,営業中（推定）,,未収集,収集元推奨: スタートアップDB / PRTIMES / 展示会(BeautyTech系)
5254,,IT・AI×美容,,愛知県,,,,,,,IT AI×美容関連サービス,営業中（推定）,,未収集,収集元推奨: スタートアップDB / PRTIMES / 展示会(BeautyTech系)
5255,,IT・AI×美容,,愛知県,,,,,,,IT AI×美容関連サービス,営業中（推定）,,未収集,収集元推奨: スタートアップDB / PRTIMES / 展示会(BeautyTech系)
5256,,IT・AI×美容,,愛知県,,,,,,,IT AI×美容関連サービス,営業中（推定）,,未収集,収集元推奨: スタートアップDB / PRTIMES / 展示会(BeautyTech系)
5257,,IT・AI×美容,,愛知県,,,,,,,IT AI×美容関連サービス,営業中（推定）,,未収集,収集元推奨: スタートアップDB / PRTIMES / 展示会(BeautyTech系)
5258,,IT・AI×美容,,愛知県,,,,,,,IT AI×美容関連サービス,営業中（推定）,,未収集,収集元推奨: スタートアップDB / PRTIMES / 展示会(BeautyTech系)
5259,,IT・AI×美容,,愛知県,,,,,,,IT AI×美容関連サービス,営業中（推定）,,未収集,収集元推奨: スタートアップDB / PRTIMES / 展示会(BeautyTech系)
5260,,IT・AI×美容,,愛知県,,,,,,,IT AI×美容関連サービス,営業中（推定）,,未収集,収集元推奨: スタートアップDB / PRTIMES / 展示会(BeautyTech系)
5261,,IT・AI×美容,,愛知県,,,,,,,IT AI×美容関連サービス,営業中（推定）,,未収集,収集元推奨: スタートアップDB / PRTIMES / 展示会(BeautyTech系)
5262,,IT・AI×美容,,愛知県,,,,,,,IT AI×美容関連サービス,営業中（推定）,,未収集,収集元推奨: スタートアップDB / PRTIMES / 展示会(BeautyTech系)
5263,,IT・AI×美容,,愛知県,,,,,,,IT AI×美容関連サービス,営業中（推定）,,未収集,収集元推奨: スタートアップDB / PRTIMES / 展示会(BeautyTech系)
5264,,IT・AI×美容,,愛知県,,,,,,,IT AI×美容関連サービス,営業中（推定）,,未収集,収集元推奨: スタートアップDB / PRTIMES / 展示会(BeautyTech系)
5265,,IT・AI×美容,,愛知県,,,,,,,IT AI×美容関連サービス,営業中（推定）,,未収集,収集元推奨: スタートアップDB / PRTIMES / 展示会(BeautyTech系)
5266,,IT・AI×美容,,愛知県,,,,,,,IT AI×美容関連サービス,営業中（推定）,,未収集,収集元推奨: スタートアップDB / PRTIMES / 展示会(BeautyTech系)
5267,,IT・AI×美容,,愛知県,,,,,,,IT AI×美容関連サービス,営業中（推定）,,未収集,収集元推奨: スタートアップDB / PRTIMES / 展示会(BeautyTech系)
5268,,IT・AI×美容,,愛知県,,,,,,,IT AI×美容関連サービス,営業中（推定）,,未収集,収集元推奨: スタートアップDB / PRTIMES / 展示会(BeautyTech系)
5269,,IT・AI×美容,,愛知県,,,,,,,IT AI×美容関連サービス,営業中（推定）,,未収集,収集元推奨: スタートアップDB / PRTIMES / 展示会(BeautyTech系)
5270,,IT・AI×美容,,愛知県,,,,,,,IT AI×美容関連サービス,営業中（推定）,,未収集,収集元推奨: スタートアップDB / PRTIMES / 展示会(BeautyTech系)
5271,,IT・AI×美容,,愛知県,,,,,,,IT AI×美容関連サービス,営業中（推定）,,未収集,収集元推奨: スタートアップDB / PRTIMES / 展示会(BeautyTech系)
5272,,IT・AI×美容,,愛知県,,,,,,,IT AI×美容関連サービス,営業中（推定）,,未収集,収集元推奨: スタートアップDB / PRTIMES / 展示会(BeautyTech系)
5273,,IT・AI×美容,,愛知県,,,,,,,IT AI×美容関連サービス,営業中（推定）,,未収集,収集元推奨: スタートアップDB / PRTIMES / 展示会(BeautyTech系)
5274,,IT・AI×美容,,愛知県,,,,,,,IT AI×美容関連サービス,営業中（推定）,,未収集,収集元推奨: スタートアップDB / PRTIMES / 展示会(BeautyTech系)
5275,,IT・AI×美容,,愛知県,,,,,,,IT AI×美容関連サービス,営業中（推定）,,未収集,収集元推奨: スタートアップDB / PRTIMES / 展示会(BeautyTech系)
5276,,IT・AI×美容,,愛知県,,,,,,,IT AI×美容関連サービス,営業中（推定）,,未収集,収集元推奨: スタートアップDB / PRTIMES / 展示会(BeautyTech系)
5277,,IT・AI×美容,,愛知県,,,,,,,IT AI×美容関連サービス,営業中（推定）,,未収集,収集元推奨: スタートアップDB / PRTIMES / 展示会(BeautyTech系)
5278,,IT・AI×美容,,愛知県,,,,,,,IT AI×美容関連サービス,営業中（推定）,,未収集,収集元推奨: スタートアップDB / PRTIMES / 展示会(BeautyTech系)
5279,,IT・AI×美容,,愛知県,,,,,,,IT AI×美容関連サービス,営業中（推定）,,未収集,収集元推奨: スタートアップDB / PRTIMES / 展示会(BeautyTech系)
5280,,IT・AI×美容,,愛知県,,,,,,,IT AI×美容関連サービス,営業中（推定）,,未収集,収集元推奨: スタートアップDB / PRTIMES / 展示会(BeautyTech系)
5281,,IT・AI×美容,,愛知県,,,,,,,IT AI×美容関連サービス,営業中（推定）,,未収集,収集元推奨: スタートアップDB / PRTIMES / 展示会(BeautyTech系)
5282,,IT・AI×美容,,愛知県,,,,,,,IT AI×美容関連サービス,営業中（推定）,,未収集,収集元推奨: スタートアップDB / PRTIMES / 展示会(BeautyTech系)
5283,,IT・AI×美容,,愛知県,,,,,,,IT AI×美容関連サービス,営業中（推定）,,未収集,収集元推奨: スタートアップDB / PRTIMES / 展示会(BeautyTech系)
5284,,IT・AI×美容,,愛知県,,,,,,,IT AI×美容関連サービス,営業中（推定）,,未収集,収集元推奨: スタートアップDB / PRTIMES / 展示会(BeautyTech系)
5285,,IT・AI×美容,,愛知県,,,,,,,IT AI×美容関連サービス,営業中（推定）,,未収集,収集元推奨: スタートアップDB / PRTIMES / 展示会(BeautyTech系)
5286,,IT・AI×美容,,愛知県,,,,,,,IT AI×美容関連サービス,営業中（推定）,,未収集,収集元推奨: スタートアップDB / PRTIMES / 展示会(BeautyTech系)
5287,,IT・AI×美容,,愛知県,,,,,,,IT AI×美容関連サービス,営業中（推定）,,未収集,収集元推奨: スタートアップDB / PRTIMES / 展示会(BeautyTech系)
5288,,IT・AI×美容,,愛知県,,,,,,,IT AI×美容関連サービス,営業中（推定）,,未収集,収集元推奨: スタートアップDB / PRTIMES / 展示会(BeautyTech系)
5289,,IT・AI×美容,,愛知県,,,,,,,IT AI×美容関連サービス,営業中（推定）,,未収集,収集元推奨: スタートアップDB / PRTIMES / 展示会(BeautyTech系)
5290,,IT・AI×美容,,愛知県,,,,,,,IT AI×美容関連サービス,営業中（推定）,,未収集,収集元推奨: スタートアップDB / PRTIMES / 展示会(BeautyTech系)
5291,,IT・AI×美容,,愛知県,,,,,,,IT AI×美容関連サービス,営業中（推定）,,未収集,収集元推奨: スタートアップDB / PRTIMES / 展示会(BeautyTech系)
5292,,IT・AI×美容,,愛知県,,,,,,,IT AI×美容関連サービス,営業中（推定）,,未収集,収集元推奨: スタートアップDB / PRTIMES / 展示会(BeautyTech系)
5293,,IT・AI×美容,,愛知県,,,,,,,IT AI×美容関連サービス,営業中（推定）,,未収集,収集元推奨: スタートアップDB / PRTIMES / 展示会(BeautyTech系)
5294,,IT・AI×美容,,愛知県,,,,,,,IT AI×美容関連サービス,営業中（推定）,,未収集,収集元推奨: スタートアップDB / PRTIMES / 展示会(BeautyTech系)
5295,,IT・AI×美容,,愛知県,,,,,,,IT AI×美容関連サービス,営業中（推定）,,未収集,収集元推奨: スタートアップDB / PRTIMES / 展示会(BeautyTech系)
5296,,IT・AI×美容,,愛知県,,,,,,,IT AI×美容関連サービス,営業中（推定）,,未収集,収集元推奨: スタートアップDB / PRTIMES / 展示会(BeautyTech系)
5297,,IT・AI×美容,,愛知県,,,,,,,IT AI×美容関連サービス,営業中（推定）,,未収集,収集元推奨: スタートアップDB / PRTIMES / 展示会(BeautyTech系)
5298,,IT・AI×美容,,愛知県,,,,,,,IT AI×美容関連サービス,営業中（推定）,,未収集,収集元推奨: スタートアップDB / PRTIMES / 展示会(BeautyTech系)
5299,,IT・AI×美容,,愛知県,,,,,,,IT AI×美容関連サービス,営業中（推定）,,未収集,収集元推奨: スタートアップDB / PRTIMES / 展示会(BeautyTech系)
5300,,IT・AI×美容,,愛知県,,,,,,,IT AI×美容関連サービス,営業中（推定）,,未収集,収集元推奨: スタートアップDB / PRTIMES / 展示会(BeautyTech系)
5301,,IT・AI×美容,,愛知県,,,,,,,IT AI×美容関連サービス,営業中（推定）,,未収集,収集元推奨: スタートアップDB / PRTIMES / 展示会(BeautyTech系)
5302,,IT・AI×美容,,愛知県,,,,,,,IT AI×美容関連サービス,営業中（推定）,,未収集,収集元推奨: スタートアップDB / PRTIMES / 展示会(BeautyTech系)
5303,,IT・AI×美容,,愛知県,,,,,,,IT AI×美容関連サービス,営業中（推定）,,未収集,収集元推奨: スタートアップDB / PRTIMES / 展示会(BeautyTech系)
5304,,IT・AI×美容,,愛知県,,,,,,,IT AI×美容関連サービス,営業中（推定）,,未収集,収集元推奨: スタートアップDB / PRTIMES / 展示会(BeautyTech系)
5305,,IT・AI×美容,,愛知県,,,,,,,IT AI×美容関連サービス,営業中（推定）,,未収集,収集元推奨: スタートアップDB / PRTIMES / 展示会(BeautyTech系)
5306,,エステサロン,,福岡県,,,,,,,エステサロン関連サービス,営業中（推定）,,未収集,収集元推奨: ホットペッパービューティー掲載企業公式サイト / 日本エステティック協会会員
5307,,エステサロン,,福岡県,,,,,,,エステサロン関連サービス,営業中（推定）,,未収集,収集元推奨: ホットペッパービューティー掲載企業公式サイト / 日本エステティック協会会員
5308,,エステサロン,,福岡県,,,,,,,エステサロン関連サービス,営業中（推定）,,未収集,収集元推奨: ホットペッパービューティー掲載企業公式サイト / 日本エステティック協会会員
5309,,エステサロン,,福岡県,,,,,,,エステサロン関連サービス,営業中（推定）,,未収集,収集元推奨: ホットペッパービューティー掲載企業公式サイト / 日本エステティック協会会員
5310,,エステサロン,,福岡県,,,,,,,エステサロン関連サービス,営業中（推定）,,未収集,収集元推奨: ホットペッパービューティー掲載企業公式サイト / 日本エステティック協会会員
5311,,エステサロン,,福岡県,,,,,,,エステサロン関連サービス,営業中（推定）,,未収集,収集元推奨: ホットペッパービューティー掲載企業公式サイト / 日本エステティック協会会員
5312,,エステサロン,,福岡県,,,,,,,エステサロン関連サービス,営業中（推定）,,未収集,収集元推奨: ホットペッパービューティー掲載企業公式サイト / 日本エステティック協会会員
5313,,エステサロン,,福岡県,,,,,,,エステサロン関連サービス,営業中（推定）,,未収集,収集元推奨: ホットペッパービューティー掲載企業公式サイト / 日本エステティック協会会員
5314,,エステサロン,,福岡県,,,,,,,エステサロン関連サービス,営業中（推定）,,未収集,収集元推奨: ホットペッパービューティー掲載企業公式サイト / 日本エステティック協会会員
5315,,エステサロン,,福岡県,,,,,,,エステサロン関連サービス,営業中（推定）,,未収集,収集元推奨: ホットペッパービューティー掲載企業公式サイト / 日本エステティック協会会員
5316,,エステサロン,,福岡県,,,,,,,エステサロン関連サービス,営業中（推定）,,未収集,収集元推奨: ホットペッパービューティー掲載企業公式サイト / 日本エステティック協会会員
5317,,エステサロン,,福岡県,,,,,,,エステサロン関連サービス,営業中（推定）,,未収集,収集元推奨: ホットペッパービューティー掲載企業公式サイト / 日本エステティック協会会員
5318,,エステサロン,,福岡県,,,,,,,エステサロン関連サービス,営業中（推定）,,未収集,収集元推奨: ホットペッパービューティー掲載企業公式サイト / 日本エステティック協会会員
5319,,エステサロン,,福岡県,,,,,,,エステサロン関連サービス,営業中（推定）,,未収集,収集元推奨: ホットペッパービューティー掲載企業公式サイト / 日本エステティック協会会員
5320,,エステサロン,,福岡県,,,,,,,エステサロン関連サービス,営業中（推定）,,未収集,収集元推奨: ホットペッパービューティー掲載企業公式サイト / 日本エステティック協会会員
5321,,エステサロン,,福岡県,,,,,,,エステサロン関連サービス,営業中（推定）,,未収集,収集元推奨: ホットペッパービューティー掲載企業公式サイト / 日本エステティック協会会員
5322,,エステサロン,,福岡県,,,,,,,エステサロン関連サービス,営業中（推定）,,未収集,収集元推奨: ホットペッパービューティー掲載企業公式サイト / 日本エステティック協会会員
5323,,エステサロン,,福岡県,,,,,,,エステサロン関連サービス,営業中（推定）,,未収集,収集元推奨: ホットペッパービューティー掲載企業公式サイト / 日本エステティック協会会員
5324,,エステサロン,,福岡県,,,,,,,エステサロン関連サービス,営業中（推定）,,未収集,収集元推奨: ホットペッパービューティー掲載企業公式サイト / 日本エステティック協会会員
5325,,エステサロン,,福岡県,,,,,,,エステサロン関連サービス,営業中（推定）,,未収集,収集元推奨: ホットペッパービューティー掲載企業公式サイト / 日本エステティック協会会員
5326,,エステサロン,,福岡県,,,,,,,エステサロン関連サービス,営業中（推定）,,未収集,収集元推奨: ホットペッパービューティー掲載企業公式サイト / 日本エステティック協会会員
5327,,エステサロン,,福岡県,,,,,,,エステサロン関連サービス,営業中（推定）,,未収集,収集元推奨: ホットペッパービューティー掲載企業公式サイト / 日本エステティック協会会員
5328,,エステサロン,,福岡県,,,,,,,エステサロン関連サービス,営業中（推定）,,未収集,収集元推奨: ホットペッパービューティー掲載企業公式サイト / 日本エステティック協会会員
5329,,エステサロン,,福岡県,,,,,,,エステサロン関連サービス,営業中（推定）,,未収集,収集元推奨: ホットペッパービューティー掲載企業公式サイト / 日本エステティック協会会員
5330,,エステサロン,,福岡県,,,,,,,エステサロン関連サービス,営業中（推定）,,未収集,収集元推奨: ホットペッパービューティー掲載企業公式サイト / 日本エステティック協会会員
5331,,エステサロン,,福岡県,,,,,,,エステサロン関連サービス,営業中（推定）,,未収集,収集元推奨: ホットペッパービューティー掲載企業公式サイト / 日本エステティック協会会員
5332,,エステサロン,,福岡県,,,,,,,エステサロン関連サービス,営業中（推定）,,未収集,収集元推奨: ホットペッパービューティー掲載企業公式サイト / 日本エステティック協会会員
5333,,エステサロン,,福岡県,,,,,,,エステサロン関連サービス,営業中（推定）,,未収集,収集元推奨: ホットペッパービューティー掲載企業公式サイト / 日本エステティック協会会員
5334,,エステサロン,,福岡県,,,,,,,エステサロン関連サービス,営業中（推定）,,未収集,収集元推奨: ホットペッパービューティー掲載企業公式サイト / 日本エステティック協会会員
5335,,エステサロン,,福岡県,,,,,,,エステサロン関連サービス,営業中（推定）,,未収集,収集元推奨: ホットペッパービューティー掲載企業公式サイト / 日本エステティック協会会員
5336,,エステサロン,,福岡県,,,,,,,エステサロン関連サービス,営業中（推定）,,未収集,収集元推奨: ホットペッパービューティー掲載企業公式サイト / 日本エステティック協会会員
5337,,エステサロン,,福岡県,,,,,,,エステサロン関連サービス,営業中（推定）,,未収集,収集元推奨: ホットペッパービューティー掲載企業公式サイト / 日本エステティック協会会員
5338,,エステサロン,,福岡県,,,,,,,エステサロン関連サービス,営業中（推定）,,未収集,収集元推奨: ホットペッパービューティー掲載企業公式サイト / 日本エステティック協会会員
5339,,エステサロン,,福岡県,,,,,,,エステサロン関連サービス,営業中（推定）,,未収集,収集元推奨: ホットペッパービューティー掲載企業公式サイト / 日本エステティック協会会員
5340,,エステサロン,,福岡県,,,,,,,エステサロン関連サービス,営業中（推定）,,未収集,収集元推奨: ホットペッパービューティー掲載企業公式サイト / 日本エステティック協会会員
5341,,エステサロン,,福岡県,,,,,,,エステサロン関連サービス,営業中（推定）,,未収集,収集元推奨: ホットペッパービューティー掲載企業公式サイト / 日本エステティック協会会員
5342,,エステサロン,,福岡県,,,,,,,エステサロン関連サービス,営業中（推定）,,未収集,収集元推奨: ホットペッパービューティー掲載企業公式サイト / 日本エステティック協会会員
5343,,エステサロン,,福岡県,,,,,,,エステサロン関連サービス,営業中（推定）,,未収集,収集元推奨: ホットペッパービューティー掲載企業公式サイト / 日本エステティック協会会員
5344,,エステサロン,,福岡県,,,,,,,エステサロン関連サービス,営業中（推定）,,未収集,収集元推奨: ホットペッパービューティー掲載企業公式サイト / 日本エステティック協会会員
5345,,エステサロン,,福岡県,,,,,,,エステサロン関連サービス,営業中（推定）,,未収集,収集元推奨: ホットペッパービューティー掲載企業公式サイト / 日本エステティック協会会員
5346,,エステサロン,,福岡県,,,,,,,エステサロン関連サービス,営業中（推定）,,未収集,収集元推奨: ホットペッパービューティー掲載企業公式サイト / 日本エステティック協会会員
5347,,エステサロン,,福岡県,,,,,,,エステサロン関連サービス,営業中（推定）,,未収集,収集元推奨: ホットペッパービューティー掲載企業公式サイト / 日本エステティック協会会員
5348,,エステサロン,,福岡県,,,,,,,エステサロン関連サービス,営業中（推定）,,未収集,収集元推奨: ホットペッパービューティー掲載企業公式サイト / 日本エステティック協会会員
5349,,エステサロン,,福岡県,,,,,,,エステサロン関連サービス,営業中（推定）,,未収集,収集元推奨: ホットペッパービューティー掲載企業公式サイト / 日本エステティック協会会員
5350,,エステサロン,,福岡県,,,,,,,エステサロン関連サービス,営業中（推定）,,未収集,収集元推奨: ホットペッパービューティー掲載企業公式サイト / 日本エステティック協会会員
5351,,エステサロン,,福岡県,,,,,,,エステサロン関連サービス,営業中（推定）,,未収集,収集元推奨: ホットペッパービューティー掲載企業公式サイト / 日本エステティック協会会員
5352,,エステサロン,,福岡県,,,,,,,エステサロン関連サービス,営業中（推定）,,未収集,収集元推奨: ホットペッパービューティー掲載企業公式サイト / 日本エステティック協会会員
5353,,エステサロン,,福岡県,,,,,,,エステサロン関連サービス,営業中（推定）,,未収集,収集元推奨: ホットペッパービューティー掲載企業公式サイト / 日本エステティック協会会員
5354,,エステサロン,,福岡県,,,,,,,エステサロン関連サービス,営業中（推定）,,未収集,収集元推奨: ホットペッパービューティー掲載企業公式サイト / 日本エステティック協会会員
5355,,エステサロン,,福岡県,,,,,,,エステサロン関連サービス,営業中（推定）,,未収集,収集元推奨: ホットペッパービューティー掲載企業公式サイト / 日本エステティック協会会員
5356,,エステサロン,,福岡県,,,,,,,エステサロン関連サービス,営業中（推定）,,未収集,収集元推奨: ホットペッパービューティー掲載企業公式サイト / 日本エステティック協会会員
5357,,エステサロン,,福岡県,,,,,,,エステサロン関連サービス,営業中（推定）,,未収集,収集元推奨: ホットペッパービューティー掲載企業公式サイト / 日本エステティック協会会員
5358,,エステサロン,,福岡県,,,,,,,エステサロン関連サービス,営業中（推定）,,未収集,収集元推奨: ホットペッパービューティー掲載企業公式サイト / 日本エステティック協会会員
5359,,エステサロン,,福岡県,,,,,,,エステサロン関連サービス,営業中（推定）,,未収集,収集元推奨: ホットペッパービューティー掲載企業公式サイト / 日本エステティック協会会員
5360,,エステサロン,,福岡県,,,,,,,エステサロン関連サービス,営業中（推定）,,未収集,収集元推奨: ホットペッパービューティー掲載企業公式サイト / 日本エステティック協会会員
5361,,エステサロン,,福岡県,,,,,,,エステサロン関連サービス,営業中（推定）,,未収集,収集元推奨: ホットペッパービューティー掲載企業公式サイト / 日本エステティック協会会員
5362,,エステサロン,,福岡県,,,,,,,エステサロン関連サービス,営業中（推定）,,未収集,収集元推奨: ホットペッパービューティー掲載企業公式サイト / 日本エステティック協会会員
5363,,エステサロン,,福岡県,,,,,,,エステサロン関連サービス,営業中（推定）,,未収集,収集元推奨: ホットペッパービューティー掲載企業公式サイト / 日本エステティック協会会員
5364,,エステサロン,,福岡県,,,,,,,エステサロン関連サービス,営業中（推定）,,未収集,収集元推奨: ホットペッパービューティー掲載企業公式サイト / 日本エステティック協会会員
5365,,エステサロン,,福岡県,,,,,,,エステサロン関連サービス,営業中（推定）,,未収集,収集元推奨: ホットペッパービューティー掲載企業公式サイト / 日本エステティック協会会員
5366,,エステサロン,,福岡県,,,,,,,エステサロン関連サービス,営業中（推定）,,未収集,収集元推奨: ホットペッパービューティー掲載企業公式サイト / 日本エステティック協会会員
5367,,エステサロン,,福岡県,,,,,,,エステサロン関連サービス,営業中（推定）,,未収集,収集元推奨: ホットペッパービューティー掲載企業公式サイト / 日本エステティック協会会員
5368,,エステサロン,,福岡県,,,,,,,エステサロン関連サービス,営業中（推定）,,未収集,収集元推奨: ホットペッパービューティー掲載企業公式サイト / 日本エステティック協会会員
5369,,エステサロン,,福岡県,,,,,,,エステサロン関連サービス,営業中（推定）,,未収集,収集元推奨: ホットペッパービューティー掲載企業公式サイト / 日本エステティック協会会員
5370,,エステサロン,,福岡県,,,,,,,エステサロン関連サービス,営業中（推定）,,未収集,収集元推奨: ホットペッパービューティー掲載企業公式サイト / 日本エステティック協会会員
5371,,エステサロン,,福岡県,,,,,,,エステサロン関連サービス,営業中（推定）,,未収集,収集元推奨: ホットペッパービューティー掲載企業公式サイト / 日本エステティック協会会員
5372,,エステサロン,,福岡県,,,,,,,エステサロン関連サービス,営業中（推定）,,未収集,収集元推奨: ホットペッパービューティー掲載企業公式サイト / 日本エステティック協会会員
5373,,エステサロン,,福岡県,,,,,,,エステサロン関連サービス,営業中（推定）,,未収集,収集元推奨: ホットペッパービューティー掲載企業公式サイト / 日本エステティック協会会員
5374,,エステサロン,,福岡県,,,,,,,エステサロン関連サービス,営業中（推定）,,未収集,収集元推奨: ホットペッパービューティー掲載企業公式サイト / 日本エステティック協会会員
5375,,エステサロン,,福岡県,,,,,,,エステサロン関連サービス,営業中（推定）,,未収集,収集元推奨: ホットペッパービューティー掲載企業公式サイト / 日本エステティック協会会員
5376,,エステサロン,,福岡県,,,,,,,エステサロン関連サービス,営業中（推定）,,未収集,収集元推奨: ホットペッパービューティー掲載企業公式サイト / 日本エステティック協会会員
5377,,エステサロン,,福岡県,,,,,,,エステサロン関連サービス,営業中（推定）,,未収集,収集元推奨: ホットペッパービューティー掲載企業公式サイト / 日本エステティック協会会員
5378,,エステサロン,,福岡県,,,,,,,エステサロン関連サービス,営業中（推定）,,未収集,収集元推奨: ホットペッパービューティー掲載企業公式サイト / 日本エステティック協会会員
5379,,エステサロン,,福岡県,,,,,,,エステサロン関連サービス,営業中（推定）,,未収集,収集元推奨: ホットペッパービューティー掲載企業公式サイト / 日本エステティック協会会員
5380,,エステサロン,,福岡県,,,,,,,エステサロン関連サービス,営業中（推定）,,未収集,収集元推奨: ホットペッパービューティー掲載企業公式サイト / 日本エステティック協会会員
5381,,エステサロン,,福岡県,,,,,,,エステサロン関連サービス,営業中（推定）,,未収集,収集元推奨: ホットペッパービューティー掲載企業公式サイト / 日本エステティック協会会員
5382,,エステサロン,,福岡県,,,,,,,エステサロン関連サービス,営業中（推定）,,未収集,収集元推奨: ホットペッパービューティー掲載企業公式サイト / 日本エステティック協会会員
5383,,エステサロン,,福岡県,,,,,,,エステサロン関連サービス,営業中（推定）,,未収集,収集元推奨: ホットペッパービューティー掲載企業公式サイト / 日本エステティック協会会員
5384,,エステサロン,,福岡県,,,,,,,エステサロン関連サービス,営業中（推定）,,未収集,収集元推奨: ホットペッパービューティー掲載企業公式サイト / 日本エステティック協会会員
5385,,エステサロン,,福岡県,,,,,,,エステサロン関連サービス,営業中（推定）,,未収集,収集元推奨: ホットペッパービューティー掲載企業公式サイト / 日本エステティック協会会員
5386,,ネイルサロン,,福岡県,,,,,,,ネイルサロン関連サービス,営業中（推定）,,未収集,収集元推奨: JNA（日本ネイリスト協会）会員 / ホットペッパービューティー
5387,,ネイルサロン,,福岡県,,,,,,,ネイルサロン関連サービス,営業中（推定）,,未収集,収集元推奨: JNA（日本ネイリスト協会）会員 / ホットペッパービューティー
5388,,ネイルサロン,,福岡県,,,,,,,ネイルサロン関連サービス,営業中（推定）,,未収集,収集元推奨: JNA（日本ネイリスト協会）会員 / ホットペッパービューティー
5389,,ネイルサロン,,福岡県,,,,,,,ネイルサロン関連サービス,営業中（推定）,,未収集,収集元推奨: JNA（日本ネイリスト協会）会員 / ホットペッパービューティー
5390,,ネイルサロン,,福岡県,,,,,,,ネイルサロン関連サービス,営業中（推定）,,未収集,収集元推奨: JNA（日本ネイリスト協会）会員 / ホットペッパービューティー
5391,,ネイルサロン,,福岡県,,,,,,,ネイルサロン関連サービス,営業中（推定）,,未収集,収集元推奨: JNA（日本ネイリスト協会）会員 / ホットペッパービューティー
5392,,ネイルサロン,,福岡県,,,,,,,ネイルサロン関連サービス,営業中（推定）,,未収集,収集元推奨: JNA（日本ネイリスト協会）会員 / ホットペッパービューティー
5393,,ネイルサロン,,福岡県,,,,,,,ネイルサロン関連サービス,営業中（推定）,,未収集,収集元推奨: JNA（日本ネイリスト協会）会員 / ホットペッパービューティー
5394,,ネイルサロン,,福岡県,,,,,,,ネイルサロン関連サービス,営業中（推定）,,未収集,収集元推奨: JNA（日本ネイリスト協会）会員 / ホットペッパービューティー
5395,,ネイルサロン,,福岡県,,,,,,,ネイルサロン関連サービス,営業中（推定）,,未収集,収集元推奨: JNA（日本ネイリスト協会）会員 / ホットペッパービューティー
5396,,ネイルサロン,,福岡県,,,,,,,ネイルサロン関連サービス,営業中（推定）,,未収集,収集元推奨: JNA（日本ネイリスト協会）会員 / ホットペッパービューティー
5397,,ネイルサロン,,福岡県,,,,,,,ネイルサロン関連サービス,営業中（推定）,,未収集,収集元推奨: JNA（日本ネイリスト協会）会員 / ホットペッパービューティー
5398,,ネイルサロン,,福岡県,,,,,,,ネイルサロン関連サービス,営業中（推定）,,未収集,収集元推奨: JNA（日本ネイリスト協会）会員 / ホットペッパービューティー
5399,,ネイルサロン,,福岡県,,,,,,,ネイルサロン関連サービス,営業中（推定）,,未収集,収集元推奨: JNA（日本ネイリスト協会）会員 / ホットペッパービューティー
5400,,ネイルサロン,,福岡県,,,,,,,ネイルサロン関連サービス,営業中（推定）,,未収集,収集元推奨: JNA（日本ネイリスト協会）会員 / ホットペッパービューティー
5401,,ネイルサロン,,福岡県,,,,,,,ネイルサロン関連サービス,営業中（推定）,,未収集,収集元推奨: JNA（日本ネイリスト協会）会員 / ホットペッパービューティー
5402,,ネイルサロン,,福岡県,,,,,,,ネイルサロン関連サービス,営業中（推定）,,未収集,収集元推奨: JNA（日本ネイリスト協会）会員 / ホットペッパービューティー
5403,,ネイルサロン,,福岡県,,,,,,,ネイルサロン関連サービス,営業中（推定）,,未収集,収集元推奨: JNA（日本ネイリスト協会）会員 / ホットペッパービューティー
5404,,ネイルサロン,,福岡県,,,,,,,ネイルサロン関連サービス,営業中（推定）,,未収集,収集元推奨: JNA（日本ネイリスト協会）会員 / ホットペッパービューティー
5405,,ネイルサロン,,福岡県,,,,,,,ネイルサロン関連サービス,営業中（推定）,,未収集,収集元推奨: JNA（日本ネイリスト協会）会員 / ホットペッパービューティー
5406,,ネイルサロン,,福岡県,,,,,,,ネイルサロン関連サービス,営業中（推定）,,未収集,収集元推奨: JNA（日本ネイリスト協会）会員 / ホットペッパービューティー
5407,,ネイルサロン,,福岡県,,,,,,,ネイルサロン関連サービス,営業中（推定）,,未収集,収集元推奨: JNA（日本ネイリスト協会）会員 / ホットペッパービューティー
5408,,ネイルサロン,,福岡県,,,,,,,ネイルサロン関連サービス,営業中（推定）,,未収集,収集元推奨: JNA（日本ネイリスト協会）会員 / ホットペッパービューティー
5409,,ネイルサロン,,福岡県,,,,,,,ネイルサロン関連サービス,営業中（推定）,,未収集,収集元推奨: JNA（日本ネイリスト協会）会員 / ホットペッパービューティー
5410,,ネイルサロン,,福岡県,,,,,,,ネイルサロン関連サービス,営業中（推定）,,未収集,収集元推奨: JNA（日本ネイリスト協会）会員 / ホットペッパービューティー
5411,,ネイルサロン,,福岡県,,,,,,,ネイルサロン関連サービス,営業中（推定）,,未収集,収集元推奨: JNA（日本ネイリスト協会）会員 / ホットペッパービューティー
5412,,ネイルサロン,,福岡県,,,,,,,ネイルサロン関連サービス,営業中（推定）,,未収集,収集元推奨: JNA（日本ネイリスト協会）会員 / ホットペッパービューティー
5413,,ネイルサロン,,福岡県,,,,,,,ネイルサロン関連サービス,営業中（推定）,,未収集,収集元推奨: JNA（日本ネイリスト協会）会員 / ホットペッパービューティー
5414,,ネイルサロン,,福岡県,,,,,,,ネイルサロン関連サービス,営業中（推定）,,未収集,収集元推奨: JNA（日本ネイリスト協会）会員 / ホットペッパービューティー
5415,,ネイルサロン,,福岡県,,,,,,,ネイルサロン関連サービス,営業中（推定）,,未収集,収集元推奨: JNA（日本ネイリスト協会）会員 / ホットペッパービューティー
5416,,ネイルサロン,,福岡県,,,,,,,ネイルサロン関連サービス,営業中（推定）,,未収集,収集元推奨: JNA（日本ネイリスト協会）会員 / ホットペッパービューティー
5417,,ネイルサロン,,福岡県,,,,,,,ネイルサロン関連サービス,営業中（推定）,,未収集,収集元推奨: JNA（日本ネイリスト協会）会員 / ホットペッパービューティー
5418,,ネイルサロン,,福岡県,,,,,,,ネイルサロン関連サービス,営業中（推定）,,未収集,収集元推奨: JNA（日本ネイリスト協会）会員 / ホットペッパービューティー
5419,,ネイルサロン,,福岡県,,,,,,,ネイルサロン関連サービス,営業中（推定）,,未収集,収集元推奨: JNA（日本ネイリスト協会）会員 / ホットペッパービューティー
5420,,ネイルサロン,,福岡県,,,,,,,ネイルサロン関連サービス,営業中（推定）,,未収集,収集元推奨: JNA（日本ネイリスト協会）会員 / ホットペッパービューティー
5421,,ネイルサロン,,福岡県,,,,,,,ネイルサロン関連サービス,営業中（推定）,,未収集,収集元推奨: JNA（日本ネイリスト協会）会員 / ホットペッパービューティー
5422,,ネイルサロン,,福岡県,,,,,,,ネイルサロン関連サービス,営業中（推定）,,未収集,収集元推奨: JNA（日本ネイリスト協会）会員 / ホットペッパービューティー
5423,,ネイルサロン,,福岡県,,,,,,,ネイルサロン関連サービス,営業中（推定）,,未収集,収集元推奨: JNA（日本ネイリスト協会）会員 / ホットペッパービューティー
5424,,ネイルサロン,,福岡県,,,,,,,ネイルサロン関連サービス,営業中（推定）,,未収集,収集元推奨: JNA（日本ネイリスト協会）会員 / ホットペッパービューティー
5425,,ネイルサロン,,福岡県,,,,,,,ネイルサロン関連サービス,営業中（推定）,,未収集,収集元推奨: JNA（日本ネイリスト協会）会員 / ホットペッパービューティー
5426,,ネイルサロン,,福岡県,,,,,,,ネイルサロン関連サービス,営業中（推定）,,未収集,収集元推奨: JNA（日本ネイリスト協会）会員 / ホットペッパービューティー
5427,,ネイルサロン,,福岡県,,,,,,,ネイルサロン関連サービス,営業中（推定）,,未収集,収集元推奨: JNA（日本ネイリスト協会）会員 / ホットペッパービューティー
5428,,ネイルサロン,,福岡県,,,,,,,ネイルサロン関連サービス,営業中（推定）,,未収集,収集元推奨: JNA（日本ネイリスト協会）会員 / ホットペッパービューティー
5429,,ネイルサロン,,福岡県,,,,,,,ネイルサロン関連サービス,営業中（推定）,,未収集,収集元推奨: JNA（日本ネイリスト協会）会員 / ホットペッパービューティー
5430,,ネイルサロン,,福岡県,,,,,,,ネイルサロン関連サービス,営業中（推定）,,未収集,収集元推奨: JNA（日本ネイリスト協会）会員 / ホットペッパービューティー
5431,,ネイルサロン,,福岡県,,,,,,,ネイルサロン関連サービス,営業中（推定）,,未収集,収集元推奨: JNA（日本ネイリスト協会）会員 / ホットペッパービューティー
5432,,ネイルサロン,,福岡県,,,,,,,ネイルサロン関連サービス,営業中（推定）,,未収集,収集元推奨: JNA（日本ネイリスト協会）会員 / ホットペッパービューティー
5433,,ネイルサロン,,福岡県,,,,,,,ネイルサロン関連サービス,営業中（推定）,,未収集,収集元推奨: JNA（日本ネイリスト協会）会員 / ホットペッパービューティー
5434,,ネイルサロン,,福岡県,,,,,,,ネイルサロン関連サービス,営業中（推定）,,未収集,収集元推奨: JNA（日本ネイリスト協会）会員 / ホットペッパービューティー
5435,,ネイルサロン,,福岡県,,,,,,,ネイルサロン関連サービス,営業中（推定）,,未収集,収集元推奨: JNA（日本ネイリスト協会）会員 / ホットペッパービューティー
5436,,ネイルサロン,,福岡県,,,,,,,ネイルサロン関連サービス,営業中（推定）,,未収集,収集元推奨: JNA（日本ネイリスト協会）会員 / ホットペッパービューティー
5437,,ネイルサロン,,福岡県,,,,,,,ネイルサロン関連サービス,営業中（推定）,,未収集,収集元推奨: JNA（日本ネイリスト協会）会員 / ホットペッパービューティー
5438,,ネイルサロン,,福岡県,,,,,,,ネイルサロン関連サービス,営業中（推定）,,未収集,収集元推奨: JNA（日本ネイリスト協会）会員 / ホットペッパービューティー
5439,,ネイルサロン,,福岡県,,,,,,,ネイルサロン関連サービス,営業中（推定）,,未収集,収集元推奨: JNA（日本ネイリスト協会）会員 / ホットペッパービューティー
5440,,ネイルサロン,,福岡県,,,,,,,ネイルサロン関連サービス,営業中（推定）,,未収集,収集元推奨: JNA（日本ネイリスト協会）会員 / ホットペッパービューティー
5441,,ネイルサロン,,福岡県,,,,,,,ネイルサロン関連サービス,営業中（推定）,,未収集,収集元推奨: JNA（日本ネイリスト協会）会員 / ホットペッパービューティー
5442,,ネイルサロン,,福岡県,,,,,,,ネイルサロン関連サービス,営業中（推定）,,未収集,収集元推奨: JNA（日本ネイリスト協会）会員 / ホットペッパービューティー
5443,,ネイルサロン,,福岡県,,,,,,,ネイルサロン関連サービス,営業中（推定）,,未収集,収集元推奨: JNA（日本ネイリスト協会）会員 / ホットペッパービューティー
5444,,ネイルサロン,,福岡県,,,,,,,ネイルサロン関連サービス,営業中（推定）,,未収集,収集元推奨: JNA（日本ネイリスト協会）会員 / ホットペッパービューティー
5445,,ネイルサロン,,福岡県,,,,,,,ネイルサロン関連サービス,営業中（推定）,,未収集,収集元推奨: JNA（日本ネイリスト協会）会員 / ホットペッパービューティー
5446,,美容整体・小顔矯正,,福岡県,,,,,,,美容整体 小顔矯正関連サービス,営業中（推定）,,未収集,収集元推奨: エキテン・ホットペッパービューティー / iタウンページ「整体」
5447,,美容整体・小顔矯正,,福岡県,,,,,,,美容整体 小顔矯正関連サービス,営業中（推定）,,未収集,収集元推奨: エキテン・ホットペッパービューティー / iタウンページ「整体」
5448,,美容整体・小顔矯正,,福岡県,,,,,,,美容整体 小顔矯正関連サービス,営業中（推定）,,未収集,収集元推奨: エキテン・ホットペッパービューティー / iタウンページ「整体」
5449,,美容整体・小顔矯正,,福岡県,,,,,,,美容整体 小顔矯正関連サービス,営業中（推定）,,未収集,収集元推奨: エキテン・ホットペッパービューティー / iタウンページ「整体」
5450,,美容整体・小顔矯正,,福岡県,,,,,,,美容整体 小顔矯正関連サービス,営業中（推定）,,未収集,収集元推奨: エキテン・ホットペッパービューティー / iタウンページ「整体」
5451,,美容整体・小顔矯正,,福岡県,,,,,,,美容整体 小顔矯正関連サービス,営業中（推定）,,未収集,収集元推奨: エキテン・ホットペッパービューティー / iタウンページ「整体」
5452,,美容整体・小顔矯正,,福岡県,,,,,,,美容整体 小顔矯正関連サービス,営業中（推定）,,未収集,収集元推奨: エキテン・ホットペッパービューティー / iタウンページ「整体」
5453,,美容整体・小顔矯正,,福岡県,,,,,,,美容整体 小顔矯正関連サービス,営業中（推定）,,未収集,収集元推奨: エキテン・ホットペッパービューティー / iタウンページ「整体」
5454,,美容整体・小顔矯正,,福岡県,,,,,,,美容整体 小顔矯正関連サービス,営業中（推定）,,未収集,収集元推奨: エキテン・ホットペッパービューティー / iタウンページ「整体」
5455,,美容整体・小顔矯正,,福岡県,,,,,,,美容整体 小顔矯正関連サービス,営業中（推定）,,未収集,収集元推奨: エキテン・ホットペッパービューティー / iタウンページ「整体」
5456,,美容整体・小顔矯正,,福岡県,,,,,,,美容整体 小顔矯正関連サービス,営業中（推定）,,未収集,収集元推奨: エキテン・ホットペッパービューティー / iタウンページ「整体」
5457,,美容整体・小顔矯正,,福岡県,,,,,,,美容整体 小顔矯正関連サービス,営業中（推定）,,未収集,収集元推奨: エキテン・ホットペッパービューティー / iタウンページ「整体」
5458,,美容整体・小顔矯正,,福岡県,,,,,,,美容整体 小顔矯正関連サービス,営業中（推定）,,未収集,収集元推奨: エキテン・ホットペッパービューティー / iタウンページ「整体」
5459,,美容整体・小顔矯正,,福岡県,,,,,,,美容整体 小顔矯正関連サービス,営業中（推定）,,未収集,収集元推奨: エキテン・ホットペッパービューティー / iタウンページ「整体」
5460,,美容整体・小顔矯正,,福岡県,,,,,,,美容整体 小顔矯正関連サービス,営業中（推定）,,未収集,収集元推奨: エキテン・ホットペッパービューティー / iタウンページ「整体」
5461,,美容整体・小顔矯正,,福岡県,,,,,,,美容整体 小顔矯正関連サービス,営業中（推定）,,未収集,収集元推奨: エキテン・ホットペッパービューティー / iタウンページ「整体」
5462,,美容整体・小顔矯正,,福岡県,,,,,,,美容整体 小顔矯正関連サービス,営業中（推定）,,未収集,収集元推奨: エキテン・ホットペッパービューティー / iタウンページ「整体」
5463,,美容整体・小顔矯正,,福岡県,,,,,,,美容整体 小顔矯正関連サービス,営業中（推定）,,未収集,収集元推奨: エキテン・ホットペッパービューティー / iタウンページ「整体」
5464,,美容整体・小顔矯正,,福岡県,,,,,,,美容整体 小顔矯正関連サービス,営業中（推定）,,未収集,収集元推奨: エキテン・ホットペッパービューティー / iタウンページ「整体」
5465,,美容整体・小顔矯正,,福岡県,,,,,,,美容整体 小顔矯正関連サービス,営業中（推定）,,未収集,収集元推奨: エキテン・ホットペッパービューティー / iタウンページ「整体」
5466,,美容整体・小顔矯正,,福岡県,,,,,,,美容整体 小顔矯正関連サービス,営業中（推定）,,未収集,収集元推奨: エキテン・ホットペッパービューティー / iタウンページ「整体」
5467,,美容整体・小顔矯正,,福岡県,,,,,,,美容整体 小顔矯正関連サービス,営業中（推定）,,未収集,収集元推奨: エキテン・ホットペッパービューティー / iタウンページ「整体」
5468,,美容整体・小顔矯正,,福岡県,,,,,,,美容整体 小顔矯正関連サービス,営業中（推定）,,未収集,収集元推奨: エキテン・ホットペッパービューティー / iタウンページ「整体」
5469,,美容整体・小顔矯正,,福岡県,,,,,,,美容整体 小顔矯正関連サービス,営業中（推定）,,未収集,収集元推奨: エキテン・ホットペッパービューティー / iタウンページ「整体」
5470,,美容整体・小顔矯正,,福岡県,,,,,,,美容整体 小顔矯正関連サービス,営業中（推定）,,未収集,収集元推奨: エキテン・ホットペッパービューティー / iタウンページ「整体」
5471,,美容整体・小顔矯正,,福岡県,,,,,,,美容整体 小顔矯正関連サービス,営業中（推定）,,未収集,収集元推奨: エキテン・ホットペッパービューティー / iタウンページ「整体」
5472,,美容整体・小顔矯正,,福岡県,,,,,,,美容整体 小顔矯正関連サービス,営業中（推定）,,未収集,収集元推奨: エキテン・ホットペッパービューティー / iタウンページ「整体」
5473,,美容整体・小顔矯正,,福岡県,,,,,,,美容整体 小顔矯正関連サービス,営業中（推定）,,未収集,収集元推奨: エキテン・ホットペッパービューティー / iタウンページ「整体」
5474,,美容整体・小顔矯正,,福岡県,,,,,,,美容整体 小顔矯正関連サービス,営業中（推定）,,未収集,収集元推奨: エキテン・ホットペッパービューティー / iタウンページ「整体」
5475,,美容整体・小顔矯正,,福岡県,,,,,,,美容整体 小顔矯正関連サービス,営業中（推定）,,未収集,収集元推奨: エキテン・ホットペッパービューティー / iタウンページ「整体」
5476,,美容整体・小顔矯正,,福岡県,,,,,,,美容整体 小顔矯正関連サービス,営業中（推定）,,未収集,収集元推奨: エキテン・ホットペッパービューティー / iタウンページ「整体」
5477,,美容整体・小顔矯正,,福岡県,,,,,,,美容整体 小顔矯正関連サービス,営業中（推定）,,未収集,収集元推奨: エキテン・ホットペッパービューティー / iタウンページ「整体」
5478,,美容整体・小顔矯正,,福岡県,,,,,,,美容整体 小顔矯正関連サービス,営業中（推定）,,未収集,収集元推奨: エキテン・ホットペッパービューティー / iタウンページ「整体」
5479,,美容整体・小顔矯正,,福岡県,,,,,,,美容整体 小顔矯正関連サービス,営業中（推定）,,未収集,収集元推奨: エキテン・ホットペッパービューティー / iタウンページ「整体」
5480,,美容整体・小顔矯正,,福岡県,,,,,,,美容整体 小顔矯正関連サービス,営業中（推定）,,未収集,収集元推奨: エキテン・ホットペッパービューティー / iタウンページ「整体」
5481,,美容整体・小顔矯正,,福岡県,,,,,,,美容整体 小顔矯正関連サービス,営業中（推定）,,未収集,収集元推奨: エキテン・ホットペッパービューティー / iタウンページ「整体」
5482,,美容整体・小顔矯正,,福岡県,,,,,,,美容整体 小顔矯正関連サービス,営業中（推定）,,未収集,収集元推奨: エキテン・ホットペッパービューティー / iタウンページ「整体」
5483,,美容整体・小顔矯正,,福岡県,,,,,,,美容整体 小顔矯正関連サービス,営業中（推定）,,未収集,収集元推奨: エキテン・ホットペッパービューティー / iタウンページ「整体」
5484,,美容整体・小顔矯正,,福岡県,,,,,,,美容整体 小顔矯正関連サービス,営業中（推定）,,未収集,収集元推奨: エキテン・ホットペッパービューティー / iタウンページ「整体」
5485,,美容整体・小顔矯正,,福岡県,,,,,,,美容整体 小顔矯正関連サービス,営業中（推定）,,未収集,収集元推奨: エキテン・ホットペッパービューティー / iタウンページ「整体」
5486,,美容鍼灸院,,福岡県,,,,,,,美容鍼灸院関連サービス,営業中（推定）,,未収集,収集元推奨: 日本鍼灸師会地方師会会員名簿 / 鍼灸ポータルサイト
5487,,美容鍼灸院,,福岡県,,,,,,,美容鍼灸院関連サービス,営業中（推定）,,未収集,収集元推奨: 日本鍼灸師会地方師会会員名簿 / 鍼灸ポータルサイト
5488,,美容鍼灸院,,福岡県,,,,,,,美容鍼灸院関連サービス,営業中（推定）,,未収集,収集元推奨: 日本鍼灸師会地方師会会員名簿 / 鍼灸ポータルサイト
5489,,美容鍼灸院,,福岡県,,,,,,,美容鍼灸院関連サービス,営業中（推定）,,未収集,収集元推奨: 日本鍼灸師会地方師会会員名簿 / 鍼灸ポータルサイト
5490,,美容鍼灸院,,福岡県,,,,,,,美容鍼灸院関連サービス,営業中（推定）,,未収集,収集元推奨: 日本鍼灸師会地方師会会員名簿 / 鍼灸ポータルサイト
5491,,美容鍼灸院,,福岡県,,,,,,,美容鍼灸院関連サービス,営業中（推定）,,未収集,収集元推奨: 日本鍼灸師会地方師会会員名簿 / 鍼灸ポータルサイト
5492,,美容鍼灸院,,福岡県,,,,,,,美容鍼灸院関連サービス,営業中（推定）,,未収集,収集元推奨: 日本鍼灸師会地方師会会員名簿 / 鍼灸ポータルサイト
5493,,美容鍼灸院,,福岡県,,,,,,,美容鍼灸院関連サービス,営業中（推定）,,未収集,収集元推奨: 日本鍼灸師会地方師会会員名簿 / 鍼灸ポータルサイト
5494,,美容鍼灸院,,福岡県,,,,,,,美容鍼灸院関連サービス,営業中（推定）,,未収集,収集元推奨: 日本鍼灸師会地方師会会員名簿 / 鍼灸ポータルサイト
5495,,美容鍼灸院,,福岡県,,,,,,,美容鍼灸院関連サービス,営業中（推定）,,未収集,収集元推奨: 日本鍼灸師会地方師会会員名簿 / 鍼灸ポータルサイト
5496,,美容鍼灸院,,福岡県,,,,,,,美容鍼灸院関連サービス,営業中（推定）,,未収集,収集元推奨: 日本鍼灸師会地方師会会員名簿 / 鍼灸ポータルサイト
5497,,美容鍼灸院,,福岡県,,,,,,,美容鍼灸院関連サービス,営業中（推定）,,未収集,収集元推奨: 日本鍼灸師会地方師会会員名簿 / 鍼灸ポータルサイト
5498,,美容鍼灸院,,福岡県,,,,,,,美容鍼灸院関連サービス,営業中（推定）,,未収集,収集元推奨: 日本鍼灸師会地方師会会員名簿 / 鍼灸ポータルサイト
5499,,美容鍼灸院,,福岡県,,,,,,,美容鍼灸院関連サービス,営業中（推定）,,未収集,収集元推奨: 日本鍼灸師会地方師会会員名簿 / 鍼灸ポータルサイト
5500,,美容鍼灸院,,福岡県,,,,,,,美容鍼灸院関連サービス,営業中（推定）,,未収集,収集元推奨: 日本鍼灸師会地方師会会員名簿 / 鍼灸ポータルサイト
5501,,美容鍼灸院,,福岡県,,,,,,,美容鍼灸院関連サービス,営業中（推定）,,未収集,収集元推奨: 日本鍼灸師会地方師会会員名簿 / 鍼灸ポータルサイト
5502,,美容鍼灸院,,福岡県,,,,,,,美容鍼灸院関連サービス,営業中（推定）,,未収集,収集元推奨: 日本鍼灸師会地方師会会員名簿 / 鍼灸ポータルサイト
5503,,美容鍼灸院,,福岡県,,,,,,,美容鍼灸院関連サービス,営業中（推定）,,未収集,収集元推奨: 日本鍼灸師会地方師会会員名簿 / 鍼灸ポータルサイト
5504,,美容鍼灸院,,福岡県,,,,,,,美容鍼灸院関連サービス,営業中（推定）,,未収集,収集元推奨: 日本鍼灸師会地方師会会員名簿 / 鍼灸ポータルサイト
5505,,美容鍼灸院,,福岡県,,,,,,,美容鍼灸院関連サービス,営業中（推定）,,未収集,収集元推奨: 日本鍼灸師会地方師会会員名簿 / 鍼灸ポータルサイト
5506,,美容鍼灸院,,福岡県,,,,,,,美容鍼灸院関連サービス,営業中（推定）,,未収集,収集元推奨: 日本鍼灸師会地方師会会員名簿 / 鍼灸ポータルサイト
5507,,美容鍼灸院,,福岡県,,,,,,,美容鍼灸院関連サービス,営業中（推定）,,未収集,収集元推奨: 日本鍼灸師会地方師会会員名簿 / 鍼灸ポータルサイト
5508,,美容鍼灸院,,福岡県,,,,,,,美容鍼灸院関連サービス,営業中（推定）,,未収集,収集元推奨: 日本鍼灸師会地方師会会員名簿 / 鍼灸ポータルサイト
5509,,美容鍼灸院,,福岡県,,,,,,,美容鍼灸院関連サービス,営業中（推定）,,未収集,収集元推奨: 日本鍼灸師会地方師会会員名簿 / 鍼灸ポータルサイト
5510,,美容鍼灸院,,福岡県,,,,,,,美容鍼灸院関連サービス,営業中（推定）,,未収集,収集元推奨: 日本鍼灸師会地方師会会員名簿 / 鍼灸ポータルサイト
5511,,美容鍼灸院,,福岡県,,,,,,,美容鍼灸院関連サービス,営業中（推定）,,未収集,収集元推奨: 日本鍼灸師会地方師会会員名簿 / 鍼灸ポータルサイト
5512,,美容鍼灸院,,福岡県,,,,,,,美容鍼灸院関連サービス,営業中（推定）,,未収集,収集元推奨: 日本鍼灸師会地方師会会員名簿 / 鍼灸ポータルサイト
5513,,美容鍼灸院,,福岡県,,,,,,,美容鍼灸院関連サービス,営業中（推定）,,未収集,収集元推奨: 日本鍼灸師会地方師会会員名簿 / 鍼灸ポータルサイト
5514,,美容鍼灸院,,福岡県,,,,,,,美容鍼灸院関連サービス,営業中（推定）,,未収集,収集元推奨: 日本鍼灸師会地方師会会員名簿 / 鍼灸ポータルサイト
5515,,美容鍼灸院,,福岡県,,,,,,,美容鍼灸院関連サービス,営業中（推定）,,未収集,収集元推奨: 日本鍼灸師会地方師会会員名簿 / 鍼灸ポータルサイト
5516,,美容鍼灸院,,福岡県,,,,,,,美容鍼灸院関連サービス,営業中（推定）,,未収集,収集元推奨: 日本鍼灸師会地方師会会員名簿 / 鍼灸ポータルサイト
5517,,美容鍼灸院,,福岡県,,,,,,,美容鍼灸院関連サービス,営業中（推定）,,未収集,収集元推奨: 日本鍼灸師会地方師会会員名簿 / 鍼灸ポータルサイト
5518,,アロマ・リラクゼーション,,福岡県,,,,,,,アロマ リラクゼーション関連サービス,営業中（推定）,,未収集,収集元推奨: AEAJ認定サロン一覧 / ホットペッパービューティー
5519,,アロマ・リラクゼーション,,福岡県,,,,,,,アロマ リラクゼーション関連サービス,営業中（推定）,,未収集,収集元推奨: AEAJ認定サロン一覧 / ホットペッパービューティー
5520,,アロマ・リラクゼーション,,福岡県,,,,,,,アロマ リラクゼーション関連サービス,営業中（推定）,,未収集,収集元推奨: AEAJ認定サロン一覧 / ホットペッパービューティー
5521,,アロマ・リラクゼーション,,福岡県,,,,,,,アロマ リラクゼーション関連サービス,営業中（推定）,,未収集,収集元推奨: AEAJ認定サロン一覧 / ホットペッパービューティー
5522,,アロマ・リラクゼーション,,福岡県,,,,,,,アロマ リラクゼーション関連サービス,営業中（推定）,,未収集,収集元推奨: AEAJ認定サロン一覧 / ホットペッパービューティー
5523,,アロマ・リラクゼーション,,福岡県,,,,,,,アロマ リラクゼーション関連サービス,営業中（推定）,,未収集,収集元推奨: AEAJ認定サロン一覧 / ホットペッパービューティー
5524,,アロマ・リラクゼーション,,福岡県,,,,,,,アロマ リラクゼーション関連サービス,営業中（推定）,,未収集,収集元推奨: AEAJ認定サロン一覧 / ホットペッパービューティー
5525,,アロマ・リラクゼーション,,福岡県,,,,,,,アロマ リラクゼーション関連サービス,営業中（推定）,,未収集,収集元推奨: AEAJ認定サロン一覧 / ホットペッパービューティー
5526,,アロマ・リラクゼーション,,福岡県,,,,,,,アロマ リラクゼーション関連サービス,営業中（推定）,,未収集,収集元推奨: AEAJ認定サロン一覧 / ホットペッパービューティー
5527,,アロマ・リラクゼーション,,福岡県,,,,,,,アロマ リラクゼーション関連サービス,営業中（推定）,,未収集,収集元推奨: AEAJ認定サロン一覧 / ホットペッパービューティー
5528,,アロマ・リラクゼーション,,福岡県,,,,,,,アロマ リラクゼーション関連サービス,営業中（推定）,,未収集,収集元推奨: AEAJ認定サロン一覧 / ホットペッパービューティー
5529,,アロマ・リラクゼーション,,福岡県,,,,,,,アロマ リラクゼーション関連サービス,営業中（推定）,,未収集,収集元推奨: AEAJ認定サロン一覧 / ホットペッパービューティー
5530,,アロマ・リラクゼーション,,福岡県,,,,,,,アロマ リラクゼーション関連サービス,営業中（推定）,,未収集,収集元推奨: AEAJ認定サロン一覧 / ホットペッパービューティー
5531,,アロマ・リラクゼーション,,福岡県,,,,,,,アロマ リラクゼーション関連サービス,営業中（推定）,,未収集,収集元推奨: AEAJ認定サロン一覧 / ホットペッパービューティー
5532,,アロマ・リラクゼーション,,福岡県,,,,,,,アロマ リラクゼーション関連サービス,営業中（推定）,,未収集,収集元推奨: AEAJ認定サロン一覧 / ホットペッパービューティー
5533,,アロマ・リラクゼーション,,福岡県,,,,,,,アロマ リラクゼーション関連サービス,営業中（推定）,,未収集,収集元推奨: AEAJ認定サロン一覧 / ホットペッパービューティー
5534,,アロマ・リラクゼーション,,福岡県,,,,,,,アロマ リラクゼーション関連サービス,営業中（推定）,,未収集,収集元推奨: AEAJ認定サロン一覧 / ホットペッパービューティー
5535,,アロマ・リラクゼーション,,福岡県,,,,,,,アロマ リラクゼーション関連サービス,営業中（推定）,,未収集,収集元推奨: AEAJ認定サロン一覧 / ホットペッパービューティー
5536,,アロマ・リラクゼーション,,福岡県,,,,,,,アロマ リラクゼーション関連サービス,営業中（推定）,,未収集,収集元推奨: AEAJ認定サロン一覧 / ホットペッパービューティー
5537,,アロマ・リラクゼーション,,福岡県,,,,,,,アロマ リラクゼーション関連サービス,営業中（推定）,,未収集,収集元推奨: AEAJ認定サロン一覧 / ホットペッパービューティー
5538,,アロマ・リラクゼーション,,福岡県,,,,,,,アロマ リラクゼーション関連サービス,営業中（推定）,,未収集,収集元推奨: AEAJ認定サロン一覧 / ホットペッパービューティー
5539,,アロマ・リラクゼーション,,福岡県,,,,,,,アロマ リラクゼーション関連サービス,営業中（推定）,,未収集,収集元推奨: AEAJ認定サロン一覧 / ホットペッパービューティー
5540,,アロマ・リラクゼーション,,福岡県,,,,,,,アロマ リラクゼーション関連サービス,営業中（推定）,,未収集,収集元推奨: AEAJ認定サロン一覧 / ホットペッパービューティー
5541,,アロマ・リラクゼーション,,福岡県,,,,,,,アロマ リラクゼーション関連サービス,営業中（推定）,,未収集,収集元推奨: AEAJ認定サロン一覧 / ホットペッパービューティー
5542,,アロマ・リラクゼーション,,福岡県,,,,,,,アロマ リラクゼーション関連サービス,営業中（推定）,,未収集,収集元推奨: AEAJ認定サロン一覧 / ホットペッパービューティー
5543,,アロマ・リラクゼーション,,福岡県,,,,,,,アロマ リラクゼーション関連サービス,営業中（推定）,,未収集,収集元推奨: AEAJ認定サロン一覧 / ホットペッパービューティー
5544,,アロマ・リラクゼーション,,福岡県,,,,,,,アロマ リラクゼーション関連サービス,営業中（推定）,,未収集,収集元推奨: AEAJ認定サロン一覧 / ホットペッパービューティー
5545,,アロマ・リラクゼーション,,福岡県,,,,,,,アロマ リラクゼーション関連サービス,営業中（推定）,,未収集,収集元推奨: AEAJ認定サロン一覧 / ホットペッパービューティー
5546,,アロマ・リラクゼーション,,福岡県,,,,,,,アロマ リラクゼーション関連サービス,営業中（推定）,,未収集,収集元推奨: AEAJ認定サロン一覧 / ホットペッパービューティー
5547,,アロマ・リラクゼーション,,福岡県,,,,,,,アロマ リラクゼーション関連サービス,営業中（推定）,,未収集,収集元推奨: AEAJ認定サロン一覧 / ホットペッパービューティー
5548,,アロマ・リラクゼーション,,福岡県,,,,,,,アロマ リラクゼーション関連サービス,営業中（推定）,,未収集,収集元推奨: AEAJ認定サロン一覧 / ホットペッパービューティー
5549,,アロマ・リラクゼーション,,福岡県,,,,,,,アロマ リラクゼーション関連サービス,営業中（推定）,,未収集,収集元推奨: AEAJ認定サロン一覧 / ホットペッパービューティー
5550,,美容クリニック,,福岡県,,,,,,,美容クリニック関連サービス,営業中（推定）,,未収集,収集元推奨: 日本美容外科学会(JSAS)会員 / 各クリニック公式サイト
5551,,美容クリニック,,福岡県,,,,,,,美容クリニック関連サービス,営業中（推定）,,未収集,収集元推奨: 日本美容外科学会(JSAS)会員 / 各クリニック公式サイト
5552,,美容クリニック,,福岡県,,,,,,,美容クリニック関連サービス,営業中（推定）,,未収集,収集元推奨: 日本美容外科学会(JSAS)会員 / 各クリニック公式サイト
5553,,美容クリニック,,福岡県,,,,,,,美容クリニック関連サービス,営業中（推定）,,未収集,収集元推奨: 日本美容外科学会(JSAS)会員 / 各クリニック公式サイト
5554,,美容クリニック,,福岡県,,,,,,,美容クリニック関連サービス,営業中（推定）,,未収集,収集元推奨: 日本美容外科学会(JSAS)会員 / 各クリニック公式サイト
5555,,美容クリニック,,福岡県,,,,,,,美容クリニック関連サービス,営業中（推定）,,未収集,収集元推奨: 日本美容外科学会(JSAS)会員 / 各クリニック公式サイト
5556,,美容クリニック,,福岡県,,,,,,,美容クリニック関連サービス,営業中（推定）,,未収集,収集元推奨: 日本美容外科学会(JSAS)会員 / 各クリニック公式サイト
5557,,美容クリニック,,福岡県,,,,,,,美容クリニック関連サービス,営業中（推定）,,未収集,収集元推奨: 日本美容外科学会(JSAS)会員 / 各クリニック公式サイト
5558,,美容クリニック,,福岡県,,,,,,,美容クリニック関連サービス,営業中（推定）,,未収集,収集元推奨: 日本美容外科学会(JSAS)会員 / 各クリニック公式サイト
5559,,美容クリニック,,福岡県,,,,,,,美容クリニック関連サービス,営業中（推定）,,未収集,収集元推奨: 日本美容外科学会(JSAS)会員 / 各クリニック公式サイト
5560,,美容クリニック,,福岡県,,,,,,,美容クリニック関連サービス,営業中（推定）,,未収集,収集元推奨: 日本美容外科学会(JSAS)会員 / 各クリニック公式サイト
5561,,美容クリニック,,福岡県,,,,,,,美容クリニック関連サービス,営業中（推定）,,未収集,収集元推奨: 日本美容外科学会(JSAS)会員 / 各クリニック公式サイト
5562,,美容クリニック,,福岡県,,,,,,,美容クリニック関連サービス,営業中（推定）,,未収集,収集元推奨: 日本美容外科学会(JSAS)会員 / 各クリニック公式サイト
5563,,美容クリニック,,福岡県,,,,,,,美容クリニック関連サービス,営業中（推定）,,未収集,収集元推奨: 日本美容外科学会(JSAS)会員 / 各クリニック公式サイト
5564,,美容クリニック,,福岡県,,,,,,,美容クリニック関連サービス,営業中（推定）,,未収集,収集元推奨: 日本美容外科学会(JSAS)会員 / 各クリニック公式サイト
5565,,美容クリニック,,福岡県,,,,,,,美容クリニック関連サービス,営業中（推定）,,未収集,収集元推奨: 日本美容外科学会(JSAS)会員 / 各クリニック公式サイト
5566,,美容クリニック,,福岡県,,,,,,,美容クリニック関連サービス,営業中（推定）,,未収集,収集元推奨: 日本美容外科学会(JSAS)会員 / 各クリニック公式サイト
5567,,美容クリニック,,福岡県,,,,,,,美容クリニック関連サービス,営業中（推定）,,未収集,収集元推奨: 日本美容外科学会(JSAS)会員 / 各クリニック公式サイト
5568,,美容クリニック,,福岡県,,,,,,,美容クリニック関連サービス,営業中（推定）,,未収集,収集元推奨: 日本美容外科学会(JSAS)会員 / 各クリニック公式サイト
5569,,美容クリニック,,福岡県,,,,,,,美容クリニック関連サービス,営業中（推定）,,未収集,収集元推奨: 日本美容外科学会(JSAS)会員 / 各クリニック公式サイト
5570,,美容クリニック,,福岡県,,,,,,,美容クリニック関連サービス,営業中（推定）,,未収集,収集元推奨: 日本美容外科学会(JSAS)会員 / 各クリニック公式サイト
5571,,美容クリニック,,福岡県,,,,,,,美容クリニック関連サービス,営業中（推定）,,未収集,収集元推奨: 日本美容外科学会(JSAS)会員 / 各クリニック公式サイト
5572,,美容クリニック,,福岡県,,,,,,,美容クリニック関連サービス,営業中（推定）,,未収集,収集元推奨: 日本美容外科学会(JSAS)会員 / 各クリニック公式サイト
5573,,美容クリニック,,福岡県,,,,,,,美容クリニック関連サービス,営業中（推定）,,未収集,収集元推奨: 日本美容外科学会(JSAS)会員 / 各クリニック公式サイト
5574,,美容クリニック,,福岡県,,,,,,,美容クリニック関連サービス,営業中（推定）,,未収集,収集元推奨: 日本美容外科学会(JSAS)会員 / 各クリニック公式サイト
5575,,美容クリニック,,福岡県,,,,,,,美容クリニック関連サービス,営業中（推定）,,未収集,収集元推奨: 日本美容外科学会(JSAS)会員 / 各クリニック公式サイト
5576,,美容クリニック,,福岡県,,,,,,,美容クリニック関連サービス,営業中（推定）,,未収集,収集元推奨: 日本美容外科学会(JSAS)会員 / 各クリニック公式サイト
5577,,美容クリニック,,福岡県,,,,,,,美容クリニック関連サービス,営業中（推定）,,未収集,収集元推奨: 日本美容外科学会(JSAS)会員 / 各クリニック公式サイト
5578,,美容クリニック,,福岡県,,,,,,,美容クリニック関連サービス,営業中（推定）,,未収集,収集元推奨: 日本美容外科学会(JSAS)会員 / 各クリニック公式サイト
5579,,美容クリニック,,福岡県,,,,,,,美容クリニック関連サービス,営業中（推定）,,未収集,収集元推奨: 日本美容外科学会(JSAS)会員 / 各クリニック公式サイト
5580,,美容クリニック,,福岡県,,,,,,,美容クリニック関連サービス,営業中（推定）,,未収集,収集元推奨: 日本美容外科学会(JSAS)会員 / 各クリニック公式サイト
5581,,美容クリニック,,福岡県,,,,,,,美容クリニック関連サービス,営業中（推定）,,未収集,収集元推奨: 日本美容外科学会(JSAS)会員 / 各クリニック公式サイト
5582,,美容機器メーカー・ディーラー,,福岡県,,,,,,,美容機器メーカー ディーラー関連サービス,営業中（推定）,,未収集,収集元推奨: BeautyWorld Japan展示会出展者一覧 / 国税庁法人番号DB
5583,,美容機器メーカー・ディーラー,,福岡県,,,,,,,美容機器メーカー ディーラー関連サービス,営業中（推定）,,未収集,収集元推奨: BeautyWorld Japan展示会出展者一覧 / 国税庁法人番号DB
5584,,美容機器メーカー・ディーラー,,福岡県,,,,,,,美容機器メーカー ディーラー関連サービス,営業中（推定）,,未収集,収集元推奨: BeautyWorld Japan展示会出展者一覧 / 国税庁法人番号DB
5585,,美容機器メーカー・ディーラー,,福岡県,,,,,,,美容機器メーカー ディーラー関連サービス,営業中（推定）,,未収集,収集元推奨: BeautyWorld Japan展示会出展者一覧 / 国税庁法人番号DB
5586,,美容機器メーカー・ディーラー,,福岡県,,,,,,,美容機器メーカー ディーラー関連サービス,営業中（推定）,,未収集,収集元推奨: BeautyWorld Japan展示会出展者一覧 / 国税庁法人番号DB
5587,,美容機器メーカー・ディーラー,,福岡県,,,,,,,美容機器メーカー ディーラー関連サービス,営業中（推定）,,未収集,収集元推奨: BeautyWorld Japan展示会出展者一覧 / 国税庁法人番号DB
5588,,美容機器メーカー・ディーラー,,福岡県,,,,,,,美容機器メーカー ディーラー関連サービス,営業中（推定）,,未収集,収集元推奨: BeautyWorld Japan展示会出展者一覧 / 国税庁法人番号DB
5589,,美容機器メーカー・ディーラー,,福岡県,,,,,,,美容機器メーカー ディーラー関連サービス,営業中（推定）,,未収集,収集元推奨: BeautyWorld Japan展示会出展者一覧 / 国税庁法人番号DB
5590,,美容機器メーカー・ディーラー,,福岡県,,,,,,,美容機器メーカー ディーラー関連サービス,営業中（推定）,,未収集,収集元推奨: BeautyWorld Japan展示会出展者一覧 / 国税庁法人番号DB
5591,,美容機器メーカー・ディーラー,,福岡県,,,,,,,美容機器メーカー ディーラー関連サービス,営業中（推定）,,未収集,収集元推奨: BeautyWorld Japan展示会出展者一覧 / 国税庁法人番号DB
5592,,美容機器メーカー・ディーラー,,福岡県,,,,,,,美容機器メーカー ディーラー関連サービス,営業中（推定）,,未収集,収集元推奨: BeautyWorld Japan展示会出展者一覧 / 国税庁法人番号DB
5593,,美容機器メーカー・ディーラー,,福岡県,,,,,,,美容機器メーカー ディーラー関連サービス,営業中（推定）,,未収集,収集元推奨: BeautyWorld Japan展示会出展者一覧 / 国税庁法人番号DB
5594,,美容機器メーカー・ディーラー,,福岡県,,,,,,,美容機器メーカー ディーラー関連サービス,営業中（推定）,,未収集,収集元推奨: BeautyWorld Japan展示会出展者一覧 / 国税庁法人番号DB
5595,,美容機器メーカー・ディーラー,,福岡県,,,,,,,美容機器メーカー ディーラー関連サービス,営業中（推定）,,未収集,収集元推奨: BeautyWorld Japan展示会出展者一覧 / 国税庁法人番号DB
5596,,美容機器メーカー・ディーラー,,福岡県,,,,,,,美容機器メーカー ディーラー関連サービス,営業中（推定）,,未収集,収集元推奨: BeautyWorld Japan展示会出展者一覧 / 国税庁法人番号DB
5597,,美容機器メーカー・ディーラー,,福岡県,,,,,,,美容機器メーカー ディーラー関連サービス,営業中（推定）,,未収集,収集元推奨: BeautyWorld Japan展示会出展者一覧 / 国税庁法人番号DB
5598,,美容機器メーカー・ディーラー,,福岡県,,,,,,,美容機器メーカー ディーラー関連サービス,営業中（推定）,,未収集,収集元推奨: BeautyWorld Japan展示会出展者一覧 / 国税庁法人番号DB
5599,,美容機器メーカー・ディーラー,,福岡県,,,,,,,美容機器メーカー ディーラー関連サービス,営業中（推定）,,未収集,収集元推奨: BeautyWorld Japan展示会出展者一覧 / 国税庁法人番号DB
5600,,美容機器メーカー・ディーラー,,福岡県,,,,,,,美容機器メーカー ディーラー関連サービス,営業中（推定）,,未収集,収集元推奨: BeautyWorld Japan展示会出展者一覧 / 国税庁法人番号DB
5601,,美容機器メーカー・ディーラー,,福岡県,,,,,,,美容機器メーカー ディーラー関連サービス,営業中（推定）,,未収集,収集元推奨: BeautyWorld Japan展示会出展者一覧 / 国税庁法人番号DB
5602,,美容機器メーカー・ディーラー,,福岡県,,,,,,,美容機器メーカー ディーラー関連サービス,営業中（推定）,,未収集,収集元推奨: BeautyWorld Japan展示会出展者一覧 / 国税庁法人番号DB
5603,,美容機器メーカー・ディーラー,,福岡県,,,,,,,美容機器メーカー ディーラー関連サービス,営業中（推定）,,未収集,収集元推奨: BeautyWorld Japan展示会出展者一覧 / 国税庁法人番号DB
5604,,美容機器メーカー・ディーラー,,福岡県,,,,,,,美容機器メーカー ディーラー関連サービス,営業中（推定）,,未収集,収集元推奨: BeautyWorld Japan展示会出展者一覧 / 国税庁法人番号DB
5605,,美容機器メーカー・ディーラー,,福岡県,,,,,,,美容機器メーカー ディーラー関連サービス,営業中（推定）,,未収集,収集元推奨: BeautyWorld Japan展示会出展者一覧 / 国税庁法人番号DB
5606,,化粧品メーカー,,福岡県,,,,,,,化粧品メーカー関連サービス,営業中（推定）,,未収集,収集元推奨: 日本化粧品工業会(JCIA)会員 / 国税庁法人番号DB
5607,,化粧品メーカー,,福岡県,,,,,,,化粧品メーカー関連サービス,営業中（推定）,,未収集,収集元推奨: 日本化粧品工業会(JCIA)会員 / 国税庁法人番号DB
5608,,化粧品メーカー,,福岡県,,,,,,,化粧品メーカー関連サービス,営業中（推定）,,未収集,収集元推奨: 日本化粧品工業会(JCIA)会員 / 国税庁法人番号DB
5609,,化粧品メーカー,,福岡県,,,,,,,化粧品メーカー関連サービス,営業中（推定）,,未収集,収集元推奨: 日本化粧品工業会(JCIA)会員 / 国税庁法人番号DB
5610,,化粧品メーカー,,福岡県,,,,,,,化粧品メーカー関連サービス,営業中（推定）,,未収集,収集元推奨: 日本化粧品工業会(JCIA)会員 / 国税庁法人番号DB
5611,,化粧品メーカー,,福岡県,,,,,,,化粧品メーカー関連サービス,営業中（推定）,,未収集,収集元推奨: 日本化粧品工業会(JCIA)会員 / 国税庁法人番号DB
5612,,化粧品メーカー,,福岡県,,,,,,,化粧品メーカー関連サービス,営業中（推定）,,未収集,収集元推奨: 日本化粧品工業会(JCIA)会員 / 国税庁法人番号DB
5613,,化粧品メーカー,,福岡県,,,,,,,化粧品メーカー関連サービス,営業中（推定）,,未収集,収集元推奨: 日本化粧品工業会(JCIA)会員 / 国税庁法人番号DB
5614,,化粧品メーカー,,福岡県,,,,,,,化粧品メーカー関連サービス,営業中（推定）,,未収集,収集元推奨: 日本化粧品工業会(JCIA)会員 / 国税庁法人番号DB
5615,,化粧品メーカー,,福岡県,,,,,,,化粧品メーカー関連サービス,営業中（推定）,,未収集,収集元推奨: 日本化粧品工業会(JCIA)会員 / 国税庁法人番号DB
5616,,化粧品メーカー,,福岡県,,,,,,,化粧品メーカー関連サービス,営業中（推定）,,未収集,収集元推奨: 日本化粧品工業会(JCIA)会員 / 国税庁法人番号DB
5617,,化粧品メーカー,,福岡県,,,,,,,化粧品メーカー関連サービス,営業中（推定）,,未収集,収集元推奨: 日本化粧品工業会(JCIA)会員 / 国税庁法人番号DB
5618,,化粧品メーカー,,福岡県,,,,,,,化粧品メーカー関連サービス,営業中（推定）,,未収集,収集元推奨: 日本化粧品工業会(JCIA)会員 / 国税庁法人番号DB
5619,,化粧品メーカー,,福岡県,,,,,,,化粧品メーカー関連サービス,営業中（推定）,,未収集,収集元推奨: 日本化粧品工業会(JCIA)会員 / 国税庁法人番号DB
5620,,化粧品メーカー,,福岡県,,,,,,,化粧品メーカー関連サービス,営業中（推定）,,未収集,収集元推奨: 日本化粧品工業会(JCIA)会員 / 国税庁法人番号DB
5621,,化粧品メーカー,,福岡県,,,,,,,化粧品メーカー関連サービス,営業中（推定）,,未収集,収集元推奨: 日本化粧品工業会(JCIA)会員 / 国税庁法人番号DB
5622,,化粧品メーカー,,福岡県,,,,,,,化粧品メーカー関連サービス,営業中（推定）,,未収集,収集元推奨: 日本化粧品工業会(JCIA)会員 / 国税庁法人番号DB
5623,,化粧品メーカー,,福岡県,,,,,,,化粧品メーカー関連サービス,営業中（推定）,,未収集,収集元推奨: 日本化粧品工業会(JCIA)会員 / 国税庁法人番号DB
5624,,化粧品メーカー,,福岡県,,,,,,,化粧品メーカー関連サービス,営業中（推定）,,未収集,収集元推奨: 日本化粧品工業会(JCIA)会員 / 国税庁法人番号DB
5625,,化粧品メーカー,,福岡県,,,,,,,化粧品メーカー関連サービス,営業中（推定）,,未収集,収集元推奨: 日本化粧品工業会(JCIA)会員 / 国税庁法人番号DB
5626,,化粧品メーカー,,福岡県,,,,,,,化粧品メーカー関連サービス,営業中（推定）,,未収集,収集元推奨: 日本化粧品工業会(JCIA)会員 / 国税庁法人番号DB
5627,,化粧品メーカー,,福岡県,,,,,,,化粧品メーカー関連サービス,営業中（推定）,,未収集,収集元推奨: 日本化粧品工業会(JCIA)会員 / 国税庁法人番号DB
5628,,化粧品メーカー,,福岡県,,,,,,,化粧品メーカー関連サービス,営業中（推定）,,未収集,収集元推奨: 日本化粧品工業会(JCIA)会員 / 国税庁法人番号DB
5629,,化粧品メーカー,,福岡県,,,,,,,化粧品メーカー関連サービス,営業中（推定）,,未収集,収集元推奨: 日本化粧品工業会(JCIA)会員 / 国税庁法人番号DB
5630,,化粧品メーカー,,福岡県,,,,,,,化粧品メーカー関連サービス,営業中（推定）,,未収集,収集元推奨: 日本化粧品工業会(JCIA)会員 / 国税庁法人番号DB
5631,,化粧品メーカー,,福岡県,,,,,,,化粧品メーカー関連サービス,営業中（推定）,,未収集,収集元推奨: 日本化粧品工業会(JCIA)会員 / 国税庁法人番号DB
5632,,化粧品メーカー,,福岡県,,,,,,,化粧品メーカー関連サービス,営業中（推定）,,未収集,収集元推奨: 日本化粧品工業会(JCIA)会員 / 国税庁法人番号DB
5633,,化粧品メーカー,,福岡県,,,,,,,化粧品メーカー関連サービス,営業中（推定）,,未収集,収集元推奨: 日本化粧品工業会(JCIA)会員 / 国税庁法人番号DB
5634,,化粧品メーカー,,福岡県,,,,,,,化粧品メーカー関連サービス,営業中（推定）,,未収集,収集元推奨: 日本化粧品工業会(JCIA)会員 / 国税庁法人番号DB
5635,,化粧品メーカー,,福岡県,,,,,,,化粧品メーカー関連サービス,営業中（推定）,,未収集,収集元推奨: 日本化粧品工業会(JCIA)会員 / 国税庁法人番号DB
5636,,化粧品メーカー,,福岡県,,,,,,,化粧品メーカー関連サービス,営業中（推定）,,未収集,収集元推奨: 日本化粧品工業会(JCIA)会員 / 国税庁法人番号DB
5637,,化粧品メーカー,,福岡県,,,,,,,化粧品メーカー関連サービス,営業中（推定）,,未収集,収集元推奨: 日本化粧品工業会(JCIA)会員 / 国税庁法人番号DB
5638,,ヘアサロン・サロンオーナー,,福岡県,,,,,,,ヘアサロン サロンオーナー関連サービス,営業中（推定）,,未収集,収集元推奨: ホットペッパービューティー / 美容師会 / iタウンページ
5639,,ヘアサロン・サロンオーナー,,福岡県,,,,,,,ヘアサロン サロンオーナー関連サービス,営業中（推定）,,未収集,収集元推奨: ホットペッパービューティー / 美容師会 / iタウンページ
5640,,ヘアサロン・サロンオーナー,,福岡県,,,,,,,ヘアサロン サロンオーナー関連サービス,営業中（推定）,,未収集,収集元推奨: ホットペッパービューティー / 美容師会 / iタウンページ
5641,,ヘアサロン・サロンオーナー,,福岡県,,,,,,,ヘアサロン サロンオーナー関連サービス,営業中（推定）,,未収集,収集元推奨: ホットペッパービューティー / 美容師会 / iタウンページ
5642,,ヘアサロン・サロンオーナー,,福岡県,,,,,,,ヘアサロン サロンオーナー関連サービス,営業中（推定）,,未収集,収集元推奨: ホットペッパービューティー / 美容師会 / iタウンページ
5643,,ヘアサロン・サロンオーナー,,福岡県,,,,,,,ヘアサロン サロンオーナー関連サービス,営業中（推定）,,未収集,収集元推奨: ホットペッパービューティー / 美容師会 / iタウンページ
5644,,ヘアサロン・サロンオーナー,,福岡県,,,,,,,ヘアサロン サロンオーナー関連サービス,営業中（推定）,,未収集,収集元推奨: ホットペッパービューティー / 美容師会 / iタウンページ
5645,,ヘアサロン・サロンオーナー,,福岡県,,,,,,,ヘアサロン サロンオーナー関連サービス,営業中（推定）,,未収集,収集元推奨: ホットペッパービューティー / 美容師会 / iタウンページ
5646,,ヘアサロン・サロンオーナー,,福岡県,,,,,,,ヘアサロン サロンオーナー関連サービス,営業中（推定）,,未収集,収集元推奨: ホットペッパービューティー / 美容師会 / iタウンページ
5647,,ヘアサロン・サロンオーナー,,福岡県,,,,,,,ヘアサロン サロンオーナー関連サービス,営業中（推定）,,未収集,収集元推奨: ホットペッパービューティー / 美容師会 / iタウンページ
5648,,ヘアサロン・サロンオーナー,,福岡県,,,,,,,ヘアサロン サロンオーナー関連サービス,営業中（推定）,,未収集,収集元推奨: ホットペッパービューティー / 美容師会 / iタウンページ
5649,,ヘアサロン・サロンオーナー,,福岡県,,,,,,,ヘアサロン サロンオーナー関連サービス,営業中（推定）,,未収集,収集元推奨: ホットペッパービューティー / 美容師会 / iタウンページ
5650,,ヘアサロン・サロンオーナー,,福岡県,,,,,,,ヘアサロン サロンオーナー関連サービス,営業中（推定）,,未収集,収集元推奨: ホットペッパービューティー / 美容師会 / iタウンページ
5651,,ヘアサロン・サロンオーナー,,福岡県,,,,,,,ヘアサロン サロンオーナー関連サービス,営業中（推定）,,未収集,収集元推奨: ホットペッパービューティー / 美容師会 / iタウンページ
5652,,ヘアサロン・サロンオーナー,,福岡県,,,,,,,ヘアサロン サロンオーナー関連サービス,営業中（推定）,,未収集,収集元推奨: ホットペッパービューティー / 美容師会 / iタウンページ
5653,,ヘアサロン・サロンオーナー,,福岡県,,,,,,,ヘアサロン サロンオーナー関連サービス,営業中（推定）,,未収集,収集元推奨: ホットペッパービューティー / 美容師会 / iタウンページ
5654,,ヘアサロン・サロンオーナー,,福岡県,,,,,,,ヘアサロン サロンオーナー関連サービス,営業中（推定）,,未収集,収集元推奨: ホットペッパービューティー / 美容師会 / iタウンページ
5655,,ヘアサロン・サロンオーナー,,福岡県,,,,,,,ヘアサロン サロンオーナー関連サービス,営業中（推定）,,未収集,収集元推奨: ホットペッパービューティー / 美容師会 / iタウンページ
5656,,ヘアサロン・サロンオーナー,,福岡県,,,,,,,ヘアサロン サロンオーナー関連サービス,営業中（推定）,,未収集,収集元推奨: ホットペッパービューティー / 美容師会 / iタウンページ
5657,,ヘアサロン・サロンオーナー,,福岡県,,,,,,,ヘアサロン サロンオーナー関連サービス,営業中（推定）,,未収集,収集元推奨: ホットペッパービューティー / 美容師会 / iタウンページ
5658,,ヘアサロン・サロンオーナー,,福岡県,,,,,,,ヘアサロン サロンオーナー関連サービス,営業中（推定）,,未収集,収集元推奨: ホットペッパービューティー / 美容師会 / iタウンページ
5659,,ヘアサロン・サロンオーナー,,福岡県,,,,,,,ヘアサロン サロンオーナー関連サービス,営業中（推定）,,未収集,収集元推奨: ホットペッパービューティー / 美容師会 / iタウンページ
5660,,ヘアサロン・サロンオーナー,,福岡県,,,,,,,ヘアサロン サロンオーナー関連サービス,営業中（推定）,,未収集,収集元推奨: ホットペッパービューティー / 美容師会 / iタウンページ
5661,,ヘアサロン・サロンオーナー,,福岡県,,,,,,,ヘアサロン サロンオーナー関連サービス,営業中（推定）,,未収集,収集元推奨: ホットペッパービューティー / 美容師会 / iタウンページ
5662,,ヘアサロン・サロンオーナー,,福岡県,,,,,,,ヘアサロン サロンオーナー関連サービス,営業中（推定）,,未収集,収集元推奨: ホットペッパービューティー / 美容師会 / iタウンページ
5663,,ヘアサロン・サロンオーナー,,福岡県,,,,,,,ヘアサロン サロンオーナー関連サービス,営業中（推定）,,未収集,収集元推奨: ホットペッパービューティー / 美容師会 / iタウンページ
5664,,ヘアサロン・サロンオーナー,,福岡県,,,,,,,ヘアサロン サロンオーナー関連サービス,営業中（推定）,,未収集,収集元推奨: ホットペッパービューティー / 美容師会 / iタウンページ
5665,,ヘアサロン・サロンオーナー,,福岡県,,,,,,,ヘアサロン サロンオーナー関連サービス,営業中（推定）,,未収集,収集元推奨: ホットペッパービューティー / 美容師会 / iタウンページ
5666,,ヘアサロン・サロンオーナー,,福岡県,,,,,,,ヘアサロン サロンオーナー関連サービス,営業中（推定）,,未収集,収集元推奨: ホットペッパービューティー / 美容師会 / iタウンページ
5667,,ヘアサロン・サロンオーナー,,福岡県,,,,,,,ヘアサロン サロンオーナー関連サービス,営業中（推定）,,未収集,収集元推奨: ホットペッパービューティー / 美容師会 / iタウンページ
5668,,ヘアサロン・サロンオーナー,,福岡県,,,,,,,ヘアサロン サロンオーナー関連サービス,営業中（推定）,,未収集,収集元推奨: ホットペッパービューティー / 美容師会 / iタウンページ
5669,,ヘアサロン・サロンオーナー,,福岡県,,,,,,,ヘアサロン サロンオーナー関連サービス,営業中（推定）,,未収集,収集元推奨: ホットペッパービューティー / 美容師会 / iタウンページ
5670,,IT・AI×美容,,福岡県,,,,,,,IT AI×美容関連サービス,営業中（推定）,,未収集,収集元推奨: スタートアップDB / PRTIMES / 展示会(BeautyTech系)
5671,,IT・AI×美容,,福岡県,,,,,,,IT AI×美容関連サービス,営業中（推定）,,未収集,収集元推奨: スタートアップDB / PRTIMES / 展示会(BeautyTech系)
5672,,IT・AI×美容,,福岡県,,,,,,,IT AI×美容関連サービス,営業中（推定）,,未収集,収集元推奨: スタートアップDB / PRTIMES / 展示会(BeautyTech系)
5673,,IT・AI×美容,,福岡県,,,,,,,IT AI×美容関連サービス,営業中（推定）,,未収集,収集元推奨: スタートアップDB / PRTIMES / 展示会(BeautyTech系)
5674,,IT・AI×美容,,福岡県,,,,,,,IT AI×美容関連サービス,営業中（推定）,,未収集,収集元推奨: スタートアップDB / PRTIMES / 展示会(BeautyTech系)
5675,,IT・AI×美容,,福岡県,,,,,,,IT AI×美容関連サービス,営業中（推定）,,未収集,収集元推奨: スタートアップDB / PRTIMES / 展示会(BeautyTech系)
5676,,IT・AI×美容,,福岡県,,,,,,,IT AI×美容関連サービス,営業中（推定）,,未収集,収集元推奨: スタートアップDB / PRTIMES / 展示会(BeautyTech系)
5677,,IT・AI×美容,,福岡県,,,,,,,IT AI×美容関連サービス,営業中（推定）,,未収集,収集元推奨: スタートアップDB / PRTIMES / 展示会(BeautyTech系)
5678,,IT・AI×美容,,福岡県,,,,,,,IT AI×美容関連サービス,営業中（推定）,,未収集,収集元推奨: スタートアップDB / PRTIMES / 展示会(BeautyTech系)
5679,,IT・AI×美容,,福岡県,,,,,,,IT AI×美容関連サービス,営業中（推定）,,未収集,収集元推奨: スタートアップDB / PRTIMES / 展示会(BeautyTech系)
5680,,IT・AI×美容,,福岡県,,,,,,,IT AI×美容関連サービス,営業中（推定）,,未収集,収集元推奨: スタートアップDB / PRTIMES / 展示会(BeautyTech系)
5681,,IT・AI×美容,,福岡県,,,,,,,IT AI×美容関連サービス,営業中（推定）,,未収集,収集元推奨: スタートアップDB / PRTIMES / 展示会(BeautyTech系)
5682,,IT・AI×美容,,福岡県,,,,,,,IT AI×美容関連サービス,営業中（推定）,,未収集,収集元推奨: スタートアップDB / PRTIMES / 展示会(BeautyTech系)
5683,,IT・AI×美容,,福岡県,,,,,,,IT AI×美容関連サービス,営業中（推定）,,未収集,収集元推奨: スタートアップDB / PRTIMES / 展示会(BeautyTech系)
5684,,IT・AI×美容,,福岡県,,,,,,,IT AI×美容関連サービス,営業中（推定）,,未収集,収集元推奨: スタートアップDB / PRTIMES / 展示会(BeautyTech系)
5685,,IT・AI×美容,,福岡県,,,,,,,IT AI×美容関連サービス,営業中（推定）,,未収集,収集元推奨: スタートアップDB / PRTIMES / 展示会(BeautyTech系)
5686,,IT・AI×美容,,福岡県,,,,,,,IT AI×美容関連サービス,営業中（推定）,,未収集,収集元推奨: スタートアップDB / PRTIMES / 展示会(BeautyTech系)
5687,,IT・AI×美容,,福岡県,,,,,,,IT AI×美容関連サービス,営業中（推定）,,未収集,収集元推奨: スタートアップDB / PRTIMES / 展示会(BeautyTech系)
5688,,IT・AI×美容,,福岡県,,,,,,,IT AI×美容関連サービス,営業中（推定）,,未収集,収集元推奨: スタートアップDB / PRTIMES / 展示会(BeautyTech系)
5689,,IT・AI×美容,,福岡県,,,,,,,IT AI×美容関連サービス,営業中（推定）,,未収集,収集元推奨: スタートアップDB / PRTIMES / 展示会(BeautyTech系)
5690,,IT・AI×美容,,福岡県,,,,,,,IT AI×美容関連サービス,営業中（推定）,,未収集,収集元推奨: スタートアップDB / PRTIMES / 展示会(BeautyTech系)
5691,,IT・AI×美容,,福岡県,,,,,,,IT AI×美容関連サービス,営業中（推定）,,未収集,収集元推奨: スタートアップDB / PRTIMES / 展示会(BeautyTech系)
5692,,IT・AI×美容,,福岡県,,,,,,,IT AI×美容関連サービス,営業中（推定）,,未収集,収集元推奨: スタートアップDB / PRTIMES / 展示会(BeautyTech系)
5693,,IT・AI×美容,,福岡県,,,,,,,IT AI×美容関連サービス,営業中（推定）,,未収集,収集元推奨: スタートアップDB / PRTIMES / 展示会(BeautyTech系)
5694,,IT・AI×美容,,福岡県,,,,,,,IT AI×美容関連サービス,営業中（推定）,,未収集,収集元推奨: スタートアップDB / PRTIMES / 展示会(BeautyTech系)
5695,,IT・AI×美容,,福岡県,,,,,,,IT AI×美容関連サービス,営業中（推定）,,未収集,収集元推奨: スタートアップDB / PRTIMES / 展示会(BeautyTech系)
5696,,IT・AI×美容,,福岡県,,,,,,,IT AI×美容関連サービス,営業中（推定）,,未収集,収集元推奨: スタートアップDB / PRTIMES / 展示会(BeautyTech系)
5697,,IT・AI×美容,,福岡県,,,,,,,IT AI×美容関連サービス,営業中（推定）,,未収集,収集元推奨: スタートアップDB / PRTIMES / 展示会(BeautyTech系)
5698,,IT・AI×美容,,福岡県,,,,,,,IT AI×美容関連サービス,営業中（推定）,,未収集,収集元推奨: スタートアップDB / PRTIMES / 展示会(BeautyTech系)
5699,,IT・AI×美容,,福岡県,,,,,,,IT AI×美容関連サービス,営業中（推定）,,未収集,収集元推奨: スタートアップDB / PRTIMES / 展示会(BeautyTech系)
5700,,IT・AI×美容,,福岡県,,,,,,,IT AI×美容関連サービス,営業中（推定）,,未収集,収集元推奨: スタートアップDB / PRTIMES / 展示会(BeautyTech系)
5701,,IT・AI×美容,,福岡県,,,,,,,IT AI×美容関連サービス,営業中（推定）,,未収集,収集元推奨: スタートアップDB / PRTIMES / 展示会(BeautyTech系)
5702,,IT・AI×美容,,福岡県,,,,,,,IT AI×美容関連サービス,営業中（推定）,,未収集,収集元推奨: スタートアップDB / PRTIMES / 展示会(BeautyTech系)
5703,,IT・AI×美容,,福岡県,,,,,,,IT AI×美容関連サービス,営業中（推定）,,未収集,収集元推奨: スタートアップDB / PRTIMES / 展示会(BeautyTech系)
5704,,IT・AI×美容,,福岡県,,,,,,,IT AI×美容関連サービス,営業中（推定）,,未収集,収集元推奨: スタートアップDB / PRTIMES / 展示会(BeautyTech系)
5705,,IT・AI×美容,,福岡県,,,,,,,IT AI×美容関連サービス,営業中（推定）,,未収集,収集元推奨: スタートアップDB / PRTIMES / 展示会(BeautyTech系)
5706,,エステサロン,,埼玉県,,,,,,,エステサロン関連サービス,営業中（推定）,,未収集,収集元推奨: ホットペッパービューティー掲載企業公式サイト / 日本エステティック協会会員
5707,,エステサロン,,埼玉県,,,,,,,エステサロン関連サービス,営業中（推定）,,未収集,収集元推奨: ホットペッパービューティー掲載企業公式サイト / 日本エステティック協会会員
5708,,エステサロン,,埼玉県,,,,,,,エステサロン関連サービス,営業中（推定）,,未収集,収集元推奨: ホットペッパービューティー掲載企業公式サイト / 日本エステティック協会会員
5709,,エステサロン,,埼玉県,,,,,,,エステサロン関連サービス,営業中（推定）,,未収集,収集元推奨: ホットペッパービューティー掲載企業公式サイト / 日本エステティック協会会員
5710,,エステサロン,,埼玉県,,,,,,,エステサロン関連サービス,営業中（推定）,,未収集,収集元推奨: ホットペッパービューティー掲載企業公式サイト / 日本エステティック協会会員
5711,,エステサロン,,埼玉県,,,,,,,エステサロン関連サービス,営業中（推定）,,未収集,収集元推奨: ホットペッパービューティー掲載企業公式サイト / 日本エステティック協会会員
5712,,エステサロン,,埼玉県,,,,,,,エステサロン関連サービス,営業中（推定）,,未収集,収集元推奨: ホットペッパービューティー掲載企業公式サイト / 日本エステティック協会会員
5713,,エステサロン,,埼玉県,,,,,,,エステサロン関連サービス,営業中（推定）,,未収集,収集元推奨: ホットペッパービューティー掲載企業公式サイト / 日本エステティック協会会員
5714,,エステサロン,,埼玉県,,,,,,,エステサロン関連サービス,営業中（推定）,,未収集,収集元推奨: ホットペッパービューティー掲載企業公式サイト / 日本エステティック協会会員
5715,,エステサロン,,埼玉県,,,,,,,エステサロン関連サービス,営業中（推定）,,未収集,収集元推奨: ホットペッパービューティー掲載企業公式サイト / 日本エステティック協会会員
5716,,エステサロン,,埼玉県,,,,,,,エステサロン関連サービス,営業中（推定）,,未収集,収集元推奨: ホットペッパービューティー掲載企業公式サイト / 日本エステティック協会会員
5717,,エステサロン,,埼玉県,,,,,,,エステサロン関連サービス,営業中（推定）,,未収集,収集元推奨: ホットペッパービューティー掲載企業公式サイト / 日本エステティック協会会員
5718,,エステサロン,,埼玉県,,,,,,,エステサロン関連サービス,営業中（推定）,,未収集,収集元推奨: ホットペッパービューティー掲載企業公式サイト / 日本エステティック協会会員
5719,,エステサロン,,埼玉県,,,,,,,エステサロン関連サービス,営業中（推定）,,未収集,収集元推奨: ホットペッパービューティー掲載企業公式サイト / 日本エステティック協会会員
5720,,エステサロン,,埼玉県,,,,,,,エステサロン関連サービス,営業中（推定）,,未収集,収集元推奨: ホットペッパービューティー掲載企業公式サイト / 日本エステティック協会会員
5721,,エステサロン,,埼玉県,,,,,,,エステサロン関連サービス,営業中（推定）,,未収集,収集元推奨: ホットペッパービューティー掲載企業公式サイト / 日本エステティック協会会員
5722,,エステサロン,,埼玉県,,,,,,,エステサロン関連サービス,営業中（推定）,,未収集,収集元推奨: ホットペッパービューティー掲載企業公式サイト / 日本エステティック協会会員
5723,,エステサロン,,埼玉県,,,,,,,エステサロン関連サービス,営業中（推定）,,未収集,収集元推奨: ホットペッパービューティー掲載企業公式サイト / 日本エステティック協会会員
5724,,エステサロン,,埼玉県,,,,,,,エステサロン関連サービス,営業中（推定）,,未収集,収集元推奨: ホットペッパービューティー掲載企業公式サイト / 日本エステティック協会会員
5725,,エステサロン,,埼玉県,,,,,,,エステサロン関連サービス,営業中（推定）,,未収集,収集元推奨: ホットペッパービューティー掲載企業公式サイト / 日本エステティック協会会員
5726,,エステサロン,,埼玉県,,,,,,,エステサロン関連サービス,営業中（推定）,,未収集,収集元推奨: ホットペッパービューティー掲載企業公式サイト / 日本エステティック協会会員
5727,,エステサロン,,埼玉県,,,,,,,エステサロン関連サービス,営業中（推定）,,未収集,収集元推奨: ホットペッパービューティー掲載企業公式サイト / 日本エステティック協会会員
5728,,エステサロン,,埼玉県,,,,,,,エステサロン関連サービス,営業中（推定）,,未収集,収集元推奨: ホットペッパービューティー掲載企業公式サイト / 日本エステティック協会会員
5729,,エステサロン,,埼玉県,,,,,,,エステサロン関連サービス,営業中（推定）,,未収集,収集元推奨: ホットペッパービューティー掲載企業公式サイト / 日本エステティック協会会員
5730,,エステサロン,,埼玉県,,,,,,,エステサロン関連サービス,営業中（推定）,,未収集,収集元推奨: ホットペッパービューティー掲載企業公式サイト / 日本エステティック協会会員
5731,,エステサロン,,埼玉県,,,,,,,エステサロン関連サービス,営業中（推定）,,未収集,収集元推奨: ホットペッパービューティー掲載企業公式サイト / 日本エステティック協会会員
5732,,エステサロン,,埼玉県,,,,,,,エステサロン関連サービス,営業中（推定）,,未収集,収集元推奨: ホットペッパービューティー掲載企業公式サイト / 日本エステティック協会会員
5733,,エステサロン,,埼玉県,,,,,,,エステサロン関連サービス,営業中（推定）,,未収集,収集元推奨: ホットペッパービューティー掲載企業公式サイト / 日本エステティック協会会員
5734,,エステサロン,,埼玉県,,,,,,,エステサロン関連サービス,営業中（推定）,,未収集,収集元推奨: ホットペッパービューティー掲載企業公式サイト / 日本エステティック協会会員
5735,,エステサロン,,埼玉県,,,,,,,エステサロン関連サービス,営業中（推定）,,未収集,収集元推奨: ホットペッパービューティー掲載企業公式サイト / 日本エステティック協会会員
5736,,エステサロン,,埼玉県,,,,,,,エステサロン関連サービス,営業中（推定）,,未収集,収集元推奨: ホットペッパービューティー掲載企業公式サイト / 日本エステティック協会会員
5737,,エステサロン,,埼玉県,,,,,,,エステサロン関連サービス,営業中（推定）,,未収集,収集元推奨: ホットペッパービューティー掲載企業公式サイト / 日本エステティック協会会員
5738,,エステサロン,,埼玉県,,,,,,,エステサロン関連サービス,営業中（推定）,,未収集,収集元推奨: ホットペッパービューティー掲載企業公式サイト / 日本エステティック協会会員
5739,,エステサロン,,埼玉県,,,,,,,エステサロン関連サービス,営業中（推定）,,未収集,収集元推奨: ホットペッパービューティー掲載企業公式サイト / 日本エステティック協会会員
5740,,エステサロン,,埼玉県,,,,,,,エステサロン関連サービス,営業中（推定）,,未収集,収集元推奨: ホットペッパービューティー掲載企業公式サイト / 日本エステティック協会会員
5741,,エステサロン,,埼玉県,,,,,,,エステサロン関連サービス,営業中（推定）,,未収集,収集元推奨: ホットペッパービューティー掲載企業公式サイト / 日本エステティック協会会員
5742,,エステサロン,,埼玉県,,,,,,,エステサロン関連サービス,営業中（推定）,,未収集,収集元推奨: ホットペッパービューティー掲載企業公式サイト / 日本エステティック協会会員
5743,,エステサロン,,埼玉県,,,,,,,エステサロン関連サービス,営業中（推定）,,未収集,収集元推奨: ホットペッパービューティー掲載企業公式サイト / 日本エステティック協会会員
5744,,エステサロン,,埼玉県,,,,,,,エステサロン関連サービス,営業中（推定）,,未収集,収集元推奨: ホットペッパービューティー掲載企業公式サイト / 日本エステティック協会会員
5745,,エステサロン,,埼玉県,,,,,,,エステサロン関連サービス,営業中（推定）,,未収集,収集元推奨: ホットペッパービューティー掲載企業公式サイト / 日本エステティック協会会員
5746,,エステサロン,,埼玉県,,,,,,,エステサロン関連サービス,営業中（推定）,,未収集,収集元推奨: ホットペッパービューティー掲載企業公式サイト / 日本エステティック協会会員
5747,,エステサロン,,埼玉県,,,,,,,エステサロン関連サービス,営業中（推定）,,未収集,収集元推奨: ホットペッパービューティー掲載企業公式サイト / 日本エステティック協会会員
5748,,エステサロン,,埼玉県,,,,,,,エステサロン関連サービス,営業中（推定）,,未収集,収集元推奨: ホットペッパービューティー掲載企業公式サイト / 日本エステティック協会会員
5749,,エステサロン,,埼玉県,,,,,,,エステサロン関連サービス,営業中（推定）,,未収集,収集元推奨: ホットペッパービューティー掲載企業公式サイト / 日本エステティック協会会員
5750,,エステサロン,,埼玉県,,,,,,,エステサロン関連サービス,営業中（推定）,,未収集,収集元推奨: ホットペッパービューティー掲載企業公式サイト / 日本エステティック協会会員
5751,,エステサロン,,埼玉県,,,,,,,エステサロン関連サービス,営業中（推定）,,未収集,収集元推奨: ホットペッパービューティー掲載企業公式サイト / 日本エステティック協会会員
5752,,エステサロン,,埼玉県,,,,,,,エステサロン関連サービス,営業中（推定）,,未収集,収集元推奨: ホットペッパービューティー掲載企業公式サイト / 日本エステティック協会会員
5753,,エステサロン,,埼玉県,,,,,,,エステサロン関連サービス,営業中（推定）,,未収集,収集元推奨: ホットペッパービューティー掲載企業公式サイト / 日本エステティック協会会員
5754,,エステサロン,,埼玉県,,,,,,,エステサロン関連サービス,営業中（推定）,,未収集,収集元推奨: ホットペッパービューティー掲載企業公式サイト / 日本エステティック協会会員
5755,,エステサロン,,埼玉県,,,,,,,エステサロン関連サービス,営業中（推定）,,未収集,収集元推奨: ホットペッパービューティー掲載企業公式サイト / 日本エステティック協会会員
5756,,エステサロン,,埼玉県,,,,,,,エステサロン関連サービス,営業中（推定）,,未収集,収集元推奨: ホットペッパービューティー掲載企業公式サイト / 日本エステティック協会会員
5757,,エステサロン,,埼玉県,,,,,,,エステサロン関連サービス,営業中（推定）,,未収集,収集元推奨: ホットペッパービューティー掲載企業公式サイト / 日本エステティック協会会員
5758,,エステサロン,,埼玉県,,,,,,,エステサロン関連サービス,営業中（推定）,,未収集,収集元推奨: ホットペッパービューティー掲載企業公式サイト / 日本エステティック協会会員
5759,,エステサロン,,埼玉県,,,,,,,エステサロン関連サービス,営業中（推定）,,未収集,収集元推奨: ホットペッパービューティー掲載企業公式サイト / 日本エステティック協会会員
5760,,エステサロン,,埼玉県,,,,,,,エステサロン関連サービス,営業中（推定）,,未収集,収集元推奨: ホットペッパービューティー掲載企業公式サイト / 日本エステティック協会会員
5761,,エステサロン,,埼玉県,,,,,,,エステサロン関連サービス,営業中（推定）,,未収集,収集元推奨: ホットペッパービューティー掲載企業公式サイト / 日本エステティック協会会員
5762,,エステサロン,,埼玉県,,,,,,,エステサロン関連サービス,営業中（推定）,,未収集,収集元推奨: ホットペッパービューティー掲載企業公式サイト / 日本エステティック協会会員
5763,,エステサロン,,埼玉県,,,,,,,エステサロン関連サービス,営業中（推定）,,未収集,収集元推奨: ホットペッパービューティー掲載企業公式サイト / 日本エステティック協会会員
5764,,エステサロン,,埼玉県,,,,,,,エステサロン関連サービス,営業中（推定）,,未収集,収集元推奨: ホットペッパービューティー掲載企業公式サイト / 日本エステティック協会会員
5765,,エステサロン,,埼玉県,,,,,,,エステサロン関連サービス,営業中（推定）,,未収集,収集元推奨: ホットペッパービューティー掲載企業公式サイト / 日本エステティック協会会員
5766,,エステサロン,,埼玉県,,,,,,,エステサロン関連サービス,営業中（推定）,,未収集,収集元推奨: ホットペッパービューティー掲載企業公式サイト / 日本エステティック協会会員
5767,,エステサロン,,埼玉県,,,,,,,エステサロン関連サービス,営業中（推定）,,未収集,収集元推奨: ホットペッパービューティー掲載企業公式サイト / 日本エステティック協会会員
5768,,エステサロン,,埼玉県,,,,,,,エステサロン関連サービス,営業中（推定）,,未収集,収集元推奨: ホットペッパービューティー掲載企業公式サイト / 日本エステティック協会会員
5769,,エステサロン,,埼玉県,,,,,,,エステサロン関連サービス,営業中（推定）,,未収集,収集元推奨: ホットペッパービューティー掲載企業公式サイト / 日本エステティック協会会員
5770,,エステサロン,,埼玉県,,,,,,,エステサロン関連サービス,営業中（推定）,,未収集,収集元推奨: ホットペッパービューティー掲載企業公式サイト / 日本エステティック協会会員
5771,,エステサロン,,埼玉県,,,,,,,エステサロン関連サービス,営業中（推定）,,未収集,収集元推奨: ホットペッパービューティー掲載企業公式サイト / 日本エステティック協会会員
5772,,エステサロン,,埼玉県,,,,,,,エステサロン関連サービス,営業中（推定）,,未収集,収集元推奨: ホットペッパービューティー掲載企業公式サイト / 日本エステティック協会会員
5773,,エステサロン,,埼玉県,,,,,,,エステサロン関連サービス,営業中（推定）,,未収集,収集元推奨: ホットペッパービューティー掲載企業公式サイト / 日本エステティック協会会員
5774,,エステサロン,,埼玉県,,,,,,,エステサロン関連サービス,営業中（推定）,,未収集,収集元推奨: ホットペッパービューティー掲載企業公式サイト / 日本エステティック協会会員
5775,,エステサロン,,埼玉県,,,,,,,エステサロン関連サービス,営業中（推定）,,未収集,収集元推奨: ホットペッパービューティー掲載企業公式サイト / 日本エステティック協会会員
5776,,エステサロン,,埼玉県,,,,,,,エステサロン関連サービス,営業中（推定）,,未収集,収集元推奨: ホットペッパービューティー掲載企業公式サイト / 日本エステティック協会会員
5777,,エステサロン,,埼玉県,,,,,,,エステサロン関連サービス,営業中（推定）,,未収集,収集元推奨: ホットペッパービューティー掲載企業公式サイト / 日本エステティック協会会員
5778,,エステサロン,,埼玉県,,,,,,,エステサロン関連サービス,営業中（推定）,,未収集,収集元推奨: ホットペッパービューティー掲載企業公式サイト / 日本エステティック協会会員
5779,,エステサロン,,埼玉県,,,,,,,エステサロン関連サービス,営業中（推定）,,未収集,収集元推奨: ホットペッパービューティー掲載企業公式サイト / 日本エステティック協会会員
5780,,エステサロン,,埼玉県,,,,,,,エステサロン関連サービス,営業中（推定）,,未収集,収集元推奨: ホットペッパービューティー掲載企業公式サイト / 日本エステティック協会会員
5781,,エステサロン,,埼玉県,,,,,,,エステサロン関連サービス,営業中（推定）,,未収集,収集元推奨: ホットペッパービューティー掲載企業公式サイト / 日本エステティック協会会員
5782,,ネイルサロン,,埼玉県,,,,,,,ネイルサロン関連サービス,営業中（推定）,,未収集,収集元推奨: JNA（日本ネイリスト協会）会員 / ホットペッパービューティー
5783,,ネイルサロン,,埼玉県,,,,,,,ネイルサロン関連サービス,営業中（推定）,,未収集,収集元推奨: JNA（日本ネイリスト協会）会員 / ホットペッパービューティー
5784,,ネイルサロン,,埼玉県,,,,,,,ネイルサロン関連サービス,営業中（推定）,,未収集,収集元推奨: JNA（日本ネイリスト協会）会員 / ホットペッパービューティー
5785,,ネイルサロン,,埼玉県,,,,,,,ネイルサロン関連サービス,営業中（推定）,,未収集,収集元推奨: JNA（日本ネイリスト協会）会員 / ホットペッパービューティー
5786,,ネイルサロン,,埼玉県,,,,,,,ネイルサロン関連サービス,営業中（推定）,,未収集,収集元推奨: JNA（日本ネイリスト協会）会員 / ホットペッパービューティー
5787,,ネイルサロン,,埼玉県,,,,,,,ネイルサロン関連サービス,営業中（推定）,,未収集,収集元推奨: JNA（日本ネイリスト協会）会員 / ホットペッパービューティー
5788,,ネイルサロン,,埼玉県,,,,,,,ネイルサロン関連サービス,営業中（推定）,,未収集,収集元推奨: JNA（日本ネイリスト協会）会員 / ホットペッパービューティー
5789,,ネイルサロン,,埼玉県,,,,,,,ネイルサロン関連サービス,営業中（推定）,,未収集,収集元推奨: JNA（日本ネイリスト協会）会員 / ホットペッパービューティー
5790,,ネイルサロン,,埼玉県,,,,,,,ネイルサロン関連サービス,営業中（推定）,,未収集,収集元推奨: JNA（日本ネイリスト協会）会員 / ホットペッパービューティー
5791,,ネイルサロン,,埼玉県,,,,,,,ネイルサロン関連サービス,営業中（推定）,,未収集,収集元推奨: JNA（日本ネイリスト協会）会員 / ホットペッパービューティー
5792,,ネイルサロン,,埼玉県,,,,,,,ネイルサロン関連サービス,営業中（推定）,,未収集,収集元推奨: JNA（日本ネイリスト協会）会員 / ホットペッパービューティー
5793,,ネイルサロン,,埼玉県,,,,,,,ネイルサロン関連サービス,営業中（推定）,,未収集,収集元推奨: JNA（日本ネイリスト協会）会員 / ホットペッパービューティー
5794,,ネイルサロン,,埼玉県,,,,,,,ネイルサロン関連サービス,営業中（推定）,,未収集,収集元推奨: JNA（日本ネイリスト協会）会員 / ホットペッパービューティー
5795,,ネイルサロン,,埼玉県,,,,,,,ネイルサロン関連サービス,営業中（推定）,,未収集,収集元推奨: JNA（日本ネイリスト協会）会員 / ホットペッパービューティー
5796,,ネイルサロン,,埼玉県,,,,,,,ネイルサロン関連サービス,営業中（推定）,,未収集,収集元推奨: JNA（日本ネイリスト協会）会員 / ホットペッパービューティー
5797,,ネイルサロン,,埼玉県,,,,,,,ネイルサロン関連サービス,営業中（推定）,,未収集,収集元推奨: JNA（日本ネイリスト協会）会員 / ホットペッパービューティー
5798,,ネイルサロン,,埼玉県,,,,,,,ネイルサロン関連サービス,営業中（推定）,,未収集,収集元推奨: JNA（日本ネイリスト協会）会員 / ホットペッパービューティー
5799,,ネイルサロン,,埼玉県,,,,,,,ネイルサロン関連サービス,営業中（推定）,,未収集,収集元推奨: JNA（日本ネイリスト協会）会員 / ホットペッパービューティー
5800,,ネイルサロン,,埼玉県,,,,,,,ネイルサロン関連サービス,営業中（推定）,,未収集,収集元推奨: JNA（日本ネイリスト協会）会員 / ホットペッパービューティー
5801,,ネイルサロン,,埼玉県,,,,,,,ネイルサロン関連サービス,営業中（推定）,,未収集,収集元推奨: JNA（日本ネイリスト協会）会員 / ホットペッパービューティー
5802,,ネイルサロン,,埼玉県,,,,,,,ネイルサロン関連サービス,営業中（推定）,,未収集,収集元推奨: JNA（日本ネイリスト協会）会員 / ホットペッパービューティー
5803,,ネイルサロン,,埼玉県,,,,,,,ネイルサロン関連サービス,営業中（推定）,,未収集,収集元推奨: JNA（日本ネイリスト協会）会員 / ホットペッパービューティー
5804,,ネイルサロン,,埼玉県,,,,,,,ネイルサロン関連サービス,営業中（推定）,,未収集,収集元推奨: JNA（日本ネイリスト協会）会員 / ホットペッパービューティー
5805,,ネイルサロン,,埼玉県,,,,,,,ネイルサロン関連サービス,営業中（推定）,,未収集,収集元推奨: JNA（日本ネイリスト協会）会員 / ホットペッパービューティー
5806,,ネイルサロン,,埼玉県,,,,,,,ネイルサロン関連サービス,営業中（推定）,,未収集,収集元推奨: JNA（日本ネイリスト協会）会員 / ホットペッパービューティー
5807,,ネイルサロン,,埼玉県,,,,,,,ネイルサロン関連サービス,営業中（推定）,,未収集,収集元推奨: JNA（日本ネイリスト協会）会員 / ホットペッパービューティー
5808,,ネイルサロン,,埼玉県,,,,,,,ネイルサロン関連サービス,営業中（推定）,,未収集,収集元推奨: JNA（日本ネイリスト協会）会員 / ホットペッパービューティー
5809,,ネイルサロン,,埼玉県,,,,,,,ネイルサロン関連サービス,営業中（推定）,,未収集,収集元推奨: JNA（日本ネイリスト協会）会員 / ホットペッパービューティー
5810,,ネイルサロン,,埼玉県,,,,,,,ネイルサロン関連サービス,営業中（推定）,,未収集,収集元推奨: JNA（日本ネイリスト協会）会員 / ホットペッパービューティー
5811,,ネイルサロン,,埼玉県,,,,,,,ネイルサロン関連サービス,営業中（推定）,,未収集,収集元推奨: JNA（日本ネイリスト協会）会員 / ホットペッパービューティー
5812,,ネイルサロン,,埼玉県,,,,,,,ネイルサロン関連サービス,営業中（推定）,,未収集,収集元推奨: JNA（日本ネイリスト協会）会員 / ホットペッパービューティー
5813,,ネイルサロン,,埼玉県,,,,,,,ネイルサロン関連サービス,営業中（推定）,,未収集,収集元推奨: JNA（日本ネイリスト協会）会員 / ホットペッパービューティー
5814,,ネイルサロン,,埼玉県,,,,,,,ネイルサロン関連サービス,営業中（推定）,,未収集,収集元推奨: JNA（日本ネイリスト協会）会員 / ホットペッパービューティー
5815,,ネイルサロン,,埼玉県,,,,,,,ネイルサロン関連サービス,営業中（推定）,,未収集,収集元推奨: JNA（日本ネイリスト協会）会員 / ホットペッパービューティー
5816,,ネイルサロン,,埼玉県,,,,,,,ネイルサロン関連サービス,営業中（推定）,,未収集,収集元推奨: JNA（日本ネイリスト協会）会員 / ホットペッパービューティー
5817,,ネイルサロン,,埼玉県,,,,,,,ネイルサロン関連サービス,営業中（推定）,,未収集,収集元推奨: JNA（日本ネイリスト協会）会員 / ホットペッパービューティー
5818,,ネイルサロン,,埼玉県,,,,,,,ネイルサロン関連サービス,営業中（推定）,,未収集,収集元推奨: JNA（日本ネイリスト協会）会員 / ホットペッパービューティー
5819,,ネイルサロン,,埼玉県,,,,,,,ネイルサロン関連サービス,営業中（推定）,,未収集,収集元推奨: JNA（日本ネイリスト協会）会員 / ホットペッパービューティー
5820,,ネイルサロン,,埼玉県,,,,,,,ネイルサロン関連サービス,営業中（推定）,,未収集,収集元推奨: JNA（日本ネイリスト協会）会員 / ホットペッパービューティー
5821,,ネイルサロン,,埼玉県,,,,,,,ネイルサロン関連サービス,営業中（推定）,,未収集,収集元推奨: JNA（日本ネイリスト協会）会員 / ホットペッパービューティー
5822,,ネイルサロン,,埼玉県,,,,,,,ネイルサロン関連サービス,営業中（推定）,,未収集,収集元推奨: JNA（日本ネイリスト協会）会員 / ホットペッパービューティー
5823,,ネイルサロン,,埼玉県,,,,,,,ネイルサロン関連サービス,営業中（推定）,,未収集,収集元推奨: JNA（日本ネイリスト協会）会員 / ホットペッパービューティー
5824,,ネイルサロン,,埼玉県,,,,,,,ネイルサロン関連サービス,営業中（推定）,,未収集,収集元推奨: JNA（日本ネイリスト協会）会員 / ホットペッパービューティー
5825,,ネイルサロン,,埼玉県,,,,,,,ネイルサロン関連サービス,営業中（推定）,,未収集,収集元推奨: JNA（日本ネイリスト協会）会員 / ホットペッパービューティー
5826,,ネイルサロン,,埼玉県,,,,,,,ネイルサロン関連サービス,営業中（推定）,,未収集,収集元推奨: JNA（日本ネイリスト協会）会員 / ホットペッパービューティー
5827,,ネイルサロン,,埼玉県,,,,,,,ネイルサロン関連サービス,営業中（推定）,,未収集,収集元推奨: JNA（日本ネイリスト協会）会員 / ホットペッパービューティー
5828,,ネイルサロン,,埼玉県,,,,,,,ネイルサロン関連サービス,営業中（推定）,,未収集,収集元推奨: JNA（日本ネイリスト協会）会員 / ホットペッパービューティー
5829,,ネイルサロン,,埼玉県,,,,,,,ネイルサロン関連サービス,営業中（推定）,,未収集,収集元推奨: JNA（日本ネイリスト協会）会員 / ホットペッパービューティー
5830,,ネイルサロン,,埼玉県,,,,,,,ネイルサロン関連サービス,営業中（推定）,,未収集,収集元推奨: JNA（日本ネイリスト協会）会員 / ホットペッパービューティー
5831,,ネイルサロン,,埼玉県,,,,,,,ネイルサロン関連サービス,営業中（推定）,,未収集,収集元推奨: JNA（日本ネイリスト協会）会員 / ホットペッパービューティー
5832,,ネイルサロン,,埼玉県,,,,,,,ネイルサロン関連サービス,営業中（推定）,,未収集,収集元推奨: JNA（日本ネイリスト協会）会員 / ホットペッパービューティー
5833,,ネイルサロン,,埼玉県,,,,,,,ネイルサロン関連サービス,営業中（推定）,,未収集,収集元推奨: JNA（日本ネイリスト協会）会員 / ホットペッパービューティー
5834,,ネイルサロン,,埼玉県,,,,,,,ネイルサロン関連サービス,営業中（推定）,,未収集,収集元推奨: JNA（日本ネイリスト協会）会員 / ホットペッパービューティー
5835,,ネイルサロン,,埼玉県,,,,,,,ネイルサロン関連サービス,営業中（推定）,,未収集,収集元推奨: JNA（日本ネイリスト協会）会員 / ホットペッパービューティー
5836,,ネイルサロン,,埼玉県,,,,,,,ネイルサロン関連サービス,営業中（推定）,,未収集,収集元推奨: JNA（日本ネイリスト協会）会員 / ホットペッパービューティー
5837,,ネイルサロン,,埼玉県,,,,,,,ネイルサロン関連サービス,営業中（推定）,,未収集,収集元推奨: JNA（日本ネイリスト協会）会員 / ホットペッパービューティー
5838,,ネイルサロン,,埼玉県,,,,,,,ネイルサロン関連サービス,営業中（推定）,,未収集,収集元推奨: JNA（日本ネイリスト協会）会員 / ホットペッパービューティー
5839,,美容整体・小顔矯正,,埼玉県,,,,,,,美容整体 小顔矯正関連サービス,営業中（推定）,,未収集,収集元推奨: エキテン・ホットペッパービューティー / iタウンページ「整体」
5840,,美容整体・小顔矯正,,埼玉県,,,,,,,美容整体 小顔矯正関連サービス,営業中（推定）,,未収集,収集元推奨: エキテン・ホットペッパービューティー / iタウンページ「整体」
5841,,美容整体・小顔矯正,,埼玉県,,,,,,,美容整体 小顔矯正関連サービス,営業中（推定）,,未収集,収集元推奨: エキテン・ホットペッパービューティー / iタウンページ「整体」
5842,,美容整体・小顔矯正,,埼玉県,,,,,,,美容整体 小顔矯正関連サービス,営業中（推定）,,未収集,収集元推奨: エキテン・ホットペッパービューティー / iタウンページ「整体」
5843,,美容整体・小顔矯正,,埼玉県,,,,,,,美容整体 小顔矯正関連サービス,営業中（推定）,,未収集,収集元推奨: エキテン・ホットペッパービューティー / iタウンページ「整体」
5844,,美容整体・小顔矯正,,埼玉県,,,,,,,美容整体 小顔矯正関連サービス,営業中（推定）,,未収集,収集元推奨: エキテン・ホットペッパービューティー / iタウンページ「整体」
5845,,美容整体・小顔矯正,,埼玉県,,,,,,,美容整体 小顔矯正関連サービス,営業中（推定）,,未収集,収集元推奨: エキテン・ホットペッパービューティー / iタウンページ「整体」
5846,,美容整体・小顔矯正,,埼玉県,,,,,,,美容整体 小顔矯正関連サービス,営業中（推定）,,未収集,収集元推奨: エキテン・ホットペッパービューティー / iタウンページ「整体」
5847,,美容整体・小顔矯正,,埼玉県,,,,,,,美容整体 小顔矯正関連サービス,営業中（推定）,,未収集,収集元推奨: エキテン・ホットペッパービューティー / iタウンページ「整体」
5848,,美容整体・小顔矯正,,埼玉県,,,,,,,美容整体 小顔矯正関連サービス,営業中（推定）,,未収集,収集元推奨: エキテン・ホットペッパービューティー / iタウンページ「整体」
5849,,美容整体・小顔矯正,,埼玉県,,,,,,,美容整体 小顔矯正関連サービス,営業中（推定）,,未収集,収集元推奨: エキテン・ホットペッパービューティー / iタウンページ「整体」
5850,,美容整体・小顔矯正,,埼玉県,,,,,,,美容整体 小顔矯正関連サービス,営業中（推定）,,未収集,収集元推奨: エキテン・ホットペッパービューティー / iタウンページ「整体」
5851,,美容整体・小顔矯正,,埼玉県,,,,,,,美容整体 小顔矯正関連サービス,営業中（推定）,,未収集,収集元推奨: エキテン・ホットペッパービューティー / iタウンページ「整体」
5852,,美容整体・小顔矯正,,埼玉県,,,,,,,美容整体 小顔矯正関連サービス,営業中（推定）,,未収集,収集元推奨: エキテン・ホットペッパービューティー / iタウンページ「整体」
5853,,美容整体・小顔矯正,,埼玉県,,,,,,,美容整体 小顔矯正関連サービス,営業中（推定）,,未収集,収集元推奨: エキテン・ホットペッパービューティー / iタウンページ「整体」
5854,,美容整体・小顔矯正,,埼玉県,,,,,,,美容整体 小顔矯正関連サービス,営業中（推定）,,未収集,収集元推奨: エキテン・ホットペッパービューティー / iタウンページ「整体」
5855,,美容整体・小顔矯正,,埼玉県,,,,,,,美容整体 小顔矯正関連サービス,営業中（推定）,,未収集,収集元推奨: エキテン・ホットペッパービューティー / iタウンページ「整体」
5856,,美容整体・小顔矯正,,埼玉県,,,,,,,美容整体 小顔矯正関連サービス,営業中（推定）,,未収集,収集元推奨: エキテン・ホットペッパービューティー / iタウンページ「整体」
5857,,美容整体・小顔矯正,,埼玉県,,,,,,,美容整体 小顔矯正関連サービス,営業中（推定）,,未収集,収集元推奨: エキテン・ホットペッパービューティー / iタウンページ「整体」
5858,,美容整体・小顔矯正,,埼玉県,,,,,,,美容整体 小顔矯正関連サービス,営業中（推定）,,未収集,収集元推奨: エキテン・ホットペッパービューティー / iタウンページ「整体」
5859,,美容整体・小顔矯正,,埼玉県,,,,,,,美容整体 小顔矯正関連サービス,営業中（推定）,,未収集,収集元推奨: エキテン・ホットペッパービューティー / iタウンページ「整体」
5860,,美容整体・小顔矯正,,埼玉県,,,,,,,美容整体 小顔矯正関連サービス,営業中（推定）,,未収集,収集元推奨: エキテン・ホットペッパービューティー / iタウンページ「整体」
5861,,美容整体・小顔矯正,,埼玉県,,,,,,,美容整体 小顔矯正関連サービス,営業中（推定）,,未収集,収集元推奨: エキテン・ホットペッパービューティー / iタウンページ「整体」
5862,,美容整体・小顔矯正,,埼玉県,,,,,,,美容整体 小顔矯正関連サービス,営業中（推定）,,未収集,収集元推奨: エキテン・ホットペッパービューティー / iタウンページ「整体」
5863,,美容整体・小顔矯正,,埼玉県,,,,,,,美容整体 小顔矯正関連サービス,営業中（推定）,,未収集,収集元推奨: エキテン・ホットペッパービューティー / iタウンページ「整体」
5864,,美容整体・小顔矯正,,埼玉県,,,,,,,美容整体 小顔矯正関連サービス,営業中（推定）,,未収集,収集元推奨: エキテン・ホットペッパービューティー / iタウンページ「整体」
5865,,美容整体・小顔矯正,,埼玉県,,,,,,,美容整体 小顔矯正関連サービス,営業中（推定）,,未収集,収集元推奨: エキテン・ホットペッパービューティー / iタウンページ「整体」
5866,,美容整体・小顔矯正,,埼玉県,,,,,,,美容整体 小顔矯正関連サービス,営業中（推定）,,未収集,収集元推奨: エキテン・ホットペッパービューティー / iタウンページ「整体」
5867,,美容整体・小顔矯正,,埼玉県,,,,,,,美容整体 小顔矯正関連サービス,営業中（推定）,,未収集,収集元推奨: エキテン・ホットペッパービューティー / iタウンページ「整体」
5868,,美容整体・小顔矯正,,埼玉県,,,,,,,美容整体 小顔矯正関連サービス,営業中（推定）,,未収集,収集元推奨: エキテン・ホットペッパービューティー / iタウンページ「整体」
5869,,美容整体・小顔矯正,,埼玉県,,,,,,,美容整体 小顔矯正関連サービス,営業中（推定）,,未収集,収集元推奨: エキテン・ホットペッパービューティー / iタウンページ「整体」
5870,,美容整体・小顔矯正,,埼玉県,,,,,,,美容整体 小顔矯正関連サービス,営業中（推定）,,未収集,収集元推奨: エキテン・ホットペッパービューティー / iタウンページ「整体」
5871,,美容整体・小顔矯正,,埼玉県,,,,,,,美容整体 小顔矯正関連サービス,営業中（推定）,,未収集,収集元推奨: エキテン・ホットペッパービューティー / iタウンページ「整体」
5872,,美容整体・小顔矯正,,埼玉県,,,,,,,美容整体 小顔矯正関連サービス,営業中（推定）,,未収集,収集元推奨: エキテン・ホットペッパービューティー / iタウンページ「整体」
5873,,美容整体・小顔矯正,,埼玉県,,,,,,,美容整体 小顔矯正関連サービス,営業中（推定）,,未収集,収集元推奨: エキテン・ホットペッパービューティー / iタウンページ「整体」
5874,,美容整体・小顔矯正,,埼玉県,,,,,,,美容整体 小顔矯正関連サービス,営業中（推定）,,未収集,収集元推奨: エキテン・ホットペッパービューティー / iタウンページ「整体」
5875,,美容整体・小顔矯正,,埼玉県,,,,,,,美容整体 小顔矯正関連サービス,営業中（推定）,,未収集,収集元推奨: エキテン・ホットペッパービューティー / iタウンページ「整体」
5876,,美容整体・小顔矯正,,埼玉県,,,,,,,美容整体 小顔矯正関連サービス,営業中（推定）,,未収集,収集元推奨: エキテン・ホットペッパービューティー / iタウンページ「整体」
5877,,美容鍼灸院,,埼玉県,,,,,,,美容鍼灸院関連サービス,営業中（推定）,,未収集,収集元推奨: 日本鍼灸師会地方師会会員名簿 / 鍼灸ポータルサイト
5878,,美容鍼灸院,,埼玉県,,,,,,,美容鍼灸院関連サービス,営業中（推定）,,未収集,収集元推奨: 日本鍼灸師会地方師会会員名簿 / 鍼灸ポータルサイト
5879,,美容鍼灸院,,埼玉県,,,,,,,美容鍼灸院関連サービス,営業中（推定）,,未収集,収集元推奨: 日本鍼灸師会地方師会会員名簿 / 鍼灸ポータルサイト
5880,,美容鍼灸院,,埼玉県,,,,,,,美容鍼灸院関連サービス,営業中（推定）,,未収集,収集元推奨: 日本鍼灸師会地方師会会員名簿 / 鍼灸ポータルサイト
5881,,美容鍼灸院,,埼玉県,,,,,,,美容鍼灸院関連サービス,営業中（推定）,,未収集,収集元推奨: 日本鍼灸師会地方師会会員名簿 / 鍼灸ポータルサイト
5882,,美容鍼灸院,,埼玉県,,,,,,,美容鍼灸院関連サービス,営業中（推定）,,未収集,収集元推奨: 日本鍼灸師会地方師会会員名簿 / 鍼灸ポータルサイト
5883,,美容鍼灸院,,埼玉県,,,,,,,美容鍼灸院関連サービス,営業中（推定）,,未収集,収集元推奨: 日本鍼灸師会地方師会会員名簿 / 鍼灸ポータルサイト
5884,,美容鍼灸院,,埼玉県,,,,,,,美容鍼灸院関連サービス,営業中（推定）,,未収集,収集元推奨: 日本鍼灸師会地方師会会員名簿 / 鍼灸ポータルサイト
5885,,美容鍼灸院,,埼玉県,,,,,,,美容鍼灸院関連サービス,営業中（推定）,,未収集,収集元推奨: 日本鍼灸師会地方師会会員名簿 / 鍼灸ポータルサイト
5886,,美容鍼灸院,,埼玉県,,,,,,,美容鍼灸院関連サービス,営業中（推定）,,未収集,収集元推奨: 日本鍼灸師会地方師会会員名簿 / 鍼灸ポータルサイト
5887,,美容鍼灸院,,埼玉県,,,,,,,美容鍼灸院関連サービス,営業中（推定）,,未収集,収集元推奨: 日本鍼灸師会地方師会会員名簿 / 鍼灸ポータルサイト
5888,,美容鍼灸院,,埼玉県,,,,,,,美容鍼灸院関連サービス,営業中（推定）,,未収集,収集元推奨: 日本鍼灸師会地方師会会員名簿 / 鍼灸ポータルサイト
5889,,美容鍼灸院,,埼玉県,,,,,,,美容鍼灸院関連サービス,営業中（推定）,,未収集,収集元推奨: 日本鍼灸師会地方師会会員名簿 / 鍼灸ポータルサイト
5890,,美容鍼灸院,,埼玉県,,,,,,,美容鍼灸院関連サービス,営業中（推定）,,未収集,収集元推奨: 日本鍼灸師会地方師会会員名簿 / 鍼灸ポータルサイト
5891,,美容鍼灸院,,埼玉県,,,,,,,美容鍼灸院関連サービス,営業中（推定）,,未収集,収集元推奨: 日本鍼灸師会地方師会会員名簿 / 鍼灸ポータルサイト
5892,,美容鍼灸院,,埼玉県,,,,,,,美容鍼灸院関連サービス,営業中（推定）,,未収集,収集元推奨: 日本鍼灸師会地方師会会員名簿 / 鍼灸ポータルサイト
5893,,美容鍼灸院,,埼玉県,,,,,,,美容鍼灸院関連サービス,営業中（推定）,,未収集,収集元推奨: 日本鍼灸師会地方師会会員名簿 / 鍼灸ポータルサイト
5894,,美容鍼灸院,,埼玉県,,,,,,,美容鍼灸院関連サービス,営業中（推定）,,未収集,収集元推奨: 日本鍼灸師会地方師会会員名簿 / 鍼灸ポータルサイト
5895,,美容鍼灸院,,埼玉県,,,,,,,美容鍼灸院関連サービス,営業中（推定）,,未収集,収集元推奨: 日本鍼灸師会地方師会会員名簿 / 鍼灸ポータルサイト
5896,,美容鍼灸院,,埼玉県,,,,,,,美容鍼灸院関連サービス,営業中（推定）,,未収集,収集元推奨: 日本鍼灸師会地方師会会員名簿 / 鍼灸ポータルサイト
5897,,美容鍼灸院,,埼玉県,,,,,,,美容鍼灸院関連サービス,営業中（推定）,,未収集,収集元推奨: 日本鍼灸師会地方師会会員名簿 / 鍼灸ポータルサイト
5898,,美容鍼灸院,,埼玉県,,,,,,,美容鍼灸院関連サービス,営業中（推定）,,未収集,収集元推奨: 日本鍼灸師会地方師会会員名簿 / 鍼灸ポータルサイト
5899,,美容鍼灸院,,埼玉県,,,,,,,美容鍼灸院関連サービス,営業中（推定）,,未収集,収集元推奨: 日本鍼灸師会地方師会会員名簿 / 鍼灸ポータルサイト
5900,,美容鍼灸院,,埼玉県,,,,,,,美容鍼灸院関連サービス,営業中（推定）,,未収集,収集元推奨: 日本鍼灸師会地方師会会員名簿 / 鍼灸ポータルサイト
5901,,美容鍼灸院,,埼玉県,,,,,,,美容鍼灸院関連サービス,営業中（推定）,,未収集,収集元推奨: 日本鍼灸師会地方師会会員名簿 / 鍼灸ポータルサイト
5902,,美容鍼灸院,,埼玉県,,,,,,,美容鍼灸院関連サービス,営業中（推定）,,未収集,収集元推奨: 日本鍼灸師会地方師会会員名簿 / 鍼灸ポータルサイト
5903,,美容鍼灸院,,埼玉県,,,,,,,美容鍼灸院関連サービス,営業中（推定）,,未収集,収集元推奨: 日本鍼灸師会地方師会会員名簿 / 鍼灸ポータルサイト
5904,,美容鍼灸院,,埼玉県,,,,,,,美容鍼灸院関連サービス,営業中（推定）,,未収集,収集元推奨: 日本鍼灸師会地方師会会員名簿 / 鍼灸ポータルサイト
5905,,美容鍼灸院,,埼玉県,,,,,,,美容鍼灸院関連サービス,営業中（推定）,,未収集,収集元推奨: 日本鍼灸師会地方師会会員名簿 / 鍼灸ポータルサイト
5906,,美容鍼灸院,,埼玉県,,,,,,,美容鍼灸院関連サービス,営業中（推定）,,未収集,収集元推奨: 日本鍼灸師会地方師会会員名簿 / 鍼灸ポータルサイト
5907,,アロマ・リラクゼーション,,埼玉県,,,,,,,アロマ リラクゼーション関連サービス,営業中（推定）,,未収集,収集元推奨: AEAJ認定サロン一覧 / ホットペッパービューティー
5908,,アロマ・リラクゼーション,,埼玉県,,,,,,,アロマ リラクゼーション関連サービス,営業中（推定）,,未収集,収集元推奨: AEAJ認定サロン一覧 / ホットペッパービューティー
5909,,アロマ・リラクゼーション,,埼玉県,,,,,,,アロマ リラクゼーション関連サービス,営業中（推定）,,未収集,収集元推奨: AEAJ認定サロン一覧 / ホットペッパービューティー
5910,,アロマ・リラクゼーション,,埼玉県,,,,,,,アロマ リラクゼーション関連サービス,営業中（推定）,,未収集,収集元推奨: AEAJ認定サロン一覧 / ホットペッパービューティー
5911,,アロマ・リラクゼーション,,埼玉県,,,,,,,アロマ リラクゼーション関連サービス,営業中（推定）,,未収集,収集元推奨: AEAJ認定サロン一覧 / ホットペッパービューティー
5912,,アロマ・リラクゼーション,,埼玉県,,,,,,,アロマ リラクゼーション関連サービス,営業中（推定）,,未収集,収集元推奨: AEAJ認定サロン一覧 / ホットペッパービューティー
5913,,アロマ・リラクゼーション,,埼玉県,,,,,,,アロマ リラクゼーション関連サービス,営業中（推定）,,未収集,収集元推奨: AEAJ認定サロン一覧 / ホットペッパービューティー
5914,,アロマ・リラクゼーション,,埼玉県,,,,,,,アロマ リラクゼーション関連サービス,営業中（推定）,,未収集,収集元推奨: AEAJ認定サロン一覧 / ホットペッパービューティー
5915,,アロマ・リラクゼーション,,埼玉県,,,,,,,アロマ リラクゼーション関連サービス,営業中（推定）,,未収集,収集元推奨: AEAJ認定サロン一覧 / ホットペッパービューティー
5916,,アロマ・リラクゼーション,,埼玉県,,,,,,,アロマ リラクゼーション関連サービス,営業中（推定）,,未収集,収集元推奨: AEAJ認定サロン一覧 / ホットペッパービューティー
5917,,アロマ・リラクゼーション,,埼玉県,,,,,,,アロマ リラクゼーション関連サービス,営業中（推定）,,未収集,収集元推奨: AEAJ認定サロン一覧 / ホットペッパービューティー
5918,,アロマ・リラクゼーション,,埼玉県,,,,,,,アロマ リラクゼーション関連サービス,営業中（推定）,,未収集,収集元推奨: AEAJ認定サロン一覧 / ホットペッパービューティー
5919,,アロマ・リラクゼーション,,埼玉県,,,,,,,アロマ リラクゼーション関連サービス,営業中（推定）,,未収集,収集元推奨: AEAJ認定サロン一覧 / ホットペッパービューティー
5920,,アロマ・リラクゼーション,,埼玉県,,,,,,,アロマ リラクゼーション関連サービス,営業中（推定）,,未収集,収集元推奨: AEAJ認定サロン一覧 / ホットペッパービューティー
5921,,アロマ・リラクゼーション,,埼玉県,,,,,,,アロマ リラクゼーション関連サービス,営業中（推定）,,未収集,収集元推奨: AEAJ認定サロン一覧 / ホットペッパービューティー
5922,,アロマ・リラクゼーション,,埼玉県,,,,,,,アロマ リラクゼーション関連サービス,営業中（推定）,,未収集,収集元推奨: AEAJ認定サロン一覧 / ホットペッパービューティー
5923,,アロマ・リラクゼーション,,埼玉県,,,,,,,アロマ リラクゼーション関連サービス,営業中（推定）,,未収集,収集元推奨: AEAJ認定サロン一覧 / ホットペッパービューティー
5924,,アロマ・リラクゼーション,,埼玉県,,,,,,,アロマ リラクゼーション関連サービス,営業中（推定）,,未収集,収集元推奨: AEAJ認定サロン一覧 / ホットペッパービューティー
5925,,アロマ・リラクゼーション,,埼玉県,,,,,,,アロマ リラクゼーション関連サービス,営業中（推定）,,未収集,収集元推奨: AEAJ認定サロン一覧 / ホットペッパービューティー
5926,,アロマ・リラクゼーション,,埼玉県,,,,,,,アロマ リラクゼーション関連サービス,営業中（推定）,,未収集,収集元推奨: AEAJ認定サロン一覧 / ホットペッパービューティー
5927,,アロマ・リラクゼーション,,埼玉県,,,,,,,アロマ リラクゼーション関連サービス,営業中（推定）,,未収集,収集元推奨: AEAJ認定サロン一覧 / ホットペッパービューティー
5928,,アロマ・リラクゼーション,,埼玉県,,,,,,,アロマ リラクゼーション関連サービス,営業中（推定）,,未収集,収集元推奨: AEAJ認定サロン一覧 / ホットペッパービューティー
5929,,アロマ・リラクゼーション,,埼玉県,,,,,,,アロマ リラクゼーション関連サービス,営業中（推定）,,未収集,収集元推奨: AEAJ認定サロン一覧 / ホットペッパービューティー
5930,,アロマ・リラクゼーション,,埼玉県,,,,,,,アロマ リラクゼーション関連サービス,営業中（推定）,,未収集,収集元推奨: AEAJ認定サロン一覧 / ホットペッパービューティー
5931,,アロマ・リラクゼーション,,埼玉県,,,,,,,アロマ リラクゼーション関連サービス,営業中（推定）,,未収集,収集元推奨: AEAJ認定サロン一覧 / ホットペッパービューティー
5932,,アロマ・リラクゼーション,,埼玉県,,,,,,,アロマ リラクゼーション関連サービス,営業中（推定）,,未収集,収集元推奨: AEAJ認定サロン一覧 / ホットペッパービューティー
5933,,アロマ・リラクゼーション,,埼玉県,,,,,,,アロマ リラクゼーション関連サービス,営業中（推定）,,未収集,収集元推奨: AEAJ認定サロン一覧 / ホットペッパービューティー
5934,,アロマ・リラクゼーション,,埼玉県,,,,,,,アロマ リラクゼーション関連サービス,営業中（推定）,,未収集,収集元推奨: AEAJ認定サロン一覧 / ホットペッパービューティー
5935,,アロマ・リラクゼーション,,埼玉県,,,,,,,アロマ リラクゼーション関連サービス,営業中（推定）,,未収集,収集元推奨: AEAJ認定サロン一覧 / ホットペッパービューティー
5936,,アロマ・リラクゼーション,,埼玉県,,,,,,,アロマ リラクゼーション関連サービス,営業中（推定）,,未収集,収集元推奨: AEAJ認定サロン一覧 / ホットペッパービューティー
5937,,美容クリニック,,埼玉県,,,,,,,美容クリニック関連サービス,営業中（推定）,,未収集,収集元推奨: 日本美容外科学会(JSAS)会員 / 各クリニック公式サイト
5938,,美容クリニック,,埼玉県,,,,,,,美容クリニック関連サービス,営業中（推定）,,未収集,収集元推奨: 日本美容外科学会(JSAS)会員 / 各クリニック公式サイト
5939,,美容クリニック,,埼玉県,,,,,,,美容クリニック関連サービス,営業中（推定）,,未収集,収集元推奨: 日本美容外科学会(JSAS)会員 / 各クリニック公式サイト
5940,,美容クリニック,,埼玉県,,,,,,,美容クリニック関連サービス,営業中（推定）,,未収集,収集元推奨: 日本美容外科学会(JSAS)会員 / 各クリニック公式サイト
5941,,美容クリニック,,埼玉県,,,,,,,美容クリニック関連サービス,営業中（推定）,,未収集,収集元推奨: 日本美容外科学会(JSAS)会員 / 各クリニック公式サイト
5942,,美容クリニック,,埼玉県,,,,,,,美容クリニック関連サービス,営業中（推定）,,未収集,収集元推奨: 日本美容外科学会(JSAS)会員 / 各クリニック公式サイト
5943,,美容クリニック,,埼玉県,,,,,,,美容クリニック関連サービス,営業中（推定）,,未収集,収集元推奨: 日本美容外科学会(JSAS)会員 / 各クリニック公式サイト
5944,,美容クリニック,,埼玉県,,,,,,,美容クリニック関連サービス,営業中（推定）,,未収集,収集元推奨: 日本美容外科学会(JSAS)会員 / 各クリニック公式サイト
5945,,美容クリニック,,埼玉県,,,,,,,美容クリニック関連サービス,営業中（推定）,,未収集,収集元推奨: 日本美容外科学会(JSAS)会員 / 各クリニック公式サイト
5946,,美容クリニック,,埼玉県,,,,,,,美容クリニック関連サービス,営業中（推定）,,未収集,収集元推奨: 日本美容外科学会(JSAS)会員 / 各クリニック公式サイト
5947,,美容クリニック,,埼玉県,,,,,,,美容クリニック関連サービス,営業中（推定）,,未収集,収集元推奨: 日本美容外科学会(JSAS)会員 / 各クリニック公式サイト
5948,,美容クリニック,,埼玉県,,,,,,,美容クリニック関連サービス,営業中（推定）,,未収集,収集元推奨: 日本美容外科学会(JSAS)会員 / 各クリニック公式サイト
5949,,美容クリニック,,埼玉県,,,,,,,美容クリニック関連サービス,営業中（推定）,,未収集,収集元推奨: 日本美容外科学会(JSAS)会員 / 各クリニック公式サイト
5950,,美容クリニック,,埼玉県,,,,,,,美容クリニック関連サービス,営業中（推定）,,未収集,収集元推奨: 日本美容外科学会(JSAS)会員 / 各クリニック公式サイト
5951,,美容クリニック,,埼玉県,,,,,,,美容クリニック関連サービス,営業中（推定）,,未収集,収集元推奨: 日本美容外科学会(JSAS)会員 / 各クリニック公式サイト
5952,,美容クリニック,,埼玉県,,,,,,,美容クリニック関連サービス,営業中（推定）,,未収集,収集元推奨: 日本美容外科学会(JSAS)会員 / 各クリニック公式サイト
5953,,美容クリニック,,埼玉県,,,,,,,美容クリニック関連サービス,営業中（推定）,,未収集,収集元推奨: 日本美容外科学会(JSAS)会員 / 各クリニック公式サイト
5954,,美容クリニック,,埼玉県,,,,,,,美容クリニック関連サービス,営業中（推定）,,未収集,収集元推奨: 日本美容外科学会(JSAS)会員 / 各クリニック公式サイト
5955,,美容クリニック,,埼玉県,,,,,,,美容クリニック関連サービス,営業中（推定）,,未収集,収集元推奨: 日本美容外科学会(JSAS)会員 / 各クリニック公式サイト
5956,,美容クリニック,,埼玉県,,,,,,,美容クリニック関連サービス,営業中（推定）,,未収集,収集元推奨: 日本美容外科学会(JSAS)会員 / 各クリニック公式サイト
5957,,美容クリニック,,埼玉県,,,,,,,美容クリニック関連サービス,営業中（推定）,,未収集,収集元推奨: 日本美容外科学会(JSAS)会員 / 各クリニック公式サイト
5958,,美容クリニック,,埼玉県,,,,,,,美容クリニック関連サービス,営業中（推定）,,未収集,収集元推奨: 日本美容外科学会(JSAS)会員 / 各クリニック公式サイト
5959,,美容クリニック,,埼玉県,,,,,,,美容クリニック関連サービス,営業中（推定）,,未収集,収集元推奨: 日本美容外科学会(JSAS)会員 / 各クリニック公式サイト
5960,,美容クリニック,,埼玉県,,,,,,,美容クリニック関連サービス,営業中（推定）,,未収集,収集元推奨: 日本美容外科学会(JSAS)会員 / 各クリニック公式サイト
5961,,美容クリニック,,埼玉県,,,,,,,美容クリニック関連サービス,営業中（推定）,,未収集,収集元推奨: 日本美容外科学会(JSAS)会員 / 各クリニック公式サイト
5962,,美容クリニック,,埼玉県,,,,,,,美容クリニック関連サービス,営業中（推定）,,未収集,収集元推奨: 日本美容外科学会(JSAS)会員 / 各クリニック公式サイト
5963,,美容クリニック,,埼玉県,,,,,,,美容クリニック関連サービス,営業中（推定）,,未収集,収集元推奨: 日本美容外科学会(JSAS)会員 / 各クリニック公式サイト
5964,,美容クリニック,,埼玉県,,,,,,,美容クリニック関連サービス,営業中（推定）,,未収集,収集元推奨: 日本美容外科学会(JSAS)会員 / 各クリニック公式サイト
5965,,美容クリニック,,埼玉県,,,,,,,美容クリニック関連サービス,営業中（推定）,,未収集,収集元推奨: 日本美容外科学会(JSAS)会員 / 各クリニック公式サイト
5966,,美容クリニック,,埼玉県,,,,,,,美容クリニック関連サービス,営業中（推定）,,未収集,収集元推奨: 日本美容外科学会(JSAS)会員 / 各クリニック公式サイト
5967,,美容機器メーカー・ディーラー,,埼玉県,,,,,,,美容機器メーカー ディーラー関連サービス,営業中（推定）,,未収集,収集元推奨: BeautyWorld Japan展示会出展者一覧 / 国税庁法人番号DB
5968,,美容機器メーカー・ディーラー,,埼玉県,,,,,,,美容機器メーカー ディーラー関連サービス,営業中（推定）,,未収集,収集元推奨: BeautyWorld Japan展示会出展者一覧 / 国税庁法人番号DB
5969,,美容機器メーカー・ディーラー,,埼玉県,,,,,,,美容機器メーカー ディーラー関連サービス,営業中（推定）,,未収集,収集元推奨: BeautyWorld Japan展示会出展者一覧 / 国税庁法人番号DB
5970,,美容機器メーカー・ディーラー,,埼玉県,,,,,,,美容機器メーカー ディーラー関連サービス,営業中（推定）,,未収集,収集元推奨: BeautyWorld Japan展示会出展者一覧 / 国税庁法人番号DB
5971,,美容機器メーカー・ディーラー,,埼玉県,,,,,,,美容機器メーカー ディーラー関連サービス,営業中（推定）,,未収集,収集元推奨: BeautyWorld Japan展示会出展者一覧 / 国税庁法人番号DB
5972,,美容機器メーカー・ディーラー,,埼玉県,,,,,,,美容機器メーカー ディーラー関連サービス,営業中（推定）,,未収集,収集元推奨: BeautyWorld Japan展示会出展者一覧 / 国税庁法人番号DB
5973,,美容機器メーカー・ディーラー,,埼玉県,,,,,,,美容機器メーカー ディーラー関連サービス,営業中（推定）,,未収集,収集元推奨: BeautyWorld Japan展示会出展者一覧 / 国税庁法人番号DB
5974,,美容機器メーカー・ディーラー,,埼玉県,,,,,,,美容機器メーカー ディーラー関連サービス,営業中（推定）,,未収集,収集元推奨: BeautyWorld Japan展示会出展者一覧 / 国税庁法人番号DB
5975,,美容機器メーカー・ディーラー,,埼玉県,,,,,,,美容機器メーカー ディーラー関連サービス,営業中（推定）,,未収集,収集元推奨: BeautyWorld Japan展示会出展者一覧 / 国税庁法人番号DB
5976,,美容機器メーカー・ディーラー,,埼玉県,,,,,,,美容機器メーカー ディーラー関連サービス,営業中（推定）,,未収集,収集元推奨: BeautyWorld Japan展示会出展者一覧 / 国税庁法人番号DB
5977,,美容機器メーカー・ディーラー,,埼玉県,,,,,,,美容機器メーカー ディーラー関連サービス,営業中（推定）,,未収集,収集元推奨: BeautyWorld Japan展示会出展者一覧 / 国税庁法人番号DB
5978,,美容機器メーカー・ディーラー,,埼玉県,,,,,,,美容機器メーカー ディーラー関連サービス,営業中（推定）,,未収集,収集元推奨: BeautyWorld Japan展示会出展者一覧 / 国税庁法人番号DB
5979,,美容機器メーカー・ディーラー,,埼玉県,,,,,,,美容機器メーカー ディーラー関連サービス,営業中（推定）,,未収集,収集元推奨: BeautyWorld Japan展示会出展者一覧 / 国税庁法人番号DB
5980,,美容機器メーカー・ディーラー,,埼玉県,,,,,,,美容機器メーカー ディーラー関連サービス,営業中（推定）,,未収集,収集元推奨: BeautyWorld Japan展示会出展者一覧 / 国税庁法人番号DB
5981,,美容機器メーカー・ディーラー,,埼玉県,,,,,,,美容機器メーカー ディーラー関連サービス,営業中（推定）,,未収集,収集元推奨: BeautyWorld Japan展示会出展者一覧 / 国税庁法人番号DB
5982,,美容機器メーカー・ディーラー,,埼玉県,,,,,,,美容機器メーカー ディーラー関連サービス,営業中（推定）,,未収集,収集元推奨: BeautyWorld Japan展示会出展者一覧 / 国税庁法人番号DB
5983,,美容機器メーカー・ディーラー,,埼玉県,,,,,,,美容機器メーカー ディーラー関連サービス,営業中（推定）,,未収集,収集元推奨: BeautyWorld Japan展示会出展者一覧 / 国税庁法人番号DB
5984,,美容機器メーカー・ディーラー,,埼玉県,,,,,,,美容機器メーカー ディーラー関連サービス,営業中（推定）,,未収集,収集元推奨: BeautyWorld Japan展示会出展者一覧 / 国税庁法人番号DB
5985,,美容機器メーカー・ディーラー,,埼玉県,,,,,,,美容機器メーカー ディーラー関連サービス,営業中（推定）,,未収集,収集元推奨: BeautyWorld Japan展示会出展者一覧 / 国税庁法人番号DB
5986,,美容機器メーカー・ディーラー,,埼玉県,,,,,,,美容機器メーカー ディーラー関連サービス,営業中（推定）,,未収集,収集元推奨: BeautyWorld Japan展示会出展者一覧 / 国税庁法人番号DB
5987,,美容機器メーカー・ディーラー,,埼玉県,,,,,,,美容機器メーカー ディーラー関連サービス,営業中（推定）,,未収集,収集元推奨: BeautyWorld Japan展示会出展者一覧 / 国税庁法人番号DB
5988,,美容機器メーカー・ディーラー,,埼玉県,,,,,,,美容機器メーカー ディーラー関連サービス,営業中（推定）,,未収集,収集元推奨: BeautyWorld Japan展示会出展者一覧 / 国税庁法人番号DB
5989,,美容機器メーカー・ディーラー,,埼玉県,,,,,,,美容機器メーカー ディーラー関連サービス,営業中（推定）,,未収集,収集元推奨: BeautyWorld Japan展示会出展者一覧 / 国税庁法人番号DB
5990,,化粧品メーカー,,埼玉県,,,,,,,化粧品メーカー関連サービス,営業中（推定）,,未収集,収集元推奨: 日本化粧品工業会(JCIA)会員 / 国税庁法人番号DB
5991,,化粧品メーカー,,埼玉県,,,,,,,化粧品メーカー関連サービス,営業中（推定）,,未収集,収集元推奨: 日本化粧品工業会(JCIA)会員 / 国税庁法人番号DB
5992,,化粧品メーカー,,埼玉県,,,,,,,化粧品メーカー関連サービス,営業中（推定）,,未収集,収集元推奨: 日本化粧品工業会(JCIA)会員 / 国税庁法人番号DB
5993,,化粧品メーカー,,埼玉県,,,,,,,化粧品メーカー関連サービス,営業中（推定）,,未収集,収集元推奨: 日本化粧品工業会(JCIA)会員 / 国税庁法人番号DB
5994,,化粧品メーカー,,埼玉県,,,,,,,化粧品メーカー関連サービス,営業中（推定）,,未収集,収集元推奨: 日本化粧品工業会(JCIA)会員 / 国税庁法人番号DB
5995,,化粧品メーカー,,埼玉県,,,,,,,化粧品メーカー関連サービス,営業中（推定）,,未収集,収集元推奨: 日本化粧品工業会(JCIA)会員 / 国税庁法人番号DB
5996,,化粧品メーカー,,埼玉県,,,,,,,化粧品メーカー関連サービス,営業中（推定）,,未収集,収集元推奨: 日本化粧品工業会(JCIA)会員 / 国税庁法人番号DB
5997,,化粧品メーカー,,埼玉県,,,,,,,化粧品メーカー関連サービス,営業中（推定）,,未収集,収集元推奨: 日本化粧品工業会(JCIA)会員 / 国税庁法人番号DB
5998,,化粧品メーカー,,埼玉県,,,,,,,化粧品メーカー関連サービス,営業中（推定）,,未収集,収集元推奨: 日本化粧品工業会(JCIA)会員 / 国税庁法人番号DB
5999,,化粧品メーカー,,埼玉県,,,,,,,化粧品メーカー関連サービス,営業中（推定）,,未収集,収集元推奨: 日本化粧品工業会(JCIA)会員 / 国税庁法人番号DB
6000,,化粧品メーカー,,埼玉県,,,,,,,化粧品メーカー関連サービス,営業中（推定）,,未収集,収集元推奨: 日本化粧品工業会(JCIA)会員 / 国税庁法人番号DB
6001,,化粧品メーカー,,埼玉県,,,,,,,化粧品メーカー関連サービス,営業中（推定）,,未収集,収集元推奨: 日本化粧品工業会(JCIA)会員 / 国税庁法人番号DB
6002,,化粧品メーカー,,埼玉県,,,,,,,化粧品メーカー関連サービス,営業中（推定）,,未収集,収集元推奨: 日本化粧品工業会(JCIA)会員 / 国税庁法人番号DB
6003,,化粧品メーカー,,埼玉県,,,,,,,化粧品メーカー関連サービス,営業中（推定）,,未収集,収集元推奨: 日本化粧品工業会(JCIA)会員 / 国税庁法人番号DB
6004,,化粧品メーカー,,埼玉県,,,,,,,化粧品メーカー関連サービス,営業中（推定）,,未収集,収集元推奨: 日本化粧品工業会(JCIA)会員 / 国税庁法人番号DB
6005,,化粧品メーカー,,埼玉県,,,,,,,化粧品メーカー関連サービス,営業中（推定）,,未収集,収集元推奨: 日本化粧品工業会(JCIA)会員 / 国税庁法人番号DB
6006,,化粧品メーカー,,埼玉県,,,,,,,化粧品メーカー関連サービス,営業中（推定）,,未収集,収集元推奨: 日本化粧品工業会(JCIA)会員 / 国税庁法人番号DB
6007,,化粧品メーカー,,埼玉県,,,,,,,化粧品メーカー関連サービス,営業中（推定）,,未収集,収集元推奨: 日本化粧品工業会(JCIA)会員 / 国税庁法人番号DB
6008,,化粧品メーカー,,埼玉県,,,,,,,化粧品メーカー関連サービス,営業中（推定）,,未収集,収集元推奨: 日本化粧品工業会(JCIA)会員 / 国税庁法人番号DB
6009,,化粧品メーカー,,埼玉県,,,,,,,化粧品メーカー関連サービス,営業中（推定）,,未収集,収集元推奨: 日本化粧品工業会(JCIA)会員 / 国税庁法人番号DB
6010,,化粧品メーカー,,埼玉県,,,,,,,化粧品メーカー関連サービス,営業中（推定）,,未収集,収集元推奨: 日本化粧品工業会(JCIA)会員 / 国税庁法人番号DB
6011,,化粧品メーカー,,埼玉県,,,,,,,化粧品メーカー関連サービス,営業中（推定）,,未収集,収集元推奨: 日本化粧品工業会(JCIA)会員 / 国税庁法人番号DB
6012,,化粧品メーカー,,埼玉県,,,,,,,化粧品メーカー関連サービス,営業中（推定）,,未収集,収集元推奨: 日本化粧品工業会(JCIA)会員 / 国税庁法人番号DB
6013,,化粧品メーカー,,埼玉県,,,,,,,化粧品メーカー関連サービス,営業中（推定）,,未収集,収集元推奨: 日本化粧品工業会(JCIA)会員 / 国税庁法人番号DB
6014,,化粧品メーカー,,埼玉県,,,,,,,化粧品メーカー関連サービス,営業中（推定）,,未収集,収集元推奨: 日本化粧品工業会(JCIA)会員 / 国税庁法人番号DB
6015,,化粧品メーカー,,埼玉県,,,,,,,化粧品メーカー関連サービス,営業中（推定）,,未収集,収集元推奨: 日本化粧品工業会(JCIA)会員 / 国税庁法人番号DB
6016,,化粧品メーカー,,埼玉県,,,,,,,化粧品メーカー関連サービス,営業中（推定）,,未収集,収集元推奨: 日本化粧品工業会(JCIA)会員 / 国税庁法人番号DB
6017,,化粧品メーカー,,埼玉県,,,,,,,化粧品メーカー関連サービス,営業中（推定）,,未収集,収集元推奨: 日本化粧品工業会(JCIA)会員 / 国税庁法人番号DB
6018,,化粧品メーカー,,埼玉県,,,,,,,化粧品メーカー関連サービス,営業中（推定）,,未収集,収集元推奨: 日本化粧品工業会(JCIA)会員 / 国税庁法人番号DB
6019,,化粧品メーカー,,埼玉県,,,,,,,化粧品メーカー関連サービス,営業中（推定）,,未収集,収集元推奨: 日本化粧品工業会(JCIA)会員 / 国税庁法人番号DB
6020,,ヘアサロン・サロンオーナー,,埼玉県,,,,,,,ヘアサロン サロンオーナー関連サービス,営業中（推定）,,未収集,収集元推奨: ホットペッパービューティー / 美容師会 / iタウンページ
6021,,ヘアサロン・サロンオーナー,,埼玉県,,,,,,,ヘアサロン サロンオーナー関連サービス,営業中（推定）,,未収集,収集元推奨: ホットペッパービューティー / 美容師会 / iタウンページ
6022,,ヘアサロン・サロンオーナー,,埼玉県,,,,,,,ヘアサロン サロンオーナー関連サービス,営業中（推定）,,未収集,収集元推奨: ホットペッパービューティー / 美容師会 / iタウンページ
6023,,ヘアサロン・サロンオーナー,,埼玉県,,,,,,,ヘアサロン サロンオーナー関連サービス,営業中（推定）,,未収集,収集元推奨: ホットペッパービューティー / 美容師会 / iタウンページ
6024,,ヘアサロン・サロンオーナー,,埼玉県,,,,,,,ヘアサロン サロンオーナー関連サービス,営業中（推定）,,未収集,収集元推奨: ホットペッパービューティー / 美容師会 / iタウンページ
6025,,ヘアサロン・サロンオーナー,,埼玉県,,,,,,,ヘアサロン サロンオーナー関連サービス,営業中（推定）,,未収集,収集元推奨: ホットペッパービューティー / 美容師会 / iタウンページ
6026,,ヘアサロン・サロンオーナー,,埼玉県,,,,,,,ヘアサロン サロンオーナー関連サービス,営業中（推定）,,未収集,収集元推奨: ホットペッパービューティー / 美容師会 / iタウンページ
6027,,ヘアサロン・サロンオーナー,,埼玉県,,,,,,,ヘアサロン サロンオーナー関連サービス,営業中（推定）,,未収集,収集元推奨: ホットペッパービューティー / 美容師会 / iタウンページ
6028,,ヘアサロン・サロンオーナー,,埼玉県,,,,,,,ヘアサロン サロンオーナー関連サービス,営業中（推定）,,未収集,収集元推奨: ホットペッパービューティー / 美容師会 / iタウンページ
6029,,ヘアサロン・サロンオーナー,,埼玉県,,,,,,,ヘアサロン サロンオーナー関連サービス,営業中（推定）,,未収集,収集元推奨: ホットペッパービューティー / 美容師会 / iタウンページ
6030,,ヘアサロン・サロンオーナー,,埼玉県,,,,,,,ヘアサロン サロンオーナー関連サービス,営業中（推定）,,未収集,収集元推奨: ホットペッパービューティー / 美容師会 / iタウンページ
6031,,ヘアサロン・サロンオーナー,,埼玉県,,,,,,,ヘアサロン サロンオーナー関連サービス,営業中（推定）,,未収集,収集元推奨: ホットペッパービューティー / 美容師会 / iタウンページ
6032,,ヘアサロン・サロンオーナー,,埼玉県,,,,,,,ヘアサロン サロンオーナー関連サービス,営業中（推定）,,未収集,収集元推奨: ホットペッパービューティー / 美容師会 / iタウンページ
6033,,ヘアサロン・サロンオーナー,,埼玉県,,,,,,,ヘアサロン サロンオーナー関連サービス,営業中（推定）,,未収集,収集元推奨: ホットペッパービューティー / 美容師会 / iタウンページ
6034,,ヘアサロン・サロンオーナー,,埼玉県,,,,,,,ヘアサロン サロンオーナー関連サービス,営業中（推定）,,未収集,収集元推奨: ホットペッパービューティー / 美容師会 / iタウンページ
6035,,ヘアサロン・サロンオーナー,,埼玉県,,,,,,,ヘアサロン サロンオーナー関連サービス,営業中（推定）,,未収集,収集元推奨: ホットペッパービューティー / 美容師会 / iタウンページ
6036,,ヘアサロン・サロンオーナー,,埼玉県,,,,,,,ヘアサロン サロンオーナー関連サービス,営業中（推定）,,未収集,収集元推奨: ホットペッパービューティー / 美容師会 / iタウンページ
6037,,ヘアサロン・サロンオーナー,,埼玉県,,,,,,,ヘアサロン サロンオーナー関連サービス,営業中（推定）,,未収集,収集元推奨: ホットペッパービューティー / 美容師会 / iタウンページ
6038,,ヘアサロン・サロンオーナー,,埼玉県,,,,,,,ヘアサロン サロンオーナー関連サービス,営業中（推定）,,未収集,収集元推奨: ホットペッパービューティー / 美容師会 / iタウンページ
6039,,ヘアサロン・サロンオーナー,,埼玉県,,,,,,,ヘアサロン サロンオーナー関連サービス,営業中（推定）,,未収集,収集元推奨: ホットペッパービューティー / 美容師会 / iタウンページ
6040,,ヘアサロン・サロンオーナー,,埼玉県,,,,,,,ヘアサロン サロンオーナー関連サービス,営業中（推定）,,未収集,収集元推奨: ホットペッパービューティー / 美容師会 / iタウンページ
6041,,ヘアサロン・サロンオーナー,,埼玉県,,,,,,,ヘアサロン サロンオーナー関連サービス,営業中（推定）,,未収集,収集元推奨: ホットペッパービューティー / 美容師会 / iタウンページ
6042,,ヘアサロン・サロンオーナー,,埼玉県,,,,,,,ヘアサロン サロンオーナー関連サービス,営業中（推定）,,未収集,収集元推奨: ホットペッパービューティー / 美容師会 / iタウンページ
6043,,ヘアサロン・サロンオーナー,,埼玉県,,,,,,,ヘアサロン サロンオーナー関連サービス,営業中（推定）,,未収集,収集元推奨: ホットペッパービューティー / 美容師会 / iタウンページ
6044,,ヘアサロン・サロンオーナー,,埼玉県,,,,,,,ヘアサロン サロンオーナー関連サービス,営業中（推定）,,未収集,収集元推奨: ホットペッパービューティー / 美容師会 / iタウンページ
6045,,ヘアサロン・サロンオーナー,,埼玉県,,,,,,,ヘアサロン サロンオーナー関連サービス,営業中（推定）,,未収集,収集元推奨: ホットペッパービューティー / 美容師会 / iタウンページ
6046,,ヘアサロン・サロンオーナー,,埼玉県,,,,,,,ヘアサロン サロンオーナー関連サービス,営業中（推定）,,未収集,収集元推奨: ホットペッパービューティー / 美容師会 / iタウンページ
6047,,ヘアサロン・サロンオーナー,,埼玉県,,,,,,,ヘアサロン サロンオーナー関連サービス,営業中（推定）,,未収集,収集元推奨: ホットペッパービューティー / 美容師会 / iタウンページ
6048,,ヘアサロン・サロンオーナー,,埼玉県,,,,,,,ヘアサロン サロンオーナー関連サービス,営業中（推定）,,未収集,収集元推奨: ホットペッパービューティー / 美容師会 / iタウンページ
6049,,ヘアサロン・サロンオーナー,,埼玉県,,,,,,,ヘアサロン サロンオーナー関連サービス,営業中（推定）,,未収集,収集元推奨: ホットペッパービューティー / 美容師会 / iタウンページ
6050,,IT・AI×美容,,埼玉県,,,,,,,IT AI×美容関連サービス,営業中（推定）,,未収集,収集元推奨: スタートアップDB / PRTIMES / 展示会(BeautyTech系)
6051,,IT・AI×美容,,埼玉県,,,,,,,IT AI×美容関連サービス,営業中（推定）,,未収集,収集元推奨: スタートアップDB / PRTIMES / 展示会(BeautyTech系)
6052,,IT・AI×美容,,埼玉県,,,,,,,IT AI×美容関連サービス,営業中（推定）,,未収集,収集元推奨: スタートアップDB / PRTIMES / 展示会(BeautyTech系)
6053,,IT・AI×美容,,埼玉県,,,,,,,IT AI×美容関連サービス,営業中（推定）,,未収集,収集元推奨: スタートアップDB / PRTIMES / 展示会(BeautyTech系)
6054,,IT・AI×美容,,埼玉県,,,,,,,IT AI×美容関連サービス,営業中（推定）,,未収集,収集元推奨: スタートアップDB / PRTIMES / 展示会(BeautyTech系)
6055,,IT・AI×美容,,埼玉県,,,,,,,IT AI×美容関連サービス,営業中（推定）,,未収集,収集元推奨: スタートアップDB / PRTIMES / 展示会(BeautyTech系)
6056,,IT・AI×美容,,埼玉県,,,,,,,IT AI×美容関連サービス,営業中（推定）,,未収集,収集元推奨: スタートアップDB / PRTIMES / 展示会(BeautyTech系)
6057,,IT・AI×美容,,埼玉県,,,,,,,IT AI×美容関連サービス,営業中（推定）,,未収集,収集元推奨: スタートアップDB / PRTIMES / 展示会(BeautyTech系)
6058,,IT・AI×美容,,埼玉県,,,,,,,IT AI×美容関連サービス,営業中（推定）,,未収集,収集元推奨: スタートアップDB / PRTIMES / 展示会(BeautyTech系)
6059,,IT・AI×美容,,埼玉県,,,,,,,IT AI×美容関連サービス,営業中（推定）,,未収集,収集元推奨: スタートアップDB / PRTIMES / 展示会(BeautyTech系)
6060,,IT・AI×美容,,埼玉県,,,,,,,IT AI×美容関連サービス,営業中（推定）,,未収集,収集元推奨: スタートアップDB / PRTIMES / 展示会(BeautyTech系)
6061,,IT・AI×美容,,埼玉県,,,,,,,IT AI×美容関連サービス,営業中（推定）,,未収集,収集元推奨: スタートアップDB / PRTIMES / 展示会(BeautyTech系)
6062,,IT・AI×美容,,埼玉県,,,,,,,IT AI×美容関連サービス,営業中（推定）,,未収集,収集元推奨: スタートアップDB / PRTIMES / 展示会(BeautyTech系)
6063,,IT・AI×美容,,埼玉県,,,,,,,IT AI×美容関連サービス,営業中（推定）,,未収集,収集元推奨: スタートアップDB / PRTIMES / 展示会(BeautyTech系)
6064,,IT・AI×美容,,埼玉県,,,,,,,IT AI×美容関連サービス,営業中（推定）,,未収集,収集元推奨: スタートアップDB / PRTIMES / 展示会(BeautyTech系)
6065,,IT・AI×美容,,埼玉県,,,,,,,IT AI×美容関連サービス,営業中（推定）,,未収集,収集元推奨: スタートアップDB / PRTIMES / 展示会(BeautyTech系)
6066,,IT・AI×美容,,埼玉県,,,,,,,IT AI×美容関連サービス,営業中（推定）,,未収集,収集元推奨: スタートアップDB / PRTIMES / 展示会(BeautyTech系)
6067,,IT・AI×美容,,埼玉県,,,,,,,IT AI×美容関連サービス,営業中（推定）,,未収集,収集元推奨: スタートアップDB / PRTIMES / 展示会(BeautyTech系)
6068,,IT・AI×美容,,埼玉県,,,,,,,IT AI×美容関連サービス,営業中（推定）,,未収集,収集元推奨: スタートアップDB / PRTIMES / 展示会(BeautyTech系)
6069,,IT・AI×美容,,埼玉県,,,,,,,IT AI×美容関連サービス,営業中（推定）,,未収集,収集元推奨: スタートアップDB / PRTIMES / 展示会(BeautyTech系)
6070,,IT・AI×美容,,埼玉県,,,,,,,IT AI×美容関連サービス,営業中（推定）,,未収集,収集元推奨: スタートアップDB / PRTIMES / 展示会(BeautyTech系)
6071,,IT・AI×美容,,埼玉県,,,,,,,IT AI×美容関連サービス,営業中（推定）,,未収集,収集元推奨: スタートアップDB / PRTIMES / 展示会(BeautyTech系)
6072,,IT・AI×美容,,埼玉県,,,,,,,IT AI×美容関連サービス,営業中（推定）,,未収集,収集元推奨: スタートアップDB / PRTIMES / 展示会(BeautyTech系)
6073,,IT・AI×美容,,埼玉県,,,,,,,IT AI×美容関連サービス,営業中（推定）,,未収集,収集元推奨: スタートアップDB / PRTIMES / 展示会(BeautyTech系)
6074,,IT・AI×美容,,埼玉県,,,,,,,IT AI×美容関連サービス,営業中（推定）,,未収集,収集元推奨: スタートアップDB / PRTIMES / 展示会(BeautyTech系)
6075,,IT・AI×美容,,埼玉県,,,,,,,IT AI×美容関連サービス,営業中（推定）,,未収集,収集元推奨: スタートアップDB / PRTIMES / 展示会(BeautyTech系)
6076,,IT・AI×美容,,埼玉県,,,,,,,IT AI×美容関連サービス,営業中（推定）,,未収集,収集元推奨: スタートアップDB / PRTIMES / 展示会(BeautyTech系)
6077,,IT・AI×美容,,埼玉県,,,,,,,IT AI×美容関連サービス,営業中（推定）,,未収集,収集元推奨: スタートアップDB / PRTIMES / 展示会(BeautyTech系)
6078,,IT・AI×美容,,埼玉県,,,,,,,IT AI×美容関連サービス,営業中（推定）,,未収集,収集元推奨: スタートアップDB / PRTIMES / 展示会(BeautyTech系)
6079,,IT・AI×美容,,埼玉県,,,,,,,IT AI×美容関連サービス,営業中（推定）,,未収集,収集元推奨: スタートアップDB / PRTIMES / 展示会(BeautyTech系)
6080,,IT・AI×美容,,埼玉県,,,,,,,IT AI×美容関連サービス,営業中（推定）,,未収集,収集元推奨: スタートアップDB / PRTIMES / 展示会(BeautyTech系)
6081,,IT・AI×美容,,埼玉県,,,,,,,IT AI×美容関連サービス,営業中（推定）,,未収集,収集元推奨: スタートアップDB / PRTIMES / 展示会(BeautyTech系)
6082,,IT・AI×美容,,埼玉県,,,,,,,IT AI×美容関連サービス,営業中（推定）,,未収集,収集元推奨: スタートアップDB / PRTIMES / 展示会(BeautyTech系)
6083,,IT・AI×美容,,埼玉県,,,,,,,IT AI×美容関連サービス,営業中（推定）,,未収集,収集元推奨: スタートアップDB / PRTIMES / 展示会(BeautyTech系)
6084,,IT・AI×美容,,埼玉県,,,,,,,IT AI×美容関連サービス,営業中（推定）,,未収集,収集元推奨: スタートアップDB / PRTIMES / 展示会(BeautyTech系)
6085,,IT・AI×美容,,埼玉県,,,,,,,IT AI×美容関連サービス,営業中（推定）,,未収集,収集元推奨: スタートアップDB / PRTIMES / 展示会(BeautyTech系)
6086,,エステサロン,,千葉県,,,,,,,エステサロン関連サービス,営業中（推定）,,未収集,収集元推奨: ホットペッパービューティー掲載企業公式サイト / 日本エステティック協会会員
6087,,エステサロン,,千葉県,,,,,,,エステサロン関連サービス,営業中（推定）,,未収集,収集元推奨: ホットペッパービューティー掲載企業公式サイト / 日本エステティック協会会員
6088,,エステサロン,,千葉県,,,,,,,エステサロン関連サービス,営業中（推定）,,未収集,収集元推奨: ホットペッパービューティー掲載企業公式サイト / 日本エステティック協会会員
6089,,エステサロン,,千葉県,,,,,,,エステサロン関連サービス,営業中（推定）,,未収集,収集元推奨: ホットペッパービューティー掲載企業公式サイト / 日本エステティック協会会員
6090,,エステサロン,,千葉県,,,,,,,エステサロン関連サービス,営業中（推定）,,未収集,収集元推奨: ホットペッパービューティー掲載企業公式サイト / 日本エステティック協会会員
6091,,エステサロン,,千葉県,,,,,,,エステサロン関連サービス,営業中（推定）,,未収集,収集元推奨: ホットペッパービューティー掲載企業公式サイト / 日本エステティック協会会員
6092,,エステサロン,,千葉県,,,,,,,エステサロン関連サービス,営業中（推定）,,未収集,収集元推奨: ホットペッパービューティー掲載企業公式サイト / 日本エステティック協会会員
6093,,エステサロン,,千葉県,,,,,,,エステサロン関連サービス,営業中（推定）,,未収集,収集元推奨: ホットペッパービューティー掲載企業公式サイト / 日本エステティック協会会員
6094,,エステサロン,,千葉県,,,,,,,エステサロン関連サービス,営業中（推定）,,未収集,収集元推奨: ホットペッパービューティー掲載企業公式サイト / 日本エステティック協会会員
6095,,エステサロン,,千葉県,,,,,,,エステサロン関連サービス,営業中（推定）,,未収集,収集元推奨: ホットペッパービューティー掲載企業公式サイト / 日本エステティック協会会員
6096,,エステサロン,,千葉県,,,,,,,エステサロン関連サービス,営業中（推定）,,未収集,収集元推奨: ホットペッパービューティー掲載企業公式サイト / 日本エステティック協会会員
6097,,エステサロン,,千葉県,,,,,,,エステサロン関連サービス,営業中（推定）,,未収集,収集元推奨: ホットペッパービューティー掲載企業公式サイト / 日本エステティック協会会員
6098,,エステサロン,,千葉県,,,,,,,エステサロン関連サービス,営業中（推定）,,未収集,収集元推奨: ホットペッパービューティー掲載企業公式サイト / 日本エステティック協会会員
6099,,エステサロン,,千葉県,,,,,,,エステサロン関連サービス,営業中（推定）,,未収集,収集元推奨: ホットペッパービューティー掲載企業公式サイト / 日本エステティック協会会員
6100,,エステサロン,,千葉県,,,,,,,エステサロン関連サービス,営業中（推定）,,未収集,収集元推奨: ホットペッパービューティー掲載企業公式サイト / 日本エステティック協会会員
6101,,エステサロン,,千葉県,,,,,,,エステサロン関連サービス,営業中（推定）,,未収集,収集元推奨: ホットペッパービューティー掲載企業公式サイト / 日本エステティック協会会員
6102,,エステサロン,,千葉県,,,,,,,エステサロン関連サービス,営業中（推定）,,未収集,収集元推奨: ホットペッパービューティー掲載企業公式サイト / 日本エステティック協会会員
6103,,エステサロン,,千葉県,,,,,,,エステサロン関連サービス,営業中（推定）,,未収集,収集元推奨: ホットペッパービューティー掲載企業公式サイト / 日本エステティック協会会員
6104,,エステサロン,,千葉県,,,,,,,エステサロン関連サービス,営業中（推定）,,未収集,収集元推奨: ホットペッパービューティー掲載企業公式サイト / 日本エステティック協会会員
6105,,エステサロン,,千葉県,,,,,,,エステサロン関連サービス,営業中（推定）,,未収集,収集元推奨: ホットペッパービューティー掲載企業公式サイト / 日本エステティック協会会員
6106,,エステサロン,,千葉県,,,,,,,エステサロン関連サービス,営業中（推定）,,未収集,収集元推奨: ホットペッパービューティー掲載企業公式サイト / 日本エステティック協会会員
6107,,エステサロン,,千葉県,,,,,,,エステサロン関連サービス,営業中（推定）,,未収集,収集元推奨: ホットペッパービューティー掲載企業公式サイト / 日本エステティック協会会員
6108,,エステサロン,,千葉県,,,,,,,エステサロン関連サービス,営業中（推定）,,未収集,収集元推奨: ホットペッパービューティー掲載企業公式サイト / 日本エステティック協会会員
6109,,エステサロン,,千葉県,,,,,,,エステサロン関連サービス,営業中（推定）,,未収集,収集元推奨: ホットペッパービューティー掲載企業公式サイト / 日本エステティック協会会員
6110,,エステサロン,,千葉県,,,,,,,エステサロン関連サービス,営業中（推定）,,未収集,収集元推奨: ホットペッパービューティー掲載企業公式サイト / 日本エステティック協会会員
6111,,エステサロン,,千葉県,,,,,,,エステサロン関連サービス,営業中（推定）,,未収集,収集元推奨: ホットペッパービューティー掲載企業公式サイト / 日本エステティック協会会員
6112,,エステサロン,,千葉県,,,,,,,エステサロン関連サービス,営業中（推定）,,未収集,収集元推奨: ホットペッパービューティー掲載企業公式サイト / 日本エステティック協会会員
6113,,エステサロン,,千葉県,,,,,,,エステサロン関連サービス,営業中（推定）,,未収集,収集元推奨: ホットペッパービューティー掲載企業公式サイト / 日本エステティック協会会員
6114,,エステサロン,,千葉県,,,,,,,エステサロン関連サービス,営業中（推定）,,未収集,収集元推奨: ホットペッパービューティー掲載企業公式サイト / 日本エステティック協会会員
6115,,エステサロン,,千葉県,,,,,,,エステサロン関連サービス,営業中（推定）,,未収集,収集元推奨: ホットペッパービューティー掲載企業公式サイト / 日本エステティック協会会員
6116,,エステサロン,,千葉県,,,,,,,エステサロン関連サービス,営業中（推定）,,未収集,収集元推奨: ホットペッパービューティー掲載企業公式サイト / 日本エステティック協会会員
6117,,エステサロン,,千葉県,,,,,,,エステサロン関連サービス,営業中（推定）,,未収集,収集元推奨: ホットペッパービューティー掲載企業公式サイト / 日本エステティック協会会員
6118,,エステサロン,,千葉県,,,,,,,エステサロン関連サービス,営業中（推定）,,未収集,収集元推奨: ホットペッパービューティー掲載企業公式サイト / 日本エステティック協会会員
6119,,エステサロン,,千葉県,,,,,,,エステサロン関連サービス,営業中（推定）,,未収集,収集元推奨: ホットペッパービューティー掲載企業公式サイト / 日本エステティック協会会員
6120,,エステサロン,,千葉県,,,,,,,エステサロン関連サービス,営業中（推定）,,未収集,収集元推奨: ホットペッパービューティー掲載企業公式サイト / 日本エステティック協会会員
6121,,エステサロン,,千葉県,,,,,,,エステサロン関連サービス,営業中（推定）,,未収集,収集元推奨: ホットペッパービューティー掲載企業公式サイト / 日本エステティック協会会員
6122,,エステサロン,,千葉県,,,,,,,エステサロン関連サービス,営業中（推定）,,未収集,収集元推奨: ホットペッパービューティー掲載企業公式サイト / 日本エステティック協会会員
6123,,エステサロン,,千葉県,,,,,,,エステサロン関連サービス,営業中（推定）,,未収集,収集元推奨: ホットペッパービューティー掲載企業公式サイト / 日本エステティック協会会員
6124,,エステサロン,,千葉県,,,,,,,エステサロン関連サービス,営業中（推定）,,未収集,収集元推奨: ホットペッパービューティー掲載企業公式サイト / 日本エステティック協会会員
6125,,エステサロン,,千葉県,,,,,,,エステサロン関連サービス,営業中（推定）,,未収集,収集元推奨: ホットペッパービューティー掲載企業公式サイト / 日本エステティック協会会員
6126,,エステサロン,,千葉県,,,,,,,エステサロン関連サービス,営業中（推定）,,未収集,収集元推奨: ホットペッパービューティー掲載企業公式サイト / 日本エステティック協会会員
6127,,エステサロン,,千葉県,,,,,,,エステサロン関連サービス,営業中（推定）,,未収集,収集元推奨: ホットペッパービューティー掲載企業公式サイト / 日本エステティック協会会員
6128,,エステサロン,,千葉県,,,,,,,エステサロン関連サービス,営業中（推定）,,未収集,収集元推奨: ホットペッパービューティー掲載企業公式サイト / 日本エステティック協会会員
6129,,エステサロン,,千葉県,,,,,,,エステサロン関連サービス,営業中（推定）,,未収集,収集元推奨: ホットペッパービューティー掲載企業公式サイト / 日本エステティック協会会員
6130,,エステサロン,,千葉県,,,,,,,エステサロン関連サービス,営業中（推定）,,未収集,収集元推奨: ホットペッパービューティー掲載企業公式サイト / 日本エステティック協会会員
6131,,エステサロン,,千葉県,,,,,,,エステサロン関連サービス,営業中（推定）,,未収集,収集元推奨: ホットペッパービューティー掲載企業公式サイト / 日本エステティック協会会員
6132,,エステサロン,,千葉県,,,,,,,エステサロン関連サービス,営業中（推定）,,未収集,収集元推奨: ホットペッパービューティー掲載企業公式サイト / 日本エステティック協会会員
6133,,エステサロン,,千葉県,,,,,,,エステサロン関連サービス,営業中（推定）,,未収集,収集元推奨: ホットペッパービューティー掲載企業公式サイト / 日本エステティック協会会員
6134,,エステサロン,,千葉県,,,,,,,エステサロン関連サービス,営業中（推定）,,未収集,収集元推奨: ホットペッパービューティー掲載企業公式サイト / 日本エステティック協会会員
6135,,エステサロン,,千葉県,,,,,,,エステサロン関連サービス,営業中（推定）,,未収集,収集元推奨: ホットペッパービューティー掲載企業公式サイト / 日本エステティック協会会員
6136,,エステサロン,,千葉県,,,,,,,エステサロン関連サービス,営業中（推定）,,未収集,収集元推奨: ホットペッパービューティー掲載企業公式サイト / 日本エステティック協会会員
6137,,エステサロン,,千葉県,,,,,,,エステサロン関連サービス,営業中（推定）,,未収集,収集元推奨: ホットペッパービューティー掲載企業公式サイト / 日本エステティック協会会員
6138,,エステサロン,,千葉県,,,,,,,エステサロン関連サービス,営業中（推定）,,未収集,収集元推奨: ホットペッパービューティー掲載企業公式サイト / 日本エステティック協会会員
6139,,エステサロン,,千葉県,,,,,,,エステサロン関連サービス,営業中（推定）,,未収集,収集元推奨: ホットペッパービューティー掲載企業公式サイト / 日本エステティック協会会員
6140,,エステサロン,,千葉県,,,,,,,エステサロン関連サービス,営業中（推定）,,未収集,収集元推奨: ホットペッパービューティー掲載企業公式サイト / 日本エステティック協会会員
6141,,エステサロン,,千葉県,,,,,,,エステサロン関連サービス,営業中（推定）,,未収集,収集元推奨: ホットペッパービューティー掲載企業公式サイト / 日本エステティック協会会員
6142,,エステサロン,,千葉県,,,,,,,エステサロン関連サービス,営業中（推定）,,未収集,収集元推奨: ホットペッパービューティー掲載企業公式サイト / 日本エステティック協会会員
6143,,エステサロン,,千葉県,,,,,,,エステサロン関連サービス,営業中（推定）,,未収集,収集元推奨: ホットペッパービューティー掲載企業公式サイト / 日本エステティック協会会員
6144,,エステサロン,,千葉県,,,,,,,エステサロン関連サービス,営業中（推定）,,未収集,収集元推奨: ホットペッパービューティー掲載企業公式サイト / 日本エステティック協会会員
6145,,エステサロン,,千葉県,,,,,,,エステサロン関連サービス,営業中（推定）,,未収集,収集元推奨: ホットペッパービューティー掲載企業公式サイト / 日本エステティック協会会員
6146,,エステサロン,,千葉県,,,,,,,エステサロン関連サービス,営業中（推定）,,未収集,収集元推奨: ホットペッパービューティー掲載企業公式サイト / 日本エステティック協会会員
6147,,エステサロン,,千葉県,,,,,,,エステサロン関連サービス,営業中（推定）,,未収集,収集元推奨: ホットペッパービューティー掲載企業公式サイト / 日本エステティック協会会員
6148,,エステサロン,,千葉県,,,,,,,エステサロン関連サービス,営業中（推定）,,未収集,収集元推奨: ホットペッパービューティー掲載企業公式サイト / 日本エステティック協会会員
6149,,エステサロン,,千葉県,,,,,,,エステサロン関連サービス,営業中（推定）,,未収集,収集元推奨: ホットペッパービューティー掲載企業公式サイト / 日本エステティック協会会員
6150,,エステサロン,,千葉県,,,,,,,エステサロン関連サービス,営業中（推定）,,未収集,収集元推奨: ホットペッパービューティー掲載企業公式サイト / 日本エステティック協会会員
6151,,エステサロン,,千葉県,,,,,,,エステサロン関連サービス,営業中（推定）,,未収集,収集元推奨: ホットペッパービューティー掲載企業公式サイト / 日本エステティック協会会員
6152,,エステサロン,,千葉県,,,,,,,エステサロン関連サービス,営業中（推定）,,未収集,収集元推奨: ホットペッパービューティー掲載企業公式サイト / 日本エステティック協会会員
6153,,エステサロン,,千葉県,,,,,,,エステサロン関連サービス,営業中（推定）,,未収集,収集元推奨: ホットペッパービューティー掲載企業公式サイト / 日本エステティック協会会員
6154,,エステサロン,,千葉県,,,,,,,エステサロン関連サービス,営業中（推定）,,未収集,収集元推奨: ホットペッパービューティー掲載企業公式サイト / 日本エステティック協会会員
6155,,エステサロン,,千葉県,,,,,,,エステサロン関連サービス,営業中（推定）,,未収集,収集元推奨: ホットペッパービューティー掲載企業公式サイト / 日本エステティック協会会員
6156,,エステサロン,,千葉県,,,,,,,エステサロン関連サービス,営業中（推定）,,未収集,収集元推奨: ホットペッパービューティー掲載企業公式サイト / 日本エステティック協会会員
6157,,エステサロン,,千葉県,,,,,,,エステサロン関連サービス,営業中（推定）,,未収集,収集元推奨: ホットペッパービューティー掲載企業公式サイト / 日本エステティック協会会員
6158,,エステサロン,,千葉県,,,,,,,エステサロン関連サービス,営業中（推定）,,未収集,収集元推奨: ホットペッパービューティー掲載企業公式サイト / 日本エステティック協会会員
6159,,エステサロン,,千葉県,,,,,,,エステサロン関連サービス,営業中（推定）,,未収集,収集元推奨: ホットペッパービューティー掲載企業公式サイト / 日本エステティック協会会員
6160,,エステサロン,,千葉県,,,,,,,エステサロン関連サービス,営業中（推定）,,未収集,収集元推奨: ホットペッパービューティー掲載企業公式サイト / 日本エステティック協会会員
6161,,エステサロン,,千葉県,,,,,,,エステサロン関連サービス,営業中（推定）,,未収集,収集元推奨: ホットペッパービューティー掲載企業公式サイト / 日本エステティック協会会員
6162,,ネイルサロン,,千葉県,,,,,,,ネイルサロン関連サービス,営業中（推定）,,未収集,収集元推奨: JNA（日本ネイリスト協会）会員 / ホットペッパービューティー
6163,,ネイルサロン,,千葉県,,,,,,,ネイルサロン関連サービス,営業中（推定）,,未収集,収集元推奨: JNA（日本ネイリスト協会）会員 / ホットペッパービューティー
6164,,ネイルサロン,,千葉県,,,,,,,ネイルサロン関連サービス,営業中（推定）,,未収集,収集元推奨: JNA（日本ネイリスト協会）会員 / ホットペッパービューティー
6165,,ネイルサロン,,千葉県,,,,,,,ネイルサロン関連サービス,営業中（推定）,,未収集,収集元推奨: JNA（日本ネイリスト協会）会員 / ホットペッパービューティー
6166,,ネイルサロン,,千葉県,,,,,,,ネイルサロン関連サービス,営業中（推定）,,未収集,収集元推奨: JNA（日本ネイリスト協会）会員 / ホットペッパービューティー
6167,,ネイルサロン,,千葉県,,,,,,,ネイルサロン関連サービス,営業中（推定）,,未収集,収集元推奨: JNA（日本ネイリスト協会）会員 / ホットペッパービューティー
6168,,ネイルサロン,,千葉県,,,,,,,ネイルサロン関連サービス,営業中（推定）,,未収集,収集元推奨: JNA（日本ネイリスト協会）会員 / ホットペッパービューティー
6169,,ネイルサロン,,千葉県,,,,,,,ネイルサロン関連サービス,営業中（推定）,,未収集,収集元推奨: JNA（日本ネイリスト協会）会員 / ホットペッパービューティー
6170,,ネイルサロン,,千葉県,,,,,,,ネイルサロン関連サービス,営業中（推定）,,未収集,収集元推奨: JNA（日本ネイリスト協会）会員 / ホットペッパービューティー
6171,,ネイルサロン,,千葉県,,,,,,,ネイルサロン関連サービス,営業中（推定）,,未収集,収集元推奨: JNA（日本ネイリスト協会）会員 / ホットペッパービューティー
6172,,ネイルサロン,,千葉県,,,,,,,ネイルサロン関連サービス,営業中（推定）,,未収集,収集元推奨: JNA（日本ネイリスト協会）会員 / ホットペッパービューティー
6173,,ネイルサロン,,千葉県,,,,,,,ネイルサロン関連サービス,営業中（推定）,,未収集,収集元推奨: JNA（日本ネイリスト協会）会員 / ホットペッパービューティー
6174,,ネイルサロン,,千葉県,,,,,,,ネイルサロン関連サービス,営業中（推定）,,未収集,収集元推奨: JNA（日本ネイリスト協会）会員 / ホットペッパービューティー
6175,,ネイルサロン,,千葉県,,,,,,,ネイルサロン関連サービス,営業中（推定）,,未収集,収集元推奨: JNA（日本ネイリスト協会）会員 / ホットペッパービューティー
6176,,ネイルサロン,,千葉県,,,,,,,ネイルサロン関連サービス,営業中（推定）,,未収集,収集元推奨: JNA（日本ネイリスト協会）会員 / ホットペッパービューティー
6177,,ネイルサロン,,千葉県,,,,,,,ネイルサロン関連サービス,営業中（推定）,,未収集,収集元推奨: JNA（日本ネイリスト協会）会員 / ホットペッパービューティー
6178,,ネイルサロン,,千葉県,,,,,,,ネイルサロン関連サービス,営業中（推定）,,未収集,収集元推奨: JNA（日本ネイリスト協会）会員 / ホットペッパービューティー
6179,,ネイルサロン,,千葉県,,,,,,,ネイルサロン関連サービス,営業中（推定）,,未収集,収集元推奨: JNA（日本ネイリスト協会）会員 / ホットペッパービューティー
6180,,ネイルサロン,,千葉県,,,,,,,ネイルサロン関連サービス,営業中（推定）,,未収集,収集元推奨: JNA（日本ネイリスト協会）会員 / ホットペッパービューティー
6181,,ネイルサロン,,千葉県,,,,,,,ネイルサロン関連サービス,営業中（推定）,,未収集,収集元推奨: JNA（日本ネイリスト協会）会員 / ホットペッパービューティー
6182,,ネイルサロン,,千葉県,,,,,,,ネイルサロン関連サービス,営業中（推定）,,未収集,収集元推奨: JNA（日本ネイリスト協会）会員 / ホットペッパービューティー
6183,,ネイルサロン,,千葉県,,,,,,,ネイルサロン関連サービス,営業中（推定）,,未収集,収集元推奨: JNA（日本ネイリスト協会）会員 / ホットペッパービューティー
6184,,ネイルサロン,,千葉県,,,,,,,ネイルサロン関連サービス,営業中（推定）,,未収集,収集元推奨: JNA（日本ネイリスト協会）会員 / ホットペッパービューティー
6185,,ネイルサロン,,千葉県,,,,,,,ネイルサロン関連サービス,営業中（推定）,,未収集,収集元推奨: JNA（日本ネイリスト協会）会員 / ホットペッパービューティー
6186,,ネイルサロン,,千葉県,,,,,,,ネイルサロン関連サービス,営業中（推定）,,未収集,収集元推奨: JNA（日本ネイリスト協会）会員 / ホットペッパービューティー
6187,,ネイルサロン,,千葉県,,,,,,,ネイルサロン関連サービス,営業中（推定）,,未収集,収集元推奨: JNA（日本ネイリスト協会）会員 / ホットペッパービューティー
6188,,ネイルサロン,,千葉県,,,,,,,ネイルサロン関連サービス,営業中（推定）,,未収集,収集元推奨: JNA（日本ネイリスト協会）会員 / ホットペッパービューティー
6189,,ネイルサロン,,千葉県,,,,,,,ネイルサロン関連サービス,営業中（推定）,,未収集,収集元推奨: JNA（日本ネイリスト協会）会員 / ホットペッパービューティー
6190,,ネイルサロン,,千葉県,,,,,,,ネイルサロン関連サービス,営業中（推定）,,未収集,収集元推奨: JNA（日本ネイリスト協会）会員 / ホットペッパービューティー
6191,,ネイルサロン,,千葉県,,,,,,,ネイルサロン関連サービス,営業中（推定）,,未収集,収集元推奨: JNA（日本ネイリスト協会）会員 / ホットペッパービューティー
6192,,ネイルサロン,,千葉県,,,,,,,ネイルサロン関連サービス,営業中（推定）,,未収集,収集元推奨: JNA（日本ネイリスト協会）会員 / ホットペッパービューティー
6193,,ネイルサロン,,千葉県,,,,,,,ネイルサロン関連サービス,営業中（推定）,,未収集,収集元推奨: JNA（日本ネイリスト協会）会員 / ホットペッパービューティー
6194,,ネイルサロン,,千葉県,,,,,,,ネイルサロン関連サービス,営業中（推定）,,未収集,収集元推奨: JNA（日本ネイリスト協会）会員 / ホットペッパービューティー
6195,,ネイルサロン,,千葉県,,,,,,,ネイルサロン関連サービス,営業中（推定）,,未収集,収集元推奨: JNA（日本ネイリスト協会）会員 / ホットペッパービューティー
6196,,ネイルサロン,,千葉県,,,,,,,ネイルサロン関連サービス,営業中（推定）,,未収集,収集元推奨: JNA（日本ネイリスト協会）会員 / ホットペッパービューティー
6197,,ネイルサロン,,千葉県,,,,,,,ネイルサロン関連サービス,営業中（推定）,,未収集,収集元推奨: JNA（日本ネイリスト協会）会員 / ホットペッパービューティー
6198,,ネイルサロン,,千葉県,,,,,,,ネイルサロン関連サービス,営業中（推定）,,未収集,収集元推奨: JNA（日本ネイリスト協会）会員 / ホットペッパービューティー
6199,,ネイルサロン,,千葉県,,,,,,,ネイルサロン関連サービス,営業中（推定）,,未収集,収集元推奨: JNA（日本ネイリスト協会）会員 / ホットペッパービューティー
6200,,ネイルサロン,,千葉県,,,,,,,ネイルサロン関連サービス,営業中（推定）,,未収集,収集元推奨: JNA（日本ネイリスト協会）会員 / ホットペッパービューティー
6201,,ネイルサロン,,千葉県,,,,,,,ネイルサロン関連サービス,営業中（推定）,,未収集,収集元推奨: JNA（日本ネイリスト協会）会員 / ホットペッパービューティー
6202,,ネイルサロン,,千葉県,,,,,,,ネイルサロン関連サービス,営業中（推定）,,未収集,収集元推奨: JNA（日本ネイリスト協会）会員 / ホットペッパービューティー
6203,,ネイルサロン,,千葉県,,,,,,,ネイルサロン関連サービス,営業中（推定）,,未収集,収集元推奨: JNA（日本ネイリスト協会）会員 / ホットペッパービューティー
6204,,ネイルサロン,,千葉県,,,,,,,ネイルサロン関連サービス,営業中（推定）,,未収集,収集元推奨: JNA（日本ネイリスト協会）会員 / ホットペッパービューティー
6205,,ネイルサロン,,千葉県,,,,,,,ネイルサロン関連サービス,営業中（推定）,,未収集,収集元推奨: JNA（日本ネイリスト協会）会員 / ホットペッパービューティー
6206,,ネイルサロン,,千葉県,,,,,,,ネイルサロン関連サービス,営業中（推定）,,未収集,収集元推奨: JNA（日本ネイリスト協会）会員 / ホットペッパービューティー
6207,,ネイルサロン,,千葉県,,,,,,,ネイルサロン関連サービス,営業中（推定）,,未収集,収集元推奨: JNA（日本ネイリスト協会）会員 / ホットペッパービューティー
6208,,ネイルサロン,,千葉県,,,,,,,ネイルサロン関連サービス,営業中（推定）,,未収集,収集元推奨: JNA（日本ネイリスト協会）会員 / ホットペッパービューティー
6209,,ネイルサロン,,千葉県,,,,,,,ネイルサロン関連サービス,営業中（推定）,,未収集,収集元推奨: JNA（日本ネイリスト協会）会員 / ホットペッパービューティー
6210,,ネイルサロン,,千葉県,,,,,,,ネイルサロン関連サービス,営業中（推定）,,未収集,収集元推奨: JNA（日本ネイリスト協会）会員 / ホットペッパービューティー
6211,,ネイルサロン,,千葉県,,,,,,,ネイルサロン関連サービス,営業中（推定）,,未収集,収集元推奨: JNA（日本ネイリスト協会）会員 / ホットペッパービューティー
6212,,ネイルサロン,,千葉県,,,,,,,ネイルサロン関連サービス,営業中（推定）,,未収集,収集元推奨: JNA（日本ネイリスト協会）会員 / ホットペッパービューティー
6213,,ネイルサロン,,千葉県,,,,,,,ネイルサロン関連サービス,営業中（推定）,,未収集,収集元推奨: JNA（日本ネイリスト協会）会員 / ホットペッパービューティー
6214,,ネイルサロン,,千葉県,,,,,,,ネイルサロン関連サービス,営業中（推定）,,未収集,収集元推奨: JNA（日本ネイリスト協会）会員 / ホットペッパービューティー
6215,,ネイルサロン,,千葉県,,,,,,,ネイルサロン関連サービス,営業中（推定）,,未収集,収集元推奨: JNA（日本ネイリスト協会）会員 / ホットペッパービューティー
6216,,ネイルサロン,,千葉県,,,,,,,ネイルサロン関連サービス,営業中（推定）,,未収集,収集元推奨: JNA（日本ネイリスト協会）会員 / ホットペッパービューティー
6217,,ネイルサロン,,千葉県,,,,,,,ネイルサロン関連サービス,営業中（推定）,,未収集,収集元推奨: JNA（日本ネイリスト協会）会員 / ホットペッパービューティー
6218,,ネイルサロン,,千葉県,,,,,,,ネイルサロン関連サービス,営業中（推定）,,未収集,収集元推奨: JNA（日本ネイリスト協会）会員 / ホットペッパービューティー
6219,,美容整体・小顔矯正,,千葉県,,,,,,,美容整体 小顔矯正関連サービス,営業中（推定）,,未収集,収集元推奨: エキテン・ホットペッパービューティー / iタウンページ「整体」
6220,,美容整体・小顔矯正,,千葉県,,,,,,,美容整体 小顔矯正関連サービス,営業中（推定）,,未収集,収集元推奨: エキテン・ホットペッパービューティー / iタウンページ「整体」
6221,,美容整体・小顔矯正,,千葉県,,,,,,,美容整体 小顔矯正関連サービス,営業中（推定）,,未収集,収集元推奨: エキテン・ホットペッパービューティー / iタウンページ「整体」
6222,,美容整体・小顔矯正,,千葉県,,,,,,,美容整体 小顔矯正関連サービス,営業中（推定）,,未収集,収集元推奨: エキテン・ホットペッパービューティー / iタウンページ「整体」
6223,,美容整体・小顔矯正,,千葉県,,,,,,,美容整体 小顔矯正関連サービス,営業中（推定）,,未収集,収集元推奨: エキテン・ホットペッパービューティー / iタウンページ「整体」
6224,,美容整体・小顔矯正,,千葉県,,,,,,,美容整体 小顔矯正関連サービス,営業中（推定）,,未収集,収集元推奨: エキテン・ホットペッパービューティー / iタウンページ「整体」
6225,,美容整体・小顔矯正,,千葉県,,,,,,,美容整体 小顔矯正関連サービス,営業中（推定）,,未収集,収集元推奨: エキテン・ホットペッパービューティー / iタウンページ「整体」
6226,,美容整体・小顔矯正,,千葉県,,,,,,,美容整体 小顔矯正関連サービス,営業中（推定）,,未収集,収集元推奨: エキテン・ホットペッパービューティー / iタウンページ「整体」
6227,,美容整体・小顔矯正,,千葉県,,,,,,,美容整体 小顔矯正関連サービス,営業中（推定）,,未収集,収集元推奨: エキテン・ホットペッパービューティー / iタウンページ「整体」
6228,,美容整体・小顔矯正,,千葉県,,,,,,,美容整体 小顔矯正関連サービス,営業中（推定）,,未収集,収集元推奨: エキテン・ホットペッパービューティー / iタウンページ「整体」
6229,,美容整体・小顔矯正,,千葉県,,,,,,,美容整体 小顔矯正関連サービス,営業中（推定）,,未収集,収集元推奨: エキテン・ホットペッパービューティー / iタウンページ「整体」
6230,,美容整体・小顔矯正,,千葉県,,,,,,,美容整体 小顔矯正関連サービス,営業中（推定）,,未収集,収集元推奨: エキテン・ホットペッパービューティー / iタウンページ「整体」
6231,,美容整体・小顔矯正,,千葉県,,,,,,,美容整体 小顔矯正関連サービス,営業中（推定）,,未収集,収集元推奨: エキテン・ホットペッパービューティー / iタウンページ「整体」
6232,,美容整体・小顔矯正,,千葉県,,,,,,,美容整体 小顔矯正関連サービス,営業中（推定）,,未収集,収集元推奨: エキテン・ホットペッパービューティー / iタウンページ「整体」
6233,,美容整体・小顔矯正,,千葉県,,,,,,,美容整体 小顔矯正関連サービス,営業中（推定）,,未収集,収集元推奨: エキテン・ホットペッパービューティー / iタウンページ「整体」
6234,,美容整体・小顔矯正,,千葉県,,,,,,,美容整体 小顔矯正関連サービス,営業中（推定）,,未収集,収集元推奨: エキテン・ホットペッパービューティー / iタウンページ「整体」
6235,,美容整体・小顔矯正,,千葉県,,,,,,,美容整体 小顔矯正関連サービス,営業中（推定）,,未収集,収集元推奨: エキテン・ホットペッパービューティー / iタウンページ「整体」
6236,,美容整体・小顔矯正,,千葉県,,,,,,,美容整体 小顔矯正関連サービス,営業中（推定）,,未収集,収集元推奨: エキテン・ホットペッパービューティー / iタウンページ「整体」
6237,,美容整体・小顔矯正,,千葉県,,,,,,,美容整体 小顔矯正関連サービス,営業中（推定）,,未収集,収集元推奨: エキテン・ホットペッパービューティー / iタウンページ「整体」
6238,,美容整体・小顔矯正,,千葉県,,,,,,,美容整体 小顔矯正関連サービス,営業中（推定）,,未収集,収集元推奨: エキテン・ホットペッパービューティー / iタウンページ「整体」
6239,,美容整体・小顔矯正,,千葉県,,,,,,,美容整体 小顔矯正関連サービス,営業中（推定）,,未収集,収集元推奨: エキテン・ホットペッパービューティー / iタウンページ「整体」
6240,,美容整体・小顔矯正,,千葉県,,,,,,,美容整体 小顔矯正関連サービス,営業中（推定）,,未収集,収集元推奨: エキテン・ホットペッパービューティー / iタウンページ「整体」
6241,,美容整体・小顔矯正,,千葉県,,,,,,,美容整体 小顔矯正関連サービス,営業中（推定）,,未収集,収集元推奨: エキテン・ホットペッパービューティー / iタウンページ「整体」
6242,,美容整体・小顔矯正,,千葉県,,,,,,,美容整体 小顔矯正関連サービス,営業中（推定）,,未収集,収集元推奨: エキテン・ホットペッパービューティー / iタウンページ「整体」
6243,,美容整体・小顔矯正,,千葉県,,,,,,,美容整体 小顔矯正関連サービス,営業中（推定）,,未収集,収集元推奨: エキテン・ホットペッパービューティー / iタウンページ「整体」
6244,,美容整体・小顔矯正,,千葉県,,,,,,,美容整体 小顔矯正関連サービス,営業中（推定）,,未収集,収集元推奨: エキテン・ホットペッパービューティー / iタウンページ「整体」
6245,,美容整体・小顔矯正,,千葉県,,,,,,,美容整体 小顔矯正関連サービス,営業中（推定）,,未収集,収集元推奨: エキテン・ホットペッパービューティー / iタウンページ「整体」
6246,,美容整体・小顔矯正,,千葉県,,,,,,,美容整体 小顔矯正関連サービス,営業中（推定）,,未収集,収集元推奨: エキテン・ホットペッパービューティー / iタウンページ「整体」
6247,,美容整体・小顔矯正,,千葉県,,,,,,,美容整体 小顔矯正関連サービス,営業中（推定）,,未収集,収集元推奨: エキテン・ホットペッパービューティー / iタウンページ「整体」
6248,,美容整体・小顔矯正,,千葉県,,,,,,,美容整体 小顔矯正関連サービス,営業中（推定）,,未収集,収集元推奨: エキテン・ホットペッパービューティー / iタウンページ「整体」
6249,,美容整体・小顔矯正,,千葉県,,,,,,,美容整体 小顔矯正関連サービス,営業中（推定）,,未収集,収集元推奨: エキテン・ホットペッパービューティー / iタウンページ「整体」
6250,,美容整体・小顔矯正,,千葉県,,,,,,,美容整体 小顔矯正関連サービス,営業中（推定）,,未収集,収集元推奨: エキテン・ホットペッパービューティー / iタウンページ「整体」
6251,,美容整体・小顔矯正,,千葉県,,,,,,,美容整体 小顔矯正関連サービス,営業中（推定）,,未収集,収集元推奨: エキテン・ホットペッパービューティー / iタウンページ「整体」
6252,,美容整体・小顔矯正,,千葉県,,,,,,,美容整体 小顔矯正関連サービス,営業中（推定）,,未収集,収集元推奨: エキテン・ホットペッパービューティー / iタウンページ「整体」
6253,,美容整体・小顔矯正,,千葉県,,,,,,,美容整体 小顔矯正関連サービス,営業中（推定）,,未収集,収集元推奨: エキテン・ホットペッパービューティー / iタウンページ「整体」
6254,,美容整体・小顔矯正,,千葉県,,,,,,,美容整体 小顔矯正関連サービス,営業中（推定）,,未収集,収集元推奨: エキテン・ホットペッパービューティー / iタウンページ「整体」
6255,,美容整体・小顔矯正,,千葉県,,,,,,,美容整体 小顔矯正関連サービス,営業中（推定）,,未収集,収集元推奨: エキテン・ホットペッパービューティー / iタウンページ「整体」
6256,,美容整体・小顔矯正,,千葉県,,,,,,,美容整体 小顔矯正関連サービス,営業中（推定）,,未収集,収集元推奨: エキテン・ホットペッパービューティー / iタウンページ「整体」
6257,,美容鍼灸院,,千葉県,,,,,,,美容鍼灸院関連サービス,営業中（推定）,,未収集,収集元推奨: 日本鍼灸師会地方師会会員名簿 / 鍼灸ポータルサイト
6258,,美容鍼灸院,,千葉県,,,,,,,美容鍼灸院関連サービス,営業中（推定）,,未収集,収集元推奨: 日本鍼灸師会地方師会会員名簿 / 鍼灸ポータルサイト
6259,,美容鍼灸院,,千葉県,,,,,,,美容鍼灸院関連サービス,営業中（推定）,,未収集,収集元推奨: 日本鍼灸師会地方師会会員名簿 / 鍼灸ポータルサイト
6260,,美容鍼灸院,,千葉県,,,,,,,美容鍼灸院関連サービス,営業中（推定）,,未収集,収集元推奨: 日本鍼灸師会地方師会会員名簿 / 鍼灸ポータルサイト
6261,,美容鍼灸院,,千葉県,,,,,,,美容鍼灸院関連サービス,営業中（推定）,,未収集,収集元推奨: 日本鍼灸師会地方師会会員名簿 / 鍼灸ポータルサイト
6262,,美容鍼灸院,,千葉県,,,,,,,美容鍼灸院関連サービス,営業中（推定）,,未収集,収集元推奨: 日本鍼灸師会地方師会会員名簿 / 鍼灸ポータルサイト
6263,,美容鍼灸院,,千葉県,,,,,,,美容鍼灸院関連サービス,営業中（推定）,,未収集,収集元推奨: 日本鍼灸師会地方師会会員名簿 / 鍼灸ポータルサイト
6264,,美容鍼灸院,,千葉県,,,,,,,美容鍼灸院関連サービス,営業中（推定）,,未収集,収集元推奨: 日本鍼灸師会地方師会会員名簿 / 鍼灸ポータルサイト
6265,,美容鍼灸院,,千葉県,,,,,,,美容鍼灸院関連サービス,営業中（推定）,,未収集,収集元推奨: 日本鍼灸師会地方師会会員名簿 / 鍼灸ポータルサイト
6266,,美容鍼灸院,,千葉県,,,,,,,美容鍼灸院関連サービス,営業中（推定）,,未収集,収集元推奨: 日本鍼灸師会地方師会会員名簿 / 鍼灸ポータルサイト
6267,,美容鍼灸院,,千葉県,,,,,,,美容鍼灸院関連サービス,営業中（推定）,,未収集,収集元推奨: 日本鍼灸師会地方師会会員名簿 / 鍼灸ポータルサイト
6268,,美容鍼灸院,,千葉県,,,,,,,美容鍼灸院関連サービス,営業中（推定）,,未収集,収集元推奨: 日本鍼灸師会地方師会会員名簿 / 鍼灸ポータルサイト
6269,,美容鍼灸院,,千葉県,,,,,,,美容鍼灸院関連サービス,営業中（推定）,,未収集,収集元推奨: 日本鍼灸師会地方師会会員名簿 / 鍼灸ポータルサイト
6270,,美容鍼灸院,,千葉県,,,,,,,美容鍼灸院関連サービス,営業中（推定）,,未収集,収集元推奨: 日本鍼灸師会地方師会会員名簿 / 鍼灸ポータルサイト
6271,,美容鍼灸院,,千葉県,,,,,,,美容鍼灸院関連サービス,営業中（推定）,,未収集,収集元推奨: 日本鍼灸師会地方師会会員名簿 / 鍼灸ポータルサイト
6272,,美容鍼灸院,,千葉県,,,,,,,美容鍼灸院関連サービス,営業中（推定）,,未収集,収集元推奨: 日本鍼灸師会地方師会会員名簿 / 鍼灸ポータルサイト
6273,,美容鍼灸院,,千葉県,,,,,,,美容鍼灸院関連サービス,営業中（推定）,,未収集,収集元推奨: 日本鍼灸師会地方師会会員名簿 / 鍼灸ポータルサイト
6274,,美容鍼灸院,,千葉県,,,,,,,美容鍼灸院関連サービス,営業中（推定）,,未収集,収集元推奨: 日本鍼灸師会地方師会会員名簿 / 鍼灸ポータルサイト
6275,,美容鍼灸院,,千葉県,,,,,,,美容鍼灸院関連サービス,営業中（推定）,,未収集,収集元推奨: 日本鍼灸師会地方師会会員名簿 / 鍼灸ポータルサイト
6276,,美容鍼灸院,,千葉県,,,,,,,美容鍼灸院関連サービス,営業中（推定）,,未収集,収集元推奨: 日本鍼灸師会地方師会会員名簿 / 鍼灸ポータルサイト
6277,,美容鍼灸院,,千葉県,,,,,,,美容鍼灸院関連サービス,営業中（推定）,,未収集,収集元推奨: 日本鍼灸師会地方師会会員名簿 / 鍼灸ポータルサイト
6278,,美容鍼灸院,,千葉県,,,,,,,美容鍼灸院関連サービス,営業中（推定）,,未収集,収集元推奨: 日本鍼灸師会地方師会会員名簿 / 鍼灸ポータルサイト
6279,,美容鍼灸院,,千葉県,,,,,,,美容鍼灸院関連サービス,営業中（推定）,,未収集,収集元推奨: 日本鍼灸師会地方師会会員名簿 / 鍼灸ポータルサイト
6280,,美容鍼灸院,,千葉県,,,,,,,美容鍼灸院関連サービス,営業中（推定）,,未収集,収集元推奨: 日本鍼灸師会地方師会会員名簿 / 鍼灸ポータルサイト
6281,,美容鍼灸院,,千葉県,,,,,,,美容鍼灸院関連サービス,営業中（推定）,,未収集,収集元推奨: 日本鍼灸師会地方師会会員名簿 / 鍼灸ポータルサイト
6282,,美容鍼灸院,,千葉県,,,,,,,美容鍼灸院関連サービス,営業中（推定）,,未収集,収集元推奨: 日本鍼灸師会地方師会会員名簿 / 鍼灸ポータルサイト
6283,,美容鍼灸院,,千葉県,,,,,,,美容鍼灸院関連サービス,営業中（推定）,,未収集,収集元推奨: 日本鍼灸師会地方師会会員名簿 / 鍼灸ポータルサイト
6284,,美容鍼灸院,,千葉県,,,,,,,美容鍼灸院関連サービス,営業中（推定）,,未収集,収集元推奨: 日本鍼灸師会地方師会会員名簿 / 鍼灸ポータルサイト
6285,,美容鍼灸院,,千葉県,,,,,,,美容鍼灸院関連サービス,営業中（推定）,,未収集,収集元推奨: 日本鍼灸師会地方師会会員名簿 / 鍼灸ポータルサイト
6286,,美容鍼灸院,,千葉県,,,,,,,美容鍼灸院関連サービス,営業中（推定）,,未収集,収集元推奨: 日本鍼灸師会地方師会会員名簿 / 鍼灸ポータルサイト
6287,,アロマ・リラクゼーション,,千葉県,,,,,,,アロマ リラクゼーション関連サービス,営業中（推定）,,未収集,収集元推奨: AEAJ認定サロン一覧 / ホットペッパービューティー
6288,,アロマ・リラクゼーション,,千葉県,,,,,,,アロマ リラクゼーション関連サービス,営業中（推定）,,未収集,収集元推奨: AEAJ認定サロン一覧 / ホットペッパービューティー
6289,,アロマ・リラクゼーション,,千葉県,,,,,,,アロマ リラクゼーション関連サービス,営業中（推定）,,未収集,収集元推奨: AEAJ認定サロン一覧 / ホットペッパービューティー
6290,,アロマ・リラクゼーション,,千葉県,,,,,,,アロマ リラクゼーション関連サービス,営業中（推定）,,未収集,収集元推奨: AEAJ認定サロン一覧 / ホットペッパービューティー
6291,,アロマ・リラクゼーション,,千葉県,,,,,,,アロマ リラクゼーション関連サービス,営業中（推定）,,未収集,収集元推奨: AEAJ認定サロン一覧 / ホットペッパービューティー
6292,,アロマ・リラクゼーション,,千葉県,,,,,,,アロマ リラクゼーション関連サービス,営業中（推定）,,未収集,収集元推奨: AEAJ認定サロン一覧 / ホットペッパービューティー
6293,,アロマ・リラクゼーション,,千葉県,,,,,,,アロマ リラクゼーション関連サービス,営業中（推定）,,未収集,収集元推奨: AEAJ認定サロン一覧 / ホットペッパービューティー
6294,,アロマ・リラクゼーション,,千葉県,,,,,,,アロマ リラクゼーション関連サービス,営業中（推定）,,未収集,収集元推奨: AEAJ認定サロン一覧 / ホットペッパービューティー
6295,,アロマ・リラクゼーション,,千葉県,,,,,,,アロマ リラクゼーション関連サービス,営業中（推定）,,未収集,収集元推奨: AEAJ認定サロン一覧 / ホットペッパービューティー
6296,,アロマ・リラクゼーション,,千葉県,,,,,,,アロマ リラクゼーション関連サービス,営業中（推定）,,未収集,収集元推奨: AEAJ認定サロン一覧 / ホットペッパービューティー
6297,,アロマ・リラクゼーション,,千葉県,,,,,,,アロマ リラクゼーション関連サービス,営業中（推定）,,未収集,収集元推奨: AEAJ認定サロン一覧 / ホットペッパービューティー
6298,,アロマ・リラクゼーション,,千葉県,,,,,,,アロマ リラクゼーション関連サービス,営業中（推定）,,未収集,収集元推奨: AEAJ認定サロン一覧 / ホットペッパービューティー
6299,,アロマ・リラクゼーション,,千葉県,,,,,,,アロマ リラクゼーション関連サービス,営業中（推定）,,未収集,収集元推奨: AEAJ認定サロン一覧 / ホットペッパービューティー
6300,,アロマ・リラクゼーション,,千葉県,,,,,,,アロマ リラクゼーション関連サービス,営業中（推定）,,未収集,収集元推奨: AEAJ認定サロン一覧 / ホットペッパービューティー
6301,,アロマ・リラクゼーション,,千葉県,,,,,,,アロマ リラクゼーション関連サービス,営業中（推定）,,未収集,収集元推奨: AEAJ認定サロン一覧 / ホットペッパービューティー
6302,,アロマ・リラクゼーション,,千葉県,,,,,,,アロマ リラクゼーション関連サービス,営業中（推定）,,未収集,収集元推奨: AEAJ認定サロン一覧 / ホットペッパービューティー
6303,,アロマ・リラクゼーション,,千葉県,,,,,,,アロマ リラクゼーション関連サービス,営業中（推定）,,未収集,収集元推奨: AEAJ認定サロン一覧 / ホットペッパービューティー
6304,,アロマ・リラクゼーション,,千葉県,,,,,,,アロマ リラクゼーション関連サービス,営業中（推定）,,未収集,収集元推奨: AEAJ認定サロン一覧 / ホットペッパービューティー
6305,,アロマ・リラクゼーション,,千葉県,,,,,,,アロマ リラクゼーション関連サービス,営業中（推定）,,未収集,収集元推奨: AEAJ認定サロン一覧 / ホットペッパービューティー
6306,,アロマ・リラクゼーション,,千葉県,,,,,,,アロマ リラクゼーション関連サービス,営業中（推定）,,未収集,収集元推奨: AEAJ認定サロン一覧 / ホットペッパービューティー
6307,,アロマ・リラクゼーション,,千葉県,,,,,,,アロマ リラクゼーション関連サービス,営業中（推定）,,未収集,収集元推奨: AEAJ認定サロン一覧 / ホットペッパービューティー
6308,,アロマ・リラクゼーション,,千葉県,,,,,,,アロマ リラクゼーション関連サービス,営業中（推定）,,未収集,収集元推奨: AEAJ認定サロン一覧 / ホットペッパービューティー
6309,,アロマ・リラクゼーション,,千葉県,,,,,,,アロマ リラクゼーション関連サービス,営業中（推定）,,未収集,収集元推奨: AEAJ認定サロン一覧 / ホットペッパービューティー
6310,,アロマ・リラクゼーション,,千葉県,,,,,,,アロマ リラクゼーション関連サービス,営業中（推定）,,未収集,収集元推奨: AEAJ認定サロン一覧 / ホットペッパービューティー
6311,,アロマ・リラクゼーション,,千葉県,,,,,,,アロマ リラクゼーション関連サービス,営業中（推定）,,未収集,収集元推奨: AEAJ認定サロン一覧 / ホットペッパービューティー
6312,,アロマ・リラクゼーション,,千葉県,,,,,,,アロマ リラクゼーション関連サービス,営業中（推定）,,未収集,収集元推奨: AEAJ認定サロン一覧 / ホットペッパービューティー
6313,,アロマ・リラクゼーション,,千葉県,,,,,,,アロマ リラクゼーション関連サービス,営業中（推定）,,未収集,収集元推奨: AEAJ認定サロン一覧 / ホットペッパービューティー
6314,,アロマ・リラクゼーション,,千葉県,,,,,,,アロマ リラクゼーション関連サービス,営業中（推定）,,未収集,収集元推奨: AEAJ認定サロン一覧 / ホットペッパービューティー
6315,,アロマ・リラクゼーション,,千葉県,,,,,,,アロマ リラクゼーション関連サービス,営業中（推定）,,未収集,収集元推奨: AEAJ認定サロン一覧 / ホットペッパービューティー
6316,,アロマ・リラクゼーション,,千葉県,,,,,,,アロマ リラクゼーション関連サービス,営業中（推定）,,未収集,収集元推奨: AEAJ認定サロン一覧 / ホットペッパービューティー
6317,,美容クリニック,,千葉県,,,,,,,美容クリニック関連サービス,営業中（推定）,,未収集,収集元推奨: 日本美容外科学会(JSAS)会員 / 各クリニック公式サイト
6318,,美容クリニック,,千葉県,,,,,,,美容クリニック関連サービス,営業中（推定）,,未収集,収集元推奨: 日本美容外科学会(JSAS)会員 / 各クリニック公式サイト
6319,,美容クリニック,,千葉県,,,,,,,美容クリニック関連サービス,営業中（推定）,,未収集,収集元推奨: 日本美容外科学会(JSAS)会員 / 各クリニック公式サイト
6320,,美容クリニック,,千葉県,,,,,,,美容クリニック関連サービス,営業中（推定）,,未収集,収集元推奨: 日本美容外科学会(JSAS)会員 / 各クリニック公式サイト
6321,,美容クリニック,,千葉県,,,,,,,美容クリニック関連サービス,営業中（推定）,,未収集,収集元推奨: 日本美容外科学会(JSAS)会員 / 各クリニック公式サイト
6322,,美容クリニック,,千葉県,,,,,,,美容クリニック関連サービス,営業中（推定）,,未収集,収集元推奨: 日本美容外科学会(JSAS)会員 / 各クリニック公式サイト
6323,,美容クリニック,,千葉県,,,,,,,美容クリニック関連サービス,営業中（推定）,,未収集,収集元推奨: 日本美容外科学会(JSAS)会員 / 各クリニック公式サイト
6324,,美容クリニック,,千葉県,,,,,,,美容クリニック関連サービス,営業中（推定）,,未収集,収集元推奨: 日本美容外科学会(JSAS)会員 / 各クリニック公式サイト
6325,,美容クリニック,,千葉県,,,,,,,美容クリニック関連サービス,営業中（推定）,,未収集,収集元推奨: 日本美容外科学会(JSAS)会員 / 各クリニック公式サイト
6326,,美容クリニック,,千葉県,,,,,,,美容クリニック関連サービス,営業中（推定）,,未収集,収集元推奨: 日本美容外科学会(JSAS)会員 / 各クリニック公式サイト
6327,,美容クリニック,,千葉県,,,,,,,美容クリニック関連サービス,営業中（推定）,,未収集,収集元推奨: 日本美容外科学会(JSAS)会員 / 各クリニック公式サイト
6328,,美容クリニック,,千葉県,,,,,,,美容クリニック関連サービス,営業中（推定）,,未収集,収集元推奨: 日本美容外科学会(JSAS)会員 / 各クリニック公式サイト
6329,,美容クリニック,,千葉県,,,,,,,美容クリニック関連サービス,営業中（推定）,,未収集,収集元推奨: 日本美容外科学会(JSAS)会員 / 各クリニック公式サイト
6330,,美容クリニック,,千葉県,,,,,,,美容クリニック関連サービス,営業中（推定）,,未収集,収集元推奨: 日本美容外科学会(JSAS)会員 / 各クリニック公式サイト
6331,,美容クリニック,,千葉県,,,,,,,美容クリニック関連サービス,営業中（推定）,,未収集,収集元推奨: 日本美容外科学会(JSAS)会員 / 各クリニック公式サイト
6332,,美容クリニック,,千葉県,,,,,,,美容クリニック関連サービス,営業中（推定）,,未収集,収集元推奨: 日本美容外科学会(JSAS)会員 / 各クリニック公式サイト
6333,,美容クリニック,,千葉県,,,,,,,美容クリニック関連サービス,営業中（推定）,,未収集,収集元推奨: 日本美容外科学会(JSAS)会員 / 各クリニック公式サイト
6334,,美容クリニック,,千葉県,,,,,,,美容クリニック関連サービス,営業中（推定）,,未収集,収集元推奨: 日本美容外科学会(JSAS)会員 / 各クリニック公式サイト
6335,,美容クリニック,,千葉県,,,,,,,美容クリニック関連サービス,営業中（推定）,,未収集,収集元推奨: 日本美容外科学会(JSAS)会員 / 各クリニック公式サイト
6336,,美容クリニック,,千葉県,,,,,,,美容クリニック関連サービス,営業中（推定）,,未収集,収集元推奨: 日本美容外科学会(JSAS)会員 / 各クリニック公式サイト
6337,,美容クリニック,,千葉県,,,,,,,美容クリニック関連サービス,営業中（推定）,,未収集,収集元推奨: 日本美容外科学会(JSAS)会員 / 各クリニック公式サイト
6338,,美容クリニック,,千葉県,,,,,,,美容クリニック関連サービス,営業中（推定）,,未収集,収集元推奨: 日本美容外科学会(JSAS)会員 / 各クリニック公式サイト
6339,,美容クリニック,,千葉県,,,,,,,美容クリニック関連サービス,営業中（推定）,,未収集,収集元推奨: 日本美容外科学会(JSAS)会員 / 各クリニック公式サイト
6340,,美容クリニック,,千葉県,,,,,,,美容クリニック関連サービス,営業中（推定）,,未収集,収集元推奨: 日本美容外科学会(JSAS)会員 / 各クリニック公式サイト
6341,,美容クリニック,,千葉県,,,,,,,美容クリニック関連サービス,営業中（推定）,,未収集,収集元推奨: 日本美容外科学会(JSAS)会員 / 各クリニック公式サイト
6342,,美容クリニック,,千葉県,,,,,,,美容クリニック関連サービス,営業中（推定）,,未収集,収集元推奨: 日本美容外科学会(JSAS)会員 / 各クリニック公式サイト
6343,,美容クリニック,,千葉県,,,,,,,美容クリニック関連サービス,営業中（推定）,,未収集,収集元推奨: 日本美容外科学会(JSAS)会員 / 各クリニック公式サイト
6344,,美容クリニック,,千葉県,,,,,,,美容クリニック関連サービス,営業中（推定）,,未収集,収集元推奨: 日本美容外科学会(JSAS)会員 / 各クリニック公式サイト
6345,,美容クリニック,,千葉県,,,,,,,美容クリニック関連サービス,営業中（推定）,,未収集,収集元推奨: 日本美容外科学会(JSAS)会員 / 各クリニック公式サイト
6346,,美容クリニック,,千葉県,,,,,,,美容クリニック関連サービス,営業中（推定）,,未収集,収集元推奨: 日本美容外科学会(JSAS)会員 / 各クリニック公式サイト
6347,,美容機器メーカー・ディーラー,,千葉県,,,,,,,美容機器メーカー ディーラー関連サービス,営業中（推定）,,未収集,収集元推奨: BeautyWorld Japan展示会出展者一覧 / 国税庁法人番号DB
6348,,美容機器メーカー・ディーラー,,千葉県,,,,,,,美容機器メーカー ディーラー関連サービス,営業中（推定）,,未収集,収集元推奨: BeautyWorld Japan展示会出展者一覧 / 国税庁法人番号DB
6349,,美容機器メーカー・ディーラー,,千葉県,,,,,,,美容機器メーカー ディーラー関連サービス,営業中（推定）,,未収集,収集元推奨: BeautyWorld Japan展示会出展者一覧 / 国税庁法人番号DB
6350,,美容機器メーカー・ディーラー,,千葉県,,,,,,,美容機器メーカー ディーラー関連サービス,営業中（推定）,,未収集,収集元推奨: BeautyWorld Japan展示会出展者一覧 / 国税庁法人番号DB
6351,,美容機器メーカー・ディーラー,,千葉県,,,,,,,美容機器メーカー ディーラー関連サービス,営業中（推定）,,未収集,収集元推奨: BeautyWorld Japan展示会出展者一覧 / 国税庁法人番号DB
6352,,美容機器メーカー・ディーラー,,千葉県,,,,,,,美容機器メーカー ディーラー関連サービス,営業中（推定）,,未収集,収集元推奨: BeautyWorld Japan展示会出展者一覧 / 国税庁法人番号DB
6353,,美容機器メーカー・ディーラー,,千葉県,,,,,,,美容機器メーカー ディーラー関連サービス,営業中（推定）,,未収集,収集元推奨: BeautyWorld Japan展示会出展者一覧 / 国税庁法人番号DB
6354,,美容機器メーカー・ディーラー,,千葉県,,,,,,,美容機器メーカー ディーラー関連サービス,営業中（推定）,,未収集,収集元推奨: BeautyWorld Japan展示会出展者一覧 / 国税庁法人番号DB
6355,,美容機器メーカー・ディーラー,,千葉県,,,,,,,美容機器メーカー ディーラー関連サービス,営業中（推定）,,未収集,収集元推奨: BeautyWorld Japan展示会出展者一覧 / 国税庁法人番号DB
6356,,美容機器メーカー・ディーラー,,千葉県,,,,,,,美容機器メーカー ディーラー関連サービス,営業中（推定）,,未収集,収集元推奨: BeautyWorld Japan展示会出展者一覧 / 国税庁法人番号DB
6357,,美容機器メーカー・ディーラー,,千葉県,,,,,,,美容機器メーカー ディーラー関連サービス,営業中（推定）,,未収集,収集元推奨: BeautyWorld Japan展示会出展者一覧 / 国税庁法人番号DB
6358,,美容機器メーカー・ディーラー,,千葉県,,,,,,,美容機器メーカー ディーラー関連サービス,営業中（推定）,,未収集,収集元推奨: BeautyWorld Japan展示会出展者一覧 / 国税庁法人番号DB
6359,,美容機器メーカー・ディーラー,,千葉県,,,,,,,美容機器メーカー ディーラー関連サービス,営業中（推定）,,未収集,収集元推奨: BeautyWorld Japan展示会出展者一覧 / 国税庁法人番号DB
6360,,美容機器メーカー・ディーラー,,千葉県,,,,,,,美容機器メーカー ディーラー関連サービス,営業中（推定）,,未収集,収集元推奨: BeautyWorld Japan展示会出展者一覧 / 国税庁法人番号DB
6361,,美容機器メーカー・ディーラー,,千葉県,,,,,,,美容機器メーカー ディーラー関連サービス,営業中（推定）,,未収集,収集元推奨: BeautyWorld Japan展示会出展者一覧 / 国税庁法人番号DB
6362,,美容機器メーカー・ディーラー,,千葉県,,,,,,,美容機器メーカー ディーラー関連サービス,営業中（推定）,,未収集,収集元推奨: BeautyWorld Japan展示会出展者一覧 / 国税庁法人番号DB
6363,,美容機器メーカー・ディーラー,,千葉県,,,,,,,美容機器メーカー ディーラー関連サービス,営業中（推定）,,未収集,収集元推奨: BeautyWorld Japan展示会出展者一覧 / 国税庁法人番号DB
6364,,美容機器メーカー・ディーラー,,千葉県,,,,,,,美容機器メーカー ディーラー関連サービス,営業中（推定）,,未収集,収集元推奨: BeautyWorld Japan展示会出展者一覧 / 国税庁法人番号DB
6365,,美容機器メーカー・ディーラー,,千葉県,,,,,,,美容機器メーカー ディーラー関連サービス,営業中（推定）,,未収集,収集元推奨: BeautyWorld Japan展示会出展者一覧 / 国税庁法人番号DB
6366,,美容機器メーカー・ディーラー,,千葉県,,,,,,,美容機器メーカー ディーラー関連サービス,営業中（推定）,,未収集,収集元推奨: BeautyWorld Japan展示会出展者一覧 / 国税庁法人番号DB
6367,,美容機器メーカー・ディーラー,,千葉県,,,,,,,美容機器メーカー ディーラー関連サービス,営業中（推定）,,未収集,収集元推奨: BeautyWorld Japan展示会出展者一覧 / 国税庁法人番号DB
6368,,美容機器メーカー・ディーラー,,千葉県,,,,,,,美容機器メーカー ディーラー関連サービス,営業中（推定）,,未収集,収集元推奨: BeautyWorld Japan展示会出展者一覧 / 国税庁法人番号DB
6369,,美容機器メーカー・ディーラー,,千葉県,,,,,,,美容機器メーカー ディーラー関連サービス,営業中（推定）,,未収集,収集元推奨: BeautyWorld Japan展示会出展者一覧 / 国税庁法人番号DB
6370,,化粧品メーカー,,千葉県,,,,,,,化粧品メーカー関連サービス,営業中（推定）,,未収集,収集元推奨: 日本化粧品工業会(JCIA)会員 / 国税庁法人番号DB
6371,,化粧品メーカー,,千葉県,,,,,,,化粧品メーカー関連サービス,営業中（推定）,,未収集,収集元推奨: 日本化粧品工業会(JCIA)会員 / 国税庁法人番号DB
6372,,化粧品メーカー,,千葉県,,,,,,,化粧品メーカー関連サービス,営業中（推定）,,未収集,収集元推奨: 日本化粧品工業会(JCIA)会員 / 国税庁法人番号DB
6373,,化粧品メーカー,,千葉県,,,,,,,化粧品メーカー関連サービス,営業中（推定）,,未収集,収集元推奨: 日本化粧品工業会(JCIA)会員 / 国税庁法人番号DB
6374,,化粧品メーカー,,千葉県,,,,,,,化粧品メーカー関連サービス,営業中（推定）,,未収集,収集元推奨: 日本化粧品工業会(JCIA)会員 / 国税庁法人番号DB
6375,,化粧品メーカー,,千葉県,,,,,,,化粧品メーカー関連サービス,営業中（推定）,,未収集,収集元推奨: 日本化粧品工業会(JCIA)会員 / 国税庁法人番号DB
6376,,化粧品メーカー,,千葉県,,,,,,,化粧品メーカー関連サービス,営業中（推定）,,未収集,収集元推奨: 日本化粧品工業会(JCIA)会員 / 国税庁法人番号DB
6377,,化粧品メーカー,,千葉県,,,,,,,化粧品メーカー関連サービス,営業中（推定）,,未収集,収集元推奨: 日本化粧品工業会(JCIA)会員 / 国税庁法人番号DB
6378,,化粧品メーカー,,千葉県,,,,,,,化粧品メーカー関連サービス,営業中（推定）,,未収集,収集元推奨: 日本化粧品工業会(JCIA)会員 / 国税庁法人番号DB
6379,,化粧品メーカー,,千葉県,,,,,,,化粧品メーカー関連サービス,営業中（推定）,,未収集,収集元推奨: 日本化粧品工業会(JCIA)会員 / 国税庁法人番号DB
6380,,化粧品メーカー,,千葉県,,,,,,,化粧品メーカー関連サービス,営業中（推定）,,未収集,収集元推奨: 日本化粧品工業会(JCIA)会員 / 国税庁法人番号DB
6381,,化粧品メーカー,,千葉県,,,,,,,化粧品メーカー関連サービス,営業中（推定）,,未収集,収集元推奨: 日本化粧品工業会(JCIA)会員 / 国税庁法人番号DB
6382,,化粧品メーカー,,千葉県,,,,,,,化粧品メーカー関連サービス,営業中（推定）,,未収集,収集元推奨: 日本化粧品工業会(JCIA)会員 / 国税庁法人番号DB
6383,,化粧品メーカー,,千葉県,,,,,,,化粧品メーカー関連サービス,営業中（推定）,,未収集,収集元推奨: 日本化粧品工業会(JCIA)会員 / 国税庁法人番号DB
6384,,化粧品メーカー,,千葉県,,,,,,,化粧品メーカー関連サービス,営業中（推定）,,未収集,収集元推奨: 日本化粧品工業会(JCIA)会員 / 国税庁法人番号DB
6385,,化粧品メーカー,,千葉県,,,,,,,化粧品メーカー関連サービス,営業中（推定）,,未収集,収集元推奨: 日本化粧品工業会(JCIA)会員 / 国税庁法人番号DB
6386,,化粧品メーカー,,千葉県,,,,,,,化粧品メーカー関連サービス,営業中（推定）,,未収集,収集元推奨: 日本化粧品工業会(JCIA)会員 / 国税庁法人番号DB
6387,,化粧品メーカー,,千葉県,,,,,,,化粧品メーカー関連サービス,営業中（推定）,,未収集,収集元推奨: 日本化粧品工業会(JCIA)会員 / 国税庁法人番号DB
6388,,化粧品メーカー,,千葉県,,,,,,,化粧品メーカー関連サービス,営業中（推定）,,未収集,収集元推奨: 日本化粧品工業会(JCIA)会員 / 国税庁法人番号DB
6389,,化粧品メーカー,,千葉県,,,,,,,化粧品メーカー関連サービス,営業中（推定）,,未収集,収集元推奨: 日本化粧品工業会(JCIA)会員 / 国税庁法人番号DB
6390,,化粧品メーカー,,千葉県,,,,,,,化粧品メーカー関連サービス,営業中（推定）,,未収集,収集元推奨: 日本化粧品工業会(JCIA)会員 / 国税庁法人番号DB
6391,,化粧品メーカー,,千葉県,,,,,,,化粧品メーカー関連サービス,営業中（推定）,,未収集,収集元推奨: 日本化粧品工業会(JCIA)会員 / 国税庁法人番号DB
6392,,化粧品メーカー,,千葉県,,,,,,,化粧品メーカー関連サービス,営業中（推定）,,未収集,収集元推奨: 日本化粧品工業会(JCIA)会員 / 国税庁法人番号DB
6393,,化粧品メーカー,,千葉県,,,,,,,化粧品メーカー関連サービス,営業中（推定）,,未収集,収集元推奨: 日本化粧品工業会(JCIA)会員 / 国税庁法人番号DB
6394,,化粧品メーカー,,千葉県,,,,,,,化粧品メーカー関連サービス,営業中（推定）,,未収集,収集元推奨: 日本化粧品工業会(JCIA)会員 / 国税庁法人番号DB
6395,,化粧品メーカー,,千葉県,,,,,,,化粧品メーカー関連サービス,営業中（推定）,,未収集,収集元推奨: 日本化粧品工業会(JCIA)会員 / 国税庁法人番号DB
6396,,化粧品メーカー,,千葉県,,,,,,,化粧品メーカー関連サービス,営業中（推定）,,未収集,収集元推奨: 日本化粧品工業会(JCIA)会員 / 国税庁法人番号DB
6397,,化粧品メーカー,,千葉県,,,,,,,化粧品メーカー関連サービス,営業中（推定）,,未収集,収集元推奨: 日本化粧品工業会(JCIA)会員 / 国税庁法人番号DB
6398,,化粧品メーカー,,千葉県,,,,,,,化粧品メーカー関連サービス,営業中（推定）,,未収集,収集元推奨: 日本化粧品工業会(JCIA)会員 / 国税庁法人番号DB
6399,,化粧品メーカー,,千葉県,,,,,,,化粧品メーカー関連サービス,営業中（推定）,,未収集,収集元推奨: 日本化粧品工業会(JCIA)会員 / 国税庁法人番号DB
6400,,ヘアサロン・サロンオーナー,,千葉県,,,,,,,ヘアサロン サロンオーナー関連サービス,営業中（推定）,,未収集,収集元推奨: ホットペッパービューティー / 美容師会 / iタウンページ
6401,,ヘアサロン・サロンオーナー,,千葉県,,,,,,,ヘアサロン サロンオーナー関連サービス,営業中（推定）,,未収集,収集元推奨: ホットペッパービューティー / 美容師会 / iタウンページ
6402,,ヘアサロン・サロンオーナー,,千葉県,,,,,,,ヘアサロン サロンオーナー関連サービス,営業中（推定）,,未収集,収集元推奨: ホットペッパービューティー / 美容師会 / iタウンページ
6403,,ヘアサロン・サロンオーナー,,千葉県,,,,,,,ヘアサロン サロンオーナー関連サービス,営業中（推定）,,未収集,収集元推奨: ホットペッパービューティー / 美容師会 / iタウンページ
6404,,ヘアサロン・サロンオーナー,,千葉県,,,,,,,ヘアサロン サロンオーナー関連サービス,営業中（推定）,,未収集,収集元推奨: ホットペッパービューティー / 美容師会 / iタウンページ
6405,,ヘアサロン・サロンオーナー,,千葉県,,,,,,,ヘアサロン サロンオーナー関連サービス,営業中（推定）,,未収集,収集元推奨: ホットペッパービューティー / 美容師会 / iタウンページ
6406,,ヘアサロン・サロンオーナー,,千葉県,,,,,,,ヘアサロン サロンオーナー関連サービス,営業中（推定）,,未収集,収集元推奨: ホットペッパービューティー / 美容師会 / iタウンページ
6407,,ヘアサロン・サロンオーナー,,千葉県,,,,,,,ヘアサロン サロンオーナー関連サービス,営業中（推定）,,未収集,収集元推奨: ホットペッパービューティー / 美容師会 / iタウンページ
6408,,ヘアサロン・サロンオーナー,,千葉県,,,,,,,ヘアサロン サロンオーナー関連サービス,営業中（推定）,,未収集,収集元推奨: ホットペッパービューティー / 美容師会 / iタウンページ
6409,,ヘアサロン・サロンオーナー,,千葉県,,,,,,,ヘアサロン サロンオーナー関連サービス,営業中（推定）,,未収集,収集元推奨: ホットペッパービューティー / 美容師会 / iタウンページ
6410,,ヘアサロン・サロンオーナー,,千葉県,,,,,,,ヘアサロン サロンオーナー関連サービス,営業中（推定）,,未収集,収集元推奨: ホットペッパービューティー / 美容師会 / iタウンページ
6411,,ヘアサロン・サロンオーナー,,千葉県,,,,,,,ヘアサロン サロンオーナー関連サービス,営業中（推定）,,未収集,収集元推奨: ホットペッパービューティー / 美容師会 / iタウンページ
6412,,ヘアサロン・サロンオーナー,,千葉県,,,,,,,ヘアサロン サロンオーナー関連サービス,営業中（推定）,,未収集,収集元推奨: ホットペッパービューティー / 美容師会 / iタウンページ
6413,,ヘアサロン・サロンオーナー,,千葉県,,,,,,,ヘアサロン サロンオーナー関連サービス,営業中（推定）,,未収集,収集元推奨: ホットペッパービューティー / 美容師会 / iタウンページ
6414,,ヘアサロン・サロンオーナー,,千葉県,,,,,,,ヘアサロン サロンオーナー関連サービス,営業中（推定）,,未収集,収集元推奨: ホットペッパービューティー / 美容師会 / iタウンページ
6415,,ヘアサロン・サロンオーナー,,千葉県,,,,,,,ヘアサロン サロンオーナー関連サービス,営業中（推定）,,未収集,収集元推奨: ホットペッパービューティー / 美容師会 / iタウンページ
6416,,ヘアサロン・サロンオーナー,,千葉県,,,,,,,ヘアサロン サロンオーナー関連サービス,営業中（推定）,,未収集,収集元推奨: ホットペッパービューティー / 美容師会 / iタウンページ
6417,,ヘアサロン・サロンオーナー,,千葉県,,,,,,,ヘアサロン サロンオーナー関連サービス,営業中（推定）,,未収集,収集元推奨: ホットペッパービューティー / 美容師会 / iタウンページ
6418,,ヘアサロン・サロンオーナー,,千葉県,,,,,,,ヘアサロン サロンオーナー関連サービス,営業中（推定）,,未収集,収集元推奨: ホットペッパービューティー / 美容師会 / iタウンページ
6419,,ヘアサロン・サロンオーナー,,千葉県,,,,,,,ヘアサロン サロンオーナー関連サービス,営業中（推定）,,未収集,収集元推奨: ホットペッパービューティー / 美容師会 / iタウンページ
6420,,ヘアサロン・サロンオーナー,,千葉県,,,,,,,ヘアサロン サロンオーナー関連サービス,営業中（推定）,,未収集,収集元推奨: ホットペッパービューティー / 美容師会 / iタウンページ
6421,,ヘアサロン・サロンオーナー,,千葉県,,,,,,,ヘアサロン サロンオーナー関連サービス,営業中（推定）,,未収集,収集元推奨: ホットペッパービューティー / 美容師会 / iタウンページ
6422,,ヘアサロン・サロンオーナー,,千葉県,,,,,,,ヘアサロン サロンオーナー関連サービス,営業中（推定）,,未収集,収集元推奨: ホットペッパービューティー / 美容師会 / iタウンページ
6423,,ヘアサロン・サロンオーナー,,千葉県,,,,,,,ヘアサロン サロンオーナー関連サービス,営業中（推定）,,未収集,収集元推奨: ホットペッパービューティー / 美容師会 / iタウンページ
6424,,ヘアサロン・サロンオーナー,,千葉県,,,,,,,ヘアサロン サロンオーナー関連サービス,営業中（推定）,,未収集,収集元推奨: ホットペッパービューティー / 美容師会 / iタウンページ
6425,,ヘアサロン・サロンオーナー,,千葉県,,,,,,,ヘアサロン サロンオーナー関連サービス,営業中（推定）,,未収集,収集元推奨: ホットペッパービューティー / 美容師会 / iタウンページ
6426,,ヘアサロン・サロンオーナー,,千葉県,,,,,,,ヘアサロン サロンオーナー関連サービス,営業中（推定）,,未収集,収集元推奨: ホットペッパービューティー / 美容師会 / iタウンページ
6427,,ヘアサロン・サロンオーナー,,千葉県,,,,,,,ヘアサロン サロンオーナー関連サービス,営業中（推定）,,未収集,収集元推奨: ホットペッパービューティー / 美容師会 / iタウンページ
6428,,ヘアサロン・サロンオーナー,,千葉県,,,,,,,ヘアサロン サロンオーナー関連サービス,営業中（推定）,,未収集,収集元推奨: ホットペッパービューティー / 美容師会 / iタウンページ
6429,,ヘアサロン・サロンオーナー,,千葉県,,,,,,,ヘアサロン サロンオーナー関連サービス,営業中（推定）,,未収集,収集元推奨: ホットペッパービューティー / 美容師会 / iタウンページ
6430,,IT・AI×美容,,千葉県,,,,,,,IT AI×美容関連サービス,営業中（推定）,,未収集,収集元推奨: スタートアップDB / PRTIMES / 展示会(BeautyTech系)
6431,,IT・AI×美容,,千葉県,,,,,,,IT AI×美容関連サービス,営業中（推定）,,未収集,収集元推奨: スタートアップDB / PRTIMES / 展示会(BeautyTech系)
6432,,IT・AI×美容,,千葉県,,,,,,,IT AI×美容関連サービス,営業中（推定）,,未収集,収集元推奨: スタートアップDB / PRTIMES / 展示会(BeautyTech系)
6433,,IT・AI×美容,,千葉県,,,,,,,IT AI×美容関連サービス,営業中（推定）,,未収集,収集元推奨: スタートアップDB / PRTIMES / 展示会(BeautyTech系)
6434,,IT・AI×美容,,千葉県,,,,,,,IT AI×美容関連サービス,営業中（推定）,,未収集,収集元推奨: スタートアップDB / PRTIMES / 展示会(BeautyTech系)
6435,,IT・AI×美容,,千葉県,,,,,,,IT AI×美容関連サービス,営業中（推定）,,未収集,収集元推奨: スタートアップDB / PRTIMES / 展示会(BeautyTech系)
6436,,IT・AI×美容,,千葉県,,,,,,,IT AI×美容関連サービス,営業中（推定）,,未収集,収集元推奨: スタートアップDB / PRTIMES / 展示会(BeautyTech系)
6437,,IT・AI×美容,,千葉県,,,,,,,IT AI×美容関連サービス,営業中（推定）,,未収集,収集元推奨: スタートアップDB / PRTIMES / 展示会(BeautyTech系)
6438,,IT・AI×美容,,千葉県,,,,,,,IT AI×美容関連サービス,営業中（推定）,,未収集,収集元推奨: スタートアップDB / PRTIMES / 展示会(BeautyTech系)
6439,,IT・AI×美容,,千葉県,,,,,,,IT AI×美容関連サービス,営業中（推定）,,未収集,収集元推奨: スタートアップDB / PRTIMES / 展示会(BeautyTech系)
6440,,IT・AI×美容,,千葉県,,,,,,,IT AI×美容関連サービス,営業中（推定）,,未収集,収集元推奨: スタートアップDB / PRTIMES / 展示会(BeautyTech系)
6441,,IT・AI×美容,,千葉県,,,,,,,IT AI×美容関連サービス,営業中（推定）,,未収集,収集元推奨: スタートアップDB / PRTIMES / 展示会(BeautyTech系)
6442,,IT・AI×美容,,千葉県,,,,,,,IT AI×美容関連サービス,営業中（推定）,,未収集,収集元推奨: スタートアップDB / PRTIMES / 展示会(BeautyTech系)
6443,,IT・AI×美容,,千葉県,,,,,,,IT AI×美容関連サービス,営業中（推定）,,未収集,収集元推奨: スタートアップDB / PRTIMES / 展示会(BeautyTech系)
6444,,IT・AI×美容,,千葉県,,,,,,,IT AI×美容関連サービス,営業中（推定）,,未収集,収集元推奨: スタートアップDB / PRTIMES / 展示会(BeautyTech系)
6445,,IT・AI×美容,,千葉県,,,,,,,IT AI×美容関連サービス,営業中（推定）,,未収集,収集元推奨: スタートアップDB / PRTIMES / 展示会(BeautyTech系)
6446,,IT・AI×美容,,千葉県,,,,,,,IT AI×美容関連サービス,営業中（推定）,,未収集,収集元推奨: スタートアップDB / PRTIMES / 展示会(BeautyTech系)
6447,,IT・AI×美容,,千葉県,,,,,,,IT AI×美容関連サービス,営業中（推定）,,未収集,収集元推奨: スタートアップDB / PRTIMES / 展示会(BeautyTech系)
6448,,IT・AI×美容,,千葉県,,,,,,,IT AI×美容関連サービス,営業中（推定）,,未収集,収集元推奨: スタートアップDB / PRTIMES / 展示会(BeautyTech系)
6449,,IT・AI×美容,,千葉県,,,,,,,IT AI×美容関連サービス,営業中（推定）,,未収集,収集元推奨: スタートアップDB / PRTIMES / 展示会(BeautyTech系)
6450,,IT・AI×美容,,千葉県,,,,,,,IT AI×美容関連サービス,営業中（推定）,,未収集,収集元推奨: スタートアップDB / PRTIMES / 展示会(BeautyTech系)
6451,,IT・AI×美容,,千葉県,,,,,,,IT AI×美容関連サービス,営業中（推定）,,未収集,収集元推奨: スタートアップDB / PRTIMES / 展示会(BeautyTech系)
6452,,IT・AI×美容,,千葉県,,,,,,,IT AI×美容関連サービス,営業中（推定）,,未収集,収集元推奨: スタートアップDB / PRTIMES / 展示会(BeautyTech系)
6453,,IT・AI×美容,,千葉県,,,,,,,IT AI×美容関連サービス,営業中（推定）,,未収集,収集元推奨: スタートアップDB / PRTIMES / 展示会(BeautyTech系)
6454,,IT・AI×美容,,千葉県,,,,,,,IT AI×美容関連サービス,営業中（推定）,,未収集,収集元推奨: スタートアップDB / PRTIMES / 展示会(BeautyTech系)
6455,,IT・AI×美容,,千葉県,,,,,,,IT AI×美容関連サービス,営業中（推定）,,未収集,収集元推奨: スタートアップDB / PRTIMES / 展示会(BeautyTech系)
6456,,IT・AI×美容,,千葉県,,,,,,,IT AI×美容関連サービス,営業中（推定）,,未収集,収集元推奨: スタートアップDB / PRTIMES / 展示会(BeautyTech系)
6457,,IT・AI×美容,,千葉県,,,,,,,IT AI×美容関連サービス,営業中（推定）,,未収集,収集元推奨: スタートアップDB / PRTIMES / 展示会(BeautyTech系)
6458,,IT・AI×美容,,千葉県,,,,,,,IT AI×美容関連サービス,営業中（推定）,,未収集,収集元推奨: スタートアップDB / PRTIMES / 展示会(BeautyTech系)
6459,,IT・AI×美容,,千葉県,,,,,,,IT AI×美容関連サービス,営業中（推定）,,未収集,収集元推奨: スタートアップDB / PRTIMES / 展示会(BeautyTech系)
6460,,IT・AI×美容,,千葉県,,,,,,,IT AI×美容関連サービス,営業中（推定）,,未収集,収集元推奨: スタートアップDB / PRTIMES / 展示会(BeautyTech系)
6461,,IT・AI×美容,,千葉県,,,,,,,IT AI×美容関連サービス,営業中（推定）,,未収集,収集元推奨: スタートアップDB / PRTIMES / 展示会(BeautyTech系)
6462,,IT・AI×美容,,千葉県,,,,,,,IT AI×美容関連サービス,営業中（推定）,,未収集,収集元推奨: スタートアップDB / PRTIMES / 展示会(BeautyTech系)
6463,,IT・AI×美容,,千葉県,,,,,,,IT AI×美容関連サービス,営業中（推定）,,未収集,収集元推奨: スタートアップDB / PRTIMES / 展示会(BeautyTech系)
6464,,IT・AI×美容,,千葉県,,,,,,,IT AI×美容関連サービス,営業中（推定）,,未収集,収集元推奨: スタートアップDB / PRTIMES / 展示会(BeautyTech系)
6465,,IT・AI×美容,,千葉県,,,,,,,IT AI×美容関連サービス,営業中（推定）,,未収集,収集元推奨: スタートアップDB / PRTIMES / 展示会(BeautyTech系)
6466,,エステサロン,,北海道,,,,,,,エステサロン関連サービス,営業中（推定）,,未収集,収集元推奨: ホットペッパービューティー掲載企業公式サイト / 日本エステティック協会会員
6467,,エステサロン,,北海道,,,,,,,エステサロン関連サービス,営業中（推定）,,未収集,収集元推奨: ホットペッパービューティー掲載企業公式サイト / 日本エステティック協会会員
6468,,エステサロン,,北海道,,,,,,,エステサロン関連サービス,営業中（推定）,,未収集,収集元推奨: ホットペッパービューティー掲載企業公式サイト / 日本エステティック協会会員
6469,,エステサロン,,北海道,,,,,,,エステサロン関連サービス,営業中（推定）,,未収集,収集元推奨: ホットペッパービューティー掲載企業公式サイト / 日本エステティック協会会員
6470,,エステサロン,,北海道,,,,,,,エステサロン関連サービス,営業中（推定）,,未収集,収集元推奨: ホットペッパービューティー掲載企業公式サイト / 日本エステティック協会会員
6471,,エステサロン,,北海道,,,,,,,エステサロン関連サービス,営業中（推定）,,未収集,収集元推奨: ホットペッパービューティー掲載企業公式サイト / 日本エステティック協会会員
6472,,エステサロン,,北海道,,,,,,,エステサロン関連サービス,営業中（推定）,,未収集,収集元推奨: ホットペッパービューティー掲載企業公式サイト / 日本エステティック協会会員
6473,,エステサロン,,北海道,,,,,,,エステサロン関連サービス,営業中（推定）,,未収集,収集元推奨: ホットペッパービューティー掲載企業公式サイト / 日本エステティック協会会員
6474,,エステサロン,,北海道,,,,,,,エステサロン関連サービス,営業中（推定）,,未収集,収集元推奨: ホットペッパービューティー掲載企業公式サイト / 日本エステティック協会会員
6475,,エステサロン,,北海道,,,,,,,エステサロン関連サービス,営業中（推定）,,未収集,収集元推奨: ホットペッパービューティー掲載企業公式サイト / 日本エステティック協会会員
6476,,エステサロン,,北海道,,,,,,,エステサロン関連サービス,営業中（推定）,,未収集,収集元推奨: ホットペッパービューティー掲載企業公式サイト / 日本エステティック協会会員
6477,,エステサロン,,北海道,,,,,,,エステサロン関連サービス,営業中（推定）,,未収集,収集元推奨: ホットペッパービューティー掲載企業公式サイト / 日本エステティック協会会員
6478,,エステサロン,,北海道,,,,,,,エステサロン関連サービス,営業中（推定）,,未収集,収集元推奨: ホットペッパービューティー掲載企業公式サイト / 日本エステティック協会会員
6479,,エステサロン,,北海道,,,,,,,エステサロン関連サービス,営業中（推定）,,未収集,収集元推奨: ホットペッパービューティー掲載企業公式サイト / 日本エステティック協会会員
6480,,エステサロン,,北海道,,,,,,,エステサロン関連サービス,営業中（推定）,,未収集,収集元推奨: ホットペッパービューティー掲載企業公式サイト / 日本エステティック協会会員
6481,,エステサロン,,北海道,,,,,,,エステサロン関連サービス,営業中（推定）,,未収集,収集元推奨: ホットペッパービューティー掲載企業公式サイト / 日本エステティック協会会員
6482,,エステサロン,,北海道,,,,,,,エステサロン関連サービス,営業中（推定）,,未収集,収集元推奨: ホットペッパービューティー掲載企業公式サイト / 日本エステティック協会会員
6483,,エステサロン,,北海道,,,,,,,エステサロン関連サービス,営業中（推定）,,未収集,収集元推奨: ホットペッパービューティー掲載企業公式サイト / 日本エステティック協会会員
6484,,エステサロン,,北海道,,,,,,,エステサロン関連サービス,営業中（推定）,,未収集,収集元推奨: ホットペッパービューティー掲載企業公式サイト / 日本エステティック協会会員
6485,,エステサロン,,北海道,,,,,,,エステサロン関連サービス,営業中（推定）,,未収集,収集元推奨: ホットペッパービューティー掲載企業公式サイト / 日本エステティック協会会員
6486,,エステサロン,,北海道,,,,,,,エステサロン関連サービス,営業中（推定）,,未収集,収集元推奨: ホットペッパービューティー掲載企業公式サイト / 日本エステティック協会会員
6487,,エステサロン,,北海道,,,,,,,エステサロン関連サービス,営業中（推定）,,未収集,収集元推奨: ホットペッパービューティー掲載企業公式サイト / 日本エステティック協会会員
6488,,エステサロン,,北海道,,,,,,,エステサロン関連サービス,営業中（推定）,,未収集,収集元推奨: ホットペッパービューティー掲載企業公式サイト / 日本エステティック協会会員
6489,,エステサロン,,北海道,,,,,,,エステサロン関連サービス,営業中（推定）,,未収集,収集元推奨: ホットペッパービューティー掲載企業公式サイト / 日本エステティック協会会員
6490,,エステサロン,,北海道,,,,,,,エステサロン関連サービス,営業中（推定）,,未収集,収集元推奨: ホットペッパービューティー掲載企業公式サイト / 日本エステティック協会会員
6491,,エステサロン,,北海道,,,,,,,エステサロン関連サービス,営業中（推定）,,未収集,収集元推奨: ホットペッパービューティー掲載企業公式サイト / 日本エステティック協会会員
6492,,エステサロン,,北海道,,,,,,,エステサロン関連サービス,営業中（推定）,,未収集,収集元推奨: ホットペッパービューティー掲載企業公式サイト / 日本エステティック協会会員
6493,,エステサロン,,北海道,,,,,,,エステサロン関連サービス,営業中（推定）,,未収集,収集元推奨: ホットペッパービューティー掲載企業公式サイト / 日本エステティック協会会員
6494,,エステサロン,,北海道,,,,,,,エステサロン関連サービス,営業中（推定）,,未収集,収集元推奨: ホットペッパービューティー掲載企業公式サイト / 日本エステティック協会会員
6495,,エステサロン,,北海道,,,,,,,エステサロン関連サービス,営業中（推定）,,未収集,収集元推奨: ホットペッパービューティー掲載企業公式サイト / 日本エステティック協会会員
6496,,エステサロン,,北海道,,,,,,,エステサロン関連サービス,営業中（推定）,,未収集,収集元推奨: ホットペッパービューティー掲載企業公式サイト / 日本エステティック協会会員
6497,,エステサロン,,北海道,,,,,,,エステサロン関連サービス,営業中（推定）,,未収集,収集元推奨: ホットペッパービューティー掲載企業公式サイト / 日本エステティック協会会員
6498,,エステサロン,,北海道,,,,,,,エステサロン関連サービス,営業中（推定）,,未収集,収集元推奨: ホットペッパービューティー掲載企業公式サイト / 日本エステティック協会会員
6499,,エステサロン,,北海道,,,,,,,エステサロン関連サービス,営業中（推定）,,未収集,収集元推奨: ホットペッパービューティー掲載企業公式サイト / 日本エステティック協会会員
6500,,エステサロン,,北海道,,,,,,,エステサロン関連サービス,営業中（推定）,,未収集,収集元推奨: ホットペッパービューティー掲載企業公式サイト / 日本エステティック協会会員
6501,,エステサロン,,北海道,,,,,,,エステサロン関連サービス,営業中（推定）,,未収集,収集元推奨: ホットペッパービューティー掲載企業公式サイト / 日本エステティック協会会員
6502,,エステサロン,,北海道,,,,,,,エステサロン関連サービス,営業中（推定）,,未収集,収集元推奨: ホットペッパービューティー掲載企業公式サイト / 日本エステティック協会会員
6503,,エステサロン,,北海道,,,,,,,エステサロン関連サービス,営業中（推定）,,未収集,収集元推奨: ホットペッパービューティー掲載企業公式サイト / 日本エステティック協会会員
6504,,エステサロン,,北海道,,,,,,,エステサロン関連サービス,営業中（推定）,,未収集,収集元推奨: ホットペッパービューティー掲載企業公式サイト / 日本エステティック協会会員
6505,,エステサロン,,北海道,,,,,,,エステサロン関連サービス,営業中（推定）,,未収集,収集元推奨: ホットペッパービューティー掲載企業公式サイト / 日本エステティック協会会員
6506,,エステサロン,,北海道,,,,,,,エステサロン関連サービス,営業中（推定）,,未収集,収集元推奨: ホットペッパービューティー掲載企業公式サイト / 日本エステティック協会会員
6507,,エステサロン,,北海道,,,,,,,エステサロン関連サービス,営業中（推定）,,未収集,収集元推奨: ホットペッパービューティー掲載企業公式サイト / 日本エステティック協会会員
6508,,エステサロン,,北海道,,,,,,,エステサロン関連サービス,営業中（推定）,,未収集,収集元推奨: ホットペッパービューティー掲載企業公式サイト / 日本エステティック協会会員
6509,,エステサロン,,北海道,,,,,,,エステサロン関連サービス,営業中（推定）,,未収集,収集元推奨: ホットペッパービューティー掲載企業公式サイト / 日本エステティック協会会員
6510,,エステサロン,,北海道,,,,,,,エステサロン関連サービス,営業中（推定）,,未収集,収集元推奨: ホットペッパービューティー掲載企業公式サイト / 日本エステティック協会会員
6511,,エステサロン,,北海道,,,,,,,エステサロン関連サービス,営業中（推定）,,未収集,収集元推奨: ホットペッパービューティー掲載企業公式サイト / 日本エステティック協会会員
6512,,エステサロン,,北海道,,,,,,,エステサロン関連サービス,営業中（推定）,,未収集,収集元推奨: ホットペッパービューティー掲載企業公式サイト / 日本エステティック協会会員
6513,,エステサロン,,北海道,,,,,,,エステサロン関連サービス,営業中（推定）,,未収集,収集元推奨: ホットペッパービューティー掲載企業公式サイト / 日本エステティック協会会員
6514,,エステサロン,,北海道,,,,,,,エステサロン関連サービス,営業中（推定）,,未収集,収集元推奨: ホットペッパービューティー掲載企業公式サイト / 日本エステティック協会会員
6515,,エステサロン,,北海道,,,,,,,エステサロン関連サービス,営業中（推定）,,未収集,収集元推奨: ホットペッパービューティー掲載企業公式サイト / 日本エステティック協会会員
6516,,エステサロン,,北海道,,,,,,,エステサロン関連サービス,営業中（推定）,,未収集,収集元推奨: ホットペッパービューティー掲載企業公式サイト / 日本エステティック協会会員
6517,,エステサロン,,北海道,,,,,,,エステサロン関連サービス,営業中（推定）,,未収集,収集元推奨: ホットペッパービューティー掲載企業公式サイト / 日本エステティック協会会員
6518,,エステサロン,,北海道,,,,,,,エステサロン関連サービス,営業中（推定）,,未収集,収集元推奨: ホットペッパービューティー掲載企業公式サイト / 日本エステティック協会会員
6519,,エステサロン,,北海道,,,,,,,エステサロン関連サービス,営業中（推定）,,未収集,収集元推奨: ホットペッパービューティー掲載企業公式サイト / 日本エステティック協会会員
6520,,エステサロン,,北海道,,,,,,,エステサロン関連サービス,営業中（推定）,,未収集,収集元推奨: ホットペッパービューティー掲載企業公式サイト / 日本エステティック協会会員
6521,,エステサロン,,北海道,,,,,,,エステサロン関連サービス,営業中（推定）,,未収集,収集元推奨: ホットペッパービューティー掲載企業公式サイト / 日本エステティック協会会員
6522,,エステサロン,,北海道,,,,,,,エステサロン関連サービス,営業中（推定）,,未収集,収集元推奨: ホットペッパービューティー掲載企業公式サイト / 日本エステティック協会会員
6523,,エステサロン,,北海道,,,,,,,エステサロン関連サービス,営業中（推定）,,未収集,収集元推奨: ホットペッパービューティー掲載企業公式サイト / 日本エステティック協会会員
6524,,エステサロン,,北海道,,,,,,,エステサロン関連サービス,営業中（推定）,,未収集,収集元推奨: ホットペッパービューティー掲載企業公式サイト / 日本エステティック協会会員
6525,,エステサロン,,北海道,,,,,,,エステサロン関連サービス,営業中（推定）,,未収集,収集元推奨: ホットペッパービューティー掲載企業公式サイト / 日本エステティック協会会員
6526,,エステサロン,,北海道,,,,,,,エステサロン関連サービス,営業中（推定）,,未収集,収集元推奨: ホットペッパービューティー掲載企業公式サイト / 日本エステティック協会会員
6527,,エステサロン,,北海道,,,,,,,エステサロン関連サービス,営業中（推定）,,未収集,収集元推奨: ホットペッパービューティー掲載企業公式サイト / 日本エステティック協会会員
6528,,エステサロン,,北海道,,,,,,,エステサロン関連サービス,営業中（推定）,,未収集,収集元推奨: ホットペッパービューティー掲載企業公式サイト / 日本エステティック協会会員
6529,,エステサロン,,北海道,,,,,,,エステサロン関連サービス,営業中（推定）,,未収集,収集元推奨: ホットペッパービューティー掲載企業公式サイト / 日本エステティック協会会員
6530,,ネイルサロン,,北海道,,,,,,,ネイルサロン関連サービス,営業中（推定）,,未収集,収集元推奨: JNA（日本ネイリスト協会）会員 / ホットペッパービューティー
6531,,ネイルサロン,,北海道,,,,,,,ネイルサロン関連サービス,営業中（推定）,,未収集,収集元推奨: JNA（日本ネイリスト協会）会員 / ホットペッパービューティー
6532,,ネイルサロン,,北海道,,,,,,,ネイルサロン関連サービス,営業中（推定）,,未収集,収集元推奨: JNA（日本ネイリスト協会）会員 / ホットペッパービューティー
6533,,ネイルサロン,,北海道,,,,,,,ネイルサロン関連サービス,営業中（推定）,,未収集,収集元推奨: JNA（日本ネイリスト協会）会員 / ホットペッパービューティー
6534,,ネイルサロン,,北海道,,,,,,,ネイルサロン関連サービス,営業中（推定）,,未収集,収集元推奨: JNA（日本ネイリスト協会）会員 / ホットペッパービューティー
6535,,ネイルサロン,,北海道,,,,,,,ネイルサロン関連サービス,営業中（推定）,,未収集,収集元推奨: JNA（日本ネイリスト協会）会員 / ホットペッパービューティー
6536,,ネイルサロン,,北海道,,,,,,,ネイルサロン関連サービス,営業中（推定）,,未収集,収集元推奨: JNA（日本ネイリスト協会）会員 / ホットペッパービューティー
6537,,ネイルサロン,,北海道,,,,,,,ネイルサロン関連サービス,営業中（推定）,,未収集,収集元推奨: JNA（日本ネイリスト協会）会員 / ホットペッパービューティー
6538,,ネイルサロン,,北海道,,,,,,,ネイルサロン関連サービス,営業中（推定）,,未収集,収集元推奨: JNA（日本ネイリスト協会）会員 / ホットペッパービューティー
6539,,ネイルサロン,,北海道,,,,,,,ネイルサロン関連サービス,営業中（推定）,,未収集,収集元推奨: JNA（日本ネイリスト協会）会員 / ホットペッパービューティー
6540,,ネイルサロン,,北海道,,,,,,,ネイルサロン関連サービス,営業中（推定）,,未収集,収集元推奨: JNA（日本ネイリスト協会）会員 / ホットペッパービューティー
6541,,ネイルサロン,,北海道,,,,,,,ネイルサロン関連サービス,営業中（推定）,,未収集,収集元推奨: JNA（日本ネイリスト協会）会員 / ホットペッパービューティー
6542,,ネイルサロン,,北海道,,,,,,,ネイルサロン関連サービス,営業中（推定）,,未収集,収集元推奨: JNA（日本ネイリスト協会）会員 / ホットペッパービューティー
6543,,ネイルサロン,,北海道,,,,,,,ネイルサロン関連サービス,営業中（推定）,,未収集,収集元推奨: JNA（日本ネイリスト協会）会員 / ホットペッパービューティー
6544,,ネイルサロン,,北海道,,,,,,,ネイルサロン関連サービス,営業中（推定）,,未収集,収集元推奨: JNA（日本ネイリスト協会）会員 / ホットペッパービューティー
6545,,ネイルサロン,,北海道,,,,,,,ネイルサロン関連サービス,営業中（推定）,,未収集,収集元推奨: JNA（日本ネイリスト協会）会員 / ホットペッパービューティー
6546,,ネイルサロン,,北海道,,,,,,,ネイルサロン関連サービス,営業中（推定）,,未収集,収集元推奨: JNA（日本ネイリスト協会）会員 / ホットペッパービューティー
6547,,ネイルサロン,,北海道,,,,,,,ネイルサロン関連サービス,営業中（推定）,,未収集,収集元推奨: JNA（日本ネイリスト協会）会員 / ホットペッパービューティー
6548,,ネイルサロン,,北海道,,,,,,,ネイルサロン関連サービス,営業中（推定）,,未収集,収集元推奨: JNA（日本ネイリスト協会）会員 / ホットペッパービューティー
6549,,ネイルサロン,,北海道,,,,,,,ネイルサロン関連サービス,営業中（推定）,,未収集,収集元推奨: JNA（日本ネイリスト協会）会員 / ホットペッパービューティー
6550,,ネイルサロン,,北海道,,,,,,,ネイルサロン関連サービス,営業中（推定）,,未収集,収集元推奨: JNA（日本ネイリスト協会）会員 / ホットペッパービューティー
6551,,ネイルサロン,,北海道,,,,,,,ネイルサロン関連サービス,営業中（推定）,,未収集,収集元推奨: JNA（日本ネイリスト協会）会員 / ホットペッパービューティー
6552,,ネイルサロン,,北海道,,,,,,,ネイルサロン関連サービス,営業中（推定）,,未収集,収集元推奨: JNA（日本ネイリスト協会）会員 / ホットペッパービューティー
6553,,ネイルサロン,,北海道,,,,,,,ネイルサロン関連サービス,営業中（推定）,,未収集,収集元推奨: JNA（日本ネイリスト協会）会員 / ホットペッパービューティー
6554,,ネイルサロン,,北海道,,,,,,,ネイルサロン関連サービス,営業中（推定）,,未収集,収集元推奨: JNA（日本ネイリスト協会）会員 / ホットペッパービューティー
6555,,ネイルサロン,,北海道,,,,,,,ネイルサロン関連サービス,営業中（推定）,,未収集,収集元推奨: JNA（日本ネイリスト協会）会員 / ホットペッパービューティー
6556,,ネイルサロン,,北海道,,,,,,,ネイルサロン関連サービス,営業中（推定）,,未収集,収集元推奨: JNA（日本ネイリスト協会）会員 / ホットペッパービューティー
6557,,ネイルサロン,,北海道,,,,,,,ネイルサロン関連サービス,営業中（推定）,,未収集,収集元推奨: JNA（日本ネイリスト協会）会員 / ホットペッパービューティー
6558,,ネイルサロン,,北海道,,,,,,,ネイルサロン関連サービス,営業中（推定）,,未収集,収集元推奨: JNA（日本ネイリスト協会）会員 / ホットペッパービューティー
6559,,ネイルサロン,,北海道,,,,,,,ネイルサロン関連サービス,営業中（推定）,,未収集,収集元推奨: JNA（日本ネイリスト協会）会員 / ホットペッパービューティー
6560,,ネイルサロン,,北海道,,,,,,,ネイルサロン関連サービス,営業中（推定）,,未収集,収集元推奨: JNA（日本ネイリスト協会）会員 / ホットペッパービューティー
6561,,ネイルサロン,,北海道,,,,,,,ネイルサロン関連サービス,営業中（推定）,,未収集,収集元推奨: JNA（日本ネイリスト協会）会員 / ホットペッパービューティー
6562,,ネイルサロン,,北海道,,,,,,,ネイルサロン関連サービス,営業中（推定）,,未収集,収集元推奨: JNA（日本ネイリスト協会）会員 / ホットペッパービューティー
6563,,ネイルサロン,,北海道,,,,,,,ネイルサロン関連サービス,営業中（推定）,,未収集,収集元推奨: JNA（日本ネイリスト協会）会員 / ホットペッパービューティー
6564,,ネイルサロン,,北海道,,,,,,,ネイルサロン関連サービス,営業中（推定）,,未収集,収集元推奨: JNA（日本ネイリスト協会）会員 / ホットペッパービューティー
6565,,ネイルサロン,,北海道,,,,,,,ネイルサロン関連サービス,営業中（推定）,,未収集,収集元推奨: JNA（日本ネイリスト協会）会員 / ホットペッパービューティー
6566,,ネイルサロン,,北海道,,,,,,,ネイルサロン関連サービス,営業中（推定）,,未収集,収集元推奨: JNA（日本ネイリスト協会）会員 / ホットペッパービューティー
6567,,ネイルサロン,,北海道,,,,,,,ネイルサロン関連サービス,営業中（推定）,,未収集,収集元推奨: JNA（日本ネイリスト協会）会員 / ホットペッパービューティー
6568,,ネイルサロン,,北海道,,,,,,,ネイルサロン関連サービス,営業中（推定）,,未収集,収集元推奨: JNA（日本ネイリスト協会）会員 / ホットペッパービューティー
6569,,ネイルサロン,,北海道,,,,,,,ネイルサロン関連サービス,営業中（推定）,,未収集,収集元推奨: JNA（日本ネイリスト協会）会員 / ホットペッパービューティー
6570,,ネイルサロン,,北海道,,,,,,,ネイルサロン関連サービス,営業中（推定）,,未収集,収集元推奨: JNA（日本ネイリスト協会）会員 / ホットペッパービューティー
6571,,ネイルサロン,,北海道,,,,,,,ネイルサロン関連サービス,営業中（推定）,,未収集,収集元推奨: JNA（日本ネイリスト協会）会員 / ホットペッパービューティー
6572,,ネイルサロン,,北海道,,,,,,,ネイルサロン関連サービス,営業中（推定）,,未収集,収集元推奨: JNA（日本ネイリスト協会）会員 / ホットペッパービューティー
6573,,ネイルサロン,,北海道,,,,,,,ネイルサロン関連サービス,営業中（推定）,,未収集,収集元推奨: JNA（日本ネイリスト協会）会員 / ホットペッパービューティー
6574,,ネイルサロン,,北海道,,,,,,,ネイルサロン関連サービス,営業中（推定）,,未収集,収集元推奨: JNA（日本ネイリスト協会）会員 / ホットペッパービューティー
6575,,ネイルサロン,,北海道,,,,,,,ネイルサロン関連サービス,営業中（推定）,,未収集,収集元推奨: JNA（日本ネイリスト協会）会員 / ホットペッパービューティー
6576,,ネイルサロン,,北海道,,,,,,,ネイルサロン関連サービス,営業中（推定）,,未収集,収集元推奨: JNA（日本ネイリスト協会）会員 / ホットペッパービューティー
6577,,ネイルサロン,,北海道,,,,,,,ネイルサロン関連サービス,営業中（推定）,,未収集,収集元推奨: JNA（日本ネイリスト協会）会員 / ホットペッパービューティー
6578,,美容整体・小顔矯正,,北海道,,,,,,,美容整体 小顔矯正関連サービス,営業中（推定）,,未収集,収集元推奨: エキテン・ホットペッパービューティー / iタウンページ「整体」
6579,,美容整体・小顔矯正,,北海道,,,,,,,美容整体 小顔矯正関連サービス,営業中（推定）,,未収集,収集元推奨: エキテン・ホットペッパービューティー / iタウンページ「整体」
6580,,美容整体・小顔矯正,,北海道,,,,,,,美容整体 小顔矯正関連サービス,営業中（推定）,,未収集,収集元推奨: エキテン・ホットペッパービューティー / iタウンページ「整体」
6581,,美容整体・小顔矯正,,北海道,,,,,,,美容整体 小顔矯正関連サービス,営業中（推定）,,未収集,収集元推奨: エキテン・ホットペッパービューティー / iタウンページ「整体」
6582,,美容整体・小顔矯正,,北海道,,,,,,,美容整体 小顔矯正関連サービス,営業中（推定）,,未収集,収集元推奨: エキテン・ホットペッパービューティー / iタウンページ「整体」
6583,,美容整体・小顔矯正,,北海道,,,,,,,美容整体 小顔矯正関連サービス,営業中（推定）,,未収集,収集元推奨: エキテン・ホットペッパービューティー / iタウンページ「整体」
6584,,美容整体・小顔矯正,,北海道,,,,,,,美容整体 小顔矯正関連サービス,営業中（推定）,,未収集,収集元推奨: エキテン・ホットペッパービューティー / iタウンページ「整体」
6585,,美容整体・小顔矯正,,北海道,,,,,,,美容整体 小顔矯正関連サービス,営業中（推定）,,未収集,収集元推奨: エキテン・ホットペッパービューティー / iタウンページ「整体」
6586,,美容整体・小顔矯正,,北海道,,,,,,,美容整体 小顔矯正関連サービス,営業中（推定）,,未収集,収集元推奨: エキテン・ホットペッパービューティー / iタウンページ「整体」
6587,,美容整体・小顔矯正,,北海道,,,,,,,美容整体 小顔矯正関連サービス,営業中（推定）,,未収集,収集元推奨: エキテン・ホットペッパービューティー / iタウンページ「整体」
6588,,美容整体・小顔矯正,,北海道,,,,,,,美容整体 小顔矯正関連サービス,営業中（推定）,,未収集,収集元推奨: エキテン・ホットペッパービューティー / iタウンページ「整体」
6589,,美容整体・小顔矯正,,北海道,,,,,,,美容整体 小顔矯正関連サービス,営業中（推定）,,未収集,収集元推奨: エキテン・ホットペッパービューティー / iタウンページ「整体」
6590,,美容整体・小顔矯正,,北海道,,,,,,,美容整体 小顔矯正関連サービス,営業中（推定）,,未収集,収集元推奨: エキテン・ホットペッパービューティー / iタウンページ「整体」
6591,,美容整体・小顔矯正,,北海道,,,,,,,美容整体 小顔矯正関連サービス,営業中（推定）,,未収集,収集元推奨: エキテン・ホットペッパービューティー / iタウンページ「整体」
6592,,美容整体・小顔矯正,,北海道,,,,,,,美容整体 小顔矯正関連サービス,営業中（推定）,,未収集,収集元推奨: エキテン・ホットペッパービューティー / iタウンページ「整体」
6593,,美容整体・小顔矯正,,北海道,,,,,,,美容整体 小顔矯正関連サービス,営業中（推定）,,未収集,収集元推奨: エキテン・ホットペッパービューティー / iタウンページ「整体」
6594,,美容整体・小顔矯正,,北海道,,,,,,,美容整体 小顔矯正関連サービス,営業中（推定）,,未収集,収集元推奨: エキテン・ホットペッパービューティー / iタウンページ「整体」
6595,,美容整体・小顔矯正,,北海道,,,,,,,美容整体 小顔矯正関連サービス,営業中（推定）,,未収集,収集元推奨: エキテン・ホットペッパービューティー / iタウンページ「整体」
6596,,美容整体・小顔矯正,,北海道,,,,,,,美容整体 小顔矯正関連サービス,営業中（推定）,,未収集,収集元推奨: エキテン・ホットペッパービューティー / iタウンページ「整体」
6597,,美容整体・小顔矯正,,北海道,,,,,,,美容整体 小顔矯正関連サービス,営業中（推定）,,未収集,収集元推奨: エキテン・ホットペッパービューティー / iタウンページ「整体」
6598,,美容整体・小顔矯正,,北海道,,,,,,,美容整体 小顔矯正関連サービス,営業中（推定）,,未収集,収集元推奨: エキテン・ホットペッパービューティー / iタウンページ「整体」
6599,,美容整体・小顔矯正,,北海道,,,,,,,美容整体 小顔矯正関連サービス,営業中（推定）,,未収集,収集元推奨: エキテン・ホットペッパービューティー / iタウンページ「整体」
6600,,美容整体・小顔矯正,,北海道,,,,,,,美容整体 小顔矯正関連サービス,営業中（推定）,,未収集,収集元推奨: エキテン・ホットペッパービューティー / iタウンページ「整体」
6601,,美容整体・小顔矯正,,北海道,,,,,,,美容整体 小顔矯正関連サービス,営業中（推定）,,未収集,収集元推奨: エキテン・ホットペッパービューティー / iタウンページ「整体」
6602,,美容整体・小顔矯正,,北海道,,,,,,,美容整体 小顔矯正関連サービス,営業中（推定）,,未収集,収集元推奨: エキテン・ホットペッパービューティー / iタウンページ「整体」
6603,,美容整体・小顔矯正,,北海道,,,,,,,美容整体 小顔矯正関連サービス,営業中（推定）,,未収集,収集元推奨: エキテン・ホットペッパービューティー / iタウンページ「整体」
6604,,美容整体・小顔矯正,,北海道,,,,,,,美容整体 小顔矯正関連サービス,営業中（推定）,,未収集,収集元推奨: エキテン・ホットペッパービューティー / iタウンページ「整体」
6605,,美容整体・小顔矯正,,北海道,,,,,,,美容整体 小顔矯正関連サービス,営業中（推定）,,未収集,収集元推奨: エキテン・ホットペッパービューティー / iタウンページ「整体」
6606,,美容整体・小顔矯正,,北海道,,,,,,,美容整体 小顔矯正関連サービス,営業中（推定）,,未収集,収集元推奨: エキテン・ホットペッパービューティー / iタウンページ「整体」
6607,,美容整体・小顔矯正,,北海道,,,,,,,美容整体 小顔矯正関連サービス,営業中（推定）,,未収集,収集元推奨: エキテン・ホットペッパービューティー / iタウンページ「整体」
6608,,美容整体・小顔矯正,,北海道,,,,,,,美容整体 小顔矯正関連サービス,営業中（推定）,,未収集,収集元推奨: エキテン・ホットペッパービューティー / iタウンページ「整体」
6609,,美容整体・小顔矯正,,北海道,,,,,,,美容整体 小顔矯正関連サービス,営業中（推定）,,未収集,収集元推奨: エキテン・ホットペッパービューティー / iタウンページ「整体」
6610,,美容鍼灸院,,北海道,,,,,,,美容鍼灸院関連サービス,営業中（推定）,,未収集,収集元推奨: 日本鍼灸師会地方師会会員名簿 / 鍼灸ポータルサイト
6611,,美容鍼灸院,,北海道,,,,,,,美容鍼灸院関連サービス,営業中（推定）,,未収集,収集元推奨: 日本鍼灸師会地方師会会員名簿 / 鍼灸ポータルサイト
6612,,美容鍼灸院,,北海道,,,,,,,美容鍼灸院関連サービス,営業中（推定）,,未収集,収集元推奨: 日本鍼灸師会地方師会会員名簿 / 鍼灸ポータルサイト
6613,,美容鍼灸院,,北海道,,,,,,,美容鍼灸院関連サービス,営業中（推定）,,未収集,収集元推奨: 日本鍼灸師会地方師会会員名簿 / 鍼灸ポータルサイト
6614,,美容鍼灸院,,北海道,,,,,,,美容鍼灸院関連サービス,営業中（推定）,,未収集,収集元推奨: 日本鍼灸師会地方師会会員名簿 / 鍼灸ポータルサイト
6615,,美容鍼灸院,,北海道,,,,,,,美容鍼灸院関連サービス,営業中（推定）,,未収集,収集元推奨: 日本鍼灸師会地方師会会員名簿 / 鍼灸ポータルサイト
6616,,美容鍼灸院,,北海道,,,,,,,美容鍼灸院関連サービス,営業中（推定）,,未収集,収集元推奨: 日本鍼灸師会地方師会会員名簿 / 鍼灸ポータルサイト
6617,,美容鍼灸院,,北海道,,,,,,,美容鍼灸院関連サービス,営業中（推定）,,未収集,収集元推奨: 日本鍼灸師会地方師会会員名簿 / 鍼灸ポータルサイト
6618,,美容鍼灸院,,北海道,,,,,,,美容鍼灸院関連サービス,営業中（推定）,,未収集,収集元推奨: 日本鍼灸師会地方師会会員名簿 / 鍼灸ポータルサイト
6619,,美容鍼灸院,,北海道,,,,,,,美容鍼灸院関連サービス,営業中（推定）,,未収集,収集元推奨: 日本鍼灸師会地方師会会員名簿 / 鍼灸ポータルサイト
6620,,美容鍼灸院,,北海道,,,,,,,美容鍼灸院関連サービス,営業中（推定）,,未収集,収集元推奨: 日本鍼灸師会地方師会会員名簿 / 鍼灸ポータルサイト
6621,,美容鍼灸院,,北海道,,,,,,,美容鍼灸院関連サービス,営業中（推定）,,未収集,収集元推奨: 日本鍼灸師会地方師会会員名簿 / 鍼灸ポータルサイト
6622,,美容鍼灸院,,北海道,,,,,,,美容鍼灸院関連サービス,営業中（推定）,,未収集,収集元推奨: 日本鍼灸師会地方師会会員名簿 / 鍼灸ポータルサイト
6623,,美容鍼灸院,,北海道,,,,,,,美容鍼灸院関連サービス,営業中（推定）,,未収集,収集元推奨: 日本鍼灸師会地方師会会員名簿 / 鍼灸ポータルサイト
6624,,美容鍼灸院,,北海道,,,,,,,美容鍼灸院関連サービス,営業中（推定）,,未収集,収集元推奨: 日本鍼灸師会地方師会会員名簿 / 鍼灸ポータルサイト
6625,,美容鍼灸院,,北海道,,,,,,,美容鍼灸院関連サービス,営業中（推定）,,未収集,収集元推奨: 日本鍼灸師会地方師会会員名簿 / 鍼灸ポータルサイト
6626,,美容鍼灸院,,北海道,,,,,,,美容鍼灸院関連サービス,営業中（推定）,,未収集,収集元推奨: 日本鍼灸師会地方師会会員名簿 / 鍼灸ポータルサイト
6627,,美容鍼灸院,,北海道,,,,,,,美容鍼灸院関連サービス,営業中（推定）,,未収集,収集元推奨: 日本鍼灸師会地方師会会員名簿 / 鍼灸ポータルサイト
6628,,美容鍼灸院,,北海道,,,,,,,美容鍼灸院関連サービス,営業中（推定）,,未収集,収集元推奨: 日本鍼灸師会地方師会会員名簿 / 鍼灸ポータルサイト
6629,,美容鍼灸院,,北海道,,,,,,,美容鍼灸院関連サービス,営業中（推定）,,未収集,収集元推奨: 日本鍼灸師会地方師会会員名簿 / 鍼灸ポータルサイト
6630,,美容鍼灸院,,北海道,,,,,,,美容鍼灸院関連サービス,営業中（推定）,,未収集,収集元推奨: 日本鍼灸師会地方師会会員名簿 / 鍼灸ポータルサイト
6631,,美容鍼灸院,,北海道,,,,,,,美容鍼灸院関連サービス,営業中（推定）,,未収集,収集元推奨: 日本鍼灸師会地方師会会員名簿 / 鍼灸ポータルサイト
6632,,美容鍼灸院,,北海道,,,,,,,美容鍼灸院関連サービス,営業中（推定）,,未収集,収集元推奨: 日本鍼灸師会地方師会会員名簿 / 鍼灸ポータルサイト
6633,,美容鍼灸院,,北海道,,,,,,,美容鍼灸院関連サービス,営業中（推定）,,未収集,収集元推奨: 日本鍼灸師会地方師会会員名簿 / 鍼灸ポータルサイト
6634,,美容鍼灸院,,北海道,,,,,,,美容鍼灸院関連サービス,営業中（推定）,,未収集,収集元推奨: 日本鍼灸師会地方師会会員名簿 / 鍼灸ポータルサイト
6635,,美容鍼灸院,,北海道,,,,,,,美容鍼灸院関連サービス,営業中（推定）,,未収集,収集元推奨: 日本鍼灸師会地方師会会員名簿 / 鍼灸ポータルサイト
6636,,アロマ・リラクゼーション,,北海道,,,,,,,アロマ リラクゼーション関連サービス,営業中（推定）,,未収集,収集元推奨: AEAJ認定サロン一覧 / ホットペッパービューティー
6637,,アロマ・リラクゼーション,,北海道,,,,,,,アロマ リラクゼーション関連サービス,営業中（推定）,,未収集,収集元推奨: AEAJ認定サロン一覧 / ホットペッパービューティー
6638,,アロマ・リラクゼーション,,北海道,,,,,,,アロマ リラクゼーション関連サービス,営業中（推定）,,未収集,収集元推奨: AEAJ認定サロン一覧 / ホットペッパービューティー
6639,,アロマ・リラクゼーション,,北海道,,,,,,,アロマ リラクゼーション関連サービス,営業中（推定）,,未収集,収集元推奨: AEAJ認定サロン一覧 / ホットペッパービューティー
6640,,アロマ・リラクゼーション,,北海道,,,,,,,アロマ リラクゼーション関連サービス,営業中（推定）,,未収集,収集元推奨: AEAJ認定サロン一覧 / ホットペッパービューティー
6641,,アロマ・リラクゼーション,,北海道,,,,,,,アロマ リラクゼーション関連サービス,営業中（推定）,,未収集,収集元推奨: AEAJ認定サロン一覧 / ホットペッパービューティー
6642,,アロマ・リラクゼーション,,北海道,,,,,,,アロマ リラクゼーション関連サービス,営業中（推定）,,未収集,収集元推奨: AEAJ認定サロン一覧 / ホットペッパービューティー
6643,,アロマ・リラクゼーション,,北海道,,,,,,,アロマ リラクゼーション関連サービス,営業中（推定）,,未収集,収集元推奨: AEAJ認定サロン一覧 / ホットペッパービューティー
6644,,アロマ・リラクゼーション,,北海道,,,,,,,アロマ リラクゼーション関連サービス,営業中（推定）,,未収集,収集元推奨: AEAJ認定サロン一覧 / ホットペッパービューティー
6645,,アロマ・リラクゼーション,,北海道,,,,,,,アロマ リラクゼーション関連サービス,営業中（推定）,,未収集,収集元推奨: AEAJ認定サロン一覧 / ホットペッパービューティー
6646,,アロマ・リラクゼーション,,北海道,,,,,,,アロマ リラクゼーション関連サービス,営業中（推定）,,未収集,収集元推奨: AEAJ認定サロン一覧 / ホットペッパービューティー
6647,,アロマ・リラクゼーション,,北海道,,,,,,,アロマ リラクゼーション関連サービス,営業中（推定）,,未収集,収集元推奨: AEAJ認定サロン一覧 / ホットペッパービューティー
6648,,アロマ・リラクゼーション,,北海道,,,,,,,アロマ リラクゼーション関連サービス,営業中（推定）,,未収集,収集元推奨: AEAJ認定サロン一覧 / ホットペッパービューティー
6649,,アロマ・リラクゼーション,,北海道,,,,,,,アロマ リラクゼーション関連サービス,営業中（推定）,,未収集,収集元推奨: AEAJ認定サロン一覧 / ホットペッパービューティー
6650,,アロマ・リラクゼーション,,北海道,,,,,,,アロマ リラクゼーション関連サービス,営業中（推定）,,未収集,収集元推奨: AEAJ認定サロン一覧 / ホットペッパービューティー
6651,,アロマ・リラクゼーション,,北海道,,,,,,,アロマ リラクゼーション関連サービス,営業中（推定）,,未収集,収集元推奨: AEAJ認定サロン一覧 / ホットペッパービューティー
6652,,アロマ・リラクゼーション,,北海道,,,,,,,アロマ リラクゼーション関連サービス,営業中（推定）,,未収集,収集元推奨: AEAJ認定サロン一覧 / ホットペッパービューティー
6653,,アロマ・リラクゼーション,,北海道,,,,,,,アロマ リラクゼーション関連サービス,営業中（推定）,,未収集,収集元推奨: AEAJ認定サロン一覧 / ホットペッパービューティー
6654,,アロマ・リラクゼーション,,北海道,,,,,,,アロマ リラクゼーション関連サービス,営業中（推定）,,未収集,収集元推奨: AEAJ認定サロン一覧 / ホットペッパービューティー
6655,,アロマ・リラクゼーション,,北海道,,,,,,,アロマ リラクゼーション関連サービス,営業中（推定）,,未収集,収集元推奨: AEAJ認定サロン一覧 / ホットペッパービューティー
6656,,アロマ・リラクゼーション,,北海道,,,,,,,アロマ リラクゼーション関連サービス,営業中（推定）,,未収集,収集元推奨: AEAJ認定サロン一覧 / ホットペッパービューティー
6657,,アロマ・リラクゼーション,,北海道,,,,,,,アロマ リラクゼーション関連サービス,営業中（推定）,,未収集,収集元推奨: AEAJ認定サロン一覧 / ホットペッパービューティー
6658,,アロマ・リラクゼーション,,北海道,,,,,,,アロマ リラクゼーション関連サービス,営業中（推定）,,未収集,収集元推奨: AEAJ認定サロン一覧 / ホットペッパービューティー
6659,,アロマ・リラクゼーション,,北海道,,,,,,,アロマ リラクゼーション関連サービス,営業中（推定）,,未収集,収集元推奨: AEAJ認定サロン一覧 / ホットペッパービューティー
6660,,アロマ・リラクゼーション,,北海道,,,,,,,アロマ リラクゼーション関連サービス,営業中（推定）,,未収集,収集元推奨: AEAJ認定サロン一覧 / ホットペッパービューティー
6661,,アロマ・リラクゼーション,,北海道,,,,,,,アロマ リラクゼーション関連サービス,営業中（推定）,,未収集,収集元推奨: AEAJ認定サロン一覧 / ホットペッパービューティー
6662,,美容クリニック,,北海道,,,,,,,美容クリニック関連サービス,営業中（推定）,,未収集,収集元推奨: 日本美容外科学会(JSAS)会員 / 各クリニック公式サイト
6663,,美容クリニック,,北海道,,,,,,,美容クリニック関連サービス,営業中（推定）,,未収集,収集元推奨: 日本美容外科学会(JSAS)会員 / 各クリニック公式サイト
6664,,美容クリニック,,北海道,,,,,,,美容クリニック関連サービス,営業中（推定）,,未収集,収集元推奨: 日本美容外科学会(JSAS)会員 / 各クリニック公式サイト
6665,,美容クリニック,,北海道,,,,,,,美容クリニック関連サービス,営業中（推定）,,未収集,収集元推奨: 日本美容外科学会(JSAS)会員 / 各クリニック公式サイト
6666,,美容クリニック,,北海道,,,,,,,美容クリニック関連サービス,営業中（推定）,,未収集,収集元推奨: 日本美容外科学会(JSAS)会員 / 各クリニック公式サイト
6667,,美容クリニック,,北海道,,,,,,,美容クリニック関連サービス,営業中（推定）,,未収集,収集元推奨: 日本美容外科学会(JSAS)会員 / 各クリニック公式サイト
6668,,美容クリニック,,北海道,,,,,,,美容クリニック関連サービス,営業中（推定）,,未収集,収集元推奨: 日本美容外科学会(JSAS)会員 / 各クリニック公式サイト
6669,,美容クリニック,,北海道,,,,,,,美容クリニック関連サービス,営業中（推定）,,未収集,収集元推奨: 日本美容外科学会(JSAS)会員 / 各クリニック公式サイト
6670,,美容クリニック,,北海道,,,,,,,美容クリニック関連サービス,営業中（推定）,,未収集,収集元推奨: 日本美容外科学会(JSAS)会員 / 各クリニック公式サイト
6671,,美容クリニック,,北海道,,,,,,,美容クリニック関連サービス,営業中（推定）,,未収集,収集元推奨: 日本美容外科学会(JSAS)会員 / 各クリニック公式サイト
6672,,美容クリニック,,北海道,,,,,,,美容クリニック関連サービス,営業中（推定）,,未収集,収集元推奨: 日本美容外科学会(JSAS)会員 / 各クリニック公式サイト
6673,,美容クリニック,,北海道,,,,,,,美容クリニック関連サービス,営業中（推定）,,未収集,収集元推奨: 日本美容外科学会(JSAS)会員 / 各クリニック公式サイト
6674,,美容クリニック,,北海道,,,,,,,美容クリニック関連サービス,営業中（推定）,,未収集,収集元推奨: 日本美容外科学会(JSAS)会員 / 各クリニック公式サイト
6675,,美容クリニック,,北海道,,,,,,,美容クリニック関連サービス,営業中（推定）,,未収集,収集元推奨: 日本美容外科学会(JSAS)会員 / 各クリニック公式サイト
6676,,美容クリニック,,北海道,,,,,,,美容クリニック関連サービス,営業中（推定）,,未収集,収集元推奨: 日本美容外科学会(JSAS)会員 / 各クリニック公式サイト
6677,,美容クリニック,,北海道,,,,,,,美容クリニック関連サービス,営業中（推定）,,未収集,収集元推奨: 日本美容外科学会(JSAS)会員 / 各クリニック公式サイト
6678,,美容クリニック,,北海道,,,,,,,美容クリニック関連サービス,営業中（推定）,,未収集,収集元推奨: 日本美容外科学会(JSAS)会員 / 各クリニック公式サイト
6679,,美容クリニック,,北海道,,,,,,,美容クリニック関連サービス,営業中（推定）,,未収集,収集元推奨: 日本美容外科学会(JSAS)会員 / 各クリニック公式サイト
6680,,美容クリニック,,北海道,,,,,,,美容クリニック関連サービス,営業中（推定）,,未収集,収集元推奨: 日本美容外科学会(JSAS)会員 / 各クリニック公式サイト
6681,,美容クリニック,,北海道,,,,,,,美容クリニック関連サービス,営業中（推定）,,未収集,収集元推奨: 日本美容外科学会(JSAS)会員 / 各クリニック公式サイト
6682,,美容クリニック,,北海道,,,,,,,美容クリニック関連サービス,営業中（推定）,,未収集,収集元推奨: 日本美容外科学会(JSAS)会員 / 各クリニック公式サイト
6683,,美容クリニック,,北海道,,,,,,,美容クリニック関連サービス,営業中（推定）,,未収集,収集元推奨: 日本美容外科学会(JSAS)会員 / 各クリニック公式サイト
6684,,美容クリニック,,北海道,,,,,,,美容クリニック関連サービス,営業中（推定）,,未収集,収集元推奨: 日本美容外科学会(JSAS)会員 / 各クリニック公式サイト
6685,,美容クリニック,,北海道,,,,,,,美容クリニック関連サービス,営業中（推定）,,未収集,収集元推奨: 日本美容外科学会(JSAS)会員 / 各クリニック公式サイト
6686,,美容クリニック,,北海道,,,,,,,美容クリニック関連サービス,営業中（推定）,,未収集,収集元推奨: 日本美容外科学会(JSAS)会員 / 各クリニック公式サイト
6687,,美容クリニック,,北海道,,,,,,,美容クリニック関連サービス,営業中（推定）,,未収集,収集元推奨: 日本美容外科学会(JSAS)会員 / 各クリニック公式サイト
6688,,美容機器メーカー・ディーラー,,北海道,,,,,,,美容機器メーカー ディーラー関連サービス,営業中（推定）,,未収集,収集元推奨: BeautyWorld Japan展示会出展者一覧 / 国税庁法人番号DB
6689,,美容機器メーカー・ディーラー,,北海道,,,,,,,美容機器メーカー ディーラー関連サービス,営業中（推定）,,未収集,収集元推奨: BeautyWorld Japan展示会出展者一覧 / 国税庁法人番号DB
6690,,美容機器メーカー・ディーラー,,北海道,,,,,,,美容機器メーカー ディーラー関連サービス,営業中（推定）,,未収集,収集元推奨: BeautyWorld Japan展示会出展者一覧 / 国税庁法人番号DB
6691,,美容機器メーカー・ディーラー,,北海道,,,,,,,美容機器メーカー ディーラー関連サービス,営業中（推定）,,未収集,収集元推奨: BeautyWorld Japan展示会出展者一覧 / 国税庁法人番号DB
6692,,美容機器メーカー・ディーラー,,北海道,,,,,,,美容機器メーカー ディーラー関連サービス,営業中（推定）,,未収集,収集元推奨: BeautyWorld Japan展示会出展者一覧 / 国税庁法人番号DB
6693,,美容機器メーカー・ディーラー,,北海道,,,,,,,美容機器メーカー ディーラー関連サービス,営業中（推定）,,未収集,収集元推奨: BeautyWorld Japan展示会出展者一覧 / 国税庁法人番号DB
6694,,美容機器メーカー・ディーラー,,北海道,,,,,,,美容機器メーカー ディーラー関連サービス,営業中（推定）,,未収集,収集元推奨: BeautyWorld Japan展示会出展者一覧 / 国税庁法人番号DB
6695,,美容機器メーカー・ディーラー,,北海道,,,,,,,美容機器メーカー ディーラー関連サービス,営業中（推定）,,未収集,収集元推奨: BeautyWorld Japan展示会出展者一覧 / 国税庁法人番号DB
6696,,美容機器メーカー・ディーラー,,北海道,,,,,,,美容機器メーカー ディーラー関連サービス,営業中（推定）,,未収集,収集元推奨: BeautyWorld Japan展示会出展者一覧 / 国税庁法人番号DB
6697,,美容機器メーカー・ディーラー,,北海道,,,,,,,美容機器メーカー ディーラー関連サービス,営業中（推定）,,未収集,収集元推奨: BeautyWorld Japan展示会出展者一覧 / 国税庁法人番号DB
6698,,美容機器メーカー・ディーラー,,北海道,,,,,,,美容機器メーカー ディーラー関連サービス,営業中（推定）,,未収集,収集元推奨: BeautyWorld Japan展示会出展者一覧 / 国税庁法人番号DB
6699,,美容機器メーカー・ディーラー,,北海道,,,,,,,美容機器メーカー ディーラー関連サービス,営業中（推定）,,未収集,収集元推奨: BeautyWorld Japan展示会出展者一覧 / 国税庁法人番号DB
6700,,美容機器メーカー・ディーラー,,北海道,,,,,,,美容機器メーカー ディーラー関連サービス,営業中（推定）,,未収集,収集元推奨: BeautyWorld Japan展示会出展者一覧 / 国税庁法人番号DB
6701,,美容機器メーカー・ディーラー,,北海道,,,,,,,美容機器メーカー ディーラー関連サービス,営業中（推定）,,未収集,収集元推奨: BeautyWorld Japan展示会出展者一覧 / 国税庁法人番号DB
6702,,美容機器メーカー・ディーラー,,北海道,,,,,,,美容機器メーカー ディーラー関連サービス,営業中（推定）,,未収集,収集元推奨: BeautyWorld Japan展示会出展者一覧 / 国税庁法人番号DB
6703,,美容機器メーカー・ディーラー,,北海道,,,,,,,美容機器メーカー ディーラー関連サービス,営業中（推定）,,未収集,収集元推奨: BeautyWorld Japan展示会出展者一覧 / 国税庁法人番号DB
6704,,美容機器メーカー・ディーラー,,北海道,,,,,,,美容機器メーカー ディーラー関連サービス,営業中（推定）,,未収集,収集元推奨: BeautyWorld Japan展示会出展者一覧 / 国税庁法人番号DB
6705,,美容機器メーカー・ディーラー,,北海道,,,,,,,美容機器メーカー ディーラー関連サービス,営業中（推定）,,未収集,収集元推奨: BeautyWorld Japan展示会出展者一覧 / 国税庁法人番号DB
6706,,美容機器メーカー・ディーラー,,北海道,,,,,,,美容機器メーカー ディーラー関連サービス,営業中（推定）,,未収集,収集元推奨: BeautyWorld Japan展示会出展者一覧 / 国税庁法人番号DB
6707,,化粧品メーカー,,北海道,,,,,,,化粧品メーカー関連サービス,営業中（推定）,,未収集,収集元推奨: 日本化粧品工業会(JCIA)会員 / 国税庁法人番号DB
6708,,化粧品メーカー,,北海道,,,,,,,化粧品メーカー関連サービス,営業中（推定）,,未収集,収集元推奨: 日本化粧品工業会(JCIA)会員 / 国税庁法人番号DB
6709,,化粧品メーカー,,北海道,,,,,,,化粧品メーカー関連サービス,営業中（推定）,,未収集,収集元推奨: 日本化粧品工業会(JCIA)会員 / 国税庁法人番号DB
6710,,化粧品メーカー,,北海道,,,,,,,化粧品メーカー関連サービス,営業中（推定）,,未収集,収集元推奨: 日本化粧品工業会(JCIA)会員 / 国税庁法人番号DB
6711,,化粧品メーカー,,北海道,,,,,,,化粧品メーカー関連サービス,営業中（推定）,,未収集,収集元推奨: 日本化粧品工業会(JCIA)会員 / 国税庁法人番号DB
6712,,化粧品メーカー,,北海道,,,,,,,化粧品メーカー関連サービス,営業中（推定）,,未収集,収集元推奨: 日本化粧品工業会(JCIA)会員 / 国税庁法人番号DB
6713,,化粧品メーカー,,北海道,,,,,,,化粧品メーカー関連サービス,営業中（推定）,,未収集,収集元推奨: 日本化粧品工業会(JCIA)会員 / 国税庁法人番号DB
6714,,化粧品メーカー,,北海道,,,,,,,化粧品メーカー関連サービス,営業中（推定）,,未収集,収集元推奨: 日本化粧品工業会(JCIA)会員 / 国税庁法人番号DB
6715,,化粧品メーカー,,北海道,,,,,,,化粧品メーカー関連サービス,営業中（推定）,,未収集,収集元推奨: 日本化粧品工業会(JCIA)会員 / 国税庁法人番号DB
6716,,化粧品メーカー,,北海道,,,,,,,化粧品メーカー関連サービス,営業中（推定）,,未収集,収集元推奨: 日本化粧品工業会(JCIA)会員 / 国税庁法人番号DB
6717,,化粧品メーカー,,北海道,,,,,,,化粧品メーカー関連サービス,営業中（推定）,,未収集,収集元推奨: 日本化粧品工業会(JCIA)会員 / 国税庁法人番号DB
6718,,化粧品メーカー,,北海道,,,,,,,化粧品メーカー関連サービス,営業中（推定）,,未収集,収集元推奨: 日本化粧品工業会(JCIA)会員 / 国税庁法人番号DB
6719,,化粧品メーカー,,北海道,,,,,,,化粧品メーカー関連サービス,営業中（推定）,,未収集,収集元推奨: 日本化粧品工業会(JCIA)会員 / 国税庁法人番号DB
6720,,化粧品メーカー,,北海道,,,,,,,化粧品メーカー関連サービス,営業中（推定）,,未収集,収集元推奨: 日本化粧品工業会(JCIA)会員 / 国税庁法人番号DB
6721,,化粧品メーカー,,北海道,,,,,,,化粧品メーカー関連サービス,営業中（推定）,,未収集,収集元推奨: 日本化粧品工業会(JCIA)会員 / 国税庁法人番号DB
6722,,化粧品メーカー,,北海道,,,,,,,化粧品メーカー関連サービス,営業中（推定）,,未収集,収集元推奨: 日本化粧品工業会(JCIA)会員 / 国税庁法人番号DB
6723,,化粧品メーカー,,北海道,,,,,,,化粧品メーカー関連サービス,営業中（推定）,,未収集,収集元推奨: 日本化粧品工業会(JCIA)会員 / 国税庁法人番号DB
6724,,化粧品メーカー,,北海道,,,,,,,化粧品メーカー関連サービス,営業中（推定）,,未収集,収集元推奨: 日本化粧品工業会(JCIA)会員 / 国税庁法人番号DB
6725,,化粧品メーカー,,北海道,,,,,,,化粧品メーカー関連サービス,営業中（推定）,,未収集,収集元推奨: 日本化粧品工業会(JCIA)会員 / 国税庁法人番号DB
6726,,化粧品メーカー,,北海道,,,,,,,化粧品メーカー関連サービス,営業中（推定）,,未収集,収集元推奨: 日本化粧品工業会(JCIA)会員 / 国税庁法人番号DB
6727,,化粧品メーカー,,北海道,,,,,,,化粧品メーカー関連サービス,営業中（推定）,,未収集,収集元推奨: 日本化粧品工業会(JCIA)会員 / 国税庁法人番号DB
6728,,化粧品メーカー,,北海道,,,,,,,化粧品メーカー関連サービス,営業中（推定）,,未収集,収集元推奨: 日本化粧品工業会(JCIA)会員 / 国税庁法人番号DB
6729,,化粧品メーカー,,北海道,,,,,,,化粧品メーカー関連サービス,営業中（推定）,,未収集,収集元推奨: 日本化粧品工業会(JCIA)会員 / 国税庁法人番号DB
6730,,化粧品メーカー,,北海道,,,,,,,化粧品メーカー関連サービス,営業中（推定）,,未収集,収集元推奨: 日本化粧品工業会(JCIA)会員 / 国税庁法人番号DB
6731,,化粧品メーカー,,北海道,,,,,,,化粧品メーカー関連サービス,営業中（推定）,,未収集,収集元推奨: 日本化粧品工業会(JCIA)会員 / 国税庁法人番号DB
6732,,化粧品メーカー,,北海道,,,,,,,化粧品メーカー関連サービス,営業中（推定）,,未収集,収集元推奨: 日本化粧品工業会(JCIA)会員 / 国税庁法人番号DB
6733,,ヘアサロン・サロンオーナー,,北海道,,,,,,,ヘアサロン サロンオーナー関連サービス,営業中（推定）,,未収集,収集元推奨: ホットペッパービューティー / 美容師会 / iタウンページ
6734,,ヘアサロン・サロンオーナー,,北海道,,,,,,,ヘアサロン サロンオーナー関連サービス,営業中（推定）,,未収集,収集元推奨: ホットペッパービューティー / 美容師会 / iタウンページ
6735,,ヘアサロン・サロンオーナー,,北海道,,,,,,,ヘアサロン サロンオーナー関連サービス,営業中（推定）,,未収集,収集元推奨: ホットペッパービューティー / 美容師会 / iタウンページ
6736,,ヘアサロン・サロンオーナー,,北海道,,,,,,,ヘアサロン サロンオーナー関連サービス,営業中（推定）,,未収集,収集元推奨: ホットペッパービューティー / 美容師会 / iタウンページ
6737,,ヘアサロン・サロンオーナー,,北海道,,,,,,,ヘアサロン サロンオーナー関連サービス,営業中（推定）,,未収集,収集元推奨: ホットペッパービューティー / 美容師会 / iタウンページ
6738,,ヘアサロン・サロンオーナー,,北海道,,,,,,,ヘアサロン サロンオーナー関連サービス,営業中（推定）,,未収集,収集元推奨: ホットペッパービューティー / 美容師会 / iタウンページ
6739,,ヘアサロン・サロンオーナー,,北海道,,,,,,,ヘアサロン サロンオーナー関連サービス,営業中（推定）,,未収集,収集元推奨: ホットペッパービューティー / 美容師会 / iタウンページ
6740,,ヘアサロン・サロンオーナー,,北海道,,,,,,,ヘアサロン サロンオーナー関連サービス,営業中（推定）,,未収集,収集元推奨: ホットペッパービューティー / 美容師会 / iタウンページ
6741,,ヘアサロン・サロンオーナー,,北海道,,,,,,,ヘアサロン サロンオーナー関連サービス,営業中（推定）,,未収集,収集元推奨: ホットペッパービューティー / 美容師会 / iタウンページ
6742,,ヘアサロン・サロンオーナー,,北海道,,,,,,,ヘアサロン サロンオーナー関連サービス,営業中（推定）,,未収集,収集元推奨: ホットペッパービューティー / 美容師会 / iタウンページ
6743,,ヘアサロン・サロンオーナー,,北海道,,,,,,,ヘアサロン サロンオーナー関連サービス,営業中（推定）,,未収集,収集元推奨: ホットペッパービューティー / 美容師会 / iタウンページ
6744,,ヘアサロン・サロンオーナー,,北海道,,,,,,,ヘアサロン サロンオーナー関連サービス,営業中（推定）,,未収集,収集元推奨: ホットペッパービューティー / 美容師会 / iタウンページ
6745,,ヘアサロン・サロンオーナー,,北海道,,,,,,,ヘアサロン サロンオーナー関連サービス,営業中（推定）,,未収集,収集元推奨: ホットペッパービューティー / 美容師会 / iタウンページ
6746,,ヘアサロン・サロンオーナー,,北海道,,,,,,,ヘアサロン サロンオーナー関連サービス,営業中（推定）,,未収集,収集元推奨: ホットペッパービューティー / 美容師会 / iタウンページ
6747,,ヘアサロン・サロンオーナー,,北海道,,,,,,,ヘアサロン サロンオーナー関連サービス,営業中（推定）,,未収集,収集元推奨: ホットペッパービューティー / 美容師会 / iタウンページ
6748,,ヘアサロン・サロンオーナー,,北海道,,,,,,,ヘアサロン サロンオーナー関連サービス,営業中（推定）,,未収集,収集元推奨: ホットペッパービューティー / 美容師会 / iタウンページ
6749,,ヘアサロン・サロンオーナー,,北海道,,,,,,,ヘアサロン サロンオーナー関連サービス,営業中（推定）,,未収集,収集元推奨: ホットペッパービューティー / 美容師会 / iタウンページ
6750,,ヘアサロン・サロンオーナー,,北海道,,,,,,,ヘアサロン サロンオーナー関連サービス,営業中（推定）,,未収集,収集元推奨: ホットペッパービューティー / 美容師会 / iタウンページ
6751,,ヘアサロン・サロンオーナー,,北海道,,,,,,,ヘアサロン サロンオーナー関連サービス,営業中（推定）,,未収集,収集元推奨: ホットペッパービューティー / 美容師会 / iタウンページ
6752,,ヘアサロン・サロンオーナー,,北海道,,,,,,,ヘアサロン サロンオーナー関連サービス,営業中（推定）,,未収集,収集元推奨: ホットペッパービューティー / 美容師会 / iタウンページ
6753,,ヘアサロン・サロンオーナー,,北海道,,,,,,,ヘアサロン サロンオーナー関連サービス,営業中（推定）,,未収集,収集元推奨: ホットペッパービューティー / 美容師会 / iタウンページ
6754,,ヘアサロン・サロンオーナー,,北海道,,,,,,,ヘアサロン サロンオーナー関連サービス,営業中（推定）,,未収集,収集元推奨: ホットペッパービューティー / 美容師会 / iタウンページ
6755,,ヘアサロン・サロンオーナー,,北海道,,,,,,,ヘアサロン サロンオーナー関連サービス,営業中（推定）,,未収集,収集元推奨: ホットペッパービューティー / 美容師会 / iタウンページ
6756,,ヘアサロン・サロンオーナー,,北海道,,,,,,,ヘアサロン サロンオーナー関連サービス,営業中（推定）,,未収集,収集元推奨: ホットペッパービューティー / 美容師会 / iタウンページ
6757,,ヘアサロン・サロンオーナー,,北海道,,,,,,,ヘアサロン サロンオーナー関連サービス,営業中（推定）,,未収集,収集元推奨: ホットペッパービューティー / 美容師会 / iタウンページ
6758,,ヘアサロン・サロンオーナー,,北海道,,,,,,,ヘアサロン サロンオーナー関連サービス,営業中（推定）,,未収集,収集元推奨: ホットペッパービューティー / 美容師会 / iタウンページ
6759,,IT・AI×美容,,北海道,,,,,,,IT AI×美容関連サービス,営業中（推定）,,未収集,収集元推奨: スタートアップDB / PRTIMES / 展示会(BeautyTech系)
6760,,IT・AI×美容,,北海道,,,,,,,IT AI×美容関連サービス,営業中（推定）,,未収集,収集元推奨: スタートアップDB / PRTIMES / 展示会(BeautyTech系)
6761,,IT・AI×美容,,北海道,,,,,,,IT AI×美容関連サービス,営業中（推定）,,未収集,収集元推奨: スタートアップDB / PRTIMES / 展示会(BeautyTech系)
6762,,IT・AI×美容,,北海道,,,,,,,IT AI×美容関連サービス,営業中（推定）,,未収集,収集元推奨: スタートアップDB / PRTIMES / 展示会(BeautyTech系)
6763,,IT・AI×美容,,北海道,,,,,,,IT AI×美容関連サービス,営業中（推定）,,未収集,収集元推奨: スタートアップDB / PRTIMES / 展示会(BeautyTech系)
6764,,IT・AI×美容,,北海道,,,,,,,IT AI×美容関連サービス,営業中（推定）,,未収集,収集元推奨: スタートアップDB / PRTIMES / 展示会(BeautyTech系)
6765,,IT・AI×美容,,北海道,,,,,,,IT AI×美容関連サービス,営業中（推定）,,未収集,収集元推奨: スタートアップDB / PRTIMES / 展示会(BeautyTech系)
6766,,IT・AI×美容,,北海道,,,,,,,IT AI×美容関連サービス,営業中（推定）,,未収集,収集元推奨: スタートアップDB / PRTIMES / 展示会(BeautyTech系)
6767,,IT・AI×美容,,北海道,,,,,,,IT AI×美容関連サービス,営業中（推定）,,未収集,収集元推奨: スタートアップDB / PRTIMES / 展示会(BeautyTech系)
6768,,IT・AI×美容,,北海道,,,,,,,IT AI×美容関連サービス,営業中（推定）,,未収集,収集元推奨: スタートアップDB / PRTIMES / 展示会(BeautyTech系)
6769,,IT・AI×美容,,北海道,,,,,,,IT AI×美容関連サービス,営業中（推定）,,未収集,収集元推奨: スタートアップDB / PRTIMES / 展示会(BeautyTech系)
6770,,IT・AI×美容,,北海道,,,,,,,IT AI×美容関連サービス,営業中（推定）,,未収集,収集元推奨: スタートアップDB / PRTIMES / 展示会(BeautyTech系)
6771,,IT・AI×美容,,北海道,,,,,,,IT AI×美容関連サービス,営業中（推定）,,未収集,収集元推奨: スタートアップDB / PRTIMES / 展示会(BeautyTech系)
6772,,IT・AI×美容,,北海道,,,,,,,IT AI×美容関連サービス,営業中（推定）,,未収集,収集元推奨: スタートアップDB / PRTIMES / 展示会(BeautyTech系)
6773,,IT・AI×美容,,北海道,,,,,,,IT AI×美容関連サービス,営業中（推定）,,未収集,収集元推奨: スタートアップDB / PRTIMES / 展示会(BeautyTech系)
6774,,IT・AI×美容,,北海道,,,,,,,IT AI×美容関連サービス,営業中（推定）,,未収集,収集元推奨: スタートアップDB / PRTIMES / 展示会(BeautyTech系)
6775,,IT・AI×美容,,北海道,,,,,,,IT AI×美容関連サービス,営業中（推定）,,未収集,収集元推奨: スタートアップDB / PRTIMES / 展示会(BeautyTech系)
6776,,IT・AI×美容,,北海道,,,,,,,IT AI×美容関連サービス,営業中（推定）,,未収集,収集元推奨: スタートアップDB / PRTIMES / 展示会(BeautyTech系)
6777,,IT・AI×美容,,北海道,,,,,,,IT AI×美容関連サービス,営業中（推定）,,未収集,収集元推奨: スタートアップDB / PRTIMES / 展示会(BeautyTech系)
6778,,IT・AI×美容,,北海道,,,,,,,IT AI×美容関連サービス,営業中（推定）,,未収集,収集元推奨: スタートアップDB / PRTIMES / 展示会(BeautyTech系)
6779,,IT・AI×美容,,北海道,,,,,,,IT AI×美容関連サービス,営業中（推定）,,未収集,収集元推奨: スタートアップDB / PRTIMES / 展示会(BeautyTech系)
6780,,IT・AI×美容,,北海道,,,,,,,IT AI×美容関連サービス,営業中（推定）,,未収集,収集元推奨: スタートアップDB / PRTIMES / 展示会(BeautyTech系)
6781,,IT・AI×美容,,北海道,,,,,,,IT AI×美容関連サービス,営業中（推定）,,未収集,収集元推奨: スタートアップDB / PRTIMES / 展示会(BeautyTech系)
6782,,IT・AI×美容,,北海道,,,,,,,IT AI×美容関連サービス,営業中（推定）,,未収集,収集元推奨: スタートアップDB / PRTIMES / 展示会(BeautyTech系)
6783,,IT・AI×美容,,北海道,,,,,,,IT AI×美容関連サービス,営業中（推定）,,未収集,収集元推奨: スタートアップDB / PRTIMES / 展示会(BeautyTech系)
6784,,IT・AI×美容,,北海道,,,,,,,IT AI×美容関連サービス,営業中（推定）,,未収集,収集元推奨: スタートアップDB / PRTIMES / 展示会(BeautyTech系)
6785,,IT・AI×美容,,北海道,,,,,,,IT AI×美容関連サービス,営業中（推定）,,未収集,収集元推奨: スタートアップDB / PRTIMES / 展示会(BeautyTech系)
6786,,エステサロン,,兵庫県,,,,,,,エステサロン関連サービス,営業中（推定）,,未収集,収集元推奨: ホットペッパービューティー掲載企業公式サイト / 日本エステティック協会会員
6787,,エステサロン,,兵庫県,,,,,,,エステサロン関連サービス,営業中（推定）,,未収集,収集元推奨: ホットペッパービューティー掲載企業公式サイト / 日本エステティック協会会員
6788,,エステサロン,,兵庫県,,,,,,,エステサロン関連サービス,営業中（推定）,,未収集,収集元推奨: ホットペッパービューティー掲載企業公式サイト / 日本エステティック協会会員
6789,,エステサロン,,兵庫県,,,,,,,エステサロン関連サービス,営業中（推定）,,未収集,収集元推奨: ホットペッパービューティー掲載企業公式サイト / 日本エステティック協会会員
6790,,エステサロン,,兵庫県,,,,,,,エステサロン関連サービス,営業中（推定）,,未収集,収集元推奨: ホットペッパービューティー掲載企業公式サイト / 日本エステティック協会会員
6791,,エステサロン,,兵庫県,,,,,,,エステサロン関連サービス,営業中（推定）,,未収集,収集元推奨: ホットペッパービューティー掲載企業公式サイト / 日本エステティック協会会員
6792,,エステサロン,,兵庫県,,,,,,,エステサロン関連サービス,営業中（推定）,,未収集,収集元推奨: ホットペッパービューティー掲載企業公式サイト / 日本エステティック協会会員
6793,,エステサロン,,兵庫県,,,,,,,エステサロン関連サービス,営業中（推定）,,未収集,収集元推奨: ホットペッパービューティー掲載企業公式サイト / 日本エステティック協会会員
6794,,エステサロン,,兵庫県,,,,,,,エステサロン関連サービス,営業中（推定）,,未収集,収集元推奨: ホットペッパービューティー掲載企業公式サイト / 日本エステティック協会会員
6795,,エステサロン,,兵庫県,,,,,,,エステサロン関連サービス,営業中（推定）,,未収集,収集元推奨: ホットペッパービューティー掲載企業公式サイト / 日本エステティック協会会員
6796,,エステサロン,,兵庫県,,,,,,,エステサロン関連サービス,営業中（推定）,,未収集,収集元推奨: ホットペッパービューティー掲載企業公式サイト / 日本エステティック協会会員
6797,,エステサロン,,兵庫県,,,,,,,エステサロン関連サービス,営業中（推定）,,未収集,収集元推奨: ホットペッパービューティー掲載企業公式サイト / 日本エステティック協会会員
6798,,エステサロン,,兵庫県,,,,,,,エステサロン関連サービス,営業中（推定）,,未収集,収集元推奨: ホットペッパービューティー掲載企業公式サイト / 日本エステティック協会会員
6799,,エステサロン,,兵庫県,,,,,,,エステサロン関連サービス,営業中（推定）,,未収集,収集元推奨: ホットペッパービューティー掲載企業公式サイト / 日本エステティック協会会員
6800,,エステサロン,,兵庫県,,,,,,,エステサロン関連サービス,営業中（推定）,,未収集,収集元推奨: ホットペッパービューティー掲載企業公式サイト / 日本エステティック協会会員
6801,,エステサロン,,兵庫県,,,,,,,エステサロン関連サービス,営業中（推定）,,未収集,収集元推奨: ホットペッパービューティー掲載企業公式サイト / 日本エステティック協会会員
6802,,エステサロン,,兵庫県,,,,,,,エステサロン関連サービス,営業中（推定）,,未収集,収集元推奨: ホットペッパービューティー掲載企業公式サイト / 日本エステティック協会会員
6803,,エステサロン,,兵庫県,,,,,,,エステサロン関連サービス,営業中（推定）,,未収集,収集元推奨: ホットペッパービューティー掲載企業公式サイト / 日本エステティック協会会員
6804,,エステサロン,,兵庫県,,,,,,,エステサロン関連サービス,営業中（推定）,,未収集,収集元推奨: ホットペッパービューティー掲載企業公式サイト / 日本エステティック協会会員
6805,,エステサロン,,兵庫県,,,,,,,エステサロン関連サービス,営業中（推定）,,未収集,収集元推奨: ホットペッパービューティー掲載企業公式サイト / 日本エステティック協会会員
6806,,エステサロン,,兵庫県,,,,,,,エステサロン関連サービス,営業中（推定）,,未収集,収集元推奨: ホットペッパービューティー掲載企業公式サイト / 日本エステティック協会会員
6807,,エステサロン,,兵庫県,,,,,,,エステサロン関連サービス,営業中（推定）,,未収集,収集元推奨: ホットペッパービューティー掲載企業公式サイト / 日本エステティック協会会員
6808,,エステサロン,,兵庫県,,,,,,,エステサロン関連サービス,営業中（推定）,,未収集,収集元推奨: ホットペッパービューティー掲載企業公式サイト / 日本エステティック協会会員
6809,,エステサロン,,兵庫県,,,,,,,エステサロン関連サービス,営業中（推定）,,未収集,収集元推奨: ホットペッパービューティー掲載企業公式サイト / 日本エステティック協会会員
6810,,エステサロン,,兵庫県,,,,,,,エステサロン関連サービス,営業中（推定）,,未収集,収集元推奨: ホットペッパービューティー掲載企業公式サイト / 日本エステティック協会会員
6811,,エステサロン,,兵庫県,,,,,,,エステサロン関連サービス,営業中（推定）,,未収集,収集元推奨: ホットペッパービューティー掲載企業公式サイト / 日本エステティック協会会員
6812,,エステサロン,,兵庫県,,,,,,,エステサロン関連サービス,営業中（推定）,,未収集,収集元推奨: ホットペッパービューティー掲載企業公式サイト / 日本エステティック協会会員
6813,,エステサロン,,兵庫県,,,,,,,エステサロン関連サービス,営業中（推定）,,未収集,収集元推奨: ホットペッパービューティー掲載企業公式サイト / 日本エステティック協会会員
6814,,エステサロン,,兵庫県,,,,,,,エステサロン関連サービス,営業中（推定）,,未収集,収集元推奨: ホットペッパービューティー掲載企業公式サイト / 日本エステティック協会会員
6815,,エステサロン,,兵庫県,,,,,,,エステサロン関連サービス,営業中（推定）,,未収集,収集元推奨: ホットペッパービューティー掲載企業公式サイト / 日本エステティック協会会員
6816,,エステサロン,,兵庫県,,,,,,,エステサロン関連サービス,営業中（推定）,,未収集,収集元推奨: ホットペッパービューティー掲載企業公式サイト / 日本エステティック協会会員
6817,,エステサロン,,兵庫県,,,,,,,エステサロン関連サービス,営業中（推定）,,未収集,収集元推奨: ホットペッパービューティー掲載企業公式サイト / 日本エステティック協会会員
6818,,エステサロン,,兵庫県,,,,,,,エステサロン関連サービス,営業中（推定）,,未収集,収集元推奨: ホットペッパービューティー掲載企業公式サイト / 日本エステティック協会会員
6819,,エステサロン,,兵庫県,,,,,,,エステサロン関連サービス,営業中（推定）,,未収集,収集元推奨: ホットペッパービューティー掲載企業公式サイト / 日本エステティック協会会員
6820,,エステサロン,,兵庫県,,,,,,,エステサロン関連サービス,営業中（推定）,,未収集,収集元推奨: ホットペッパービューティー掲載企業公式サイト / 日本エステティック協会会員
6821,,エステサロン,,兵庫県,,,,,,,エステサロン関連サービス,営業中（推定）,,未収集,収集元推奨: ホットペッパービューティー掲載企業公式サイト / 日本エステティック協会会員
6822,,エステサロン,,兵庫県,,,,,,,エステサロン関連サービス,営業中（推定）,,未収集,収集元推奨: ホットペッパービューティー掲載企業公式サイト / 日本エステティック協会会員
6823,,エステサロン,,兵庫県,,,,,,,エステサロン関連サービス,営業中（推定）,,未収集,収集元推奨: ホットペッパービューティー掲載企業公式サイト / 日本エステティック協会会員
6824,,エステサロン,,兵庫県,,,,,,,エステサロン関連サービス,営業中（推定）,,未収集,収集元推奨: ホットペッパービューティー掲載企業公式サイト / 日本エステティック協会会員
6825,,エステサロン,,兵庫県,,,,,,,エステサロン関連サービス,営業中（推定）,,未収集,収集元推奨: ホットペッパービューティー掲載企業公式サイト / 日本エステティック協会会員
6826,,エステサロン,,兵庫県,,,,,,,エステサロン関連サービス,営業中（推定）,,未収集,収集元推奨: ホットペッパービューティー掲載企業公式サイト / 日本エステティック協会会員
6827,,エステサロン,,兵庫県,,,,,,,エステサロン関連サービス,営業中（推定）,,未収集,収集元推奨: ホットペッパービューティー掲載企業公式サイト / 日本エステティック協会会員
6828,,エステサロン,,兵庫県,,,,,,,エステサロン関連サービス,営業中（推定）,,未収集,収集元推奨: ホットペッパービューティー掲載企業公式サイト / 日本エステティック協会会員
6829,,エステサロン,,兵庫県,,,,,,,エステサロン関連サービス,営業中（推定）,,未収集,収集元推奨: ホットペッパービューティー掲載企業公式サイト / 日本エステティック協会会員
6830,,エステサロン,,兵庫県,,,,,,,エステサロン関連サービス,営業中（推定）,,未収集,収集元推奨: ホットペッパービューティー掲載企業公式サイト / 日本エステティック協会会員
6831,,エステサロン,,兵庫県,,,,,,,エステサロン関連サービス,営業中（推定）,,未収集,収集元推奨: ホットペッパービューティー掲載企業公式サイト / 日本エステティック協会会員
6832,,エステサロン,,兵庫県,,,,,,,エステサロン関連サービス,営業中（推定）,,未収集,収集元推奨: ホットペッパービューティー掲載企業公式サイト / 日本エステティック協会会員
6833,,エステサロン,,兵庫県,,,,,,,エステサロン関連サービス,営業中（推定）,,未収集,収集元推奨: ホットペッパービューティー掲載企業公式サイト / 日本エステティック協会会員
6834,,エステサロン,,兵庫県,,,,,,,エステサロン関連サービス,営業中（推定）,,未収集,収集元推奨: ホットペッパービューティー掲載企業公式サイト / 日本エステティック協会会員
6835,,エステサロン,,兵庫県,,,,,,,エステサロン関連サービス,営業中（推定）,,未収集,収集元推奨: ホットペッパービューティー掲載企業公式サイト / 日本エステティック協会会員
6836,,エステサロン,,兵庫県,,,,,,,エステサロン関連サービス,営業中（推定）,,未収集,収集元推奨: ホットペッパービューティー掲載企業公式サイト / 日本エステティック協会会員
6837,,エステサロン,,兵庫県,,,,,,,エステサロン関連サービス,営業中（推定）,,未収集,収集元推奨: ホットペッパービューティー掲載企業公式サイト / 日本エステティック協会会員
6838,,エステサロン,,兵庫県,,,,,,,エステサロン関連サービス,営業中（推定）,,未収集,収集元推奨: ホットペッパービューティー掲載企業公式サイト / 日本エステティック協会会員
6839,,エステサロン,,兵庫県,,,,,,,エステサロン関連サービス,営業中（推定）,,未収集,収集元推奨: ホットペッパービューティー掲載企業公式サイト / 日本エステティック協会会員
6840,,エステサロン,,兵庫県,,,,,,,エステサロン関連サービス,営業中（推定）,,未収集,収集元推奨: ホットペッパービューティー掲載企業公式サイト / 日本エステティック協会会員
6841,,エステサロン,,兵庫県,,,,,,,エステサロン関連サービス,営業中（推定）,,未収集,収集元推奨: ホットペッパービューティー掲載企業公式サイト / 日本エステティック協会会員
6842,,エステサロン,,兵庫県,,,,,,,エステサロン関連サービス,営業中（推定）,,未収集,収集元推奨: ホットペッパービューティー掲載企業公式サイト / 日本エステティック協会会員
6843,,エステサロン,,兵庫県,,,,,,,エステサロン関連サービス,営業中（推定）,,未収集,収集元推奨: ホットペッパービューティー掲載企業公式サイト / 日本エステティック協会会員
6844,,エステサロン,,兵庫県,,,,,,,エステサロン関連サービス,営業中（推定）,,未収集,収集元推奨: ホットペッパービューティー掲載企業公式サイト / 日本エステティック協会会員
6845,,エステサロン,,兵庫県,,,,,,,エステサロン関連サービス,営業中（推定）,,未収集,収集元推奨: ホットペッパービューティー掲載企業公式サイト / 日本エステティック協会会員
6846,,ネイルサロン,,兵庫県,,,,,,,ネイルサロン関連サービス,営業中（推定）,,未収集,収集元推奨: JNA（日本ネイリスト協会）会員 / ホットペッパービューティー
6847,,ネイルサロン,,兵庫県,,,,,,,ネイルサロン関連サービス,営業中（推定）,,未収集,収集元推奨: JNA（日本ネイリスト協会）会員 / ホットペッパービューティー
6848,,ネイルサロン,,兵庫県,,,,,,,ネイルサロン関連サービス,営業中（推定）,,未収集,収集元推奨: JNA（日本ネイリスト協会）会員 / ホットペッパービューティー
6849,,ネイルサロン,,兵庫県,,,,,,,ネイルサロン関連サービス,営業中（推定）,,未収集,収集元推奨: JNA（日本ネイリスト協会）会員 / ホットペッパービューティー
6850,,ネイルサロン,,兵庫県,,,,,,,ネイルサロン関連サービス,営業中（推定）,,未収集,収集元推奨: JNA（日本ネイリスト協会）会員 / ホットペッパービューティー
6851,,ネイルサロン,,兵庫県,,,,,,,ネイルサロン関連サービス,営業中（推定）,,未収集,収集元推奨: JNA（日本ネイリスト協会）会員 / ホットペッパービューティー
6852,,ネイルサロン,,兵庫県,,,,,,,ネイルサロン関連サービス,営業中（推定）,,未収集,収集元推奨: JNA（日本ネイリスト協会）会員 / ホットペッパービューティー
6853,,ネイルサロン,,兵庫県,,,,,,,ネイルサロン関連サービス,営業中（推定）,,未収集,収集元推奨: JNA（日本ネイリスト協会）会員 / ホットペッパービューティー
6854,,ネイルサロン,,兵庫県,,,,,,,ネイルサロン関連サービス,営業中（推定）,,未収集,収集元推奨: JNA（日本ネイリスト協会）会員 / ホットペッパービューティー
6855,,ネイルサロン,,兵庫県,,,,,,,ネイルサロン関連サービス,営業中（推定）,,未収集,収集元推奨: JNA（日本ネイリスト協会）会員 / ホットペッパービューティー
6856,,ネイルサロン,,兵庫県,,,,,,,ネイルサロン関連サービス,営業中（推定）,,未収集,収集元推奨: JNA（日本ネイリスト協会）会員 / ホットペッパービューティー
6857,,ネイルサロン,,兵庫県,,,,,,,ネイルサロン関連サービス,営業中（推定）,,未収集,収集元推奨: JNA（日本ネイリスト協会）会員 / ホットペッパービューティー
6858,,ネイルサロン,,兵庫県,,,,,,,ネイルサロン関連サービス,営業中（推定）,,未収集,収集元推奨: JNA（日本ネイリスト協会）会員 / ホットペッパービューティー
6859,,ネイルサロン,,兵庫県,,,,,,,ネイルサロン関連サービス,営業中（推定）,,未収集,収集元推奨: JNA（日本ネイリスト協会）会員 / ホットペッパービューティー
6860,,ネイルサロン,,兵庫県,,,,,,,ネイルサロン関連サービス,営業中（推定）,,未収集,収集元推奨: JNA（日本ネイリスト協会）会員 / ホットペッパービューティー
6861,,ネイルサロン,,兵庫県,,,,,,,ネイルサロン関連サービス,営業中（推定）,,未収集,収集元推奨: JNA（日本ネイリスト協会）会員 / ホットペッパービューティー
6862,,ネイルサロン,,兵庫県,,,,,,,ネイルサロン関連サービス,営業中（推定）,,未収集,収集元推奨: JNA（日本ネイリスト協会）会員 / ホットペッパービューティー
6863,,ネイルサロン,,兵庫県,,,,,,,ネイルサロン関連サービス,営業中（推定）,,未収集,収集元推奨: JNA（日本ネイリスト協会）会員 / ホットペッパービューティー
6864,,ネイルサロン,,兵庫県,,,,,,,ネイルサロン関連サービス,営業中（推定）,,未収集,収集元推奨: JNA（日本ネイリスト協会）会員 / ホットペッパービューティー
6865,,ネイルサロン,,兵庫県,,,,,,,ネイルサロン関連サービス,営業中（推定）,,未収集,収集元推奨: JNA（日本ネイリスト協会）会員 / ホットペッパービューティー
6866,,ネイルサロン,,兵庫県,,,,,,,ネイルサロン関連サービス,営業中（推定）,,未収集,収集元推奨: JNA（日本ネイリスト協会）会員 / ホットペッパービューティー
6867,,ネイルサロン,,兵庫県,,,,,,,ネイルサロン関連サービス,営業中（推定）,,未収集,収集元推奨: JNA（日本ネイリスト協会）会員 / ホットペッパービューティー
6868,,ネイルサロン,,兵庫県,,,,,,,ネイルサロン関連サービス,営業中（推定）,,未収集,収集元推奨: JNA（日本ネイリスト協会）会員 / ホットペッパービューティー
6869,,ネイルサロン,,兵庫県,,,,,,,ネイルサロン関連サービス,営業中（推定）,,未収集,収集元推奨: JNA（日本ネイリスト協会）会員 / ホットペッパービューティー
6870,,ネイルサロン,,兵庫県,,,,,,,ネイルサロン関連サービス,営業中（推定）,,未収集,収集元推奨: JNA（日本ネイリスト協会）会員 / ホットペッパービューティー
6871,,ネイルサロン,,兵庫県,,,,,,,ネイルサロン関連サービス,営業中（推定）,,未収集,収集元推奨: JNA（日本ネイリスト協会）会員 / ホットペッパービューティー
6872,,ネイルサロン,,兵庫県,,,,,,,ネイルサロン関連サービス,営業中（推定）,,未収集,収集元推奨: JNA（日本ネイリスト協会）会員 / ホットペッパービューティー
6873,,ネイルサロン,,兵庫県,,,,,,,ネイルサロン関連サービス,営業中（推定）,,未収集,収集元推奨: JNA（日本ネイリスト協会）会員 / ホットペッパービューティー
6874,,ネイルサロン,,兵庫県,,,,,,,ネイルサロン関連サービス,営業中（推定）,,未収集,収集元推奨: JNA（日本ネイリスト協会）会員 / ホットペッパービューティー
6875,,ネイルサロン,,兵庫県,,,,,,,ネイルサロン関連サービス,営業中（推定）,,未収集,収集元推奨: JNA（日本ネイリスト協会）会員 / ホットペッパービューティー
6876,,ネイルサロン,,兵庫県,,,,,,,ネイルサロン関連サービス,営業中（推定）,,未収集,収集元推奨: JNA（日本ネイリスト協会）会員 / ホットペッパービューティー
6877,,ネイルサロン,,兵庫県,,,,,,,ネイルサロン関連サービス,営業中（推定）,,未収集,収集元推奨: JNA（日本ネイリスト協会）会員 / ホットペッパービューティー
6878,,ネイルサロン,,兵庫県,,,,,,,ネイルサロン関連サービス,営業中（推定）,,未収集,収集元推奨: JNA（日本ネイリスト協会）会員 / ホットペッパービューティー
6879,,ネイルサロン,,兵庫県,,,,,,,ネイルサロン関連サービス,営業中（推定）,,未収集,収集元推奨: JNA（日本ネイリスト協会）会員 / ホットペッパービューティー
6880,,ネイルサロン,,兵庫県,,,,,,,ネイルサロン関連サービス,営業中（推定）,,未収集,収集元推奨: JNA（日本ネイリスト協会）会員 / ホットペッパービューティー
6881,,ネイルサロン,,兵庫県,,,,,,,ネイルサロン関連サービス,営業中（推定）,,未収集,収集元推奨: JNA（日本ネイリスト協会）会員 / ホットペッパービューティー
6882,,ネイルサロン,,兵庫県,,,,,,,ネイルサロン関連サービス,営業中（推定）,,未収集,収集元推奨: JNA（日本ネイリスト協会）会員 / ホットペッパービューティー
6883,,ネイルサロン,,兵庫県,,,,,,,ネイルサロン関連サービス,営業中（推定）,,未収集,収集元推奨: JNA（日本ネイリスト協会）会員 / ホットペッパービューティー
6884,,ネイルサロン,,兵庫県,,,,,,,ネイルサロン関連サービス,営業中（推定）,,未収集,収集元推奨: JNA（日本ネイリスト協会）会員 / ホットペッパービューティー
6885,,ネイルサロン,,兵庫県,,,,,,,ネイルサロン関連サービス,営業中（推定）,,未収集,収集元推奨: JNA（日本ネイリスト協会）会員 / ホットペッパービューティー
6886,,ネイルサロン,,兵庫県,,,,,,,ネイルサロン関連サービス,営業中（推定）,,未収集,収集元推奨: JNA（日本ネイリスト協会）会員 / ホットペッパービューティー
6887,,ネイルサロン,,兵庫県,,,,,,,ネイルサロン関連サービス,営業中（推定）,,未収集,収集元推奨: JNA（日本ネイリスト協会）会員 / ホットペッパービューティー
6888,,ネイルサロン,,兵庫県,,,,,,,ネイルサロン関連サービス,営業中（推定）,,未収集,収集元推奨: JNA（日本ネイリスト協会）会員 / ホットペッパービューティー
6889,,ネイルサロン,,兵庫県,,,,,,,ネイルサロン関連サービス,営業中（推定）,,未収集,収集元推奨: JNA（日本ネイリスト協会）会員 / ホットペッパービューティー
6890,,ネイルサロン,,兵庫県,,,,,,,ネイルサロン関連サービス,営業中（推定）,,未収集,収集元推奨: JNA（日本ネイリスト協会）会員 / ホットペッパービューティー
6891,,美容整体・小顔矯正,,兵庫県,,,,,,,美容整体 小顔矯正関連サービス,営業中（推定）,,未収集,収集元推奨: エキテン・ホットペッパービューティー / iタウンページ「整体」
6892,,美容整体・小顔矯正,,兵庫県,,,,,,,美容整体 小顔矯正関連サービス,営業中（推定）,,未収集,収集元推奨: エキテン・ホットペッパービューティー / iタウンページ「整体」
6893,,美容整体・小顔矯正,,兵庫県,,,,,,,美容整体 小顔矯正関連サービス,営業中（推定）,,未収集,収集元推奨: エキテン・ホットペッパービューティー / iタウンページ「整体」
6894,,美容整体・小顔矯正,,兵庫県,,,,,,,美容整体 小顔矯正関連サービス,営業中（推定）,,未収集,収集元推奨: エキテン・ホットペッパービューティー / iタウンページ「整体」
6895,,美容整体・小顔矯正,,兵庫県,,,,,,,美容整体 小顔矯正関連サービス,営業中（推定）,,未収集,収集元推奨: エキテン・ホットペッパービューティー / iタウンページ「整体」
6896,,美容整体・小顔矯正,,兵庫県,,,,,,,美容整体 小顔矯正関連サービス,営業中（推定）,,未収集,収集元推奨: エキテン・ホットペッパービューティー / iタウンページ「整体」
6897,,美容整体・小顔矯正,,兵庫県,,,,,,,美容整体 小顔矯正関連サービス,営業中（推定）,,未収集,収集元推奨: エキテン・ホットペッパービューティー / iタウンページ「整体」
6898,,美容整体・小顔矯正,,兵庫県,,,,,,,美容整体 小顔矯正関連サービス,営業中（推定）,,未収集,収集元推奨: エキテン・ホットペッパービューティー / iタウンページ「整体」
6899,,美容整体・小顔矯正,,兵庫県,,,,,,,美容整体 小顔矯正関連サービス,営業中（推定）,,未収集,収集元推奨: エキテン・ホットペッパービューティー / iタウンページ「整体」
6900,,美容整体・小顔矯正,,兵庫県,,,,,,,美容整体 小顔矯正関連サービス,営業中（推定）,,未収集,収集元推奨: エキテン・ホットペッパービューティー / iタウンページ「整体」
6901,,美容整体・小顔矯正,,兵庫県,,,,,,,美容整体 小顔矯正関連サービス,営業中（推定）,,未収集,収集元推奨: エキテン・ホットペッパービューティー / iタウンページ「整体」
6902,,美容整体・小顔矯正,,兵庫県,,,,,,,美容整体 小顔矯正関連サービス,営業中（推定）,,未収集,収集元推奨: エキテン・ホットペッパービューティー / iタウンページ「整体」
6903,,美容整体・小顔矯正,,兵庫県,,,,,,,美容整体 小顔矯正関連サービス,営業中（推定）,,未収集,収集元推奨: エキテン・ホットペッパービューティー / iタウンページ「整体」
6904,,美容整体・小顔矯正,,兵庫県,,,,,,,美容整体 小顔矯正関連サービス,営業中（推定）,,未収集,収集元推奨: エキテン・ホットペッパービューティー / iタウンページ「整体」
6905,,美容整体・小顔矯正,,兵庫県,,,,,,,美容整体 小顔矯正関連サービス,営業中（推定）,,未収集,収集元推奨: エキテン・ホットペッパービューティー / iタウンページ「整体」
6906,,美容整体・小顔矯正,,兵庫県,,,,,,,美容整体 小顔矯正関連サービス,営業中（推定）,,未収集,収集元推奨: エキテン・ホットペッパービューティー / iタウンページ「整体」
6907,,美容整体・小顔矯正,,兵庫県,,,,,,,美容整体 小顔矯正関連サービス,営業中（推定）,,未収集,収集元推奨: エキテン・ホットペッパービューティー / iタウンページ「整体」
6908,,美容整体・小顔矯正,,兵庫県,,,,,,,美容整体 小顔矯正関連サービス,営業中（推定）,,未収集,収集元推奨: エキテン・ホットペッパービューティー / iタウンページ「整体」
6909,,美容整体・小顔矯正,,兵庫県,,,,,,,美容整体 小顔矯正関連サービス,営業中（推定）,,未収集,収集元推奨: エキテン・ホットペッパービューティー / iタウンページ「整体」
6910,,美容整体・小顔矯正,,兵庫県,,,,,,,美容整体 小顔矯正関連サービス,営業中（推定）,,未収集,収集元推奨: エキテン・ホットペッパービューティー / iタウンページ「整体」
6911,,美容整体・小顔矯正,,兵庫県,,,,,,,美容整体 小顔矯正関連サービス,営業中（推定）,,未収集,収集元推奨: エキテン・ホットペッパービューティー / iタウンページ「整体」
6912,,美容整体・小顔矯正,,兵庫県,,,,,,,美容整体 小顔矯正関連サービス,営業中（推定）,,未収集,収集元推奨: エキテン・ホットペッパービューティー / iタウンページ「整体」
6913,,美容整体・小顔矯正,,兵庫県,,,,,,,美容整体 小顔矯正関連サービス,営業中（推定）,,未収集,収集元推奨: エキテン・ホットペッパービューティー / iタウンページ「整体」
6914,,美容整体・小顔矯正,,兵庫県,,,,,,,美容整体 小顔矯正関連サービス,営業中（推定）,,未収集,収集元推奨: エキテン・ホットペッパービューティー / iタウンページ「整体」
6915,,美容整体・小顔矯正,,兵庫県,,,,,,,美容整体 小顔矯正関連サービス,営業中（推定）,,未収集,収集元推奨: エキテン・ホットペッパービューティー / iタウンページ「整体」
6916,,美容整体・小顔矯正,,兵庫県,,,,,,,美容整体 小顔矯正関連サービス,営業中（推定）,,未収集,収集元推奨: エキテン・ホットペッパービューティー / iタウンページ「整体」
6917,,美容整体・小顔矯正,,兵庫県,,,,,,,美容整体 小顔矯正関連サービス,営業中（推定）,,未収集,収集元推奨: エキテン・ホットペッパービューティー / iタウンページ「整体」
6918,,美容整体・小顔矯正,,兵庫県,,,,,,,美容整体 小顔矯正関連サービス,営業中（推定）,,未収集,収集元推奨: エキテン・ホットペッパービューティー / iタウンページ「整体」
6919,,美容整体・小顔矯正,,兵庫県,,,,,,,美容整体 小顔矯正関連サービス,営業中（推定）,,未収集,収集元推奨: エキテン・ホットペッパービューティー / iタウンページ「整体」
6920,,美容整体・小顔矯正,,兵庫県,,,,,,,美容整体 小顔矯正関連サービス,営業中（推定）,,未収集,収集元推奨: エキテン・ホットペッパービューティー / iタウンページ「整体」
6921,,美容鍼灸院,,兵庫県,,,,,,,美容鍼灸院関連サービス,営業中（推定）,,未収集,収集元推奨: 日本鍼灸師会地方師会会員名簿 / 鍼灸ポータルサイト
6922,,美容鍼灸院,,兵庫県,,,,,,,美容鍼灸院関連サービス,営業中（推定）,,未収集,収集元推奨: 日本鍼灸師会地方師会会員名簿 / 鍼灸ポータルサイト
6923,,美容鍼灸院,,兵庫県,,,,,,,美容鍼灸院関連サービス,営業中（推定）,,未収集,収集元推奨: 日本鍼灸師会地方師会会員名簿 / 鍼灸ポータルサイト
6924,,美容鍼灸院,,兵庫県,,,,,,,美容鍼灸院関連サービス,営業中（推定）,,未収集,収集元推奨: 日本鍼灸師会地方師会会員名簿 / 鍼灸ポータルサイト
6925,,美容鍼灸院,,兵庫県,,,,,,,美容鍼灸院関連サービス,営業中（推定）,,未収集,収集元推奨: 日本鍼灸師会地方師会会員名簿 / 鍼灸ポータルサイト
6926,,美容鍼灸院,,兵庫県,,,,,,,美容鍼灸院関連サービス,営業中（推定）,,未収集,収集元推奨: 日本鍼灸師会地方師会会員名簿 / 鍼灸ポータルサイト
6927,,美容鍼灸院,,兵庫県,,,,,,,美容鍼灸院関連サービス,営業中（推定）,,未収集,収集元推奨: 日本鍼灸師会地方師会会員名簿 / 鍼灸ポータルサイト
6928,,美容鍼灸院,,兵庫県,,,,,,,美容鍼灸院関連サービス,営業中（推定）,,未収集,収集元推奨: 日本鍼灸師会地方師会会員名簿 / 鍼灸ポータルサイト
6929,,美容鍼灸院,,兵庫県,,,,,,,美容鍼灸院関連サービス,営業中（推定）,,未収集,収集元推奨: 日本鍼灸師会地方師会会員名簿 / 鍼灸ポータルサイト
6930,,美容鍼灸院,,兵庫県,,,,,,,美容鍼灸院関連サービス,営業中（推定）,,未収集,収集元推奨: 日本鍼灸師会地方師会会員名簿 / 鍼灸ポータルサイト
6931,,美容鍼灸院,,兵庫県,,,,,,,美容鍼灸院関連サービス,営業中（推定）,,未収集,収集元推奨: 日本鍼灸師会地方師会会員名簿 / 鍼灸ポータルサイト
6932,,美容鍼灸院,,兵庫県,,,,,,,美容鍼灸院関連サービス,営業中（推定）,,未収集,収集元推奨: 日本鍼灸師会地方師会会員名簿 / 鍼灸ポータルサイト
6933,,美容鍼灸院,,兵庫県,,,,,,,美容鍼灸院関連サービス,営業中（推定）,,未収集,収集元推奨: 日本鍼灸師会地方師会会員名簿 / 鍼灸ポータルサイト
6934,,美容鍼灸院,,兵庫県,,,,,,,美容鍼灸院関連サービス,営業中（推定）,,未収集,収集元推奨: 日本鍼灸師会地方師会会員名簿 / 鍼灸ポータルサイト
6935,,美容鍼灸院,,兵庫県,,,,,,,美容鍼灸院関連サービス,営業中（推定）,,未収集,収集元推奨: 日本鍼灸師会地方師会会員名簿 / 鍼灸ポータルサイト
6936,,美容鍼灸院,,兵庫県,,,,,,,美容鍼灸院関連サービス,営業中（推定）,,未収集,収集元推奨: 日本鍼灸師会地方師会会員名簿 / 鍼灸ポータルサイト
6937,,美容鍼灸院,,兵庫県,,,,,,,美容鍼灸院関連サービス,営業中（推定）,,未収集,収集元推奨: 日本鍼灸師会地方師会会員名簿 / 鍼灸ポータルサイト
6938,,美容鍼灸院,,兵庫県,,,,,,,美容鍼灸院関連サービス,営業中（推定）,,未収集,収集元推奨: 日本鍼灸師会地方師会会員名簿 / 鍼灸ポータルサイト
6939,,美容鍼灸院,,兵庫県,,,,,,,美容鍼灸院関連サービス,営業中（推定）,,未収集,収集元推奨: 日本鍼灸師会地方師会会員名簿 / 鍼灸ポータルサイト
6940,,美容鍼灸院,,兵庫県,,,,,,,美容鍼灸院関連サービス,営業中（推定）,,未収集,収集元推奨: 日本鍼灸師会地方師会会員名簿 / 鍼灸ポータルサイト
6941,,美容鍼灸院,,兵庫県,,,,,,,美容鍼灸院関連サービス,営業中（推定）,,未収集,収集元推奨: 日本鍼灸師会地方師会会員名簿 / 鍼灸ポータルサイト
6942,,美容鍼灸院,,兵庫県,,,,,,,美容鍼灸院関連サービス,営業中（推定）,,未収集,収集元推奨: 日本鍼灸師会地方師会会員名簿 / 鍼灸ポータルサイト
6943,,美容鍼灸院,,兵庫県,,,,,,,美容鍼灸院関連サービス,営業中（推定）,,未収集,収集元推奨: 日本鍼灸師会地方師会会員名簿 / 鍼灸ポータルサイト
6944,,美容鍼灸院,,兵庫県,,,,,,,美容鍼灸院関連サービス,営業中（推定）,,未収集,収集元推奨: 日本鍼灸師会地方師会会員名簿 / 鍼灸ポータルサイト
6945,,アロマ・リラクゼーション,,兵庫県,,,,,,,アロマ リラクゼーション関連サービス,営業中（推定）,,未収集,収集元推奨: AEAJ認定サロン一覧 / ホットペッパービューティー
6946,,アロマ・リラクゼーション,,兵庫県,,,,,,,アロマ リラクゼーション関連サービス,営業中（推定）,,未収集,収集元推奨: AEAJ認定サロン一覧 / ホットペッパービューティー
6947,,アロマ・リラクゼーション,,兵庫県,,,,,,,アロマ リラクゼーション関連サービス,営業中（推定）,,未収集,収集元推奨: AEAJ認定サロン一覧 / ホットペッパービューティー
6948,,アロマ・リラクゼーション,,兵庫県,,,,,,,アロマ リラクゼーション関連サービス,営業中（推定）,,未収集,収集元推奨: AEAJ認定サロン一覧 / ホットペッパービューティー
6949,,アロマ・リラクゼーション,,兵庫県,,,,,,,アロマ リラクゼーション関連サービス,営業中（推定）,,未収集,収集元推奨: AEAJ認定サロン一覧 / ホットペッパービューティー
6950,,アロマ・リラクゼーション,,兵庫県,,,,,,,アロマ リラクゼーション関連サービス,営業中（推定）,,未収集,収集元推奨: AEAJ認定サロン一覧 / ホットペッパービューティー
6951,,アロマ・リラクゼーション,,兵庫県,,,,,,,アロマ リラクゼーション関連サービス,営業中（推定）,,未収集,収集元推奨: AEAJ認定サロン一覧 / ホットペッパービューティー
6952,,アロマ・リラクゼーション,,兵庫県,,,,,,,アロマ リラクゼーション関連サービス,営業中（推定）,,未収集,収集元推奨: AEAJ認定サロン一覧 / ホットペッパービューティー
6953,,アロマ・リラクゼーション,,兵庫県,,,,,,,アロマ リラクゼーション関連サービス,営業中（推定）,,未収集,収集元推奨: AEAJ認定サロン一覧 / ホットペッパービューティー
6954,,アロマ・リラクゼーション,,兵庫県,,,,,,,アロマ リラクゼーション関連サービス,営業中（推定）,,未収集,収集元推奨: AEAJ認定サロン一覧 / ホットペッパービューティー
6955,,アロマ・リラクゼーション,,兵庫県,,,,,,,アロマ リラクゼーション関連サービス,営業中（推定）,,未収集,収集元推奨: AEAJ認定サロン一覧 / ホットペッパービューティー
6956,,アロマ・リラクゼーション,,兵庫県,,,,,,,アロマ リラクゼーション関連サービス,営業中（推定）,,未収集,収集元推奨: AEAJ認定サロン一覧 / ホットペッパービューティー
6957,,アロマ・リラクゼーション,,兵庫県,,,,,,,アロマ リラクゼーション関連サービス,営業中（推定）,,未収集,収集元推奨: AEAJ認定サロン一覧 / ホットペッパービューティー
6958,,アロマ・リラクゼーション,,兵庫県,,,,,,,アロマ リラクゼーション関連サービス,営業中（推定）,,未収集,収集元推奨: AEAJ認定サロン一覧 / ホットペッパービューティー
6959,,アロマ・リラクゼーション,,兵庫県,,,,,,,アロマ リラクゼーション関連サービス,営業中（推定）,,未収集,収集元推奨: AEAJ認定サロン一覧 / ホットペッパービューティー
6960,,アロマ・リラクゼーション,,兵庫県,,,,,,,アロマ リラクゼーション関連サービス,営業中（推定）,,未収集,収集元推奨: AEAJ認定サロン一覧 / ホットペッパービューティー
6961,,アロマ・リラクゼーション,,兵庫県,,,,,,,アロマ リラクゼーション関連サービス,営業中（推定）,,未収集,収集元推奨: AEAJ認定サロン一覧 / ホットペッパービューティー
6962,,アロマ・リラクゼーション,,兵庫県,,,,,,,アロマ リラクゼーション関連サービス,営業中（推定）,,未収集,収集元推奨: AEAJ認定サロン一覧 / ホットペッパービューティー
6963,,アロマ・リラクゼーション,,兵庫県,,,,,,,アロマ リラクゼーション関連サービス,営業中（推定）,,未収集,収集元推奨: AEAJ認定サロン一覧 / ホットペッパービューティー
6964,,アロマ・リラクゼーション,,兵庫県,,,,,,,アロマ リラクゼーション関連サービス,営業中（推定）,,未収集,収集元推奨: AEAJ認定サロン一覧 / ホットペッパービューティー
6965,,アロマ・リラクゼーション,,兵庫県,,,,,,,アロマ リラクゼーション関連サービス,営業中（推定）,,未収集,収集元推奨: AEAJ認定サロン一覧 / ホットペッパービューティー
6966,,アロマ・リラクゼーション,,兵庫県,,,,,,,アロマ リラクゼーション関連サービス,営業中（推定）,,未収集,収集元推奨: AEAJ認定サロン一覧 / ホットペッパービューティー
6967,,アロマ・リラクゼーション,,兵庫県,,,,,,,アロマ リラクゼーション関連サービス,営業中（推定）,,未収集,収集元推奨: AEAJ認定サロン一覧 / ホットペッパービューティー
6968,,アロマ・リラクゼーション,,兵庫県,,,,,,,アロマ リラクゼーション関連サービス,営業中（推定）,,未収集,収集元推奨: AEAJ認定サロン一覧 / ホットペッパービューティー
6969,,美容クリニック,,兵庫県,,,,,,,美容クリニック関連サービス,営業中（推定）,,未収集,収集元推奨: 日本美容外科学会(JSAS)会員 / 各クリニック公式サイト
6970,,美容クリニック,,兵庫県,,,,,,,美容クリニック関連サービス,営業中（推定）,,未収集,収集元推奨: 日本美容外科学会(JSAS)会員 / 各クリニック公式サイト
6971,,美容クリニック,,兵庫県,,,,,,,美容クリニック関連サービス,営業中（推定）,,未収集,収集元推奨: 日本美容外科学会(JSAS)会員 / 各クリニック公式サイト
6972,,美容クリニック,,兵庫県,,,,,,,美容クリニック関連サービス,営業中（推定）,,未収集,収集元推奨: 日本美容外科学会(JSAS)会員 / 各クリニック公式サイト
6973,,美容クリニック,,兵庫県,,,,,,,美容クリニック関連サービス,営業中（推定）,,未収集,収集元推奨: 日本美容外科学会(JSAS)会員 / 各クリニック公式サイト
6974,,美容クリニック,,兵庫県,,,,,,,美容クリニック関連サービス,営業中（推定）,,未収集,収集元推奨: 日本美容外科学会(JSAS)会員 / 各クリニック公式サイト
6975,,美容クリニック,,兵庫県,,,,,,,美容クリニック関連サービス,営業中（推定）,,未収集,収集元推奨: 日本美容外科学会(JSAS)会員 / 各クリニック公式サイト
6976,,美容クリニック,,兵庫県,,,,,,,美容クリニック関連サービス,営業中（推定）,,未収集,収集元推奨: 日本美容外科学会(JSAS)会員 / 各クリニック公式サイト
6977,,美容クリニック,,兵庫県,,,,,,,美容クリニック関連サービス,営業中（推定）,,未収集,収集元推奨: 日本美容外科学会(JSAS)会員 / 各クリニック公式サイト
6978,,美容クリニック,,兵庫県,,,,,,,美容クリニック関連サービス,営業中（推定）,,未収集,収集元推奨: 日本美容外科学会(JSAS)会員 / 各クリニック公式サイト
6979,,美容クリニック,,兵庫県,,,,,,,美容クリニック関連サービス,営業中（推定）,,未収集,収集元推奨: 日本美容外科学会(JSAS)会員 / 各クリニック公式サイト
6980,,美容クリニック,,兵庫県,,,,,,,美容クリニック関連サービス,営業中（推定）,,未収集,収集元推奨: 日本美容外科学会(JSAS)会員 / 各クリニック公式サイト
6981,,美容クリニック,,兵庫県,,,,,,,美容クリニック関連サービス,営業中（推定）,,未収集,収集元推奨: 日本美容外科学会(JSAS)会員 / 各クリニック公式サイト
6982,,美容クリニック,,兵庫県,,,,,,,美容クリニック関連サービス,営業中（推定）,,未収集,収集元推奨: 日本美容外科学会(JSAS)会員 / 各クリニック公式サイト
6983,,美容クリニック,,兵庫県,,,,,,,美容クリニック関連サービス,営業中（推定）,,未収集,収集元推奨: 日本美容外科学会(JSAS)会員 / 各クリニック公式サイト
6984,,美容クリニック,,兵庫県,,,,,,,美容クリニック関連サービス,営業中（推定）,,未収集,収集元推奨: 日本美容外科学会(JSAS)会員 / 各クリニック公式サイト
6985,,美容クリニック,,兵庫県,,,,,,,美容クリニック関連サービス,営業中（推定）,,未収集,収集元推奨: 日本美容外科学会(JSAS)会員 / 各クリニック公式サイト
6986,,美容クリニック,,兵庫県,,,,,,,美容クリニック関連サービス,営業中（推定）,,未収集,収集元推奨: 日本美容外科学会(JSAS)会員 / 各クリニック公式サイト
6987,,美容クリニック,,兵庫県,,,,,,,美容クリニック関連サービス,営業中（推定）,,未収集,収集元推奨: 日本美容外科学会(JSAS)会員 / 各クリニック公式サイト
6988,,美容クリニック,,兵庫県,,,,,,,美容クリニック関連サービス,営業中（推定）,,未収集,収集元推奨: 日本美容外科学会(JSAS)会員 / 各クリニック公式サイト
6989,,美容クリニック,,兵庫県,,,,,,,美容クリニック関連サービス,営業中（推定）,,未収集,収集元推奨: 日本美容外科学会(JSAS)会員 / 各クリニック公式サイト
6990,,美容クリニック,,兵庫県,,,,,,,美容クリニック関連サービス,営業中（推定）,,未収集,収集元推奨: 日本美容外科学会(JSAS)会員 / 各クリニック公式サイト
6991,,美容クリニック,,兵庫県,,,,,,,美容クリニック関連サービス,営業中（推定）,,未収集,収集元推奨: 日本美容外科学会(JSAS)会員 / 各クリニック公式サイト
6992,,美容クリニック,,兵庫県,,,,,,,美容クリニック関連サービス,営業中（推定）,,未収集,収集元推奨: 日本美容外科学会(JSAS)会員 / 各クリニック公式サイト
6993,,美容機器メーカー・ディーラー,,兵庫県,,,,,,,美容機器メーカー ディーラー関連サービス,営業中（推定）,,未収集,収集元推奨: BeautyWorld Japan展示会出展者一覧 / 国税庁法人番号DB
6994,,美容機器メーカー・ディーラー,,兵庫県,,,,,,,美容機器メーカー ディーラー関連サービス,営業中（推定）,,未収集,収集元推奨: BeautyWorld Japan展示会出展者一覧 / 国税庁法人番号DB
6995,,美容機器メーカー・ディーラー,,兵庫県,,,,,,,美容機器メーカー ディーラー関連サービス,営業中（推定）,,未収集,収集元推奨: BeautyWorld Japan展示会出展者一覧 / 国税庁法人番号DB
6996,,美容機器メーカー・ディーラー,,兵庫県,,,,,,,美容機器メーカー ディーラー関連サービス,営業中（推定）,,未収集,収集元推奨: BeautyWorld Japan展示会出展者一覧 / 国税庁法人番号DB
6997,,美容機器メーカー・ディーラー,,兵庫県,,,,,,,美容機器メーカー ディーラー関連サービス,営業中（推定）,,未収集,収集元推奨: BeautyWorld Japan展示会出展者一覧 / 国税庁法人番号DB
6998,,美容機器メーカー・ディーラー,,兵庫県,,,,,,,美容機器メーカー ディーラー関連サービス,営業中（推定）,,未収集,収集元推奨: BeautyWorld Japan展示会出展者一覧 / 国税庁法人番号DB
6999,,美容機器メーカー・ディーラー,,兵庫県,,,,,,,美容機器メーカー ディーラー関連サービス,営業中（推定）,,未収集,収集元推奨: BeautyWorld Japan展示会出展者一覧 / 国税庁法人番号DB
7000,,美容機器メーカー・ディーラー,,兵庫県,,,,,,,美容機器メーカー ディーラー関連サービス,営業中（推定）,,未収集,収集元推奨: BeautyWorld Japan展示会出展者一覧 / 国税庁法人番号DB
7001,,美容機器メーカー・ディーラー,,兵庫県,,,,,,,美容機器メーカー ディーラー関連サービス,営業中（推定）,,未収集,収集元推奨: BeautyWorld Japan展示会出展者一覧 / 国税庁法人番号DB
7002,,美容機器メーカー・ディーラー,,兵庫県,,,,,,,美容機器メーカー ディーラー関連サービス,営業中（推定）,,未収集,収集元推奨: BeautyWorld Japan展示会出展者一覧 / 国税庁法人番号DB
7003,,美容機器メーカー・ディーラー,,兵庫県,,,,,,,美容機器メーカー ディーラー関連サービス,営業中（推定）,,未収集,収集元推奨: BeautyWorld Japan展示会出展者一覧 / 国税庁法人番号DB
7004,,美容機器メーカー・ディーラー,,兵庫県,,,,,,,美容機器メーカー ディーラー関連サービス,営業中（推定）,,未収集,収集元推奨: BeautyWorld Japan展示会出展者一覧 / 国税庁法人番号DB
7005,,美容機器メーカー・ディーラー,,兵庫県,,,,,,,美容機器メーカー ディーラー関連サービス,営業中（推定）,,未収集,収集元推奨: BeautyWorld Japan展示会出展者一覧 / 国税庁法人番号DB
7006,,美容機器メーカー・ディーラー,,兵庫県,,,,,,,美容機器メーカー ディーラー関連サービス,営業中（推定）,,未収集,収集元推奨: BeautyWorld Japan展示会出展者一覧 / 国税庁法人番号DB
7007,,美容機器メーカー・ディーラー,,兵庫県,,,,,,,美容機器メーカー ディーラー関連サービス,営業中（推定）,,未収集,収集元推奨: BeautyWorld Japan展示会出展者一覧 / 国税庁法人番号DB
7008,,美容機器メーカー・ディーラー,,兵庫県,,,,,,,美容機器メーカー ディーラー関連サービス,営業中（推定）,,未収集,収集元推奨: BeautyWorld Japan展示会出展者一覧 / 国税庁法人番号DB
7009,,美容機器メーカー・ディーラー,,兵庫県,,,,,,,美容機器メーカー ディーラー関連サービス,営業中（推定）,,未収集,収集元推奨: BeautyWorld Japan展示会出展者一覧 / 国税庁法人番号DB
7010,,美容機器メーカー・ディーラー,,兵庫県,,,,,,,美容機器メーカー ディーラー関連サービス,営業中（推定）,,未収集,収集元推奨: BeautyWorld Japan展示会出展者一覧 / 国税庁法人番号DB
7011,,化粧品メーカー,,兵庫県,,,,,,,化粧品メーカー関連サービス,営業中（推定）,,未収集,収集元推奨: 日本化粧品工業会(JCIA)会員 / 国税庁法人番号DB
7012,,化粧品メーカー,,兵庫県,,,,,,,化粧品メーカー関連サービス,営業中（推定）,,未収集,収集元推奨: 日本化粧品工業会(JCIA)会員 / 国税庁法人番号DB
7013,,化粧品メーカー,,兵庫県,,,,,,,化粧品メーカー関連サービス,営業中（推定）,,未収集,収集元推奨: 日本化粧品工業会(JCIA)会員 / 国税庁法人番号DB
7014,,化粧品メーカー,,兵庫県,,,,,,,化粧品メーカー関連サービス,営業中（推定）,,未収集,収集元推奨: 日本化粧品工業会(JCIA)会員 / 国税庁法人番号DB
7015,,化粧品メーカー,,兵庫県,,,,,,,化粧品メーカー関連サービス,営業中（推定）,,未収集,収集元推奨: 日本化粧品工業会(JCIA)会員 / 国税庁法人番号DB
7016,,化粧品メーカー,,兵庫県,,,,,,,化粧品メーカー関連サービス,営業中（推定）,,未収集,収集元推奨: 日本化粧品工業会(JCIA)会員 / 国税庁法人番号DB
7017,,化粧品メーカー,,兵庫県,,,,,,,化粧品メーカー関連サービス,営業中（推定）,,未収集,収集元推奨: 日本化粧品工業会(JCIA)会員 / 国税庁法人番号DB
7018,,化粧品メーカー,,兵庫県,,,,,,,化粧品メーカー関連サービス,営業中（推定）,,未収集,収集元推奨: 日本化粧品工業会(JCIA)会員 / 国税庁法人番号DB
7019,,化粧品メーカー,,兵庫県,,,,,,,化粧品メーカー関連サービス,営業中（推定）,,未収集,収集元推奨: 日本化粧品工業会(JCIA)会員 / 国税庁法人番号DB
7020,,化粧品メーカー,,兵庫県,,,,,,,化粧品メーカー関連サービス,営業中（推定）,,未収集,収集元推奨: 日本化粧品工業会(JCIA)会員 / 国税庁法人番号DB
7021,,化粧品メーカー,,兵庫県,,,,,,,化粧品メーカー関連サービス,営業中（推定）,,未収集,収集元推奨: 日本化粧品工業会(JCIA)会員 / 国税庁法人番号DB
7022,,化粧品メーカー,,兵庫県,,,,,,,化粧品メーカー関連サービス,営業中（推定）,,未収集,収集元推奨: 日本化粧品工業会(JCIA)会員 / 国税庁法人番号DB
7023,,化粧品メーカー,,兵庫県,,,,,,,化粧品メーカー関連サービス,営業中（推定）,,未収集,収集元推奨: 日本化粧品工業会(JCIA)会員 / 国税庁法人番号DB
7024,,化粧品メーカー,,兵庫県,,,,,,,化粧品メーカー関連サービス,営業中（推定）,,未収集,収集元推奨: 日本化粧品工業会(JCIA)会員 / 国税庁法人番号DB
7025,,化粧品メーカー,,兵庫県,,,,,,,化粧品メーカー関連サービス,営業中（推定）,,未収集,収集元推奨: 日本化粧品工業会(JCIA)会員 / 国税庁法人番号DB
7026,,化粧品メーカー,,兵庫県,,,,,,,化粧品メーカー関連サービス,営業中（推定）,,未収集,収集元推奨: 日本化粧品工業会(JCIA)会員 / 国税庁法人番号DB
7027,,化粧品メーカー,,兵庫県,,,,,,,化粧品メーカー関連サービス,営業中（推定）,,未収集,収集元推奨: 日本化粧品工業会(JCIA)会員 / 国税庁法人番号DB
7028,,化粧品メーカー,,兵庫県,,,,,,,化粧品メーカー関連サービス,営業中（推定）,,未収集,収集元推奨: 日本化粧品工業会(JCIA)会員 / 国税庁法人番号DB
7029,,化粧品メーカー,,兵庫県,,,,,,,化粧品メーカー関連サービス,営業中（推定）,,未収集,収集元推奨: 日本化粧品工業会(JCIA)会員 / 国税庁法人番号DB
7030,,化粧品メーカー,,兵庫県,,,,,,,化粧品メーカー関連サービス,営業中（推定）,,未収集,収集元推奨: 日本化粧品工業会(JCIA)会員 / 国税庁法人番号DB
7031,,化粧品メーカー,,兵庫県,,,,,,,化粧品メーカー関連サービス,営業中（推定）,,未収集,収集元推奨: 日本化粧品工業会(JCIA)会員 / 国税庁法人番号DB
7032,,化粧品メーカー,,兵庫県,,,,,,,化粧品メーカー関連サービス,営業中（推定）,,未収集,収集元推奨: 日本化粧品工業会(JCIA)会員 / 国税庁法人番号DB
7033,,化粧品メーカー,,兵庫県,,,,,,,化粧品メーカー関連サービス,営業中（推定）,,未収集,収集元推奨: 日本化粧品工業会(JCIA)会員 / 国税庁法人番号DB
7034,,化粧品メーカー,,兵庫県,,,,,,,化粧品メーカー関連サービス,営業中（推定）,,未収集,収集元推奨: 日本化粧品工業会(JCIA)会員 / 国税庁法人番号DB
7035,,ヘアサロン・サロンオーナー,,兵庫県,,,,,,,ヘアサロン サロンオーナー関連サービス,営業中（推定）,,未収集,収集元推奨: ホットペッパービューティー / 美容師会 / iタウンページ
7036,,ヘアサロン・サロンオーナー,,兵庫県,,,,,,,ヘアサロン サロンオーナー関連サービス,営業中（推定）,,未収集,収集元推奨: ホットペッパービューティー / 美容師会 / iタウンページ
7037,,ヘアサロン・サロンオーナー,,兵庫県,,,,,,,ヘアサロン サロンオーナー関連サービス,営業中（推定）,,未収集,収集元推奨: ホットペッパービューティー / 美容師会 / iタウンページ
7038,,ヘアサロン・サロンオーナー,,兵庫県,,,,,,,ヘアサロン サロンオーナー関連サービス,営業中（推定）,,未収集,収集元推奨: ホットペッパービューティー / 美容師会 / iタウンページ
7039,,ヘアサロン・サロンオーナー,,兵庫県,,,,,,,ヘアサロン サロンオーナー関連サービス,営業中（推定）,,未収集,収集元推奨: ホットペッパービューティー / 美容師会 / iタウンページ
7040,,ヘアサロン・サロンオーナー,,兵庫県,,,,,,,ヘアサロン サロンオーナー関連サービス,営業中（推定）,,未収集,収集元推奨: ホットペッパービューティー / 美容師会 / iタウンページ
7041,,ヘアサロン・サロンオーナー,,兵庫県,,,,,,,ヘアサロン サロンオーナー関連サービス,営業中（推定）,,未収集,収集元推奨: ホットペッパービューティー / 美容師会 / iタウンページ
7042,,ヘアサロン・サロンオーナー,,兵庫県,,,,,,,ヘアサロン サロンオーナー関連サービス,営業中（推定）,,未収集,収集元推奨: ホットペッパービューティー / 美容師会 / iタウンページ
7043,,ヘアサロン・サロンオーナー,,兵庫県,,,,,,,ヘアサロン サロンオーナー関連サービス,営業中（推定）,,未収集,収集元推奨: ホットペッパービューティー / 美容師会 / iタウンページ
7044,,ヘアサロン・サロンオーナー,,兵庫県,,,,,,,ヘアサロン サロンオーナー関連サービス,営業中（推定）,,未収集,収集元推奨: ホットペッパービューティー / 美容師会 / iタウンページ
7045,,ヘアサロン・サロンオーナー,,兵庫県,,,,,,,ヘアサロン サロンオーナー関連サービス,営業中（推定）,,未収集,収集元推奨: ホットペッパービューティー / 美容師会 / iタウンページ
7046,,ヘアサロン・サロンオーナー,,兵庫県,,,,,,,ヘアサロン サロンオーナー関連サービス,営業中（推定）,,未収集,収集元推奨: ホットペッパービューティー / 美容師会 / iタウンページ
7047,,ヘアサロン・サロンオーナー,,兵庫県,,,,,,,ヘアサロン サロンオーナー関連サービス,営業中（推定）,,未収集,収集元推奨: ホットペッパービューティー / 美容師会 / iタウンページ
7048,,ヘアサロン・サロンオーナー,,兵庫県,,,,,,,ヘアサロン サロンオーナー関連サービス,営業中（推定）,,未収集,収集元推奨: ホットペッパービューティー / 美容師会 / iタウンページ
7049,,ヘアサロン・サロンオーナー,,兵庫県,,,,,,,ヘアサロン サロンオーナー関連サービス,営業中（推定）,,未収集,収集元推奨: ホットペッパービューティー / 美容師会 / iタウンページ
7050,,ヘアサロン・サロンオーナー,,兵庫県,,,,,,,ヘアサロン サロンオーナー関連サービス,営業中（推定）,,未収集,収集元推奨: ホットペッパービューティー / 美容師会 / iタウンページ
7051,,ヘアサロン・サロンオーナー,,兵庫県,,,,,,,ヘアサロン サロンオーナー関連サービス,営業中（推定）,,未収集,収集元推奨: ホットペッパービューティー / 美容師会 / iタウンページ
7052,,ヘアサロン・サロンオーナー,,兵庫県,,,,,,,ヘアサロン サロンオーナー関連サービス,営業中（推定）,,未収集,収集元推奨: ホットペッパービューティー / 美容師会 / iタウンページ
7053,,ヘアサロン・サロンオーナー,,兵庫県,,,,,,,ヘアサロン サロンオーナー関連サービス,営業中（推定）,,未収集,収集元推奨: ホットペッパービューティー / 美容師会 / iタウンページ
7054,,ヘアサロン・サロンオーナー,,兵庫県,,,,,,,ヘアサロン サロンオーナー関連サービス,営業中（推定）,,未収集,収集元推奨: ホットペッパービューティー / 美容師会 / iタウンページ
7055,,ヘアサロン・サロンオーナー,,兵庫県,,,,,,,ヘアサロン サロンオーナー関連サービス,営業中（推定）,,未収集,収集元推奨: ホットペッパービューティー / 美容師会 / iタウンページ
7056,,ヘアサロン・サロンオーナー,,兵庫県,,,,,,,ヘアサロン サロンオーナー関連サービス,営業中（推定）,,未収集,収集元推奨: ホットペッパービューティー / 美容師会 / iタウンページ
7057,,ヘアサロン・サロンオーナー,,兵庫県,,,,,,,ヘアサロン サロンオーナー関連サービス,営業中（推定）,,未収集,収集元推奨: ホットペッパービューティー / 美容師会 / iタウンページ
7058,,ヘアサロン・サロンオーナー,,兵庫県,,,,,,,ヘアサロン サロンオーナー関連サービス,営業中（推定）,,未収集,収集元推奨: ホットペッパービューティー / 美容師会 / iタウンページ
7059,,IT・AI×美容,,兵庫県,,,,,,,IT AI×美容関連サービス,営業中（推定）,,未収集,収集元推奨: スタートアップDB / PRTIMES / 展示会(BeautyTech系)
7060,,IT・AI×美容,,兵庫県,,,,,,,IT AI×美容関連サービス,営業中（推定）,,未収集,収集元推奨: スタートアップDB / PRTIMES / 展示会(BeautyTech系)
7061,,IT・AI×美容,,兵庫県,,,,,,,IT AI×美容関連サービス,営業中（推定）,,未収集,収集元推奨: スタートアップDB / PRTIMES / 展示会(BeautyTech系)
7062,,IT・AI×美容,,兵庫県,,,,,,,IT AI×美容関連サービス,営業中（推定）,,未収集,収集元推奨: スタートアップDB / PRTIMES / 展示会(BeautyTech系)
7063,,IT・AI×美容,,兵庫県,,,,,,,IT AI×美容関連サービス,営業中（推定）,,未収集,収集元推奨: スタートアップDB / PRTIMES / 展示会(BeautyTech系)
7064,,IT・AI×美容,,兵庫県,,,,,,,IT AI×美容関連サービス,営業中（推定）,,未収集,収集元推奨: スタートアップDB / PRTIMES / 展示会(BeautyTech系)
7065,,IT・AI×美容,,兵庫県,,,,,,,IT AI×美容関連サービス,営業中（推定）,,未収集,収集元推奨: スタートアップDB / PRTIMES / 展示会(BeautyTech系)
7066,,IT・AI×美容,,兵庫県,,,,,,,IT AI×美容関連サービス,営業中（推定）,,未収集,収集元推奨: スタートアップDB / PRTIMES / 展示会(BeautyTech系)
7067,,IT・AI×美容,,兵庫県,,,,,,,IT AI×美容関連サービス,営業中（推定）,,未収集,収集元推奨: スタートアップDB / PRTIMES / 展示会(BeautyTech系)
7068,,IT・AI×美容,,兵庫県,,,,,,,IT AI×美容関連サービス,営業中（推定）,,未収集,収集元推奨: スタートアップDB / PRTIMES / 展示会(BeautyTech系)
7069,,IT・AI×美容,,兵庫県,,,,,,,IT AI×美容関連サービス,営業中（推定）,,未収集,収集元推奨: スタートアップDB / PRTIMES / 展示会(BeautyTech系)
7070,,IT・AI×美容,,兵庫県,,,,,,,IT AI×美容関連サービス,営業中（推定）,,未収集,収集元推奨: スタートアップDB / PRTIMES / 展示会(BeautyTech系)
7071,,IT・AI×美容,,兵庫県,,,,,,,IT AI×美容関連サービス,営業中（推定）,,未収集,収集元推奨: スタートアップDB / PRTIMES / 展示会(BeautyTech系)
7072,,IT・AI×美容,,兵庫県,,,,,,,IT AI×美容関連サービス,営業中（推定）,,未収集,収集元推奨: スタートアップDB / PRTIMES / 展示会(BeautyTech系)
7073,,IT・AI×美容,,兵庫県,,,,,,,IT AI×美容関連サービス,営業中（推定）,,未収集,収集元推奨: スタートアップDB / PRTIMES / 展示会(BeautyTech系)
7074,,IT・AI×美容,,兵庫県,,,,,,,IT AI×美容関連サービス,営業中（推定）,,未収集,収集元推奨: スタートアップDB / PRTIMES / 展示会(BeautyTech系)
7075,,IT・AI×美容,,兵庫県,,,,,,,IT AI×美容関連サービス,営業中（推定）,,未収集,収集元推奨: スタートアップDB / PRTIMES / 展示会(BeautyTech系)
7076,,IT・AI×美容,,兵庫県,,,,,,,IT AI×美容関連サービス,営業中（推定）,,未収集,収集元推奨: スタートアップDB / PRTIMES / 展示会(BeautyTech系)
7077,,IT・AI×美容,,兵庫県,,,,,,,IT AI×美容関連サービス,営業中（推定）,,未収集,収集元推奨: スタートアップDB / PRTIMES / 展示会(BeautyTech系)
7078,,IT・AI×美容,,兵庫県,,,,,,,IT AI×美容関連サービス,営業中（推定）,,未収集,収集元推奨: スタートアップDB / PRTIMES / 展示会(BeautyTech系)
7079,,IT・AI×美容,,兵庫県,,,,,,,IT AI×美容関連サービス,営業中（推定）,,未収集,収集元推奨: スタートアップDB / PRTIMES / 展示会(BeautyTech系)
7080,,IT・AI×美容,,兵庫県,,,,,,,IT AI×美容関連サービス,営業中（推定）,,未収集,収集元推奨: スタートアップDB / PRTIMES / 展示会(BeautyTech系)
7081,,IT・AI×美容,,兵庫県,,,,,,,IT AI×美容関連サービス,営業中（推定）,,未収集,収集元推奨: スタートアップDB / PRTIMES / 展示会(BeautyTech系)
7082,,IT・AI×美容,,兵庫県,,,,,,,IT AI×美容関連サービス,営業中（推定）,,未収集,収集元推奨: スタートアップDB / PRTIMES / 展示会(BeautyTech系)
7083,,IT・AI×美容,,兵庫県,,,,,,,IT AI×美容関連サービス,営業中（推定）,,未収集,収集元推奨: スタートアップDB / PRTIMES / 展示会(BeautyTech系)
7084,,IT・AI×美容,,兵庫県,,,,,,,IT AI×美容関連サービス,営業中（推定）,,未収集,収集元推奨: スタートアップDB / PRTIMES / 展示会(BeautyTech系)
7085,,IT・AI×美容,,兵庫県,,,,,,,IT AI×美容関連サービス,営業中（推定）,,未収集,収集元推奨: スタートアップDB / PRTIMES / 展示会(BeautyTech系)
7086,,エステサロン,,京都府,,,,,,,エステサロン関連サービス,営業中（推定）,,未収集,収集元推奨: ホットペッパービューティー掲載企業公式サイト / 日本エステティック協会会員
7087,,エステサロン,,京都府,,,,,,,エステサロン関連サービス,営業中（推定）,,未収集,収集元推奨: ホットペッパービューティー掲載企業公式サイト / 日本エステティック協会会員
7088,,エステサロン,,京都府,,,,,,,エステサロン関連サービス,営業中（推定）,,未収集,収集元推奨: ホットペッパービューティー掲載企業公式サイト / 日本エステティック協会会員
7089,,エステサロン,,京都府,,,,,,,エステサロン関連サービス,営業中（推定）,,未収集,収集元推奨: ホットペッパービューティー掲載企業公式サイト / 日本エステティック協会会員
7090,,エステサロン,,京都府,,,,,,,エステサロン関連サービス,営業中（推定）,,未収集,収集元推奨: ホットペッパービューティー掲載企業公式サイト / 日本エステティック協会会員
7091,,エステサロン,,京都府,,,,,,,エステサロン関連サービス,営業中（推定）,,未収集,収集元推奨: ホットペッパービューティー掲載企業公式サイト / 日本エステティック協会会員
7092,,エステサロン,,京都府,,,,,,,エステサロン関連サービス,営業中（推定）,,未収集,収集元推奨: ホットペッパービューティー掲載企業公式サイト / 日本エステティック協会会員
7093,,エステサロン,,京都府,,,,,,,エステサロン関連サービス,営業中（推定）,,未収集,収集元推奨: ホットペッパービューティー掲載企業公式サイト / 日本エステティック協会会員
7094,,エステサロン,,京都府,,,,,,,エステサロン関連サービス,営業中（推定）,,未収集,収集元推奨: ホットペッパービューティー掲載企業公式サイト / 日本エステティック協会会員
7095,,エステサロン,,京都府,,,,,,,エステサロン関連サービス,営業中（推定）,,未収集,収集元推奨: ホットペッパービューティー掲載企業公式サイト / 日本エステティック協会会員
7096,,エステサロン,,京都府,,,,,,,エステサロン関連サービス,営業中（推定）,,未収集,収集元推奨: ホットペッパービューティー掲載企業公式サイト / 日本エステティック協会会員
7097,,エステサロン,,京都府,,,,,,,エステサロン関連サービス,営業中（推定）,,未収集,収集元推奨: ホットペッパービューティー掲載企業公式サイト / 日本エステティック協会会員
7098,,エステサロン,,京都府,,,,,,,エステサロン関連サービス,営業中（推定）,,未収集,収集元推奨: ホットペッパービューティー掲載企業公式サイト / 日本エステティック協会会員
7099,,エステサロン,,京都府,,,,,,,エステサロン関連サービス,営業中（推定）,,未収集,収集元推奨: ホットペッパービューティー掲載企業公式サイト / 日本エステティック協会会員
7100,,エステサロン,,京都府,,,,,,,エステサロン関連サービス,営業中（推定）,,未収集,収集元推奨: ホットペッパービューティー掲載企業公式サイト / 日本エステティック協会会員
7101,,エステサロン,,京都府,,,,,,,エステサロン関連サービス,営業中（推定）,,未収集,収集元推奨: ホットペッパービューティー掲載企業公式サイト / 日本エステティック協会会員
7102,,エステサロン,,京都府,,,,,,,エステサロン関連サービス,営業中（推定）,,未収集,収集元推奨: ホットペッパービューティー掲載企業公式サイト / 日本エステティック協会会員
7103,,エステサロン,,京都府,,,,,,,エステサロン関連サービス,営業中（推定）,,未収集,収集元推奨: ホットペッパービューティー掲載企業公式サイト / 日本エステティック協会会員
7104,,エステサロン,,京都府,,,,,,,エステサロン関連サービス,営業中（推定）,,未収集,収集元推奨: ホットペッパービューティー掲載企業公式サイト / 日本エステティック協会会員
7105,,エステサロン,,京都府,,,,,,,エステサロン関連サービス,営業中（推定）,,未収集,収集元推奨: ホットペッパービューティー掲載企業公式サイト / 日本エステティック協会会員
7106,,エステサロン,,京都府,,,,,,,エステサロン関連サービス,営業中（推定）,,未収集,収集元推奨: ホットペッパービューティー掲載企業公式サイト / 日本エステティック協会会員
7107,,エステサロン,,京都府,,,,,,,エステサロン関連サービス,営業中（推定）,,未収集,収集元推奨: ホットペッパービューティー掲載企業公式サイト / 日本エステティック協会会員
7108,,エステサロン,,京都府,,,,,,,エステサロン関連サービス,営業中（推定）,,未収集,収集元推奨: ホットペッパービューティー掲載企業公式サイト / 日本エステティック協会会員
7109,,エステサロン,,京都府,,,,,,,エステサロン関連サービス,営業中（推定）,,未収集,収集元推奨: ホットペッパービューティー掲載企業公式サイト / 日本エステティック協会会員
7110,,エステサロン,,京都府,,,,,,,エステサロン関連サービス,営業中（推定）,,未収集,収集元推奨: ホットペッパービューティー掲載企業公式サイト / 日本エステティック協会会員
7111,,エステサロン,,京都府,,,,,,,エステサロン関連サービス,営業中（推定）,,未収集,収集元推奨: ホットペッパービューティー掲載企業公式サイト / 日本エステティック協会会員
7112,,エステサロン,,京都府,,,,,,,エステサロン関連サービス,営業中（推定）,,未収集,収集元推奨: ホットペッパービューティー掲載企業公式サイト / 日本エステティック協会会員
7113,,エステサロン,,京都府,,,,,,,エステサロン関連サービス,営業中（推定）,,未収集,収集元推奨: ホットペッパービューティー掲載企業公式サイト / 日本エステティック協会会員
7114,,エステサロン,,京都府,,,,,,,エステサロン関連サービス,営業中（推定）,,未収集,収集元推奨: ホットペッパービューティー掲載企業公式サイト / 日本エステティック協会会員
7115,,エステサロン,,京都府,,,,,,,エステサロン関連サービス,営業中（推定）,,未収集,収集元推奨: ホットペッパービューティー掲載企業公式サイト / 日本エステティック協会会員
7116,,エステサロン,,京都府,,,,,,,エステサロン関連サービス,営業中（推定）,,未収集,収集元推奨: ホットペッパービューティー掲載企業公式サイト / 日本エステティック協会会員
7117,,エステサロン,,京都府,,,,,,,エステサロン関連サービス,営業中（推定）,,未収集,収集元推奨: ホットペッパービューティー掲載企業公式サイト / 日本エステティック協会会員
7118,,エステサロン,,京都府,,,,,,,エステサロン関連サービス,営業中（推定）,,未収集,収集元推奨: ホットペッパービューティー掲載企業公式サイト / 日本エステティック協会会員
7119,,エステサロン,,京都府,,,,,,,エステサロン関連サービス,営業中（推定）,,未収集,収集元推奨: ホットペッパービューティー掲載企業公式サイト / 日本エステティック協会会員
7120,,エステサロン,,京都府,,,,,,,エステサロン関連サービス,営業中（推定）,,未収集,収集元推奨: ホットペッパービューティー掲載企業公式サイト / 日本エステティック協会会員
7121,,エステサロン,,京都府,,,,,,,エステサロン関連サービス,営業中（推定）,,未収集,収集元推奨: ホットペッパービューティー掲載企業公式サイト / 日本エステティック協会会員
7122,,エステサロン,,京都府,,,,,,,エステサロン関連サービス,営業中（推定）,,未収集,収集元推奨: ホットペッパービューティー掲載企業公式サイト / 日本エステティック協会会員
7123,,エステサロン,,京都府,,,,,,,エステサロン関連サービス,営業中（推定）,,未収集,収集元推奨: ホットペッパービューティー掲載企業公式サイト / 日本エステティック協会会員
7124,,エステサロン,,京都府,,,,,,,エステサロン関連サービス,営業中（推定）,,未収集,収集元推奨: ホットペッパービューティー掲載企業公式サイト / 日本エステティック協会会員
7125,,エステサロン,,京都府,,,,,,,エステサロン関連サービス,営業中（推定）,,未収集,収集元推奨: ホットペッパービューティー掲載企業公式サイト / 日本エステティック協会会員
7126,,エステサロン,,京都府,,,,,,,エステサロン関連サービス,営業中（推定）,,未収集,収集元推奨: ホットペッパービューティー掲載企業公式サイト / 日本エステティック協会会員
7127,,エステサロン,,京都府,,,,,,,エステサロン関連サービス,営業中（推定）,,未収集,収集元推奨: ホットペッパービューティー掲載企業公式サイト / 日本エステティック協会会員
7128,,エステサロン,,京都府,,,,,,,エステサロン関連サービス,営業中（推定）,,未収集,収集元推奨: ホットペッパービューティー掲載企業公式サイト / 日本エステティック協会会員
7129,,エステサロン,,京都府,,,,,,,エステサロン関連サービス,営業中（推定）,,未収集,収集元推奨: ホットペッパービューティー掲載企業公式サイト / 日本エステティック協会会員
7130,,ネイルサロン,,京都府,,,,,,,ネイルサロン関連サービス,営業中（推定）,,未収集,収集元推奨: JNA（日本ネイリスト協会）会員 / ホットペッパービューティー
7131,,ネイルサロン,,京都府,,,,,,,ネイルサロン関連サービス,営業中（推定）,,未収集,収集元推奨: JNA（日本ネイリスト協会）会員 / ホットペッパービューティー
7132,,ネイルサロン,,京都府,,,,,,,ネイルサロン関連サービス,営業中（推定）,,未収集,収集元推奨: JNA（日本ネイリスト協会）会員 / ホットペッパービューティー
7133,,ネイルサロン,,京都府,,,,,,,ネイルサロン関連サービス,営業中（推定）,,未収集,収集元推奨: JNA（日本ネイリスト協会）会員 / ホットペッパービューティー
7134,,ネイルサロン,,京都府,,,,,,,ネイルサロン関連サービス,営業中（推定）,,未収集,収集元推奨: JNA（日本ネイリスト協会）会員 / ホットペッパービューティー
7135,,ネイルサロン,,京都府,,,,,,,ネイルサロン関連サービス,営業中（推定）,,未収集,収集元推奨: JNA（日本ネイリスト協会）会員 / ホットペッパービューティー
7136,,ネイルサロン,,京都府,,,,,,,ネイルサロン関連サービス,営業中（推定）,,未収集,収集元推奨: JNA（日本ネイリスト協会）会員 / ホットペッパービューティー
7137,,ネイルサロン,,京都府,,,,,,,ネイルサロン関連サービス,営業中（推定）,,未収集,収集元推奨: JNA（日本ネイリスト協会）会員 / ホットペッパービューティー
7138,,ネイルサロン,,京都府,,,,,,,ネイルサロン関連サービス,営業中（推定）,,未収集,収集元推奨: JNA（日本ネイリスト協会）会員 / ホットペッパービューティー
7139,,ネイルサロン,,京都府,,,,,,,ネイルサロン関連サービス,営業中（推定）,,未収集,収集元推奨: JNA（日本ネイリスト協会）会員 / ホットペッパービューティー
7140,,ネイルサロン,,京都府,,,,,,,ネイルサロン関連サービス,営業中（推定）,,未収集,収集元推奨: JNA（日本ネイリスト協会）会員 / ホットペッパービューティー
7141,,ネイルサロン,,京都府,,,,,,,ネイルサロン関連サービス,営業中（推定）,,未収集,収集元推奨: JNA（日本ネイリスト協会）会員 / ホットペッパービューティー
7142,,ネイルサロン,,京都府,,,,,,,ネイルサロン関連サービス,営業中（推定）,,未収集,収集元推奨: JNA（日本ネイリスト協会）会員 / ホットペッパービューティー
7143,,ネイルサロン,,京都府,,,,,,,ネイルサロン関連サービス,営業中（推定）,,未収集,収集元推奨: JNA（日本ネイリスト協会）会員 / ホットペッパービューティー
7144,,ネイルサロン,,京都府,,,,,,,ネイルサロン関連サービス,営業中（推定）,,未収集,収集元推奨: JNA（日本ネイリスト協会）会員 / ホットペッパービューティー
7145,,ネイルサロン,,京都府,,,,,,,ネイルサロン関連サービス,営業中（推定）,,未収集,収集元推奨: JNA（日本ネイリスト協会）会員 / ホットペッパービューティー
7146,,ネイルサロン,,京都府,,,,,,,ネイルサロン関連サービス,営業中（推定）,,未収集,収集元推奨: JNA（日本ネイリスト協会）会員 / ホットペッパービューティー
7147,,ネイルサロン,,京都府,,,,,,,ネイルサロン関連サービス,営業中（推定）,,未収集,収集元推奨: JNA（日本ネイリスト協会）会員 / ホットペッパービューティー
7148,,ネイルサロン,,京都府,,,,,,,ネイルサロン関連サービス,営業中（推定）,,未収集,収集元推奨: JNA（日本ネイリスト協会）会員 / ホットペッパービューティー
7149,,ネイルサロン,,京都府,,,,,,,ネイルサロン関連サービス,営業中（推定）,,未収集,収集元推奨: JNA（日本ネイリスト協会）会員 / ホットペッパービューティー
7150,,ネイルサロン,,京都府,,,,,,,ネイルサロン関連サービス,営業中（推定）,,未収集,収集元推奨: JNA（日本ネイリスト協会）会員 / ホットペッパービューティー
7151,,ネイルサロン,,京都府,,,,,,,ネイルサロン関連サービス,営業中（推定）,,未収集,収集元推奨: JNA（日本ネイリスト協会）会員 / ホットペッパービューティー
7152,,ネイルサロン,,京都府,,,,,,,ネイルサロン関連サービス,営業中（推定）,,未収集,収集元推奨: JNA（日本ネイリスト協会）会員 / ホットペッパービューティー
7153,,ネイルサロン,,京都府,,,,,,,ネイルサロン関連サービス,営業中（推定）,,未収集,収集元推奨: JNA（日本ネイリスト協会）会員 / ホットペッパービューティー
7154,,ネイルサロン,,京都府,,,,,,,ネイルサロン関連サービス,営業中（推定）,,未収集,収集元推奨: JNA（日本ネイリスト協会）会員 / ホットペッパービューティー
7155,,ネイルサロン,,京都府,,,,,,,ネイルサロン関連サービス,営業中（推定）,,未収集,収集元推奨: JNA（日本ネイリスト協会）会員 / ホットペッパービューティー
7156,,ネイルサロン,,京都府,,,,,,,ネイルサロン関連サービス,営業中（推定）,,未収集,収集元推奨: JNA（日本ネイリスト協会）会員 / ホットペッパービューティー
7157,,ネイルサロン,,京都府,,,,,,,ネイルサロン関連サービス,営業中（推定）,,未収集,収集元推奨: JNA（日本ネイリスト協会）会員 / ホットペッパービューティー
7158,,ネイルサロン,,京都府,,,,,,,ネイルサロン関連サービス,営業中（推定）,,未収集,収集元推奨: JNA（日本ネイリスト協会）会員 / ホットペッパービューティー
7159,,ネイルサロン,,京都府,,,,,,,ネイルサロン関連サービス,営業中（推定）,,未収集,収集元推奨: JNA（日本ネイリスト協会）会員 / ホットペッパービューティー
7160,,ネイルサロン,,京都府,,,,,,,ネイルサロン関連サービス,営業中（推定）,,未収集,収集元推奨: JNA（日本ネイリスト協会）会員 / ホットペッパービューティー
7161,,ネイルサロン,,京都府,,,,,,,ネイルサロン関連サービス,営業中（推定）,,未収集,収集元推奨: JNA（日本ネイリスト協会）会員 / ホットペッパービューティー
7162,,ネイルサロン,,京都府,,,,,,,ネイルサロン関連サービス,営業中（推定）,,未収集,収集元推奨: JNA（日本ネイリスト協会）会員 / ホットペッパービューティー
7163,,美容整体・小顔矯正,,京都府,,,,,,,美容整体 小顔矯正関連サービス,営業中（推定）,,未収集,収集元推奨: エキテン・ホットペッパービューティー / iタウンページ「整体」
7164,,美容整体・小顔矯正,,京都府,,,,,,,美容整体 小顔矯正関連サービス,営業中（推定）,,未収集,収集元推奨: エキテン・ホットペッパービューティー / iタウンページ「整体」
7165,,美容整体・小顔矯正,,京都府,,,,,,,美容整体 小顔矯正関連サービス,営業中（推定）,,未収集,収集元推奨: エキテン・ホットペッパービューティー / iタウンページ「整体」
7166,,美容整体・小顔矯正,,京都府,,,,,,,美容整体 小顔矯正関連サービス,営業中（推定）,,未収集,収集元推奨: エキテン・ホットペッパービューティー / iタウンページ「整体」
7167,,美容整体・小顔矯正,,京都府,,,,,,,美容整体 小顔矯正関連サービス,営業中（推定）,,未収集,収集元推奨: エキテン・ホットペッパービューティー / iタウンページ「整体」
7168,,美容整体・小顔矯正,,京都府,,,,,,,美容整体 小顔矯正関連サービス,営業中（推定）,,未収集,収集元推奨: エキテン・ホットペッパービューティー / iタウンページ「整体」
7169,,美容整体・小顔矯正,,京都府,,,,,,,美容整体 小顔矯正関連サービス,営業中（推定）,,未収集,収集元推奨: エキテン・ホットペッパービューティー / iタウンページ「整体」
7170,,美容整体・小顔矯正,,京都府,,,,,,,美容整体 小顔矯正関連サービス,営業中（推定）,,未収集,収集元推奨: エキテン・ホットペッパービューティー / iタウンページ「整体」
7171,,美容整体・小顔矯正,,京都府,,,,,,,美容整体 小顔矯正関連サービス,営業中（推定）,,未収集,収集元推奨: エキテン・ホットペッパービューティー / iタウンページ「整体」
7172,,美容整体・小顔矯正,,京都府,,,,,,,美容整体 小顔矯正関連サービス,営業中（推定）,,未収集,収集元推奨: エキテン・ホットペッパービューティー / iタウンページ「整体」
7173,,美容整体・小顔矯正,,京都府,,,,,,,美容整体 小顔矯正関連サービス,営業中（推定）,,未収集,収集元推奨: エキテン・ホットペッパービューティー / iタウンページ「整体」
7174,,美容整体・小顔矯正,,京都府,,,,,,,美容整体 小顔矯正関連サービス,営業中（推定）,,未収集,収集元推奨: エキテン・ホットペッパービューティー / iタウンページ「整体」
7175,,美容整体・小顔矯正,,京都府,,,,,,,美容整体 小顔矯正関連サービス,営業中（推定）,,未収集,収集元推奨: エキテン・ホットペッパービューティー / iタウンページ「整体」
7176,,美容整体・小顔矯正,,京都府,,,,,,,美容整体 小顔矯正関連サービス,営業中（推定）,,未収集,収集元推奨: エキテン・ホットペッパービューティー / iタウンページ「整体」
7177,,美容整体・小顔矯正,,京都府,,,,,,,美容整体 小顔矯正関連サービス,営業中（推定）,,未収集,収集元推奨: エキテン・ホットペッパービューティー / iタウンページ「整体」
7178,,美容整体・小顔矯正,,京都府,,,,,,,美容整体 小顔矯正関連サービス,営業中（推定）,,未収集,収集元推奨: エキテン・ホットペッパービューティー / iタウンページ「整体」
7179,,美容整体・小顔矯正,,京都府,,,,,,,美容整体 小顔矯正関連サービス,営業中（推定）,,未収集,収集元推奨: エキテン・ホットペッパービューティー / iタウンページ「整体」
7180,,美容整体・小顔矯正,,京都府,,,,,,,美容整体 小顔矯正関連サービス,営業中（推定）,,未収集,収集元推奨: エキテン・ホットペッパービューティー / iタウンページ「整体」
7181,,美容整体・小顔矯正,,京都府,,,,,,,美容整体 小顔矯正関連サービス,営業中（推定）,,未収集,収集元推奨: エキテン・ホットペッパービューティー / iタウンページ「整体」
7182,,美容整体・小顔矯正,,京都府,,,,,,,美容整体 小顔矯正関連サービス,営業中（推定）,,未収集,収集元推奨: エキテン・ホットペッパービューティー / iタウンページ「整体」
7183,,美容整体・小顔矯正,,京都府,,,,,,,美容整体 小顔矯正関連サービス,営業中（推定）,,未収集,収集元推奨: エキテン・ホットペッパービューティー / iタウンページ「整体」
7184,,美容整体・小顔矯正,,京都府,,,,,,,美容整体 小顔矯正関連サービス,営業中（推定）,,未収集,収集元推奨: エキテン・ホットペッパービューティー / iタウンページ「整体」
7185,,美容鍼灸院,,京都府,,,,,,,美容鍼灸院関連サービス,営業中（推定）,,未収集,収集元推奨: 日本鍼灸師会地方師会会員名簿 / 鍼灸ポータルサイト
7186,,美容鍼灸院,,京都府,,,,,,,美容鍼灸院関連サービス,営業中（推定）,,未収集,収集元推奨: 日本鍼灸師会地方師会会員名簿 / 鍼灸ポータルサイト
7187,,美容鍼灸院,,京都府,,,,,,,美容鍼灸院関連サービス,営業中（推定）,,未収集,収集元推奨: 日本鍼灸師会地方師会会員名簿 / 鍼灸ポータルサイト
7188,,美容鍼灸院,,京都府,,,,,,,美容鍼灸院関連サービス,営業中（推定）,,未収集,収集元推奨: 日本鍼灸師会地方師会会員名簿 / 鍼灸ポータルサイト
7189,,美容鍼灸院,,京都府,,,,,,,美容鍼灸院関連サービス,営業中（推定）,,未収集,収集元推奨: 日本鍼灸師会地方師会会員名簿 / 鍼灸ポータルサイト
7190,,美容鍼灸院,,京都府,,,,,,,美容鍼灸院関連サービス,営業中（推定）,,未収集,収集元推奨: 日本鍼灸師会地方師会会員名簿 / 鍼灸ポータルサイト
7191,,美容鍼灸院,,京都府,,,,,,,美容鍼灸院関連サービス,営業中（推定）,,未収集,収集元推奨: 日本鍼灸師会地方師会会員名簿 / 鍼灸ポータルサイト
7192,,美容鍼灸院,,京都府,,,,,,,美容鍼灸院関連サービス,営業中（推定）,,未収集,収集元推奨: 日本鍼灸師会地方師会会員名簿 / 鍼灸ポータルサイト
7193,,美容鍼灸院,,京都府,,,,,,,美容鍼灸院関連サービス,営業中（推定）,,未収集,収集元推奨: 日本鍼灸師会地方師会会員名簿 / 鍼灸ポータルサイト
7194,,美容鍼灸院,,京都府,,,,,,,美容鍼灸院関連サービス,営業中（推定）,,未収集,収集元推奨: 日本鍼灸師会地方師会会員名簿 / 鍼灸ポータルサイト
7195,,美容鍼灸院,,京都府,,,,,,,美容鍼灸院関連サービス,営業中（推定）,,未収集,収集元推奨: 日本鍼灸師会地方師会会員名簿 / 鍼灸ポータルサイト
7196,,美容鍼灸院,,京都府,,,,,,,美容鍼灸院関連サービス,営業中（推定）,,未収集,収集元推奨: 日本鍼灸師会地方師会会員名簿 / 鍼灸ポータルサイト
7197,,美容鍼灸院,,京都府,,,,,,,美容鍼灸院関連サービス,営業中（推定）,,未収集,収集元推奨: 日本鍼灸師会地方師会会員名簿 / 鍼灸ポータルサイト
7198,,美容鍼灸院,,京都府,,,,,,,美容鍼灸院関連サービス,営業中（推定）,,未収集,収集元推奨: 日本鍼灸師会地方師会会員名簿 / 鍼灸ポータルサイト
7199,,美容鍼灸院,,京都府,,,,,,,美容鍼灸院関連サービス,営業中（推定）,,未収集,収集元推奨: 日本鍼灸師会地方師会会員名簿 / 鍼灸ポータルサイト
7200,,美容鍼灸院,,京都府,,,,,,,美容鍼灸院関連サービス,営業中（推定）,,未収集,収集元推奨: 日本鍼灸師会地方師会会員名簿 / 鍼灸ポータルサイト
7201,,美容鍼灸院,,京都府,,,,,,,美容鍼灸院関連サービス,営業中（推定）,,未収集,収集元推奨: 日本鍼灸師会地方師会会員名簿 / 鍼灸ポータルサイト
7202,,美容鍼灸院,,京都府,,,,,,,美容鍼灸院関連サービス,営業中（推定）,,未収集,収集元推奨: 日本鍼灸師会地方師会会員名簿 / 鍼灸ポータルサイト
7203,,アロマ・リラクゼーション,,京都府,,,,,,,アロマ リラクゼーション関連サービス,営業中（推定）,,未収集,収集元推奨: AEAJ認定サロン一覧 / ホットペッパービューティー
7204,,アロマ・リラクゼーション,,京都府,,,,,,,アロマ リラクゼーション関連サービス,営業中（推定）,,未収集,収集元推奨: AEAJ認定サロン一覧 / ホットペッパービューティー
7205,,アロマ・リラクゼーション,,京都府,,,,,,,アロマ リラクゼーション関連サービス,営業中（推定）,,未収集,収集元推奨: AEAJ認定サロン一覧 / ホットペッパービューティー
7206,,アロマ・リラクゼーション,,京都府,,,,,,,アロマ リラクゼーション関連サービス,営業中（推定）,,未収集,収集元推奨: AEAJ認定サロン一覧 / ホットペッパービューティー
7207,,アロマ・リラクゼーション,,京都府,,,,,,,アロマ リラクゼーション関連サービス,営業中（推定）,,未収集,収集元推奨: AEAJ認定サロン一覧 / ホットペッパービューティー
7208,,アロマ・リラクゼーション,,京都府,,,,,,,アロマ リラクゼーション関連サービス,営業中（推定）,,未収集,収集元推奨: AEAJ認定サロン一覧 / ホットペッパービューティー
7209,,アロマ・リラクゼーション,,京都府,,,,,,,アロマ リラクゼーション関連サービス,営業中（推定）,,未収集,収集元推奨: AEAJ認定サロン一覧 / ホットペッパービューティー
7210,,アロマ・リラクゼーション,,京都府,,,,,,,アロマ リラクゼーション関連サービス,営業中（推定）,,未収集,収集元推奨: AEAJ認定サロン一覧 / ホットペッパービューティー
7211,,アロマ・リラクゼーション,,京都府,,,,,,,アロマ リラクゼーション関連サービス,営業中（推定）,,未収集,収集元推奨: AEAJ認定サロン一覧 / ホットペッパービューティー
7212,,アロマ・リラクゼーション,,京都府,,,,,,,アロマ リラクゼーション関連サービス,営業中（推定）,,未収集,収集元推奨: AEAJ認定サロン一覧 / ホットペッパービューティー
7213,,アロマ・リラクゼーション,,京都府,,,,,,,アロマ リラクゼーション関連サービス,営業中（推定）,,未収集,収集元推奨: AEAJ認定サロン一覧 / ホットペッパービューティー
7214,,アロマ・リラクゼーション,,京都府,,,,,,,アロマ リラクゼーション関連サービス,営業中（推定）,,未収集,収集元推奨: AEAJ認定サロン一覧 / ホットペッパービューティー
7215,,アロマ・リラクゼーション,,京都府,,,,,,,アロマ リラクゼーション関連サービス,営業中（推定）,,未収集,収集元推奨: AEAJ認定サロン一覧 / ホットペッパービューティー
7216,,アロマ・リラクゼーション,,京都府,,,,,,,アロマ リラクゼーション関連サービス,営業中（推定）,,未収集,収集元推奨: AEAJ認定サロン一覧 / ホットペッパービューティー
7217,,アロマ・リラクゼーション,,京都府,,,,,,,アロマ リラクゼーション関連サービス,営業中（推定）,,未収集,収集元推奨: AEAJ認定サロン一覧 / ホットペッパービューティー
7218,,アロマ・リラクゼーション,,京都府,,,,,,,アロマ リラクゼーション関連サービス,営業中（推定）,,未収集,収集元推奨: AEAJ認定サロン一覧 / ホットペッパービューティー
7219,,アロマ・リラクゼーション,,京都府,,,,,,,アロマ リラクゼーション関連サービス,営業中（推定）,,未収集,収集元推奨: AEAJ認定サロン一覧 / ホットペッパービューティー
7220,,アロマ・リラクゼーション,,京都府,,,,,,,アロマ リラクゼーション関連サービス,営業中（推定）,,未収集,収集元推奨: AEAJ認定サロン一覧 / ホットペッパービューティー
7221,,美容クリニック,,京都府,,,,,,,美容クリニック関連サービス,営業中（推定）,,未収集,収集元推奨: 日本美容外科学会(JSAS)会員 / 各クリニック公式サイト
7222,,美容クリニック,,京都府,,,,,,,美容クリニック関連サービス,営業中（推定）,,未収集,収集元推奨: 日本美容外科学会(JSAS)会員 / 各クリニック公式サイト
7223,,美容クリニック,,京都府,,,,,,,美容クリニック関連サービス,営業中（推定）,,未収集,収集元推奨: 日本美容外科学会(JSAS)会員 / 各クリニック公式サイト
7224,,美容クリニック,,京都府,,,,,,,美容クリニック関連サービス,営業中（推定）,,未収集,収集元推奨: 日本美容外科学会(JSAS)会員 / 各クリニック公式サイト
7225,,美容クリニック,,京都府,,,,,,,美容クリニック関連サービス,営業中（推定）,,未収集,収集元推奨: 日本美容外科学会(JSAS)会員 / 各クリニック公式サイト
7226,,美容クリニック,,京都府,,,,,,,美容クリニック関連サービス,営業中（推定）,,未収集,収集元推奨: 日本美容外科学会(JSAS)会員 / 各クリニック公式サイト
7227,,美容クリニック,,京都府,,,,,,,美容クリニック関連サービス,営業中（推定）,,未収集,収集元推奨: 日本美容外科学会(JSAS)会員 / 各クリニック公式サイト
7228,,美容クリニック,,京都府,,,,,,,美容クリニック関連サービス,営業中（推定）,,未収集,収集元推奨: 日本美容外科学会(JSAS)会員 / 各クリニック公式サイト
7229,,美容クリニック,,京都府,,,,,,,美容クリニック関連サービス,営業中（推定）,,未収集,収集元推奨: 日本美容外科学会(JSAS)会員 / 各クリニック公式サイト
7230,,美容クリニック,,京都府,,,,,,,美容クリニック関連サービス,営業中（推定）,,未収集,収集元推奨: 日本美容外科学会(JSAS)会員 / 各クリニック公式サイト
7231,,美容クリニック,,京都府,,,,,,,美容クリニック関連サービス,営業中（推定）,,未収集,収集元推奨: 日本美容外科学会(JSAS)会員 / 各クリニック公式サイト
7232,,美容クリニック,,京都府,,,,,,,美容クリニック関連サービス,営業中（推定）,,未収集,収集元推奨: 日本美容外科学会(JSAS)会員 / 各クリニック公式サイト
7233,,美容クリニック,,京都府,,,,,,,美容クリニック関連サービス,営業中（推定）,,未収集,収集元推奨: 日本美容外科学会(JSAS)会員 / 各クリニック公式サイト
7234,,美容クリニック,,京都府,,,,,,,美容クリニック関連サービス,営業中（推定）,,未収集,収集元推奨: 日本美容外科学会(JSAS)会員 / 各クリニック公式サイト
7235,,美容クリニック,,京都府,,,,,,,美容クリニック関連サービス,営業中（推定）,,未収集,収集元推奨: 日本美容外科学会(JSAS)会員 / 各クリニック公式サイト
7236,,美容クリニック,,京都府,,,,,,,美容クリニック関連サービス,営業中（推定）,,未収集,収集元推奨: 日本美容外科学会(JSAS)会員 / 各クリニック公式サイト
7237,,美容クリニック,,京都府,,,,,,,美容クリニック関連サービス,営業中（推定）,,未収集,収集元推奨: 日本美容外科学会(JSAS)会員 / 各クリニック公式サイト
7238,,美容クリニック,,京都府,,,,,,,美容クリニック関連サービス,営業中（推定）,,未収集,収集元推奨: 日本美容外科学会(JSAS)会員 / 各クリニック公式サイト
7239,,美容機器メーカー・ディーラー,,京都府,,,,,,,美容機器メーカー ディーラー関連サービス,営業中（推定）,,未収集,収集元推奨: BeautyWorld Japan展示会出展者一覧 / 国税庁法人番号DB
7240,,美容機器メーカー・ディーラー,,京都府,,,,,,,美容機器メーカー ディーラー関連サービス,営業中（推定）,,未収集,収集元推奨: BeautyWorld Japan展示会出展者一覧 / 国税庁法人番号DB
7241,,美容機器メーカー・ディーラー,,京都府,,,,,,,美容機器メーカー ディーラー関連サービス,営業中（推定）,,未収集,収集元推奨: BeautyWorld Japan展示会出展者一覧 / 国税庁法人番号DB
7242,,美容機器メーカー・ディーラー,,京都府,,,,,,,美容機器メーカー ディーラー関連サービス,営業中（推定）,,未収集,収集元推奨: BeautyWorld Japan展示会出展者一覧 / 国税庁法人番号DB
7243,,美容機器メーカー・ディーラー,,京都府,,,,,,,美容機器メーカー ディーラー関連サービス,営業中（推定）,,未収集,収集元推奨: BeautyWorld Japan展示会出展者一覧 / 国税庁法人番号DB
7244,,美容機器メーカー・ディーラー,,京都府,,,,,,,美容機器メーカー ディーラー関連サービス,営業中（推定）,,未収集,収集元推奨: BeautyWorld Japan展示会出展者一覧 / 国税庁法人番号DB
7245,,美容機器メーカー・ディーラー,,京都府,,,,,,,美容機器メーカー ディーラー関連サービス,営業中（推定）,,未収集,収集元推奨: BeautyWorld Japan展示会出展者一覧 / 国税庁法人番号DB
7246,,美容機器メーカー・ディーラー,,京都府,,,,,,,美容機器メーカー ディーラー関連サービス,営業中（推定）,,未収集,収集元推奨: BeautyWorld Japan展示会出展者一覧 / 国税庁法人番号DB
7247,,美容機器メーカー・ディーラー,,京都府,,,,,,,美容機器メーカー ディーラー関連サービス,営業中（推定）,,未収集,収集元推奨: BeautyWorld Japan展示会出展者一覧 / 国税庁法人番号DB
7248,,美容機器メーカー・ディーラー,,京都府,,,,,,,美容機器メーカー ディーラー関連サービス,営業中（推定）,,未収集,収集元推奨: BeautyWorld Japan展示会出展者一覧 / 国税庁法人番号DB
7249,,美容機器メーカー・ディーラー,,京都府,,,,,,,美容機器メーカー ディーラー関連サービス,営業中（推定）,,未収集,収集元推奨: BeautyWorld Japan展示会出展者一覧 / 国税庁法人番号DB
7250,,美容機器メーカー・ディーラー,,京都府,,,,,,,美容機器メーカー ディーラー関連サービス,営業中（推定）,,未収集,収集元推奨: BeautyWorld Japan展示会出展者一覧 / 国税庁法人番号DB
7251,,美容機器メーカー・ディーラー,,京都府,,,,,,,美容機器メーカー ディーラー関連サービス,営業中（推定）,,未収集,収集元推奨: BeautyWorld Japan展示会出展者一覧 / 国税庁法人番号DB
7252,,化粧品メーカー,,京都府,,,,,,,化粧品メーカー関連サービス,営業中（推定）,,未収集,収集元推奨: 日本化粧品工業会(JCIA)会員 / 国税庁法人番号DB
7253,,化粧品メーカー,,京都府,,,,,,,化粧品メーカー関連サービス,営業中（推定）,,未収集,収集元推奨: 日本化粧品工業会(JCIA)会員 / 国税庁法人番号DB
7254,,化粧品メーカー,,京都府,,,,,,,化粧品メーカー関連サービス,営業中（推定）,,未収集,収集元推奨: 日本化粧品工業会(JCIA)会員 / 国税庁法人番号DB
7255,,化粧品メーカー,,京都府,,,,,,,化粧品メーカー関連サービス,営業中（推定）,,未収集,収集元推奨: 日本化粧品工業会(JCIA)会員 / 国税庁法人番号DB
7256,,化粧品メーカー,,京都府,,,,,,,化粧品メーカー関連サービス,営業中（推定）,,未収集,収集元推奨: 日本化粧品工業会(JCIA)会員 / 国税庁法人番号DB
7257,,化粧品メーカー,,京都府,,,,,,,化粧品メーカー関連サービス,営業中（推定）,,未収集,収集元推奨: 日本化粧品工業会(JCIA)会員 / 国税庁法人番号DB
7258,,化粧品メーカー,,京都府,,,,,,,化粧品メーカー関連サービス,営業中（推定）,,未収集,収集元推奨: 日本化粧品工業会(JCIA)会員 / 国税庁法人番号DB
7259,,化粧品メーカー,,京都府,,,,,,,化粧品メーカー関連サービス,営業中（推定）,,未収集,収集元推奨: 日本化粧品工業会(JCIA)会員 / 国税庁法人番号DB
7260,,化粧品メーカー,,京都府,,,,,,,化粧品メーカー関連サービス,営業中（推定）,,未収集,収集元推奨: 日本化粧品工業会(JCIA)会員 / 国税庁法人番号DB
7261,,化粧品メーカー,,京都府,,,,,,,化粧品メーカー関連サービス,営業中（推定）,,未収集,収集元推奨: 日本化粧品工業会(JCIA)会員 / 国税庁法人番号DB
7262,,化粧品メーカー,,京都府,,,,,,,化粧品メーカー関連サービス,営業中（推定）,,未収集,収集元推奨: 日本化粧品工業会(JCIA)会員 / 国税庁法人番号DB
7263,,化粧品メーカー,,京都府,,,,,,,化粧品メーカー関連サービス,営業中（推定）,,未収集,収集元推奨: 日本化粧品工業会(JCIA)会員 / 国税庁法人番号DB
7264,,化粧品メーカー,,京都府,,,,,,,化粧品メーカー関連サービス,営業中（推定）,,未収集,収集元推奨: 日本化粧品工業会(JCIA)会員 / 国税庁法人番号DB
7265,,化粧品メーカー,,京都府,,,,,,,化粧品メーカー関連サービス,営業中（推定）,,未収集,収集元推奨: 日本化粧品工業会(JCIA)会員 / 国税庁法人番号DB
7266,,化粧品メーカー,,京都府,,,,,,,化粧品メーカー関連サービス,営業中（推定）,,未収集,収集元推奨: 日本化粧品工業会(JCIA)会員 / 国税庁法人番号DB
7267,,化粧品メーカー,,京都府,,,,,,,化粧品メーカー関連サービス,営業中（推定）,,未収集,収集元推奨: 日本化粧品工業会(JCIA)会員 / 国税庁法人番号DB
7268,,化粧品メーカー,,京都府,,,,,,,化粧品メーカー関連サービス,営業中（推定）,,未収集,収集元推奨: 日本化粧品工業会(JCIA)会員 / 国税庁法人番号DB
7269,,化粧品メーカー,,京都府,,,,,,,化粧品メーカー関連サービス,営業中（推定）,,未収集,収集元推奨: 日本化粧品工業会(JCIA)会員 / 国税庁法人番号DB
7270,,ヘアサロン・サロンオーナー,,京都府,,,,,,,ヘアサロン サロンオーナー関連サービス,営業中（推定）,,未収集,収集元推奨: ホットペッパービューティー / 美容師会 / iタウンページ
7271,,ヘアサロン・サロンオーナー,,京都府,,,,,,,ヘアサロン サロンオーナー関連サービス,営業中（推定）,,未収集,収集元推奨: ホットペッパービューティー / 美容師会 / iタウンページ
7272,,ヘアサロン・サロンオーナー,,京都府,,,,,,,ヘアサロン サロンオーナー関連サービス,営業中（推定）,,未収集,収集元推奨: ホットペッパービューティー / 美容師会 / iタウンページ
7273,,ヘアサロン・サロンオーナー,,京都府,,,,,,,ヘアサロン サロンオーナー関連サービス,営業中（推定）,,未収集,収集元推奨: ホットペッパービューティー / 美容師会 / iタウンページ
7274,,ヘアサロン・サロンオーナー,,京都府,,,,,,,ヘアサロン サロンオーナー関連サービス,営業中（推定）,,未収集,収集元推奨: ホットペッパービューティー / 美容師会 / iタウンページ
7275,,ヘアサロン・サロンオーナー,,京都府,,,,,,,ヘアサロン サロンオーナー関連サービス,営業中（推定）,,未収集,収集元推奨: ホットペッパービューティー / 美容師会 / iタウンページ
7276,,ヘアサロン・サロンオーナー,,京都府,,,,,,,ヘアサロン サロンオーナー関連サービス,営業中（推定）,,未収集,収集元推奨: ホットペッパービューティー / 美容師会 / iタウンページ
7277,,ヘアサロン・サロンオーナー,,京都府,,,,,,,ヘアサロン サロンオーナー関連サービス,営業中（推定）,,未収集,収集元推奨: ホットペッパービューティー / 美容師会 / iタウンページ
7278,,ヘアサロン・サロンオーナー,,京都府,,,,,,,ヘアサロン サロンオーナー関連サービス,営業中（推定）,,未収集,収集元推奨: ホットペッパービューティー / 美容師会 / iタウンページ
7279,,ヘアサロン・サロンオーナー,,京都府,,,,,,,ヘアサロン サロンオーナー関連サービス,営業中（推定）,,未収集,収集元推奨: ホットペッパービューティー / 美容師会 / iタウンページ
7280,,ヘアサロン・サロンオーナー,,京都府,,,,,,,ヘアサロン サロンオーナー関連サービス,営業中（推定）,,未収集,収集元推奨: ホットペッパービューティー / 美容師会 / iタウンページ
7281,,ヘアサロン・サロンオーナー,,京都府,,,,,,,ヘアサロン サロンオーナー関連サービス,営業中（推定）,,未収集,収集元推奨: ホットペッパービューティー / 美容師会 / iタウンページ
7282,,ヘアサロン・サロンオーナー,,京都府,,,,,,,ヘアサロン サロンオーナー関連サービス,営業中（推定）,,未収集,収集元推奨: ホットペッパービューティー / 美容師会 / iタウンページ
7283,,ヘアサロン・サロンオーナー,,京都府,,,,,,,ヘアサロン サロンオーナー関連サービス,営業中（推定）,,未収集,収集元推奨: ホットペッパービューティー / 美容師会 / iタウンページ
7284,,ヘアサロン・サロンオーナー,,京都府,,,,,,,ヘアサロン サロンオーナー関連サービス,営業中（推定）,,未収集,収集元推奨: ホットペッパービューティー / 美容師会 / iタウンページ
7285,,ヘアサロン・サロンオーナー,,京都府,,,,,,,ヘアサロン サロンオーナー関連サービス,営業中（推定）,,未収集,収集元推奨: ホットペッパービューティー / 美容師会 / iタウンページ
7286,,ヘアサロン・サロンオーナー,,京都府,,,,,,,ヘアサロン サロンオーナー関連サービス,営業中（推定）,,未収集,収集元推奨: ホットペッパービューティー / 美容師会 / iタウンページ
7287,,ヘアサロン・サロンオーナー,,京都府,,,,,,,ヘアサロン サロンオーナー関連サービス,営業中（推定）,,未収集,収集元推奨: ホットペッパービューティー / 美容師会 / iタウンページ
7288,,IT・AI×美容,,京都府,,,,,,,IT AI×美容関連サービス,営業中（推定）,,未収集,収集元推奨: スタートアップDB / PRTIMES / 展示会(BeautyTech系)
7289,,IT・AI×美容,,京都府,,,,,,,IT AI×美容関連サービス,営業中（推定）,,未収集,収集元推奨: スタートアップDB / PRTIMES / 展示会(BeautyTech系)
7290,,IT・AI×美容,,京都府,,,,,,,IT AI×美容関連サービス,営業中（推定）,,未収集,収集元推奨: スタートアップDB / PRTIMES / 展示会(BeautyTech系)
7291,,IT・AI×美容,,京都府,,,,,,,IT AI×美容関連サービス,営業中（推定）,,未収集,収集元推奨: スタートアップDB / PRTIMES / 展示会(BeautyTech系)
7292,,IT・AI×美容,,京都府,,,,,,,IT AI×美容関連サービス,営業中（推定）,,未収集,収集元推奨: スタートアップDB / PRTIMES / 展示会(BeautyTech系)
7293,,IT・AI×美容,,京都府,,,,,,,IT AI×美容関連サービス,営業中（推定）,,未収集,収集元推奨: スタートアップDB / PRTIMES / 展示会(BeautyTech系)
7294,,IT・AI×美容,,京都府,,,,,,,IT AI×美容関連サービス,営業中（推定）,,未収集,収集元推奨: スタートアップDB / PRTIMES / 展示会(BeautyTech系)
7295,,IT・AI×美容,,京都府,,,,,,,IT AI×美容関連サービス,営業中（推定）,,未収集,収集元推奨: スタートアップDB / PRTIMES / 展示会(BeautyTech系)
7296,,IT・AI×美容,,京都府,,,,,,,IT AI×美容関連サービス,営業中（推定）,,未収集,収集元推奨: スタートアップDB / PRTIMES / 展示会(BeautyTech系)
7297,,IT・AI×美容,,京都府,,,,,,,IT AI×美容関連サービス,営業中（推定）,,未収集,収集元推奨: スタートアップDB / PRTIMES / 展示会(BeautyTech系)
7298,,IT・AI×美容,,京都府,,,,,,,IT AI×美容関連サービス,営業中（推定）,,未収集,収集元推奨: スタートアップDB / PRTIMES / 展示会(BeautyTech系)
7299,,IT・AI×美容,,京都府,,,,,,,IT AI×美容関連サービス,営業中（推定）,,未収集,収集元推奨: スタートアップDB / PRTIMES / 展示会(BeautyTech系)
7300,,IT・AI×美容,,京都府,,,,,,,IT AI×美容関連サービス,営業中（推定）,,未収集,収集元推奨: スタートアップDB / PRTIMES / 展示会(BeautyTech系)
7301,,IT・AI×美容,,京都府,,,,,,,IT AI×美容関連サービス,営業中（推定）,,未収集,収集元推奨: スタートアップDB / PRTIMES / 展示会(BeautyTech系)
7302,,IT・AI×美容,,京都府,,,,,,,IT AI×美容関連サービス,営業中（推定）,,未収集,収集元推奨: スタートアップDB / PRTIMES / 展示会(BeautyTech系)
7303,,IT・AI×美容,,京都府,,,,,,,IT AI×美容関連サービス,営業中（推定）,,未収集,収集元推奨: スタートアップDB / PRTIMES / 展示会(BeautyTech系)
7304,,IT・AI×美容,,京都府,,,,,,,IT AI×美容関連サービス,営業中（推定）,,未収集,収集元推奨: スタートアップDB / PRTIMES / 展示会(BeautyTech系)
7305,,IT・AI×美容,,京都府,,,,,,,IT AI×美容関連サービス,営業中（推定）,,未収集,収集元推奨: スタートアップDB / PRTIMES / 展示会(BeautyTech系)
7306,,エステサロン,,広島県,,,,,,,エステサロン関連サービス,営業中（推定）,,未収集,収集元推奨: ホットペッパービューティー掲載企業公式サイト / 日本エステティック協会会員
7307,,エステサロン,,広島県,,,,,,,エステサロン関連サービス,営業中（推定）,,未収集,収集元推奨: ホットペッパービューティー掲載企業公式サイト / 日本エステティック協会会員
7308,,エステサロン,,広島県,,,,,,,エステサロン関連サービス,営業中（推定）,,未収集,収集元推奨: ホットペッパービューティー掲載企業公式サイト / 日本エステティック協会会員
7309,,エステサロン,,広島県,,,,,,,エステサロン関連サービス,営業中（推定）,,未収集,収集元推奨: ホットペッパービューティー掲載企業公式サイト / 日本エステティック協会会員
7310,,エステサロン,,広島県,,,,,,,エステサロン関連サービス,営業中（推定）,,未収集,収集元推奨: ホットペッパービューティー掲載企業公式サイト / 日本エステティック協会会員
7311,,エステサロン,,広島県,,,,,,,エステサロン関連サービス,営業中（推定）,,未収集,収集元推奨: ホットペッパービューティー掲載企業公式サイト / 日本エステティック協会会員
7312,,エステサロン,,広島県,,,,,,,エステサロン関連サービス,営業中（推定）,,未収集,収集元推奨: ホットペッパービューティー掲載企業公式サイト / 日本エステティック協会会員
7313,,エステサロン,,広島県,,,,,,,エステサロン関連サービス,営業中（推定）,,未収集,収集元推奨: ホットペッパービューティー掲載企業公式サイト / 日本エステティック協会会員
7314,,エステサロン,,広島県,,,,,,,エステサロン関連サービス,営業中（推定）,,未収集,収集元推奨: ホットペッパービューティー掲載企業公式サイト / 日本エステティック協会会員
7315,,エステサロン,,広島県,,,,,,,エステサロン関連サービス,営業中（推定）,,未収集,収集元推奨: ホットペッパービューティー掲載企業公式サイト / 日本エステティック協会会員
7316,,エステサロン,,広島県,,,,,,,エステサロン関連サービス,営業中（推定）,,未収集,収集元推奨: ホットペッパービューティー掲載企業公式サイト / 日本エステティック協会会員
7317,,エステサロン,,広島県,,,,,,,エステサロン関連サービス,営業中（推定）,,未収集,収集元推奨: ホットペッパービューティー掲載企業公式サイト / 日本エステティック協会会員
7318,,エステサロン,,広島県,,,,,,,エステサロン関連サービス,営業中（推定）,,未収集,収集元推奨: ホットペッパービューティー掲載企業公式サイト / 日本エステティック協会会員
7319,,エステサロン,,広島県,,,,,,,エステサロン関連サービス,営業中（推定）,,未収集,収集元推奨: ホットペッパービューティー掲載企業公式サイト / 日本エステティック協会会員
7320,,エステサロン,,広島県,,,,,,,エステサロン関連サービス,営業中（推定）,,未収集,収集元推奨: ホットペッパービューティー掲載企業公式サイト / 日本エステティック協会会員
7321,,エステサロン,,広島県,,,,,,,エステサロン関連サービス,営業中（推定）,,未収集,収集元推奨: ホットペッパービューティー掲載企業公式サイト / 日本エステティック協会会員
7322,,エステサロン,,広島県,,,,,,,エステサロン関連サービス,営業中（推定）,,未収集,収集元推奨: ホットペッパービューティー掲載企業公式サイト / 日本エステティック協会会員
7323,,エステサロン,,広島県,,,,,,,エステサロン関連サービス,営業中（推定）,,未収集,収集元推奨: ホットペッパービューティー掲載企業公式サイト / 日本エステティック協会会員
7324,,エステサロン,,広島県,,,,,,,エステサロン関連サービス,営業中（推定）,,未収集,収集元推奨: ホットペッパービューティー掲載企業公式サイト / 日本エステティック協会会員
7325,,エステサロン,,広島県,,,,,,,エステサロン関連サービス,営業中（推定）,,未収集,収集元推奨: ホットペッパービューティー掲載企業公式サイト / 日本エステティック協会会員
7326,,エステサロン,,広島県,,,,,,,エステサロン関連サービス,営業中（推定）,,未収集,収集元推奨: ホットペッパービューティー掲載企業公式サイト / 日本エステティック協会会員
7327,,エステサロン,,広島県,,,,,,,エステサロン関連サービス,営業中（推定）,,未収集,収集元推奨: ホットペッパービューティー掲載企業公式サイト / 日本エステティック協会会員
7328,,エステサロン,,広島県,,,,,,,エステサロン関連サービス,営業中（推定）,,未収集,収集元推奨: ホットペッパービューティー掲載企業公式サイト / 日本エステティック協会会員
7329,,エステサロン,,広島県,,,,,,,エステサロン関連サービス,営業中（推定）,,未収集,収集元推奨: ホットペッパービューティー掲載企業公式サイト / 日本エステティック協会会員
7330,,エステサロン,,広島県,,,,,,,エステサロン関連サービス,営業中（推定）,,未収集,収集元推奨: ホットペッパービューティー掲載企業公式サイト / 日本エステティック協会会員
7331,,エステサロン,,広島県,,,,,,,エステサロン関連サービス,営業中（推定）,,未収集,収集元推奨: ホットペッパービューティー掲載企業公式サイト / 日本エステティック協会会員
7332,,エステサロン,,広島県,,,,,,,エステサロン関連サービス,営業中（推定）,,未収集,収集元推奨: ホットペッパービューティー掲載企業公式サイト / 日本エステティック協会会員
7333,,エステサロン,,広島県,,,,,,,エステサロン関連サービス,営業中（推定）,,未収集,収集元推奨: ホットペッパービューティー掲載企業公式サイト / 日本エステティック協会会員
7334,,エステサロン,,広島県,,,,,,,エステサロン関連サービス,営業中（推定）,,未収集,収集元推奨: ホットペッパービューティー掲載企業公式サイト / 日本エステティック協会会員
7335,,エステサロン,,広島県,,,,,,,エステサロン関連サービス,営業中（推定）,,未収集,収集元推奨: ホットペッパービューティー掲載企業公式サイト / 日本エステティック協会会員
7336,,エステサロン,,広島県,,,,,,,エステサロン関連サービス,営業中（推定）,,未収集,収集元推奨: ホットペッパービューティー掲載企業公式サイト / 日本エステティック協会会員
7337,,エステサロン,,広島県,,,,,,,エステサロン関連サービス,営業中（推定）,,未収集,収集元推奨: ホットペッパービューティー掲載企業公式サイト / 日本エステティック協会会員
7338,,エステサロン,,広島県,,,,,,,エステサロン関連サービス,営業中（推定）,,未収集,収集元推奨: ホットペッパービューティー掲載企業公式サイト / 日本エステティック協会会員
7339,,エステサロン,,広島県,,,,,,,エステサロン関連サービス,営業中（推定）,,未収集,収集元推奨: ホットペッパービューティー掲載企業公式サイト / 日本エステティック協会会員
7340,,ネイルサロン,,広島県,,,,,,,ネイルサロン関連サービス,営業中（推定）,,未収集,収集元推奨: JNA（日本ネイリスト協会）会員 / ホットペッパービューティー
7341,,ネイルサロン,,広島県,,,,,,,ネイルサロン関連サービス,営業中（推定）,,未収集,収集元推奨: JNA（日本ネイリスト協会）会員 / ホットペッパービューティー
7342,,ネイルサロン,,広島県,,,,,,,ネイルサロン関連サービス,営業中（推定）,,未収集,収集元推奨: JNA（日本ネイリスト協会）会員 / ホットペッパービューティー
7343,,ネイルサロン,,広島県,,,,,,,ネイルサロン関連サービス,営業中（推定）,,未収集,収集元推奨: JNA（日本ネイリスト協会）会員 / ホットペッパービューティー
7344,,ネイルサロン,,広島県,,,,,,,ネイルサロン関連サービス,営業中（推定）,,未収集,収集元推奨: JNA（日本ネイリスト協会）会員 / ホットペッパービューティー
7345,,ネイルサロン,,広島県,,,,,,,ネイルサロン関連サービス,営業中（推定）,,未収集,収集元推奨: JNA（日本ネイリスト協会）会員 / ホットペッパービューティー
7346,,ネイルサロン,,広島県,,,,,,,ネイルサロン関連サービス,営業中（推定）,,未収集,収集元推奨: JNA（日本ネイリスト協会）会員 / ホットペッパービューティー
7347,,ネイルサロン,,広島県,,,,,,,ネイルサロン関連サービス,営業中（推定）,,未収集,収集元推奨: JNA（日本ネイリスト協会）会員 / ホットペッパービューティー
7348,,ネイルサロン,,広島県,,,,,,,ネイルサロン関連サービス,営業中（推定）,,未収集,収集元推奨: JNA（日本ネイリスト協会）会員 / ホットペッパービューティー
7349,,ネイルサロン,,広島県,,,,,,,ネイルサロン関連サービス,営業中（推定）,,未収集,収集元推奨: JNA（日本ネイリスト協会）会員 / ホットペッパービューティー
7350,,ネイルサロン,,広島県,,,,,,,ネイルサロン関連サービス,営業中（推定）,,未収集,収集元推奨: JNA（日本ネイリスト協会）会員 / ホットペッパービューティー
7351,,ネイルサロン,,広島県,,,,,,,ネイルサロン関連サービス,営業中（推定）,,未収集,収集元推奨: JNA（日本ネイリスト協会）会員 / ホットペッパービューティー
7352,,ネイルサロン,,広島県,,,,,,,ネイルサロン関連サービス,営業中（推定）,,未収集,収集元推奨: JNA（日本ネイリスト協会）会員 / ホットペッパービューティー
7353,,ネイルサロン,,広島県,,,,,,,ネイルサロン関連サービス,営業中（推定）,,未収集,収集元推奨: JNA（日本ネイリスト協会）会員 / ホットペッパービューティー
7354,,ネイルサロン,,広島県,,,,,,,ネイルサロン関連サービス,営業中（推定）,,未収集,収集元推奨: JNA（日本ネイリスト協会）会員 / ホットペッパービューティー
7355,,ネイルサロン,,広島県,,,,,,,ネイルサロン関連サービス,営業中（推定）,,未収集,収集元推奨: JNA（日本ネイリスト協会）会員 / ホットペッパービューティー
7356,,ネイルサロン,,広島県,,,,,,,ネイルサロン関連サービス,営業中（推定）,,未収集,収集元推奨: JNA（日本ネイリスト協会）会員 / ホットペッパービューティー
7357,,ネイルサロン,,広島県,,,,,,,ネイルサロン関連サービス,営業中（推定）,,未収集,収集元推奨: JNA（日本ネイリスト協会）会員 / ホットペッパービューティー
7358,,ネイルサロン,,広島県,,,,,,,ネイルサロン関連サービス,営業中（推定）,,未収集,収集元推奨: JNA（日本ネイリスト協会）会員 / ホットペッパービューティー
7359,,ネイルサロン,,広島県,,,,,,,ネイルサロン関連サービス,営業中（推定）,,未収集,収集元推奨: JNA（日本ネイリスト協会）会員 / ホットペッパービューティー
7360,,ネイルサロン,,広島県,,,,,,,ネイルサロン関連サービス,営業中（推定）,,未収集,収集元推奨: JNA（日本ネイリスト協会）会員 / ホットペッパービューティー
7361,,ネイルサロン,,広島県,,,,,,,ネイルサロン関連サービス,営業中（推定）,,未収集,収集元推奨: JNA（日本ネイリスト協会）会員 / ホットペッパービューティー
7362,,ネイルサロン,,広島県,,,,,,,ネイルサロン関連サービス,営業中（推定）,,未収集,収集元推奨: JNA（日本ネイリスト協会）会員 / ホットペッパービューティー
7363,,ネイルサロン,,広島県,,,,,,,ネイルサロン関連サービス,営業中（推定）,,未収集,収集元推奨: JNA（日本ネイリスト協会）会員 / ホットペッパービューティー
7364,,ネイルサロン,,広島県,,,,,,,ネイルサロン関連サービス,営業中（推定）,,未収集,収集元推奨: JNA（日本ネイリスト協会）会員 / ホットペッパービューティー
7365,,ネイルサロン,,広島県,,,,,,,ネイルサロン関連サービス,営業中（推定）,,未収集,収集元推奨: JNA（日本ネイリスト協会）会員 / ホットペッパービューティー
7366,,美容整体・小顔矯正,,広島県,,,,,,,美容整体 小顔矯正関連サービス,営業中（推定）,,未収集,収集元推奨: エキテン・ホットペッパービューティー / iタウンページ「整体」
7367,,美容整体・小顔矯正,,広島県,,,,,,,美容整体 小顔矯正関連サービス,営業中（推定）,,未収集,収集元推奨: エキテン・ホットペッパービューティー / iタウンページ「整体」
7368,,美容整体・小顔矯正,,広島県,,,,,,,美容整体 小顔矯正関連サービス,営業中（推定）,,未収集,収集元推奨: エキテン・ホットペッパービューティー / iタウンページ「整体」
7369,,美容整体・小顔矯正,,広島県,,,,,,,美容整体 小顔矯正関連サービス,営業中（推定）,,未収集,収集元推奨: エキテン・ホットペッパービューティー / iタウンページ「整体」
7370,,美容整体・小顔矯正,,広島県,,,,,,,美容整体 小顔矯正関連サービス,営業中（推定）,,未収集,収集元推奨: エキテン・ホットペッパービューティー / iタウンページ「整体」
7371,,美容整体・小顔矯正,,広島県,,,,,,,美容整体 小顔矯正関連サービス,営業中（推定）,,未収集,収集元推奨: エキテン・ホットペッパービューティー / iタウンページ「整体」
7372,,美容整体・小顔矯正,,広島県,,,,,,,美容整体 小顔矯正関連サービス,営業中（推定）,,未収集,収集元推奨: エキテン・ホットペッパービューティー / iタウンページ「整体」
7373,,美容整体・小顔矯正,,広島県,,,,,,,美容整体 小顔矯正関連サービス,営業中（推定）,,未収集,収集元推奨: エキテン・ホットペッパービューティー / iタウンページ「整体」
7374,,美容整体・小顔矯正,,広島県,,,,,,,美容整体 小顔矯正関連サービス,営業中（推定）,,未収集,収集元推奨: エキテン・ホットペッパービューティー / iタウンページ「整体」
7375,,美容整体・小顔矯正,,広島県,,,,,,,美容整体 小顔矯正関連サービス,営業中（推定）,,未収集,収集元推奨: エキテン・ホットペッパービューティー / iタウンページ「整体」
7376,,美容整体・小顔矯正,,広島県,,,,,,,美容整体 小顔矯正関連サービス,営業中（推定）,,未収集,収集元推奨: エキテン・ホットペッパービューティー / iタウンページ「整体」
7377,,美容整体・小顔矯正,,広島県,,,,,,,美容整体 小顔矯正関連サービス,営業中（推定）,,未収集,収集元推奨: エキテン・ホットペッパービューティー / iタウンページ「整体」
7378,,美容整体・小顔矯正,,広島県,,,,,,,美容整体 小顔矯正関連サービス,営業中（推定）,,未収集,収集元推奨: エキテン・ホットペッパービューティー / iタウンページ「整体」
7379,,美容整体・小顔矯正,,広島県,,,,,,,美容整体 小顔矯正関連サービス,営業中（推定）,,未収集,収集元推奨: エキテン・ホットペッパービューティー / iタウンページ「整体」
7380,,美容整体・小顔矯正,,広島県,,,,,,,美容整体 小顔矯正関連サービス,営業中（推定）,,未収集,収集元推奨: エキテン・ホットペッパービューティー / iタウンページ「整体」
7381,,美容整体・小顔矯正,,広島県,,,,,,,美容整体 小顔矯正関連サービス,営業中（推定）,,未収集,収集元推奨: エキテン・ホットペッパービューティー / iタウンページ「整体」
7382,,美容整体・小顔矯正,,広島県,,,,,,,美容整体 小顔矯正関連サービス,営業中（推定）,,未収集,収集元推奨: エキテン・ホットペッパービューティー / iタウンページ「整体」
7383,,美容鍼灸院,,広島県,,,,,,,美容鍼灸院関連サービス,営業中（推定）,,未収集,収集元推奨: 日本鍼灸師会地方師会会員名簿 / 鍼灸ポータルサイト
7384,,美容鍼灸院,,広島県,,,,,,,美容鍼灸院関連サービス,営業中（推定）,,未収集,収集元推奨: 日本鍼灸師会地方師会会員名簿 / 鍼灸ポータルサイト
7385,,美容鍼灸院,,広島県,,,,,,,美容鍼灸院関連サービス,営業中（推定）,,未収集,収集元推奨: 日本鍼灸師会地方師会会員名簿 / 鍼灸ポータルサイト
7386,,美容鍼灸院,,広島県,,,,,,,美容鍼灸院関連サービス,営業中（推定）,,未収集,収集元推奨: 日本鍼灸師会地方師会会員名簿 / 鍼灸ポータルサイト
7387,,美容鍼灸院,,広島県,,,,,,,美容鍼灸院関連サービス,営業中（推定）,,未収集,収集元推奨: 日本鍼灸師会地方師会会員名簿 / 鍼灸ポータルサイト
7388,,美容鍼灸院,,広島県,,,,,,,美容鍼灸院関連サービス,営業中（推定）,,未収集,収集元推奨: 日本鍼灸師会地方師会会員名簿 / 鍼灸ポータルサイト
7389,,美容鍼灸院,,広島県,,,,,,,美容鍼灸院関連サービス,営業中（推定）,,未収集,収集元推奨: 日本鍼灸師会地方師会会員名簿 / 鍼灸ポータルサイト
7390,,美容鍼灸院,,広島県,,,,,,,美容鍼灸院関連サービス,営業中（推定）,,未収集,収集元推奨: 日本鍼灸師会地方師会会員名簿 / 鍼灸ポータルサイト
7391,,美容鍼灸院,,広島県,,,,,,,美容鍼灸院関連サービス,営業中（推定）,,未収集,収集元推奨: 日本鍼灸師会地方師会会員名簿 / 鍼灸ポータルサイト
7392,,美容鍼灸院,,広島県,,,,,,,美容鍼灸院関連サービス,営業中（推定）,,未収集,収集元推奨: 日本鍼灸師会地方師会会員名簿 / 鍼灸ポータルサイト
7393,,美容鍼灸院,,広島県,,,,,,,美容鍼灸院関連サービス,営業中（推定）,,未収集,収集元推奨: 日本鍼灸師会地方師会会員名簿 / 鍼灸ポータルサイト
7394,,美容鍼灸院,,広島県,,,,,,,美容鍼灸院関連サービス,営業中（推定）,,未収集,収集元推奨: 日本鍼灸師会地方師会会員名簿 / 鍼灸ポータルサイト
7395,,美容鍼灸院,,広島県,,,,,,,美容鍼灸院関連サービス,営業中（推定）,,未収集,収集元推奨: 日本鍼灸師会地方師会会員名簿 / 鍼灸ポータルサイト
7396,,美容鍼灸院,,広島県,,,,,,,美容鍼灸院関連サービス,営業中（推定）,,未収集,収集元推奨: 日本鍼灸師会地方師会会員名簿 / 鍼灸ポータルサイト
7397,,アロマ・リラクゼーション,,広島県,,,,,,,アロマ リラクゼーション関連サービス,営業中（推定）,,未収集,収集元推奨: AEAJ認定サロン一覧 / ホットペッパービューティー
7398,,アロマ・リラクゼーション,,広島県,,,,,,,アロマ リラクゼーション関連サービス,営業中（推定）,,未収集,収集元推奨: AEAJ認定サロン一覧 / ホットペッパービューティー
7399,,アロマ・リラクゼーション,,広島県,,,,,,,アロマ リラクゼーション関連サービス,営業中（推定）,,未収集,収集元推奨: AEAJ認定サロン一覧 / ホットペッパービューティー
7400,,アロマ・リラクゼーション,,広島県,,,,,,,アロマ リラクゼーション関連サービス,営業中（推定）,,未収集,収集元推奨: AEAJ認定サロン一覧 / ホットペッパービューティー
7401,,アロマ・リラクゼーション,,広島県,,,,,,,アロマ リラクゼーション関連サービス,営業中（推定）,,未収集,収集元推奨: AEAJ認定サロン一覧 / ホットペッパービューティー
7402,,アロマ・リラクゼーション,,広島県,,,,,,,アロマ リラクゼーション関連サービス,営業中（推定）,,未収集,収集元推奨: AEAJ認定サロン一覧 / ホットペッパービューティー
7403,,アロマ・リラクゼーション,,広島県,,,,,,,アロマ リラクゼーション関連サービス,営業中（推定）,,未収集,収集元推奨: AEAJ認定サロン一覧 / ホットペッパービューティー
7404,,アロマ・リラクゼーション,,広島県,,,,,,,アロマ リラクゼーション関連サービス,営業中（推定）,,未収集,収集元推奨: AEAJ認定サロン一覧 / ホットペッパービューティー
7405,,アロマ・リラクゼーション,,広島県,,,,,,,アロマ リラクゼーション関連サービス,営業中（推定）,,未収集,収集元推奨: AEAJ認定サロン一覧 / ホットペッパービューティー
7406,,アロマ・リラクゼーション,,広島県,,,,,,,アロマ リラクゼーション関連サービス,営業中（推定）,,未収集,収集元推奨: AEAJ認定サロン一覧 / ホットペッパービューティー
7407,,アロマ・リラクゼーション,,広島県,,,,,,,アロマ リラクゼーション関連サービス,営業中（推定）,,未収集,収集元推奨: AEAJ認定サロン一覧 / ホットペッパービューティー
7408,,アロマ・リラクゼーション,,広島県,,,,,,,アロマ リラクゼーション関連サービス,営業中（推定）,,未収集,収集元推奨: AEAJ認定サロン一覧 / ホットペッパービューティー
7409,,アロマ・リラクゼーション,,広島県,,,,,,,アロマ リラクゼーション関連サービス,営業中（推定）,,未収集,収集元推奨: AEAJ認定サロン一覧 / ホットペッパービューティー
7410,,アロマ・リラクゼーション,,広島県,,,,,,,アロマ リラクゼーション関連サービス,営業中（推定）,,未収集,収集元推奨: AEAJ認定サロン一覧 / ホットペッパービューティー
7411,,美容クリニック,,広島県,,,,,,,美容クリニック関連サービス,営業中（推定）,,未収集,収集元推奨: 日本美容外科学会(JSAS)会員 / 各クリニック公式サイト
7412,,美容クリニック,,広島県,,,,,,,美容クリニック関連サービス,営業中（推定）,,未収集,収集元推奨: 日本美容外科学会(JSAS)会員 / 各クリニック公式サイト
7413,,美容クリニック,,広島県,,,,,,,美容クリニック関連サービス,営業中（推定）,,未収集,収集元推奨: 日本美容外科学会(JSAS)会員 / 各クリニック公式サイト
7414,,美容クリニック,,広島県,,,,,,,美容クリニック関連サービス,営業中（推定）,,未収集,収集元推奨: 日本美容外科学会(JSAS)会員 / 各クリニック公式サイト
7415,,美容クリニック,,広島県,,,,,,,美容クリニック関連サービス,営業中（推定）,,未収集,収集元推奨: 日本美容外科学会(JSAS)会員 / 各クリニック公式サイト
7416,,美容クリニック,,広島県,,,,,,,美容クリニック関連サービス,営業中（推定）,,未収集,収集元推奨: 日本美容外科学会(JSAS)会員 / 各クリニック公式サイト
7417,,美容クリニック,,広島県,,,,,,,美容クリニック関連サービス,営業中（推定）,,未収集,収集元推奨: 日本美容外科学会(JSAS)会員 / 各クリニック公式サイト
7418,,美容クリニック,,広島県,,,,,,,美容クリニック関連サービス,営業中（推定）,,未収集,収集元推奨: 日本美容外科学会(JSAS)会員 / 各クリニック公式サイト
7419,,美容クリニック,,広島県,,,,,,,美容クリニック関連サービス,営業中（推定）,,未収集,収集元推奨: 日本美容外科学会(JSAS)会員 / 各クリニック公式サイト
7420,,美容クリニック,,広島県,,,,,,,美容クリニック関連サービス,営業中（推定）,,未収集,収集元推奨: 日本美容外科学会(JSAS)会員 / 各クリニック公式サイト
7421,,美容クリニック,,広島県,,,,,,,美容クリニック関連サービス,営業中（推定）,,未収集,収集元推奨: 日本美容外科学会(JSAS)会員 / 各クリニック公式サイト
7422,,美容クリニック,,広島県,,,,,,,美容クリニック関連サービス,営業中（推定）,,未収集,収集元推奨: 日本美容外科学会(JSAS)会員 / 各クリニック公式サイト
7423,,美容クリニック,,広島県,,,,,,,美容クリニック関連サービス,営業中（推定）,,未収集,収集元推奨: 日本美容外科学会(JSAS)会員 / 各クリニック公式サイト
7424,,美容クリニック,,広島県,,,,,,,美容クリニック関連サービス,営業中（推定）,,未収集,収集元推奨: 日本美容外科学会(JSAS)会員 / 各クリニック公式サイト
7425,,美容機器メーカー・ディーラー,,広島県,,,,,,,美容機器メーカー ディーラー関連サービス,営業中（推定）,,未収集,収集元推奨: BeautyWorld Japan展示会出展者一覧 / 国税庁法人番号DB
7426,,美容機器メーカー・ディーラー,,広島県,,,,,,,美容機器メーカー ディーラー関連サービス,営業中（推定）,,未収集,収集元推奨: BeautyWorld Japan展示会出展者一覧 / 国税庁法人番号DB
7427,,美容機器メーカー・ディーラー,,広島県,,,,,,,美容機器メーカー ディーラー関連サービス,営業中（推定）,,未収集,収集元推奨: BeautyWorld Japan展示会出展者一覧 / 国税庁法人番号DB
7428,,美容機器メーカー・ディーラー,,広島県,,,,,,,美容機器メーカー ディーラー関連サービス,営業中（推定）,,未収集,収集元推奨: BeautyWorld Japan展示会出展者一覧 / 国税庁法人番号DB
7429,,美容機器メーカー・ディーラー,,広島県,,,,,,,美容機器メーカー ディーラー関連サービス,営業中（推定）,,未収集,収集元推奨: BeautyWorld Japan展示会出展者一覧 / 国税庁法人番号DB
7430,,美容機器メーカー・ディーラー,,広島県,,,,,,,美容機器メーカー ディーラー関連サービス,営業中（推定）,,未収集,収集元推奨: BeautyWorld Japan展示会出展者一覧 / 国税庁法人番号DB
7431,,美容機器メーカー・ディーラー,,広島県,,,,,,,美容機器メーカー ディーラー関連サービス,営業中（推定）,,未収集,収集元推奨: BeautyWorld Japan展示会出展者一覧 / 国税庁法人番号DB
7432,,美容機器メーカー・ディーラー,,広島県,,,,,,,美容機器メーカー ディーラー関連サービス,営業中（推定）,,未収集,収集元推奨: BeautyWorld Japan展示会出展者一覧 / 国税庁法人番号DB
7433,,美容機器メーカー・ディーラー,,広島県,,,,,,,美容機器メーカー ディーラー関連サービス,営業中（推定）,,未収集,収集元推奨: BeautyWorld Japan展示会出展者一覧 / 国税庁法人番号DB
7434,,美容機器メーカー・ディーラー,,広島県,,,,,,,美容機器メーカー ディーラー関連サービス,営業中（推定）,,未収集,収集元推奨: BeautyWorld Japan展示会出展者一覧 / 国税庁法人番号DB
7435,,化粧品メーカー,,広島県,,,,,,,化粧品メーカー関連サービス,営業中（推定）,,未収集,収集元推奨: 日本化粧品工業会(JCIA)会員 / 国税庁法人番号DB
7436,,化粧品メーカー,,広島県,,,,,,,化粧品メーカー関連サービス,営業中（推定）,,未収集,収集元推奨: 日本化粧品工業会(JCIA)会員 / 国税庁法人番号DB
7437,,化粧品メーカー,,広島県,,,,,,,化粧品メーカー関連サービス,営業中（推定）,,未収集,収集元推奨: 日本化粧品工業会(JCIA)会員 / 国税庁法人番号DB
7438,,化粧品メーカー,,広島県,,,,,,,化粧品メーカー関連サービス,営業中（推定）,,未収集,収集元推奨: 日本化粧品工業会(JCIA)会員 / 国税庁法人番号DB
7439,,化粧品メーカー,,広島県,,,,,,,化粧品メーカー関連サービス,営業中（推定）,,未収集,収集元推奨: 日本化粧品工業会(JCIA)会員 / 国税庁法人番号DB
7440,,化粧品メーカー,,広島県,,,,,,,化粧品メーカー関連サービス,営業中（推定）,,未収集,収集元推奨: 日本化粧品工業会(JCIA)会員 / 国税庁法人番号DB
7441,,化粧品メーカー,,広島県,,,,,,,化粧品メーカー関連サービス,営業中（推定）,,未収集,収集元推奨: 日本化粧品工業会(JCIA)会員 / 国税庁法人番号DB
7442,,化粧品メーカー,,広島県,,,,,,,化粧品メーカー関連サービス,営業中（推定）,,未収集,収集元推奨: 日本化粧品工業会(JCIA)会員 / 国税庁法人番号DB
7443,,化粧品メーカー,,広島県,,,,,,,化粧品メーカー関連サービス,営業中（推定）,,未収集,収集元推奨: 日本化粧品工業会(JCIA)会員 / 国税庁法人番号DB
7444,,化粧品メーカー,,広島県,,,,,,,化粧品メーカー関連サービス,営業中（推定）,,未収集,収集元推奨: 日本化粧品工業会(JCIA)会員 / 国税庁法人番号DB
7445,,化粧品メーカー,,広島県,,,,,,,化粧品メーカー関連サービス,営業中（推定）,,未収集,収集元推奨: 日本化粧品工業会(JCIA)会員 / 国税庁法人番号DB
7446,,化粧品メーカー,,広島県,,,,,,,化粧品メーカー関連サービス,営業中（推定）,,未収集,収集元推奨: 日本化粧品工業会(JCIA)会員 / 国税庁法人番号DB
7447,,化粧品メーカー,,広島県,,,,,,,化粧品メーカー関連サービス,営業中（推定）,,未収集,収集元推奨: 日本化粧品工業会(JCIA)会員 / 国税庁法人番号DB
7448,,化粧品メーカー,,広島県,,,,,,,化粧品メーカー関連サービス,営業中（推定）,,未収集,収集元推奨: 日本化粧品工業会(JCIA)会員 / 国税庁法人番号DB
7449,,ヘアサロン・サロンオーナー,,広島県,,,,,,,ヘアサロン サロンオーナー関連サービス,営業中（推定）,,未収集,収集元推奨: ホットペッパービューティー / 美容師会 / iタウンページ
7450,,ヘアサロン・サロンオーナー,,広島県,,,,,,,ヘアサロン サロンオーナー関連サービス,営業中（推定）,,未収集,収集元推奨: ホットペッパービューティー / 美容師会 / iタウンページ
7451,,ヘアサロン・サロンオーナー,,広島県,,,,,,,ヘアサロン サロンオーナー関連サービス,営業中（推定）,,未収集,収集元推奨: ホットペッパービューティー / 美容師会 / iタウンページ
7452,,ヘアサロン・サロンオーナー,,広島県,,,,,,,ヘアサロン サロンオーナー関連サービス,営業中（推定）,,未収集,収集元推奨: ホットペッパービューティー / 美容師会 / iタウンページ
7453,,ヘアサロン・サロンオーナー,,広島県,,,,,,,ヘアサロン サロンオーナー関連サービス,営業中（推定）,,未収集,収集元推奨: ホットペッパービューティー / 美容師会 / iタウンページ
7454,,ヘアサロン・サロンオーナー,,広島県,,,,,,,ヘアサロン サロンオーナー関連サービス,営業中（推定）,,未収集,収集元推奨: ホットペッパービューティー / 美容師会 / iタウンページ
7455,,ヘアサロン・サロンオーナー,,広島県,,,,,,,ヘアサロン サロンオーナー関連サービス,営業中（推定）,,未収集,収集元推奨: ホットペッパービューティー / 美容師会 / iタウンページ
7456,,ヘアサロン・サロンオーナー,,広島県,,,,,,,ヘアサロン サロンオーナー関連サービス,営業中（推定）,,未収集,収集元推奨: ホットペッパービューティー / 美容師会 / iタウンページ
7457,,ヘアサロン・サロンオーナー,,広島県,,,,,,,ヘアサロン サロンオーナー関連サービス,営業中（推定）,,未収集,収集元推奨: ホットペッパービューティー / 美容師会 / iタウンページ
7458,,ヘアサロン・サロンオーナー,,広島県,,,,,,,ヘアサロン サロンオーナー関連サービス,営業中（推定）,,未収集,収集元推奨: ホットペッパービューティー / 美容師会 / iタウンページ
7459,,ヘアサロン・サロンオーナー,,広島県,,,,,,,ヘアサロン サロンオーナー関連サービス,営業中（推定）,,未収集,収集元推奨: ホットペッパービューティー / 美容師会 / iタウンページ
7460,,ヘアサロン・サロンオーナー,,広島県,,,,,,,ヘアサロン サロンオーナー関連サービス,営業中（推定）,,未収集,収集元推奨: ホットペッパービューティー / 美容師会 / iタウンページ
7461,,ヘアサロン・サロンオーナー,,広島県,,,,,,,ヘアサロン サロンオーナー関連サービス,営業中（推定）,,未収集,収集元推奨: ホットペッパービューティー / 美容師会 / iタウンページ
7462,,ヘアサロン・サロンオーナー,,広島県,,,,,,,ヘアサロン サロンオーナー関連サービス,営業中（推定）,,未収集,収集元推奨: ホットペッパービューティー / 美容師会 / iタウンページ
7463,,IT・AI×美容,,広島県,,,,,,,IT AI×美容関連サービス,営業中（推定）,,未収集,収集元推奨: スタートアップDB / PRTIMES / 展示会(BeautyTech系)
7464,,IT・AI×美容,,広島県,,,,,,,IT AI×美容関連サービス,営業中（推定）,,未収集,収集元推奨: スタートアップDB / PRTIMES / 展示会(BeautyTech系)
7465,,IT・AI×美容,,広島県,,,,,,,IT AI×美容関連サービス,営業中（推定）,,未収集,収集元推奨: スタートアップDB / PRTIMES / 展示会(BeautyTech系)
7466,,IT・AI×美容,,広島県,,,,,,,IT AI×美容関連サービス,営業中（推定）,,未収集,収集元推奨: スタートアップDB / PRTIMES / 展示会(BeautyTech系)
7467,,IT・AI×美容,,広島県,,,,,,,IT AI×美容関連サービス,営業中（推定）,,未収集,収集元推奨: スタートアップDB / PRTIMES / 展示会(BeautyTech系)
7468,,IT・AI×美容,,広島県,,,,,,,IT AI×美容関連サービス,営業中（推定）,,未収集,収集元推奨: スタートアップDB / PRTIMES / 展示会(BeautyTech系)
7469,,IT・AI×美容,,広島県,,,,,,,IT AI×美容関連サービス,営業中（推定）,,未収集,収集元推奨: スタートアップDB / PRTIMES / 展示会(BeautyTech系)
7470,,IT・AI×美容,,広島県,,,,,,,IT AI×美容関連サービス,営業中（推定）,,未収集,収集元推奨: スタートアップDB / PRTIMES / 展示会(BeautyTech系)
7471,,IT・AI×美容,,広島県,,,,,,,IT AI×美容関連サービス,営業中（推定）,,未収集,収集元推奨: スタートアップDB / PRTIMES / 展示会(BeautyTech系)
7472,,IT・AI×美容,,広島県,,,,,,,IT AI×美容関連サービス,営業中（推定）,,未収集,収集元推奨: スタートアップDB / PRTIMES / 展示会(BeautyTech系)
7473,,IT・AI×美容,,広島県,,,,,,,IT AI×美容関連サービス,営業中（推定）,,未収集,収集元推奨: スタートアップDB / PRTIMES / 展示会(BeautyTech系)
7474,,IT・AI×美容,,広島県,,,,,,,IT AI×美容関連サービス,営業中（推定）,,未収集,収集元推奨: スタートアップDB / PRTIMES / 展示会(BeautyTech系)
7475,,IT・AI×美容,,広島県,,,,,,,IT AI×美容関連サービス,営業中（推定）,,未収集,収集元推奨: スタートアップDB / PRTIMES / 展示会(BeautyTech系)
7476,,エステサロン,,宮城県,,,,,,,エステサロン関連サービス,営業中（推定）,,未収集,収集元推奨: ホットペッパービューティー掲載企業公式サイト / 日本エステティック協会会員
7477,,エステサロン,,宮城県,,,,,,,エステサロン関連サービス,営業中（推定）,,未収集,収集元推奨: ホットペッパービューティー掲載企業公式サイト / 日本エステティック協会会員
7478,,エステサロン,,宮城県,,,,,,,エステサロン関連サービス,営業中（推定）,,未収集,収集元推奨: ホットペッパービューティー掲載企業公式サイト / 日本エステティック協会会員
7479,,エステサロン,,宮城県,,,,,,,エステサロン関連サービス,営業中（推定）,,未収集,収集元推奨: ホットペッパービューティー掲載企業公式サイト / 日本エステティック協会会員
7480,,エステサロン,,宮城県,,,,,,,エステサロン関連サービス,営業中（推定）,,未収集,収集元推奨: ホットペッパービューティー掲載企業公式サイト / 日本エステティック協会会員
7481,,エステサロン,,宮城県,,,,,,,エステサロン関連サービス,営業中（推定）,,未収集,収集元推奨: ホットペッパービューティー掲載企業公式サイト / 日本エステティック協会会員
7482,,エステサロン,,宮城県,,,,,,,エステサロン関連サービス,営業中（推定）,,未収集,収集元推奨: ホットペッパービューティー掲載企業公式サイト / 日本エステティック協会会員
7483,,エステサロン,,宮城県,,,,,,,エステサロン関連サービス,営業中（推定）,,未収集,収集元推奨: ホットペッパービューティー掲載企業公式サイト / 日本エステティック協会会員
7484,,エステサロン,,宮城県,,,,,,,エステサロン関連サービス,営業中（推定）,,未収集,収集元推奨: ホットペッパービューティー掲載企業公式サイト / 日本エステティック協会会員
7485,,エステサロン,,宮城県,,,,,,,エステサロン関連サービス,営業中（推定）,,未収集,収集元推奨: ホットペッパービューティー掲載企業公式サイト / 日本エステティック協会会員
7486,,エステサロン,,宮城県,,,,,,,エステサロン関連サービス,営業中（推定）,,未収集,収集元推奨: ホットペッパービューティー掲載企業公式サイト / 日本エステティック協会会員
7487,,エステサロン,,宮城県,,,,,,,エステサロン関連サービス,営業中（推定）,,未収集,収集元推奨: ホットペッパービューティー掲載企業公式サイト / 日本エステティック協会会員
7488,,エステサロン,,宮城県,,,,,,,エステサロン関連サービス,営業中（推定）,,未収集,収集元推奨: ホットペッパービューティー掲載企業公式サイト / 日本エステティック協会会員
7489,,エステサロン,,宮城県,,,,,,,エステサロン関連サービス,営業中（推定）,,未収集,収集元推奨: ホットペッパービューティー掲載企業公式サイト / 日本エステティック協会会員
7490,,エステサロン,,宮城県,,,,,,,エステサロン関連サービス,営業中（推定）,,未収集,収集元推奨: ホットペッパービューティー掲載企業公式サイト / 日本エステティック協会会員
7491,,エステサロン,,宮城県,,,,,,,エステサロン関連サービス,営業中（推定）,,未収集,収集元推奨: ホットペッパービューティー掲載企業公式サイト / 日本エステティック協会会員
7492,,エステサロン,,宮城県,,,,,,,エステサロン関連サービス,営業中（推定）,,未収集,収集元推奨: ホットペッパービューティー掲載企業公式サイト / 日本エステティック協会会員
7493,,エステサロン,,宮城県,,,,,,,エステサロン関連サービス,営業中（推定）,,未収集,収集元推奨: ホットペッパービューティー掲載企業公式サイト / 日本エステティック協会会員
7494,,エステサロン,,宮城県,,,,,,,エステサロン関連サービス,営業中（推定）,,未収集,収集元推奨: ホットペッパービューティー掲載企業公式サイト / 日本エステティック協会会員
7495,,エステサロン,,宮城県,,,,,,,エステサロン関連サービス,営業中（推定）,,未収集,収集元推奨: ホットペッパービューティー掲載企業公式サイト / 日本エステティック協会会員
7496,,エステサロン,,宮城県,,,,,,,エステサロン関連サービス,営業中（推定）,,未収集,収集元推奨: ホットペッパービューティー掲載企業公式サイト / 日本エステティック協会会員
7497,,エステサロン,,宮城県,,,,,,,エステサロン関連サービス,営業中（推定）,,未収集,収集元推奨: ホットペッパービューティー掲載企業公式サイト / 日本エステティック協会会員
7498,,エステサロン,,宮城県,,,,,,,エステサロン関連サービス,営業中（推定）,,未収集,収集元推奨: ホットペッパービューティー掲載企業公式サイト / 日本エステティック協会会員
7499,,エステサロン,,宮城県,,,,,,,エステサロン関連サービス,営業中（推定）,,未収集,収集元推奨: ホットペッパービューティー掲載企業公式サイト / 日本エステティック協会会員
7500,,エステサロン,,宮城県,,,,,,,エステサロン関連サービス,営業中（推定）,,未収集,収集元推奨: ホットペッパービューティー掲載企業公式サイト / 日本エステティック協会会員
7501,,エステサロン,,宮城県,,,,,,,エステサロン関連サービス,営業中（推定）,,未収集,収集元推奨: ホットペッパービューティー掲載企業公式サイト / 日本エステティック協会会員
7502,,エステサロン,,宮城県,,,,,,,エステサロン関連サービス,営業中（推定）,,未収集,収集元推奨: ホットペッパービューティー掲載企業公式サイト / 日本エステティック協会会員
7503,,エステサロン,,宮城県,,,,,,,エステサロン関連サービス,営業中（推定）,,未収集,収集元推奨: ホットペッパービューティー掲載企業公式サイト / 日本エステティック協会会員
7504,,エステサロン,,宮城県,,,,,,,エステサロン関連サービス,営業中（推定）,,未収集,収集元推奨: ホットペッパービューティー掲載企業公式サイト / 日本エステティック協会会員
7505,,エステサロン,,宮城県,,,,,,,エステサロン関連サービス,営業中（推定）,,未収集,収集元推奨: ホットペッパービューティー掲載企業公式サイト / 日本エステティック協会会員
7506,,エステサロン,,宮城県,,,,,,,エステサロン関連サービス,営業中（推定）,,未収集,収集元推奨: ホットペッパービューティー掲載企業公式サイト / 日本エステティック協会会員
7507,,エステサロン,,宮城県,,,,,,,エステサロン関連サービス,営業中（推定）,,未収集,収集元推奨: ホットペッパービューティー掲載企業公式サイト / 日本エステティック協会会員
7508,,ネイルサロン,,宮城県,,,,,,,ネイルサロン関連サービス,営業中（推定）,,未収集,収集元推奨: JNA（日本ネイリスト協会）会員 / ホットペッパービューティー
7509,,ネイルサロン,,宮城県,,,,,,,ネイルサロン関連サービス,営業中（推定）,,未収集,収集元推奨: JNA（日本ネイリスト協会）会員 / ホットペッパービューティー
7510,,ネイルサロン,,宮城県,,,,,,,ネイルサロン関連サービス,営業中（推定）,,未収集,収集元推奨: JNA（日本ネイリスト協会）会員 / ホットペッパービューティー
7511,,ネイルサロン,,宮城県,,,,,,,ネイルサロン関連サービス,営業中（推定）,,未収集,収集元推奨: JNA（日本ネイリスト協会）会員 / ホットペッパービューティー
7512,,ネイルサロン,,宮城県,,,,,,,ネイルサロン関連サービス,営業中（推定）,,未収集,収集元推奨: JNA（日本ネイリスト協会）会員 / ホットペッパービューティー
7513,,ネイルサロン,,宮城県,,,,,,,ネイルサロン関連サービス,営業中（推定）,,未収集,収集元推奨: JNA（日本ネイリスト協会）会員 / ホットペッパービューティー
7514,,ネイルサロン,,宮城県,,,,,,,ネイルサロン関連サービス,営業中（推定）,,未収集,収集元推奨: JNA（日本ネイリスト協会）会員 / ホットペッパービューティー
7515,,ネイルサロン,,宮城県,,,,,,,ネイルサロン関連サービス,営業中（推定）,,未収集,収集元推奨: JNA（日本ネイリスト協会）会員 / ホットペッパービューティー
7516,,ネイルサロン,,宮城県,,,,,,,ネイルサロン関連サービス,営業中（推定）,,未収集,収集元推奨: JNA（日本ネイリスト協会）会員 / ホットペッパービューティー
7517,,ネイルサロン,,宮城県,,,,,,,ネイルサロン関連サービス,営業中（推定）,,未収集,収集元推奨: JNA（日本ネイリスト協会）会員 / ホットペッパービューティー
7518,,ネイルサロン,,宮城県,,,,,,,ネイルサロン関連サービス,営業中（推定）,,未収集,収集元推奨: JNA（日本ネイリスト協会）会員 / ホットペッパービューティー
7519,,ネイルサロン,,宮城県,,,,,,,ネイルサロン関連サービス,営業中（推定）,,未収集,収集元推奨: JNA（日本ネイリスト協会）会員 / ホットペッパービューティー
7520,,ネイルサロン,,宮城県,,,,,,,ネイルサロン関連サービス,営業中（推定）,,未収集,収集元推奨: JNA（日本ネイリスト協会）会員 / ホットペッパービューティー
7521,,ネイルサロン,,宮城県,,,,,,,ネイルサロン関連サービス,営業中（推定）,,未収集,収集元推奨: JNA（日本ネイリスト協会）会員 / ホットペッパービューティー
7522,,ネイルサロン,,宮城県,,,,,,,ネイルサロン関連サービス,営業中（推定）,,未収集,収集元推奨: JNA（日本ネイリスト協会）会員 / ホットペッパービューティー
7523,,ネイルサロン,,宮城県,,,,,,,ネイルサロン関連サービス,営業中（推定）,,未収集,収集元推奨: JNA（日本ネイリスト協会）会員 / ホットペッパービューティー
7524,,ネイルサロン,,宮城県,,,,,,,ネイルサロン関連サービス,営業中（推定）,,未収集,収集元推奨: JNA（日本ネイリスト協会）会員 / ホットペッパービューティー
7525,,ネイルサロン,,宮城県,,,,,,,ネイルサロン関連サービス,営業中（推定）,,未収集,収集元推奨: JNA（日本ネイリスト協会）会員 / ホットペッパービューティー
7526,,ネイルサロン,,宮城県,,,,,,,ネイルサロン関連サービス,営業中（推定）,,未収集,収集元推奨: JNA（日本ネイリスト協会）会員 / ホットペッパービューティー
7527,,ネイルサロン,,宮城県,,,,,,,ネイルサロン関連サービス,営業中（推定）,,未収集,収集元推奨: JNA（日本ネイリスト協会）会員 / ホットペッパービューティー
7528,,ネイルサロン,,宮城県,,,,,,,ネイルサロン関連サービス,営業中（推定）,,未収集,収集元推奨: JNA（日本ネイリスト協会）会員 / ホットペッパービューティー
7529,,ネイルサロン,,宮城県,,,,,,,ネイルサロン関連サービス,営業中（推定）,,未収集,収集元推奨: JNA（日本ネイリスト協会）会員 / ホットペッパービューティー
7530,,ネイルサロン,,宮城県,,,,,,,ネイルサロン関連サービス,営業中（推定）,,未収集,収集元推奨: JNA（日本ネイリスト協会）会員 / ホットペッパービューティー
7531,,ネイルサロン,,宮城県,,,,,,,ネイルサロン関連サービス,営業中（推定）,,未収集,収集元推奨: JNA（日本ネイリスト協会）会員 / ホットペッパービューティー
7532,,美容整体・小顔矯正,,宮城県,,,,,,,美容整体 小顔矯正関連サービス,営業中（推定）,,未収集,収集元推奨: エキテン・ホットペッパービューティー / iタウンページ「整体」
7533,,美容整体・小顔矯正,,宮城県,,,,,,,美容整体 小顔矯正関連サービス,営業中（推定）,,未収集,収集元推奨: エキテン・ホットペッパービューティー / iタウンページ「整体」
7534,,美容整体・小顔矯正,,宮城県,,,,,,,美容整体 小顔矯正関連サービス,営業中（推定）,,未収集,収集元推奨: エキテン・ホットペッパービューティー / iタウンページ「整体」
7535,,美容整体・小顔矯正,,宮城県,,,,,,,美容整体 小顔矯正関連サービス,営業中（推定）,,未収集,収集元推奨: エキテン・ホットペッパービューティー / iタウンページ「整体」
7536,,美容整体・小顔矯正,,宮城県,,,,,,,美容整体 小顔矯正関連サービス,営業中（推定）,,未収集,収集元推奨: エキテン・ホットペッパービューティー / iタウンページ「整体」
7537,,美容整体・小顔矯正,,宮城県,,,,,,,美容整体 小顔矯正関連サービス,営業中（推定）,,未収集,収集元推奨: エキテン・ホットペッパービューティー / iタウンページ「整体」
7538,,美容整体・小顔矯正,,宮城県,,,,,,,美容整体 小顔矯正関連サービス,営業中（推定）,,未収集,収集元推奨: エキテン・ホットペッパービューティー / iタウンページ「整体」
7539,,美容整体・小顔矯正,,宮城県,,,,,,,美容整体 小顔矯正関連サービス,営業中（推定）,,未収集,収集元推奨: エキテン・ホットペッパービューティー / iタウンページ「整体」
7540,,美容整体・小顔矯正,,宮城県,,,,,,,美容整体 小顔矯正関連サービス,営業中（推定）,,未収集,収集元推奨: エキテン・ホットペッパービューティー / iタウンページ「整体」
7541,,美容整体・小顔矯正,,宮城県,,,,,,,美容整体 小顔矯正関連サービス,営業中（推定）,,未収集,収集元推奨: エキテン・ホットペッパービューティー / iタウンページ「整体」
7542,,美容整体・小顔矯正,,宮城県,,,,,,,美容整体 小顔矯正関連サービス,営業中（推定）,,未収集,収集元推奨: エキテン・ホットペッパービューティー / iタウンページ「整体」
7543,,美容整体・小顔矯正,,宮城県,,,,,,,美容整体 小顔矯正関連サービス,営業中（推定）,,未収集,収集元推奨: エキテン・ホットペッパービューティー / iタウンページ「整体」
7544,,美容整体・小顔矯正,,宮城県,,,,,,,美容整体 小顔矯正関連サービス,営業中（推定）,,未収集,収集元推奨: エキテン・ホットペッパービューティー / iタウンページ「整体」
7545,,美容整体・小顔矯正,,宮城県,,,,,,,美容整体 小顔矯正関連サービス,営業中（推定）,,未収集,収集元推奨: エキテン・ホットペッパービューティー / iタウンページ「整体」
7546,,美容整体・小顔矯正,,宮城県,,,,,,,美容整体 小顔矯正関連サービス,営業中（推定）,,未収集,収集元推奨: エキテン・ホットペッパービューティー / iタウンページ「整体」
7547,,美容整体・小顔矯正,,宮城県,,,,,,,美容整体 小顔矯正関連サービス,営業中（推定）,,未収集,収集元推奨: エキテン・ホットペッパービューティー / iタウンページ「整体」
7548,,美容鍼灸院,,宮城県,,,,,,,美容鍼灸院関連サービス,営業中（推定）,,未収集,収集元推奨: 日本鍼灸師会地方師会会員名簿 / 鍼灸ポータルサイト
7549,,美容鍼灸院,,宮城県,,,,,,,美容鍼灸院関連サービス,営業中（推定）,,未収集,収集元推奨: 日本鍼灸師会地方師会会員名簿 / 鍼灸ポータルサイト
7550,,美容鍼灸院,,宮城県,,,,,,,美容鍼灸院関連サービス,営業中（推定）,,未収集,収集元推奨: 日本鍼灸師会地方師会会員名簿 / 鍼灸ポータルサイト
7551,,美容鍼灸院,,宮城県,,,,,,,美容鍼灸院関連サービス,営業中（推定）,,未収集,収集元推奨: 日本鍼灸師会地方師会会員名簿 / 鍼灸ポータルサイト
7552,,美容鍼灸院,,宮城県,,,,,,,美容鍼灸院関連サービス,営業中（推定）,,未収集,収集元推奨: 日本鍼灸師会地方師会会員名簿 / 鍼灸ポータルサイト
7553,,美容鍼灸院,,宮城県,,,,,,,美容鍼灸院関連サービス,営業中（推定）,,未収集,収集元推奨: 日本鍼灸師会地方師会会員名簿 / 鍼灸ポータルサイト
7554,,美容鍼灸院,,宮城県,,,,,,,美容鍼灸院関連サービス,営業中（推定）,,未収集,収集元推奨: 日本鍼灸師会地方師会会員名簿 / 鍼灸ポータルサイト
7555,,美容鍼灸院,,宮城県,,,,,,,美容鍼灸院関連サービス,営業中（推定）,,未収集,収集元推奨: 日本鍼灸師会地方師会会員名簿 / 鍼灸ポータルサイト
7556,,美容鍼灸院,,宮城県,,,,,,,美容鍼灸院関連サービス,営業中（推定）,,未収集,収集元推奨: 日本鍼灸師会地方師会会員名簿 / 鍼灸ポータルサイト
7557,,美容鍼灸院,,宮城県,,,,,,,美容鍼灸院関連サービス,営業中（推定）,,未収集,収集元推奨: 日本鍼灸師会地方師会会員名簿 / 鍼灸ポータルサイト
7558,,美容鍼灸院,,宮城県,,,,,,,美容鍼灸院関連サービス,営業中（推定）,,未収集,収集元推奨: 日本鍼灸師会地方師会会員名簿 / 鍼灸ポータルサイト
7559,,美容鍼灸院,,宮城県,,,,,,,美容鍼灸院関連サービス,営業中（推定）,,未収集,収集元推奨: 日本鍼灸師会地方師会会員名簿 / 鍼灸ポータルサイト
7560,,美容鍼灸院,,宮城県,,,,,,,美容鍼灸院関連サービス,営業中（推定）,,未収集,収集元推奨: 日本鍼灸師会地方師会会員名簿 / 鍼灸ポータルサイト
7561,,アロマ・リラクゼーション,,宮城県,,,,,,,アロマ リラクゼーション関連サービス,営業中（推定）,,未収集,収集元推奨: AEAJ認定サロン一覧 / ホットペッパービューティー
7562,,アロマ・リラクゼーション,,宮城県,,,,,,,アロマ リラクゼーション関連サービス,営業中（推定）,,未収集,収集元推奨: AEAJ認定サロン一覧 / ホットペッパービューティー
7563,,アロマ・リラクゼーション,,宮城県,,,,,,,アロマ リラクゼーション関連サービス,営業中（推定）,,未収集,収集元推奨: AEAJ認定サロン一覧 / ホットペッパービューティー
7564,,アロマ・リラクゼーション,,宮城県,,,,,,,アロマ リラクゼーション関連サービス,営業中（推定）,,未収集,収集元推奨: AEAJ認定サロン一覧 / ホットペッパービューティー
7565,,アロマ・リラクゼーション,,宮城県,,,,,,,アロマ リラクゼーション関連サービス,営業中（推定）,,未収集,収集元推奨: AEAJ認定サロン一覧 / ホットペッパービューティー
7566,,アロマ・リラクゼーション,,宮城県,,,,,,,アロマ リラクゼーション関連サービス,営業中（推定）,,未収集,収集元推奨: AEAJ認定サロン一覧 / ホットペッパービューティー
7567,,アロマ・リラクゼーション,,宮城県,,,,,,,アロマ リラクゼーション関連サービス,営業中（推定）,,未収集,収集元推奨: AEAJ認定サロン一覧 / ホットペッパービューティー
7568,,アロマ・リラクゼーション,,宮城県,,,,,,,アロマ リラクゼーション関連サービス,営業中（推定）,,未収集,収集元推奨: AEAJ認定サロン一覧 / ホットペッパービューティー
7569,,アロマ・リラクゼーション,,宮城県,,,,,,,アロマ リラクゼーション関連サービス,営業中（推定）,,未収集,収集元推奨: AEAJ認定サロン一覧 / ホットペッパービューティー
7570,,アロマ・リラクゼーション,,宮城県,,,,,,,アロマ リラクゼーション関連サービス,営業中（推定）,,未収集,収集元推奨: AEAJ認定サロン一覧 / ホットペッパービューティー
7571,,アロマ・リラクゼーション,,宮城県,,,,,,,アロマ リラクゼーション関連サービス,営業中（推定）,,未収集,収集元推奨: AEAJ認定サロン一覧 / ホットペッパービューティー
7572,,アロマ・リラクゼーション,,宮城県,,,,,,,アロマ リラクゼーション関連サービス,営業中（推定）,,未収集,収集元推奨: AEAJ認定サロン一覧 / ホットペッパービューティー
7573,,アロマ・リラクゼーション,,宮城県,,,,,,,アロマ リラクゼーション関連サービス,営業中（推定）,,未収集,収集元推奨: AEAJ認定サロン一覧 / ホットペッパービューティー
7574,,美容クリニック,,宮城県,,,,,,,美容クリニック関連サービス,営業中（推定）,,未収集,収集元推奨: 日本美容外科学会(JSAS)会員 / 各クリニック公式サイト
7575,,美容クリニック,,宮城県,,,,,,,美容クリニック関連サービス,営業中（推定）,,未収集,収集元推奨: 日本美容外科学会(JSAS)会員 / 各クリニック公式サイト
7576,,美容クリニック,,宮城県,,,,,,,美容クリニック関連サービス,営業中（推定）,,未収集,収集元推奨: 日本美容外科学会(JSAS)会員 / 各クリニック公式サイト
7577,,美容クリニック,,宮城県,,,,,,,美容クリニック関連サービス,営業中（推定）,,未収集,収集元推奨: 日本美容外科学会(JSAS)会員 / 各クリニック公式サイト
7578,,美容クリニック,,宮城県,,,,,,,美容クリニック関連サービス,営業中（推定）,,未収集,収集元推奨: 日本美容外科学会(JSAS)会員 / 各クリニック公式サイト
7579,,美容クリニック,,宮城県,,,,,,,美容クリニック関連サービス,営業中（推定）,,未収集,収集元推奨: 日本美容外科学会(JSAS)会員 / 各クリニック公式サイト
7580,,美容クリニック,,宮城県,,,,,,,美容クリニック関連サービス,営業中（推定）,,未収集,収集元推奨: 日本美容外科学会(JSAS)会員 / 各クリニック公式サイト
7581,,美容クリニック,,宮城県,,,,,,,美容クリニック関連サービス,営業中（推定）,,未収集,収集元推奨: 日本美容外科学会(JSAS)会員 / 各クリニック公式サイト
7582,,美容クリニック,,宮城県,,,,,,,美容クリニック関連サービス,営業中（推定）,,未収集,収集元推奨: 日本美容外科学会(JSAS)会員 / 各クリニック公式サイト
7583,,美容クリニック,,宮城県,,,,,,,美容クリニック関連サービス,営業中（推定）,,未収集,収集元推奨: 日本美容外科学会(JSAS)会員 / 各クリニック公式サイト
7584,,美容クリニック,,宮城県,,,,,,,美容クリニック関連サービス,営業中（推定）,,未収集,収集元推奨: 日本美容外科学会(JSAS)会員 / 各クリニック公式サイト
7585,,美容クリニック,,宮城県,,,,,,,美容クリニック関連サービス,営業中（推定）,,未収集,収集元推奨: 日本美容外科学会(JSAS)会員 / 各クリニック公式サイト
7586,,美容クリニック,,宮城県,,,,,,,美容クリニック関連サービス,営業中（推定）,,未収集,収集元推奨: 日本美容外科学会(JSAS)会員 / 各クリニック公式サイト
7587,,美容機器メーカー・ディーラー,,宮城県,,,,,,,美容機器メーカー ディーラー関連サービス,営業中（推定）,,未収集,収集元推奨: BeautyWorld Japan展示会出展者一覧 / 国税庁法人番号DB
7588,,美容機器メーカー・ディーラー,,宮城県,,,,,,,美容機器メーカー ディーラー関連サービス,営業中（推定）,,未収集,収集元推奨: BeautyWorld Japan展示会出展者一覧 / 国税庁法人番号DB
7589,,美容機器メーカー・ディーラー,,宮城県,,,,,,,美容機器メーカー ディーラー関連サービス,営業中（推定）,,未収集,収集元推奨: BeautyWorld Japan展示会出展者一覧 / 国税庁法人番号DB
7590,,美容機器メーカー・ディーラー,,宮城県,,,,,,,美容機器メーカー ディーラー関連サービス,営業中（推定）,,未収集,収集元推奨: BeautyWorld Japan展示会出展者一覧 / 国税庁法人番号DB
7591,,美容機器メーカー・ディーラー,,宮城県,,,,,,,美容機器メーカー ディーラー関連サービス,営業中（推定）,,未収集,収集元推奨: BeautyWorld Japan展示会出展者一覧 / 国税庁法人番号DB
7592,,美容機器メーカー・ディーラー,,宮城県,,,,,,,美容機器メーカー ディーラー関連サービス,営業中（推定）,,未収集,収集元推奨: BeautyWorld Japan展示会出展者一覧 / 国税庁法人番号DB
7593,,美容機器メーカー・ディーラー,,宮城県,,,,,,,美容機器メーカー ディーラー関連サービス,営業中（推定）,,未収集,収集元推奨: BeautyWorld Japan展示会出展者一覧 / 国税庁法人番号DB
7594,,美容機器メーカー・ディーラー,,宮城県,,,,,,,美容機器メーカー ディーラー関連サービス,営業中（推定）,,未収集,収集元推奨: BeautyWorld Japan展示会出展者一覧 / 国税庁法人番号DB
7595,,美容機器メーカー・ディーラー,,宮城県,,,,,,,美容機器メーカー ディーラー関連サービス,営業中（推定）,,未収集,収集元推奨: BeautyWorld Japan展示会出展者一覧 / 国税庁法人番号DB
7596,,美容機器メーカー・ディーラー,,宮城県,,,,,,,美容機器メーカー ディーラー関連サービス,営業中（推定）,,未収集,収集元推奨: BeautyWorld Japan展示会出展者一覧 / 国税庁法人番号DB
7597,,化粧品メーカー,,宮城県,,,,,,,化粧品メーカー関連サービス,営業中（推定）,,未収集,収集元推奨: 日本化粧品工業会(JCIA)会員 / 国税庁法人番号DB
7598,,化粧品メーカー,,宮城県,,,,,,,化粧品メーカー関連サービス,営業中（推定）,,未収集,収集元推奨: 日本化粧品工業会(JCIA)会員 / 国税庁法人番号DB
7599,,化粧品メーカー,,宮城県,,,,,,,化粧品メーカー関連サービス,営業中（推定）,,未収集,収集元推奨: 日本化粧品工業会(JCIA)会員 / 国税庁法人番号DB
7600,,化粧品メーカー,,宮城県,,,,,,,化粧品メーカー関連サービス,営業中（推定）,,未収集,収集元推奨: 日本化粧品工業会(JCIA)会員 / 国税庁法人番号DB
7601,,化粧品メーカー,,宮城県,,,,,,,化粧品メーカー関連サービス,営業中（推定）,,未収集,収集元推奨: 日本化粧品工業会(JCIA)会員 / 国税庁法人番号DB
7602,,化粧品メーカー,,宮城県,,,,,,,化粧品メーカー関連サービス,営業中（推定）,,未収集,収集元推奨: 日本化粧品工業会(JCIA)会員 / 国税庁法人番号DB
7603,,化粧品メーカー,,宮城県,,,,,,,化粧品メーカー関連サービス,営業中（推定）,,未収集,収集元推奨: 日本化粧品工業会(JCIA)会員 / 国税庁法人番号DB
7604,,化粧品メーカー,,宮城県,,,,,,,化粧品メーカー関連サービス,営業中（推定）,,未収集,収集元推奨: 日本化粧品工業会(JCIA)会員 / 国税庁法人番号DB
7605,,化粧品メーカー,,宮城県,,,,,,,化粧品メーカー関連サービス,営業中（推定）,,未収集,収集元推奨: 日本化粧品工業会(JCIA)会員 / 国税庁法人番号DB
7606,,化粧品メーカー,,宮城県,,,,,,,化粧品メーカー関連サービス,営業中（推定）,,未収集,収集元推奨: 日本化粧品工業会(JCIA)会員 / 国税庁法人番号DB
7607,,化粧品メーカー,,宮城県,,,,,,,化粧品メーカー関連サービス,営業中（推定）,,未収集,収集元推奨: 日本化粧品工業会(JCIA)会員 / 国税庁法人番号DB
7608,,化粧品メーカー,,宮城県,,,,,,,化粧品メーカー関連サービス,営業中（推定）,,未収集,収集元推奨: 日本化粧品工業会(JCIA)会員 / 国税庁法人番号DB
7609,,化粧品メーカー,,宮城県,,,,,,,化粧品メーカー関連サービス,営業中（推定）,,未収集,収集元推奨: 日本化粧品工業会(JCIA)会員 / 国税庁法人番号DB
7610,,ヘアサロン・サロンオーナー,,宮城県,,,,,,,ヘアサロン サロンオーナー関連サービス,営業中（推定）,,未収集,収集元推奨: ホットペッパービューティー / 美容師会 / iタウンページ
7611,,ヘアサロン・サロンオーナー,,宮城県,,,,,,,ヘアサロン サロンオーナー関連サービス,営業中（推定）,,未収集,収集元推奨: ホットペッパービューティー / 美容師会 / iタウンページ
7612,,ヘアサロン・サロンオーナー,,宮城県,,,,,,,ヘアサロン サロンオーナー関連サービス,営業中（推定）,,未収集,収集元推奨: ホットペッパービューティー / 美容師会 / iタウンページ
7613,,ヘアサロン・サロンオーナー,,宮城県,,,,,,,ヘアサロン サロンオーナー関連サービス,営業中（推定）,,未収集,収集元推奨: ホットペッパービューティー / 美容師会 / iタウンページ
7614,,ヘアサロン・サロンオーナー,,宮城県,,,,,,,ヘアサロン サロンオーナー関連サービス,営業中（推定）,,未収集,収集元推奨: ホットペッパービューティー / 美容師会 / iタウンページ
7615,,ヘアサロン・サロンオーナー,,宮城県,,,,,,,ヘアサロン サロンオーナー関連サービス,営業中（推定）,,未収集,収集元推奨: ホットペッパービューティー / 美容師会 / iタウンページ
7616,,ヘアサロン・サロンオーナー,,宮城県,,,,,,,ヘアサロン サロンオーナー関連サービス,営業中（推定）,,未収集,収集元推奨: ホットペッパービューティー / 美容師会 / iタウンページ
7617,,ヘアサロン・サロンオーナー,,宮城県,,,,,,,ヘアサロン サロンオーナー関連サービス,営業中（推定）,,未収集,収集元推奨: ホットペッパービューティー / 美容師会 / iタウンページ
7618,,ヘアサロン・サロンオーナー,,宮城県,,,,,,,ヘアサロン サロンオーナー関連サービス,営業中（推定）,,未収集,収集元推奨: ホットペッパービューティー / 美容師会 / iタウンページ
7619,,ヘアサロン・サロンオーナー,,宮城県,,,,,,,ヘアサロン サロンオーナー関連サービス,営業中（推定）,,未収集,収集元推奨: ホットペッパービューティー / 美容師会 / iタウンページ
7620,,ヘアサロン・サロンオーナー,,宮城県,,,,,,,ヘアサロン サロンオーナー関連サービス,営業中（推定）,,未収集,収集元推奨: ホットペッパービューティー / 美容師会 / iタウンページ
7621,,ヘアサロン・サロンオーナー,,宮城県,,,,,,,ヘアサロン サロンオーナー関連サービス,営業中（推定）,,未収集,収集元推奨: ホットペッパービューティー / 美容師会 / iタウンページ
7622,,ヘアサロン・サロンオーナー,,宮城県,,,,,,,ヘアサロン サロンオーナー関連サービス,営業中（推定）,,未収集,収集元推奨: ホットペッパービューティー / 美容師会 / iタウンページ
7623,,IT・AI×美容,,宮城県,,,,,,,IT AI×美容関連サービス,営業中（推定）,,未収集,収集元推奨: スタートアップDB / PRTIMES / 展示会(BeautyTech系)
7624,,IT・AI×美容,,宮城県,,,,,,,IT AI×美容関連サービス,営業中（推定）,,未収集,収集元推奨: スタートアップDB / PRTIMES / 展示会(BeautyTech系)
7625,,IT・AI×美容,,宮城県,,,,,,,IT AI×美容関連サービス,営業中（推定）,,未収集,収集元推奨: スタートアップDB / PRTIMES / 展示会(BeautyTech系)
7626,,IT・AI×美容,,宮城県,,,,,,,IT AI×美容関連サービス,営業中（推定）,,未収集,収集元推奨: スタートアップDB / PRTIMES / 展示会(BeautyTech系)
7627,,IT・AI×美容,,宮城県,,,,,,,IT AI×美容関連サービス,営業中（推定）,,未収集,収集元推奨: スタートアップDB / PRTIMES / 展示会(BeautyTech系)
7628,,IT・AI×美容,,宮城県,,,,,,,IT AI×美容関連サービス,営業中（推定）,,未収集,収集元推奨: スタートアップDB / PRTIMES / 展示会(BeautyTech系)
7629,,IT・AI×美容,,宮城県,,,,,,,IT AI×美容関連サービス,営業中（推定）,,未収集,収集元推奨: スタートアップDB / PRTIMES / 展示会(BeautyTech系)
7630,,IT・AI×美容,,宮城県,,,,,,,IT AI×美容関連サービス,営業中（推定）,,未収集,収集元推奨: スタートアップDB / PRTIMES / 展示会(BeautyTech系)
7631,,IT・AI×美容,,宮城県,,,,,,,IT AI×美容関連サービス,営業中（推定）,,未収集,収集元推奨: スタートアップDB / PRTIMES / 展示会(BeautyTech系)
7632,,IT・AI×美容,,宮城県,,,,,,,IT AI×美容関連サービス,営業中（推定）,,未収集,収集元推奨: スタートアップDB / PRTIMES / 展示会(BeautyTech系)
7633,,IT・AI×美容,,宮城県,,,,,,,IT AI×美容関連サービス,営業中（推定）,,未収集,収集元推奨: スタートアップDB / PRTIMES / 展示会(BeautyTech系)
7634,,IT・AI×美容,,宮城県,,,,,,,IT AI×美容関連サービス,営業中（推定）,,未収集,収集元推奨: スタートアップDB / PRTIMES / 展示会(BeautyTech系)
7635,,IT・AI×美容,,宮城県,,,,,,,IT AI×美容関連サービス,営業中（推定）,,未収集,収集元推奨: スタートアップDB / PRTIMES / 展示会(BeautyTech系)
7636,,エステサロン,,静岡県,,,,,,,エステサロン関連サービス,営業中（推定）,,未収集,収集元推奨: ホットペッパービューティー掲載企業公式サイト / 日本エステティック協会会員
7637,,エステサロン,,静岡県,,,,,,,エステサロン関連サービス,営業中（推定）,,未収集,収集元推奨: ホットペッパービューティー掲載企業公式サイト / 日本エステティック協会会員
7638,,エステサロン,,静岡県,,,,,,,エステサロン関連サービス,営業中（推定）,,未収集,収集元推奨: ホットペッパービューティー掲載企業公式サイト / 日本エステティック協会会員
7639,,エステサロン,,静岡県,,,,,,,エステサロン関連サービス,営業中（推定）,,未収集,収集元推奨: ホットペッパービューティー掲載企業公式サイト / 日本エステティック協会会員
7640,,エステサロン,,静岡県,,,,,,,エステサロン関連サービス,営業中（推定）,,未収集,収集元推奨: ホットペッパービューティー掲載企業公式サイト / 日本エステティック協会会員
7641,,エステサロン,,静岡県,,,,,,,エステサロン関連サービス,営業中（推定）,,未収集,収集元推奨: ホットペッパービューティー掲載企業公式サイト / 日本エステティック協会会員
7642,,エステサロン,,静岡県,,,,,,,エステサロン関連サービス,営業中（推定）,,未収集,収集元推奨: ホットペッパービューティー掲載企業公式サイト / 日本エステティック協会会員
7643,,エステサロン,,静岡県,,,,,,,エステサロン関連サービス,営業中（推定）,,未収集,収集元推奨: ホットペッパービューティー掲載企業公式サイト / 日本エステティック協会会員
7644,,エステサロン,,静岡県,,,,,,,エステサロン関連サービス,営業中（推定）,,未収集,収集元推奨: ホットペッパービューティー掲載企業公式サイト / 日本エステティック協会会員
7645,,エステサロン,,静岡県,,,,,,,エステサロン関連サービス,営業中（推定）,,未収集,収集元推奨: ホットペッパービューティー掲載企業公式サイト / 日本エステティック協会会員
7646,,エステサロン,,静岡県,,,,,,,エステサロン関連サービス,営業中（推定）,,未収集,収集元推奨: ホットペッパービューティー掲載企業公式サイト / 日本エステティック協会会員
7647,,エステサロン,,静岡県,,,,,,,エステサロン関連サービス,営業中（推定）,,未収集,収集元推奨: ホットペッパービューティー掲載企業公式サイト / 日本エステティック協会会員
7648,,エステサロン,,静岡県,,,,,,,エステサロン関連サービス,営業中（推定）,,未収集,収集元推奨: ホットペッパービューティー掲載企業公式サイト / 日本エステティック協会会員
7649,,エステサロン,,静岡県,,,,,,,エステサロン関連サービス,営業中（推定）,,未収集,収集元推奨: ホットペッパービューティー掲載企業公式サイト / 日本エステティック協会会員
7650,,エステサロン,,静岡県,,,,,,,エステサロン関連サービス,営業中（推定）,,未収集,収集元推奨: ホットペッパービューティー掲載企業公式サイト / 日本エステティック協会会員
7651,,エステサロン,,静岡県,,,,,,,エステサロン関連サービス,営業中（推定）,,未収集,収集元推奨: ホットペッパービューティー掲載企業公式サイト / 日本エステティック協会会員
7652,,エステサロン,,静岡県,,,,,,,エステサロン関連サービス,営業中（推定）,,未収集,収集元推奨: ホットペッパービューティー掲載企業公式サイト / 日本エステティック協会会員
7653,,エステサロン,,静岡県,,,,,,,エステサロン関連サービス,営業中（推定）,,未収集,収集元推奨: ホットペッパービューティー掲載企業公式サイト / 日本エステティック協会会員
7654,,エステサロン,,静岡県,,,,,,,エステサロン関連サービス,営業中（推定）,,未収集,収集元推奨: ホットペッパービューティー掲載企業公式サイト / 日本エステティック協会会員
7655,,エステサロン,,静岡県,,,,,,,エステサロン関連サービス,営業中（推定）,,未収集,収集元推奨: ホットペッパービューティー掲載企業公式サイト / 日本エステティック協会会員
7656,,エステサロン,,静岡県,,,,,,,エステサロン関連サービス,営業中（推定）,,未収集,収集元推奨: ホットペッパービューティー掲載企業公式サイト / 日本エステティック協会会員
7657,,エステサロン,,静岡県,,,,,,,エステサロン関連サービス,営業中（推定）,,未収集,収集元推奨: ホットペッパービューティー掲載企業公式サイト / 日本エステティック協会会員
7658,,エステサロン,,静岡県,,,,,,,エステサロン関連サービス,営業中（推定）,,未収集,収集元推奨: ホットペッパービューティー掲載企業公式サイト / 日本エステティック協会会員
7659,,エステサロン,,静岡県,,,,,,,エステサロン関連サービス,営業中（推定）,,未収集,収集元推奨: ホットペッパービューティー掲載企業公式サイト / 日本エステティック協会会員
7660,,エステサロン,,静岡県,,,,,,,エステサロン関連サービス,営業中（推定）,,未収集,収集元推奨: ホットペッパービューティー掲載企業公式サイト / 日本エステティック協会会員
7661,,エステサロン,,静岡県,,,,,,,エステサロン関連サービス,営業中（推定）,,未収集,収集元推奨: ホットペッパービューティー掲載企業公式サイト / 日本エステティック協会会員
7662,,エステサロン,,静岡県,,,,,,,エステサロン関連サービス,営業中（推定）,,未収集,収集元推奨: ホットペッパービューティー掲載企業公式サイト / 日本エステティック協会会員
7663,,エステサロン,,静岡県,,,,,,,エステサロン関連サービス,営業中（推定）,,未収集,収集元推奨: ホットペッパービューティー掲載企業公式サイト / 日本エステティック協会会員
7664,,エステサロン,,静岡県,,,,,,,エステサロン関連サービス,営業中（推定）,,未収集,収集元推奨: ホットペッパービューティー掲載企業公式サイト / 日本エステティック協会会員
7665,,エステサロン,,静岡県,,,,,,,エステサロン関連サービス,営業中（推定）,,未収集,収集元推奨: ホットペッパービューティー掲載企業公式サイト / 日本エステティック協会会員
7666,,エステサロン,,静岡県,,,,,,,エステサロン関連サービス,営業中（推定）,,未収集,収集元推奨: ホットペッパービューティー掲載企業公式サイト / 日本エステティック協会会員
7667,,エステサロン,,静岡県,,,,,,,エステサロン関連サービス,営業中（推定）,,未収集,収集元推奨: ホットペッパービューティー掲載企業公式サイト / 日本エステティック協会会員
7668,,ネイルサロン,,静岡県,,,,,,,ネイルサロン関連サービス,営業中（推定）,,未収集,収集元推奨: JNA（日本ネイリスト協会）会員 / ホットペッパービューティー
7669,,ネイルサロン,,静岡県,,,,,,,ネイルサロン関連サービス,営業中（推定）,,未収集,収集元推奨: JNA（日本ネイリスト協会）会員 / ホットペッパービューティー
7670,,ネイルサロン,,静岡県,,,,,,,ネイルサロン関連サービス,営業中（推定）,,未収集,収集元推奨: JNA（日本ネイリスト協会）会員 / ホットペッパービューティー
7671,,ネイルサロン,,静岡県,,,,,,,ネイルサロン関連サービス,営業中（推定）,,未収集,収集元推奨: JNA（日本ネイリスト協会）会員 / ホットペッパービューティー
7672,,ネイルサロン,,静岡県,,,,,,,ネイルサロン関連サービス,営業中（推定）,,未収集,収集元推奨: JNA（日本ネイリスト協会）会員 / ホットペッパービューティー
7673,,ネイルサロン,,静岡県,,,,,,,ネイルサロン関連サービス,営業中（推定）,,未収集,収集元推奨: JNA（日本ネイリスト協会）会員 / ホットペッパービューティー
7674,,ネイルサロン,,静岡県,,,,,,,ネイルサロン関連サービス,営業中（推定）,,未収集,収集元推奨: JNA（日本ネイリスト協会）会員 / ホットペッパービューティー
7675,,ネイルサロン,,静岡県,,,,,,,ネイルサロン関連サービス,営業中（推定）,,未収集,収集元推奨: JNA（日本ネイリスト協会）会員 / ホットペッパービューティー
7676,,ネイルサロン,,静岡県,,,,,,,ネイルサロン関連サービス,営業中（推定）,,未収集,収集元推奨: JNA（日本ネイリスト協会）会員 / ホットペッパービューティー
7677,,ネイルサロン,,静岡県,,,,,,,ネイルサロン関連サービス,営業中（推定）,,未収集,収集元推奨: JNA（日本ネイリスト協会）会員 / ホットペッパービューティー
7678,,ネイルサロン,,静岡県,,,,,,,ネイルサロン関連サービス,営業中（推定）,,未収集,収集元推奨: JNA（日本ネイリスト協会）会員 / ホットペッパービューティー
7679,,ネイルサロン,,静岡県,,,,,,,ネイルサロン関連サービス,営業中（推定）,,未収集,収集元推奨: JNA（日本ネイリスト協会）会員 / ホットペッパービューティー
7680,,ネイルサロン,,静岡県,,,,,,,ネイルサロン関連サービス,営業中（推定）,,未収集,収集元推奨: JNA（日本ネイリスト協会）会員 / ホットペッパービューティー
7681,,ネイルサロン,,静岡県,,,,,,,ネイルサロン関連サービス,営業中（推定）,,未収集,収集元推奨: JNA（日本ネイリスト協会）会員 / ホットペッパービューティー
7682,,ネイルサロン,,静岡県,,,,,,,ネイルサロン関連サービス,営業中（推定）,,未収集,収集元推奨: JNA（日本ネイリスト協会）会員 / ホットペッパービューティー
7683,,ネイルサロン,,静岡県,,,,,,,ネイルサロン関連サービス,営業中（推定）,,未収集,収集元推奨: JNA（日本ネイリスト協会）会員 / ホットペッパービューティー
7684,,ネイルサロン,,静岡県,,,,,,,ネイルサロン関連サービス,営業中（推定）,,未収集,収集元推奨: JNA（日本ネイリスト協会）会員 / ホットペッパービューティー
7685,,ネイルサロン,,静岡県,,,,,,,ネイルサロン関連サービス,営業中（推定）,,未収集,収集元推奨: JNA（日本ネイリスト協会）会員 / ホットペッパービューティー
7686,,ネイルサロン,,静岡県,,,,,,,ネイルサロン関連サービス,営業中（推定）,,未収集,収集元推奨: JNA（日本ネイリスト協会）会員 / ホットペッパービューティー
7687,,ネイルサロン,,静岡県,,,,,,,ネイルサロン関連サービス,営業中（推定）,,未収集,収集元推奨: JNA（日本ネイリスト協会）会員 / ホットペッパービューティー
7688,,ネイルサロン,,静岡県,,,,,,,ネイルサロン関連サービス,営業中（推定）,,未収集,収集元推奨: JNA（日本ネイリスト協会）会員 / ホットペッパービューティー
7689,,ネイルサロン,,静岡県,,,,,,,ネイルサロン関連サービス,営業中（推定）,,未収集,収集元推奨: JNA（日本ネイリスト協会）会員 / ホットペッパービューティー
7690,,ネイルサロン,,静岡県,,,,,,,ネイルサロン関連サービス,営業中（推定）,,未収集,収集元推奨: JNA（日本ネイリスト協会）会員 / ホットペッパービューティー
7691,,ネイルサロン,,静岡県,,,,,,,ネイルサロン関連サービス,営業中（推定）,,未収集,収集元推奨: JNA（日本ネイリスト協会）会員 / ホットペッパービューティー
7692,,美容整体・小顔矯正,,静岡県,,,,,,,美容整体 小顔矯正関連サービス,営業中（推定）,,未収集,収集元推奨: エキテン・ホットペッパービューティー / iタウンページ「整体」
7693,,美容整体・小顔矯正,,静岡県,,,,,,,美容整体 小顔矯正関連サービス,営業中（推定）,,未収集,収集元推奨: エキテン・ホットペッパービューティー / iタウンページ「整体」
7694,,美容整体・小顔矯正,,静岡県,,,,,,,美容整体 小顔矯正関連サービス,営業中（推定）,,未収集,収集元推奨: エキテン・ホットペッパービューティー / iタウンページ「整体」
7695,,美容整体・小顔矯正,,静岡県,,,,,,,美容整体 小顔矯正関連サービス,営業中（推定）,,未収集,収集元推奨: エキテン・ホットペッパービューティー / iタウンページ「整体」
7696,,美容整体・小顔矯正,,静岡県,,,,,,,美容整体 小顔矯正関連サービス,営業中（推定）,,未収集,収集元推奨: エキテン・ホットペッパービューティー / iタウンページ「整体」
7697,,美容整体・小顔矯正,,静岡県,,,,,,,美容整体 小顔矯正関連サービス,営業中（推定）,,未収集,収集元推奨: エキテン・ホットペッパービューティー / iタウンページ「整体」
7698,,美容整体・小顔矯正,,静岡県,,,,,,,美容整体 小顔矯正関連サービス,営業中（推定）,,未収集,収集元推奨: エキテン・ホットペッパービューティー / iタウンページ「整体」
7699,,美容整体・小顔矯正,,静岡県,,,,,,,美容整体 小顔矯正関連サービス,営業中（推定）,,未収集,収集元推奨: エキテン・ホットペッパービューティー / iタウンページ「整体」
7700,,美容整体・小顔矯正,,静岡県,,,,,,,美容整体 小顔矯正関連サービス,営業中（推定）,,未収集,収集元推奨: エキテン・ホットペッパービューティー / iタウンページ「整体」
7701,,美容整体・小顔矯正,,静岡県,,,,,,,美容整体 小顔矯正関連サービス,営業中（推定）,,未収集,収集元推奨: エキテン・ホットペッパービューティー / iタウンページ「整体」
7702,,美容整体・小顔矯正,,静岡県,,,,,,,美容整体 小顔矯正関連サービス,営業中（推定）,,未収集,収集元推奨: エキテン・ホットペッパービューティー / iタウンページ「整体」
7703,,美容整体・小顔矯正,,静岡県,,,,,,,美容整体 小顔矯正関連サービス,営業中（推定）,,未収集,収集元推奨: エキテン・ホットペッパービューティー / iタウンページ「整体」
7704,,美容整体・小顔矯正,,静岡県,,,,,,,美容整体 小顔矯正関連サービス,営業中（推定）,,未収集,収集元推奨: エキテン・ホットペッパービューティー / iタウンページ「整体」
7705,,美容整体・小顔矯正,,静岡県,,,,,,,美容整体 小顔矯正関連サービス,営業中（推定）,,未収集,収集元推奨: エキテン・ホットペッパービューティー / iタウンページ「整体」
7706,,美容整体・小顔矯正,,静岡県,,,,,,,美容整体 小顔矯正関連サービス,営業中（推定）,,未収集,収集元推奨: エキテン・ホットペッパービューティー / iタウンページ「整体」
7707,,美容整体・小顔矯正,,静岡県,,,,,,,美容整体 小顔矯正関連サービス,営業中（推定）,,未収集,収集元推奨: エキテン・ホットペッパービューティー / iタウンページ「整体」
7708,,美容鍼灸院,,静岡県,,,,,,,美容鍼灸院関連サービス,営業中（推定）,,未収集,収集元推奨: 日本鍼灸師会地方師会会員名簿 / 鍼灸ポータルサイト
7709,,美容鍼灸院,,静岡県,,,,,,,美容鍼灸院関連サービス,営業中（推定）,,未収集,収集元推奨: 日本鍼灸師会地方師会会員名簿 / 鍼灸ポータルサイト
7710,,美容鍼灸院,,静岡県,,,,,,,美容鍼灸院関連サービス,営業中（推定）,,未収集,収集元推奨: 日本鍼灸師会地方師会会員名簿 / 鍼灸ポータルサイト
7711,,美容鍼灸院,,静岡県,,,,,,,美容鍼灸院関連サービス,営業中（推定）,,未収集,収集元推奨: 日本鍼灸師会地方師会会員名簿 / 鍼灸ポータルサイト
7712,,美容鍼灸院,,静岡県,,,,,,,美容鍼灸院関連サービス,営業中（推定）,,未収集,収集元推奨: 日本鍼灸師会地方師会会員名簿 / 鍼灸ポータルサイト
7713,,美容鍼灸院,,静岡県,,,,,,,美容鍼灸院関連サービス,営業中（推定）,,未収集,収集元推奨: 日本鍼灸師会地方師会会員名簿 / 鍼灸ポータルサイト
7714,,美容鍼灸院,,静岡県,,,,,,,美容鍼灸院関連サービス,営業中（推定）,,未収集,収集元推奨: 日本鍼灸師会地方師会会員名簿 / 鍼灸ポータルサイト
7715,,美容鍼灸院,,静岡県,,,,,,,美容鍼灸院関連サービス,営業中（推定）,,未収集,収集元推奨: 日本鍼灸師会地方師会会員名簿 / 鍼灸ポータルサイト
7716,,美容鍼灸院,,静岡県,,,,,,,美容鍼灸院関連サービス,営業中（推定）,,未収集,収集元推奨: 日本鍼灸師会地方師会会員名簿 / 鍼灸ポータルサイト
7717,,美容鍼灸院,,静岡県,,,,,,,美容鍼灸院関連サービス,営業中（推定）,,未収集,収集元推奨: 日本鍼灸師会地方師会会員名簿 / 鍼灸ポータルサイト
7718,,美容鍼灸院,,静岡県,,,,,,,美容鍼灸院関連サービス,営業中（推定）,,未収集,収集元推奨: 日本鍼灸師会地方師会会員名簿 / 鍼灸ポータルサイト
7719,,美容鍼灸院,,静岡県,,,,,,,美容鍼灸院関連サービス,営業中（推定）,,未収集,収集元推奨: 日本鍼灸師会地方師会会員名簿 / 鍼灸ポータルサイト
7720,,美容鍼灸院,,静岡県,,,,,,,美容鍼灸院関連サービス,営業中（推定）,,未収集,収集元推奨: 日本鍼灸師会地方師会会員名簿 / 鍼灸ポータルサイト
7721,,アロマ・リラクゼーション,,静岡県,,,,,,,アロマ リラクゼーション関連サービス,営業中（推定）,,未収集,収集元推奨: AEAJ認定サロン一覧 / ホットペッパービューティー
7722,,アロマ・リラクゼーション,,静岡県,,,,,,,アロマ リラクゼーション関連サービス,営業中（推定）,,未収集,収集元推奨: AEAJ認定サロン一覧 / ホットペッパービューティー
7723,,アロマ・リラクゼーション,,静岡県,,,,,,,アロマ リラクゼーション関連サービス,営業中（推定）,,未収集,収集元推奨: AEAJ認定サロン一覧 / ホットペッパービューティー
7724,,アロマ・リラクゼーション,,静岡県,,,,,,,アロマ リラクゼーション関連サービス,営業中（推定）,,未収集,収集元推奨: AEAJ認定サロン一覧 / ホットペッパービューティー
7725,,アロマ・リラクゼーション,,静岡県,,,,,,,アロマ リラクゼーション関連サービス,営業中（推定）,,未収集,収集元推奨: AEAJ認定サロン一覧 / ホットペッパービューティー
7726,,アロマ・リラクゼーション,,静岡県,,,,,,,アロマ リラクゼーション関連サービス,営業中（推定）,,未収集,収集元推奨: AEAJ認定サロン一覧 / ホットペッパービューティー
7727,,アロマ・リラクゼーション,,静岡県,,,,,,,アロマ リラクゼーション関連サービス,営業中（推定）,,未収集,収集元推奨: AEAJ認定サロン一覧 / ホットペッパービューティー
7728,,アロマ・リラクゼーション,,静岡県,,,,,,,アロマ リラクゼーション関連サービス,営業中（推定）,,未収集,収集元推奨: AEAJ認定サロン一覧 / ホットペッパービューティー
7729,,アロマ・リラクゼーション,,静岡県,,,,,,,アロマ リラクゼーション関連サービス,営業中（推定）,,未収集,収集元推奨: AEAJ認定サロン一覧 / ホットペッパービューティー
7730,,アロマ・リラクゼーション,,静岡県,,,,,,,アロマ リラクゼーション関連サービス,営業中（推定）,,未収集,収集元推奨: AEAJ認定サロン一覧 / ホットペッパービューティー
7731,,アロマ・リラクゼーション,,静岡県,,,,,,,アロマ リラクゼーション関連サービス,営業中（推定）,,未収集,収集元推奨: AEAJ認定サロン一覧 / ホットペッパービューティー
7732,,アロマ・リラクゼーション,,静岡県,,,,,,,アロマ リラクゼーション関連サービス,営業中（推定）,,未収集,収集元推奨: AEAJ認定サロン一覧 / ホットペッパービューティー
7733,,アロマ・リラクゼーション,,静岡県,,,,,,,アロマ リラクゼーション関連サービス,営業中（推定）,,未収集,収集元推奨: AEAJ認定サロン一覧 / ホットペッパービューティー
7734,,美容クリニック,,静岡県,,,,,,,美容クリニック関連サービス,営業中（推定）,,未収集,収集元推奨: 日本美容外科学会(JSAS)会員 / 各クリニック公式サイト
7735,,美容クリニック,,静岡県,,,,,,,美容クリニック関連サービス,営業中（推定）,,未収集,収集元推奨: 日本美容外科学会(JSAS)会員 / 各クリニック公式サイト
7736,,美容クリニック,,静岡県,,,,,,,美容クリニック関連サービス,営業中（推定）,,未収集,収集元推奨: 日本美容外科学会(JSAS)会員 / 各クリニック公式サイト
7737,,美容クリニック,,静岡県,,,,,,,美容クリニック関連サービス,営業中（推定）,,未収集,収集元推奨: 日本美容外科学会(JSAS)会員 / 各クリニック公式サイト
7738,,美容クリニック,,静岡県,,,,,,,美容クリニック関連サービス,営業中（推定）,,未収集,収集元推奨: 日本美容外科学会(JSAS)会員 / 各クリニック公式サイト
7739,,美容クリニック,,静岡県,,,,,,,美容クリニック関連サービス,営業中（推定）,,未収集,収集元推奨: 日本美容外科学会(JSAS)会員 / 各クリニック公式サイト
7740,,美容クリニック,,静岡県,,,,,,,美容クリニック関連サービス,営業中（推定）,,未収集,収集元推奨: 日本美容外科学会(JSAS)会員 / 各クリニック公式サイト
7741,,美容クリニック,,静岡県,,,,,,,美容クリニック関連サービス,営業中（推定）,,未収集,収集元推奨: 日本美容外科学会(JSAS)会員 / 各クリニック公式サイト
7742,,美容クリニック,,静岡県,,,,,,,美容クリニック関連サービス,営業中（推定）,,未収集,収集元推奨: 日本美容外科学会(JSAS)会員 / 各クリニック公式サイト
7743,,美容クリニック,,静岡県,,,,,,,美容クリニック関連サービス,営業中（推定）,,未収集,収集元推奨: 日本美容外科学会(JSAS)会員 / 各クリニック公式サイト
7744,,美容クリニック,,静岡県,,,,,,,美容クリニック関連サービス,営業中（推定）,,未収集,収集元推奨: 日本美容外科学会(JSAS)会員 / 各クリニック公式サイト
7745,,美容クリニック,,静岡県,,,,,,,美容クリニック関連サービス,営業中（推定）,,未収集,収集元推奨: 日本美容外科学会(JSAS)会員 / 各クリニック公式サイト
7746,,美容クリニック,,静岡県,,,,,,,美容クリニック関連サービス,営業中（推定）,,未収集,収集元推奨: 日本美容外科学会(JSAS)会員 / 各クリニック公式サイト
7747,,美容機器メーカー・ディーラー,,静岡県,,,,,,,美容機器メーカー ディーラー関連サービス,営業中（推定）,,未収集,収集元推奨: BeautyWorld Japan展示会出展者一覧 / 国税庁法人番号DB
7748,,美容機器メーカー・ディーラー,,静岡県,,,,,,,美容機器メーカー ディーラー関連サービス,営業中（推定）,,未収集,収集元推奨: BeautyWorld Japan展示会出展者一覧 / 国税庁法人番号DB
7749,,美容機器メーカー・ディーラー,,静岡県,,,,,,,美容機器メーカー ディーラー関連サービス,営業中（推定）,,未収集,収集元推奨: BeautyWorld Japan展示会出展者一覧 / 国税庁法人番号DB
7750,,美容機器メーカー・ディーラー,,静岡県,,,,,,,美容機器メーカー ディーラー関連サービス,営業中（推定）,,未収集,収集元推奨: BeautyWorld Japan展示会出展者一覧 / 国税庁法人番号DB
7751,,美容機器メーカー・ディーラー,,静岡県,,,,,,,美容機器メーカー ディーラー関連サービス,営業中（推定）,,未収集,収集元推奨: BeautyWorld Japan展示会出展者一覧 / 国税庁法人番号DB
7752,,美容機器メーカー・ディーラー,,静岡県,,,,,,,美容機器メーカー ディーラー関連サービス,営業中（推定）,,未収集,収集元推奨: BeautyWorld Japan展示会出展者一覧 / 国税庁法人番号DB
7753,,美容機器メーカー・ディーラー,,静岡県,,,,,,,美容機器メーカー ディーラー関連サービス,営業中（推定）,,未収集,収集元推奨: BeautyWorld Japan展示会出展者一覧 / 国税庁法人番号DB
7754,,美容機器メーカー・ディーラー,,静岡県,,,,,,,美容機器メーカー ディーラー関連サービス,営業中（推定）,,未収集,収集元推奨: BeautyWorld Japan展示会出展者一覧 / 国税庁法人番号DB
7755,,美容機器メーカー・ディーラー,,静岡県,,,,,,,美容機器メーカー ディーラー関連サービス,営業中（推定）,,未収集,収集元推奨: BeautyWorld Japan展示会出展者一覧 / 国税庁法人番号DB
7756,,美容機器メーカー・ディーラー,,静岡県,,,,,,,美容機器メーカー ディーラー関連サービス,営業中（推定）,,未収集,収集元推奨: BeautyWorld Japan展示会出展者一覧 / 国税庁法人番号DB
7757,,化粧品メーカー,,静岡県,,,,,,,化粧品メーカー関連サービス,営業中（推定）,,未収集,収集元推奨: 日本化粧品工業会(JCIA)会員 / 国税庁法人番号DB
7758,,化粧品メーカー,,静岡県,,,,,,,化粧品メーカー関連サービス,営業中（推定）,,未収集,収集元推奨: 日本化粧品工業会(JCIA)会員 / 国税庁法人番号DB
7759,,化粧品メーカー,,静岡県,,,,,,,化粧品メーカー関連サービス,営業中（推定）,,未収集,収集元推奨: 日本化粧品工業会(JCIA)会員 / 国税庁法人番号DB
7760,,化粧品メーカー,,静岡県,,,,,,,化粧品メーカー関連サービス,営業中（推定）,,未収集,収集元推奨: 日本化粧品工業会(JCIA)会員 / 国税庁法人番号DB
7761,,化粧品メーカー,,静岡県,,,,,,,化粧品メーカー関連サービス,営業中（推定）,,未収集,収集元推奨: 日本化粧品工業会(JCIA)会員 / 国税庁法人番号DB
7762,,化粧品メーカー,,静岡県,,,,,,,化粧品メーカー関連サービス,営業中（推定）,,未収集,収集元推奨: 日本化粧品工業会(JCIA)会員 / 国税庁法人番号DB
7763,,化粧品メーカー,,静岡県,,,,,,,化粧品メーカー関連サービス,営業中（推定）,,未収集,収集元推奨: 日本化粧品工業会(JCIA)会員 / 国税庁法人番号DB
7764,,化粧品メーカー,,静岡県,,,,,,,化粧品メーカー関連サービス,営業中（推定）,,未収集,収集元推奨: 日本化粧品工業会(JCIA)会員 / 国税庁法人番号DB
7765,,化粧品メーカー,,静岡県,,,,,,,化粧品メーカー関連サービス,営業中（推定）,,未収集,収集元推奨: 日本化粧品工業会(JCIA)会員 / 国税庁法人番号DB
7766,,化粧品メーカー,,静岡県,,,,,,,化粧品メーカー関連サービス,営業中（推定）,,未収集,収集元推奨: 日本化粧品工業会(JCIA)会員 / 国税庁法人番号DB
7767,,化粧品メーカー,,静岡県,,,,,,,化粧品メーカー関連サービス,営業中（推定）,,未収集,収集元推奨: 日本化粧品工業会(JCIA)会員 / 国税庁法人番号DB
7768,,化粧品メーカー,,静岡県,,,,,,,化粧品メーカー関連サービス,営業中（推定）,,未収集,収集元推奨: 日本化粧品工業会(JCIA)会員 / 国税庁法人番号DB
7769,,化粧品メーカー,,静岡県,,,,,,,化粧品メーカー関連サービス,営業中（推定）,,未収集,収集元推奨: 日本化粧品工業会(JCIA)会員 / 国税庁法人番号DB
7770,,ヘアサロン・サロンオーナー,,静岡県,,,,,,,ヘアサロン サロンオーナー関連サービス,営業中（推定）,,未収集,収集元推奨: ホットペッパービューティー / 美容師会 / iタウンページ
7771,,ヘアサロン・サロンオーナー,,静岡県,,,,,,,ヘアサロン サロンオーナー関連サービス,営業中（推定）,,未収集,収集元推奨: ホットペッパービューティー / 美容師会 / iタウンページ
7772,,ヘアサロン・サロンオーナー,,静岡県,,,,,,,ヘアサロン サロンオーナー関連サービス,営業中（推定）,,未収集,収集元推奨: ホットペッパービューティー / 美容師会 / iタウンページ
7773,,ヘアサロン・サロンオーナー,,静岡県,,,,,,,ヘアサロン サロンオーナー関連サービス,営業中（推定）,,未収集,収集元推奨: ホットペッパービューティー / 美容師会 / iタウンページ
7774,,ヘアサロン・サロンオーナー,,静岡県,,,,,,,ヘアサロン サロンオーナー関連サービス,営業中（推定）,,未収集,収集元推奨: ホットペッパービューティー / 美容師会 / iタウンページ
7775,,ヘアサロン・サロンオーナー,,静岡県,,,,,,,ヘアサロン サロンオーナー関連サービス,営業中（推定）,,未収集,収集元推奨: ホットペッパービューティー / 美容師会 / iタウンページ
7776,,ヘアサロン・サロンオーナー,,静岡県,,,,,,,ヘアサロン サロンオーナー関連サービス,営業中（推定）,,未収集,収集元推奨: ホットペッパービューティー / 美容師会 / iタウンページ
7777,,ヘアサロン・サロンオーナー,,静岡県,,,,,,,ヘアサロン サロンオーナー関連サービス,営業中（推定）,,未収集,収集元推奨: ホットペッパービューティー / 美容師会 / iタウンページ
7778,,ヘアサロン・サロンオーナー,,静岡県,,,,,,,ヘアサロン サロンオーナー関連サービス,営業中（推定）,,未収集,収集元推奨: ホットペッパービューティー / 美容師会 / iタウンページ
7779,,ヘアサロン・サロンオーナー,,静岡県,,,,,,,ヘアサロン サロンオーナー関連サービス,営業中（推定）,,未収集,収集元推奨: ホットペッパービューティー / 美容師会 / iタウンページ
7780,,ヘアサロン・サロンオーナー,,静岡県,,,,,,,ヘアサロン サロンオーナー関連サービス,営業中（推定）,,未収集,収集元推奨: ホットペッパービューティー / 美容師会 / iタウンページ
7781,,ヘアサロン・サロンオーナー,,静岡県,,,,,,,ヘアサロン サロンオーナー関連サービス,営業中（推定）,,未収集,収集元推奨: ホットペッパービューティー / 美容師会 / iタウンページ
7782,,ヘアサロン・サロンオーナー,,静岡県,,,,,,,ヘアサロン サロンオーナー関連サービス,営業中（推定）,,未収集,収集元推奨: ホットペッパービューティー / 美容師会 / iタウンページ
7783,,IT・AI×美容,,静岡県,,,,,,,IT AI×美容関連サービス,営業中（推定）,,未収集,収集元推奨: スタートアップDB / PRTIMES / 展示会(BeautyTech系)
7784,,IT・AI×美容,,静岡県,,,,,,,IT AI×美容関連サービス,営業中（推定）,,未収集,収集元推奨: スタートアップDB / PRTIMES / 展示会(BeautyTech系)
7785,,IT・AI×美容,,静岡県,,,,,,,IT AI×美容関連サービス,営業中（推定）,,未収集,収集元推奨: スタートアップDB / PRTIMES / 展示会(BeautyTech系)
7786,,IT・AI×美容,,静岡県,,,,,,,IT AI×美容関連サービス,営業中（推定）,,未収集,収集元推奨: スタートアップDB / PRTIMES / 展示会(BeautyTech系)
7787,,IT・AI×美容,,静岡県,,,,,,,IT AI×美容関連サービス,営業中（推定）,,未収集,収集元推奨: スタートアップDB / PRTIMES / 展示会(BeautyTech系)
7788,,IT・AI×美容,,静岡県,,,,,,,IT AI×美容関連サービス,営業中（推定）,,未収集,収集元推奨: スタートアップDB / PRTIMES / 展示会(BeautyTech系)
7789,,IT・AI×美容,,静岡県,,,,,,,IT AI×美容関連サービス,営業中（推定）,,未収集,収集元推奨: スタートアップDB / PRTIMES / 展示会(BeautyTech系)
7790,,IT・AI×美容,,静岡県,,,,,,,IT AI×美容関連サービス,営業中（推定）,,未収集,収集元推奨: スタートアップDB / PRTIMES / 展示会(BeautyTech系)
7791,,IT・AI×美容,,静岡県,,,,,,,IT AI×美容関連サービス,営業中（推定）,,未収集,収集元推奨: スタートアップDB / PRTIMES / 展示会(BeautyTech系)
7792,,IT・AI×美容,,静岡県,,,,,,,IT AI×美容関連サービス,営業中（推定）,,未収集,収集元推奨: スタートアップDB / PRTIMES / 展示会(BeautyTech系)
7793,,IT・AI×美容,,静岡県,,,,,,,IT AI×美容関連サービス,営業中（推定）,,未収集,収集元推奨: スタートアップDB / PRTIMES / 展示会(BeautyTech系)
7794,,IT・AI×美容,,静岡県,,,,,,,IT AI×美容関連サービス,営業中（推定）,,未収集,収集元推奨: スタートアップDB / PRTIMES / 展示会(BeautyTech系)
7795,,IT・AI×美容,,静岡県,,,,,,,IT AI×美容関連サービス,営業中（推定）,,未収集,収集元推奨: スタートアップDB / PRTIMES / 展示会(BeautyTech系)
7796,,エステサロン,,新潟県,,,,,,,エステサロン関連サービス,営業中（推定）,,未収集,収集元推奨: ホットペッパービューティー掲載企業公式サイト / 日本エステティック協会会員
7797,,エステサロン,,新潟県,,,,,,,エステサロン関連サービス,営業中（推定）,,未収集,収集元推奨: ホットペッパービューティー掲載企業公式サイト / 日本エステティック協会会員
7798,,エステサロン,,新潟県,,,,,,,エステサロン関連サービス,営業中（推定）,,未収集,収集元推奨: ホットペッパービューティー掲載企業公式サイト / 日本エステティック協会会員
7799,,エステサロン,,新潟県,,,,,,,エステサロン関連サービス,営業中（推定）,,未収集,収集元推奨: ホットペッパービューティー掲載企業公式サイト / 日本エステティック協会会員
7800,,エステサロン,,新潟県,,,,,,,エステサロン関連サービス,営業中（推定）,,未収集,収集元推奨: ホットペッパービューティー掲載企業公式サイト / 日本エステティック協会会員
7801,,エステサロン,,新潟県,,,,,,,エステサロン関連サービス,営業中（推定）,,未収集,収集元推奨: ホットペッパービューティー掲載企業公式サイト / 日本エステティック協会会員
7802,,エステサロン,,新潟県,,,,,,,エステサロン関連サービス,営業中（推定）,,未収集,収集元推奨: ホットペッパービューティー掲載企業公式サイト / 日本エステティック協会会員
7803,,エステサロン,,新潟県,,,,,,,エステサロン関連サービス,営業中（推定）,,未収集,収集元推奨: ホットペッパービューティー掲載企業公式サイト / 日本エステティック協会会員
7804,,エステサロン,,新潟県,,,,,,,エステサロン関連サービス,営業中（推定）,,未収集,収集元推奨: ホットペッパービューティー掲載企業公式サイト / 日本エステティック協会会員
7805,,エステサロン,,新潟県,,,,,,,エステサロン関連サービス,営業中（推定）,,未収集,収集元推奨: ホットペッパービューティー掲載企業公式サイト / 日本エステティック協会会員
7806,,エステサロン,,新潟県,,,,,,,エステサロン関連サービス,営業中（推定）,,未収集,収集元推奨: ホットペッパービューティー掲載企業公式サイト / 日本エステティック協会会員
7807,,エステサロン,,新潟県,,,,,,,エステサロン関連サービス,営業中（推定）,,未収集,収集元推奨: ホットペッパービューティー掲載企業公式サイト / 日本エステティック協会会員
7808,,エステサロン,,新潟県,,,,,,,エステサロン関連サービス,営業中（推定）,,未収集,収集元推奨: ホットペッパービューティー掲載企業公式サイト / 日本エステティック協会会員
7809,,エステサロン,,新潟県,,,,,,,エステサロン関連サービス,営業中（推定）,,未収集,収集元推奨: ホットペッパービューティー掲載企業公式サイト / 日本エステティック協会会員
7810,,エステサロン,,新潟県,,,,,,,エステサロン関連サービス,営業中（推定）,,未収集,収集元推奨: ホットペッパービューティー掲載企業公式サイト / 日本エステティック協会会員
7811,,エステサロン,,新潟県,,,,,,,エステサロン関連サービス,営業中（推定）,,未収集,収集元推奨: ホットペッパービューティー掲載企業公式サイト / 日本エステティック協会会員
7812,,エステサロン,,新潟県,,,,,,,エステサロン関連サービス,営業中（推定）,,未収集,収集元推奨: ホットペッパービューティー掲載企業公式サイト / 日本エステティック協会会員
7813,,エステサロン,,新潟県,,,,,,,エステサロン関連サービス,営業中（推定）,,未収集,収集元推奨: ホットペッパービューティー掲載企業公式サイト / 日本エステティック協会会員
7814,,エステサロン,,新潟県,,,,,,,エステサロン関連サービス,営業中（推定）,,未収集,収集元推奨: ホットペッパービューティー掲載企業公式サイト / 日本エステティック協会会員
7815,,エステサロン,,新潟県,,,,,,,エステサロン関連サービス,営業中（推定）,,未収集,収集元推奨: ホットペッパービューティー掲載企業公式サイト / 日本エステティック協会会員
7816,,エステサロン,,新潟県,,,,,,,エステサロン関連サービス,営業中（推定）,,未収集,収集元推奨: ホットペッパービューティー掲載企業公式サイト / 日本エステティック協会会員
7817,,エステサロン,,新潟県,,,,,,,エステサロン関連サービス,営業中（推定）,,未収集,収集元推奨: ホットペッパービューティー掲載企業公式サイト / 日本エステティック協会会員
7818,,ネイルサロン,,新潟県,,,,,,,ネイルサロン関連サービス,営業中（推定）,,未収集,収集元推奨: JNA（日本ネイリスト協会）会員 / ホットペッパービューティー
7819,,ネイルサロン,,新潟県,,,,,,,ネイルサロン関連サービス,営業中（推定）,,未収集,収集元推奨: JNA（日本ネイリスト協会）会員 / ホットペッパービューティー
7820,,ネイルサロン,,新潟県,,,,,,,ネイルサロン関連サービス,営業中（推定）,,未収集,収集元推奨: JNA（日本ネイリスト協会）会員 / ホットペッパービューティー
7821,,ネイルサロン,,新潟県,,,,,,,ネイルサロン関連サービス,営業中（推定）,,未収集,収集元推奨: JNA（日本ネイリスト協会）会員 / ホットペッパービューティー
7822,,ネイルサロン,,新潟県,,,,,,,ネイルサロン関連サービス,営業中（推定）,,未収集,収集元推奨: JNA（日本ネイリスト協会）会員 / ホットペッパービューティー
7823,,ネイルサロン,,新潟県,,,,,,,ネイルサロン関連サービス,営業中（推定）,,未収集,収集元推奨: JNA（日本ネイリスト協会）会員 / ホットペッパービューティー
7824,,ネイルサロン,,新潟県,,,,,,,ネイルサロン関連サービス,営業中（推定）,,未収集,収集元推奨: JNA（日本ネイリスト協会）会員 / ホットペッパービューティー
7825,,ネイルサロン,,新潟県,,,,,,,ネイルサロン関連サービス,営業中（推定）,,未収集,収集元推奨: JNA（日本ネイリスト協会）会員 / ホットペッパービューティー
7826,,ネイルサロン,,新潟県,,,,,,,ネイルサロン関連サービス,営業中（推定）,,未収集,収集元推奨: JNA（日本ネイリスト協会）会員 / ホットペッパービューティー
7827,,ネイルサロン,,新潟県,,,,,,,ネイルサロン関連サービス,営業中（推定）,,未収集,収集元推奨: JNA（日本ネイリスト協会）会員 / ホットペッパービューティー
7828,,ネイルサロン,,新潟県,,,,,,,ネイルサロン関連サービス,営業中（推定）,,未収集,収集元推奨: JNA（日本ネイリスト協会）会員 / ホットペッパービューティー
7829,,ネイルサロン,,新潟県,,,,,,,ネイルサロン関連サービス,営業中（推定）,,未収集,収集元推奨: JNA（日本ネイリスト協会）会員 / ホットペッパービューティー
7830,,ネイルサロン,,新潟県,,,,,,,ネイルサロン関連サービス,営業中（推定）,,未収集,収集元推奨: JNA（日本ネイリスト協会）会員 / ホットペッパービューティー
7831,,ネイルサロン,,新潟県,,,,,,,ネイルサロン関連サービス,営業中（推定）,,未収集,収集元推奨: JNA（日本ネイリスト協会）会員 / ホットペッパービューティー
7832,,ネイルサロン,,新潟県,,,,,,,ネイルサロン関連サービス,営業中（推定）,,未収集,収集元推奨: JNA（日本ネイリスト協会）会員 / ホットペッパービューティー
7833,,ネイルサロン,,新潟県,,,,,,,ネイルサロン関連サービス,営業中（推定）,,未収集,収集元推奨: JNA（日本ネイリスト協会）会員 / ホットペッパービューティー
7834,,美容整体・小顔矯正,,新潟県,,,,,,,美容整体 小顔矯正関連サービス,営業中（推定）,,未収集,収集元推奨: エキテン・ホットペッパービューティー / iタウンページ「整体」
7835,,美容整体・小顔矯正,,新潟県,,,,,,,美容整体 小顔矯正関連サービス,営業中（推定）,,未収集,収集元推奨: エキテン・ホットペッパービューティー / iタウンページ「整体」
7836,,美容整体・小顔矯正,,新潟県,,,,,,,美容整体 小顔矯正関連サービス,営業中（推定）,,未収集,収集元推奨: エキテン・ホットペッパービューティー / iタウンページ「整体」
7837,,美容整体・小顔矯正,,新潟県,,,,,,,美容整体 小顔矯正関連サービス,営業中（推定）,,未収集,収集元推奨: エキテン・ホットペッパービューティー / iタウンページ「整体」
7838,,美容整体・小顔矯正,,新潟県,,,,,,,美容整体 小顔矯正関連サービス,営業中（推定）,,未収集,収集元推奨: エキテン・ホットペッパービューティー / iタウンページ「整体」
7839,,美容整体・小顔矯正,,新潟県,,,,,,,美容整体 小顔矯正関連サービス,営業中（推定）,,未収集,収集元推奨: エキテン・ホットペッパービューティー / iタウンページ「整体」
7840,,美容整体・小顔矯正,,新潟県,,,,,,,美容整体 小顔矯正関連サービス,営業中（推定）,,未収集,収集元推奨: エキテン・ホットペッパービューティー / iタウンページ「整体」
7841,,美容整体・小顔矯正,,新潟県,,,,,,,美容整体 小顔矯正関連サービス,営業中（推定）,,未収集,収集元推奨: エキテン・ホットペッパービューティー / iタウンページ「整体」
7842,,美容整体・小顔矯正,,新潟県,,,,,,,美容整体 小顔矯正関連サービス,営業中（推定）,,未収集,収集元推奨: エキテン・ホットペッパービューティー / iタウンページ「整体」
7843,,美容整体・小顔矯正,,新潟県,,,,,,,美容整体 小顔矯正関連サービス,営業中（推定）,,未収集,収集元推奨: エキテン・ホットペッパービューティー / iタウンページ「整体」
7844,,美容整体・小顔矯正,,新潟県,,,,,,,美容整体 小顔矯正関連サービス,営業中（推定）,,未収集,収集元推奨: エキテン・ホットペッパービューティー / iタウンページ「整体」
7845,,美容鍼灸院,,新潟県,,,,,,,美容鍼灸院関連サービス,営業中（推定）,,未収集,収集元推奨: 日本鍼灸師会地方師会会員名簿 / 鍼灸ポータルサイト
7846,,美容鍼灸院,,新潟県,,,,,,,美容鍼灸院関連サービス,営業中（推定）,,未収集,収集元推奨: 日本鍼灸師会地方師会会員名簿 / 鍼灸ポータルサイト
7847,,美容鍼灸院,,新潟県,,,,,,,美容鍼灸院関連サービス,営業中（推定）,,未収集,収集元推奨: 日本鍼灸師会地方師会会員名簿 / 鍼灸ポータルサイト
7848,,美容鍼灸院,,新潟県,,,,,,,美容鍼灸院関連サービス,営業中（推定）,,未収集,収集元推奨: 日本鍼灸師会地方師会会員名簿 / 鍼灸ポータルサイト
7849,,美容鍼灸院,,新潟県,,,,,,,美容鍼灸院関連サービス,営業中（推定）,,未収集,収集元推奨: 日本鍼灸師会地方師会会員名簿 / 鍼灸ポータルサイト
7850,,美容鍼灸院,,新潟県,,,,,,,美容鍼灸院関連サービス,営業中（推定）,,未収集,収集元推奨: 日本鍼灸師会地方師会会員名簿 / 鍼灸ポータルサイト
7851,,美容鍼灸院,,新潟県,,,,,,,美容鍼灸院関連サービス,営業中（推定）,,未収集,収集元推奨: 日本鍼灸師会地方師会会員名簿 / 鍼灸ポータルサイト
7852,,美容鍼灸院,,新潟県,,,,,,,美容鍼灸院関連サービス,営業中（推定）,,未収集,収集元推奨: 日本鍼灸師会地方師会会員名簿 / 鍼灸ポータルサイト
7853,,美容鍼灸院,,新潟県,,,,,,,美容鍼灸院関連サービス,営業中（推定）,,未収集,収集元推奨: 日本鍼灸師会地方師会会員名簿 / 鍼灸ポータルサイト
7854,,アロマ・リラクゼーション,,新潟県,,,,,,,アロマ リラクゼーション関連サービス,営業中（推定）,,未収集,収集元推奨: AEAJ認定サロン一覧 / ホットペッパービューティー
7855,,アロマ・リラクゼーション,,新潟県,,,,,,,アロマ リラクゼーション関連サービス,営業中（推定）,,未収集,収集元推奨: AEAJ認定サロン一覧 / ホットペッパービューティー
7856,,アロマ・リラクゼーション,,新潟県,,,,,,,アロマ リラクゼーション関連サービス,営業中（推定）,,未収集,収集元推奨: AEAJ認定サロン一覧 / ホットペッパービューティー
7857,,アロマ・リラクゼーション,,新潟県,,,,,,,アロマ リラクゼーション関連サービス,営業中（推定）,,未収集,収集元推奨: AEAJ認定サロン一覧 / ホットペッパービューティー
7858,,アロマ・リラクゼーション,,新潟県,,,,,,,アロマ リラクゼーション関連サービス,営業中（推定）,,未収集,収集元推奨: AEAJ認定サロン一覧 / ホットペッパービューティー
7859,,アロマ・リラクゼーション,,新潟県,,,,,,,アロマ リラクゼーション関連サービス,営業中（推定）,,未収集,収集元推奨: AEAJ認定サロン一覧 / ホットペッパービューティー
7860,,アロマ・リラクゼーション,,新潟県,,,,,,,アロマ リラクゼーション関連サービス,営業中（推定）,,未収集,収集元推奨: AEAJ認定サロン一覧 / ホットペッパービューティー
7861,,アロマ・リラクゼーション,,新潟県,,,,,,,アロマ リラクゼーション関連サービス,営業中（推定）,,未収集,収集元推奨: AEAJ認定サロン一覧 / ホットペッパービューティー
7862,,アロマ・リラクゼーション,,新潟県,,,,,,,アロマ リラクゼーション関連サービス,営業中（推定）,,未収集,収集元推奨: AEAJ認定サロン一覧 / ホットペッパービューティー
7863,,美容クリニック,,新潟県,,,,,,,美容クリニック関連サービス,営業中（推定）,,未収集,収集元推奨: 日本美容外科学会(JSAS)会員 / 各クリニック公式サイト
7864,,美容クリニック,,新潟県,,,,,,,美容クリニック関連サービス,営業中（推定）,,未収集,収集元推奨: 日本美容外科学会(JSAS)会員 / 各クリニック公式サイト
7865,,美容クリニック,,新潟県,,,,,,,美容クリニック関連サービス,営業中（推定）,,未収集,収集元推奨: 日本美容外科学会(JSAS)会員 / 各クリニック公式サイト
7866,,美容クリニック,,新潟県,,,,,,,美容クリニック関連サービス,営業中（推定）,,未収集,収集元推奨: 日本美容外科学会(JSAS)会員 / 各クリニック公式サイト
7867,,美容クリニック,,新潟県,,,,,,,美容クリニック関連サービス,営業中（推定）,,未収集,収集元推奨: 日本美容外科学会(JSAS)会員 / 各クリニック公式サイト
7868,,美容クリニック,,新潟県,,,,,,,美容クリニック関連サービス,営業中（推定）,,未収集,収集元推奨: 日本美容外科学会(JSAS)会員 / 各クリニック公式サイト
7869,,美容クリニック,,新潟県,,,,,,,美容クリニック関連サービス,営業中（推定）,,未収集,収集元推奨: 日本美容外科学会(JSAS)会員 / 各クリニック公式サイト
7870,,美容クリニック,,新潟県,,,,,,,美容クリニック関連サービス,営業中（推定）,,未収集,収集元推奨: 日本美容外科学会(JSAS)会員 / 各クリニック公式サイト
7871,,美容クリニック,,新潟県,,,,,,,美容クリニック関連サービス,営業中（推定）,,未収集,収集元推奨: 日本美容外科学会(JSAS)会員 / 各クリニック公式サイト
7872,,美容機器メーカー・ディーラー,,新潟県,,,,,,,美容機器メーカー ディーラー関連サービス,営業中（推定）,,未収集,収集元推奨: BeautyWorld Japan展示会出展者一覧 / 国税庁法人番号DB
7873,,美容機器メーカー・ディーラー,,新潟県,,,,,,,美容機器メーカー ディーラー関連サービス,営業中（推定）,,未収集,収集元推奨: BeautyWorld Japan展示会出展者一覧 / 国税庁法人番号DB
7874,,美容機器メーカー・ディーラー,,新潟県,,,,,,,美容機器メーカー ディーラー関連サービス,営業中（推定）,,未収集,収集元推奨: BeautyWorld Japan展示会出展者一覧 / 国税庁法人番号DB
7875,,美容機器メーカー・ディーラー,,新潟県,,,,,,,美容機器メーカー ディーラー関連サービス,営業中（推定）,,未収集,収集元推奨: BeautyWorld Japan展示会出展者一覧 / 国税庁法人番号DB
7876,,美容機器メーカー・ディーラー,,新潟県,,,,,,,美容機器メーカー ディーラー関連サービス,営業中（推定）,,未収集,収集元推奨: BeautyWorld Japan展示会出展者一覧 / 国税庁法人番号DB
7877,,美容機器メーカー・ディーラー,,新潟県,,,,,,,美容機器メーカー ディーラー関連サービス,営業中（推定）,,未収集,収集元推奨: BeautyWorld Japan展示会出展者一覧 / 国税庁法人番号DB
7878,,美容機器メーカー・ディーラー,,新潟県,,,,,,,美容機器メーカー ディーラー関連サービス,営業中（推定）,,未収集,収集元推奨: BeautyWorld Japan展示会出展者一覧 / 国税庁法人番号DB
7879,,化粧品メーカー,,新潟県,,,,,,,化粧品メーカー関連サービス,営業中（推定）,,未収集,収集元推奨: 日本化粧品工業会(JCIA)会員 / 国税庁法人番号DB
7880,,化粧品メーカー,,新潟県,,,,,,,化粧品メーカー関連サービス,営業中（推定）,,未収集,収集元推奨: 日本化粧品工業会(JCIA)会員 / 国税庁法人番号DB
7881,,化粧品メーカー,,新潟県,,,,,,,化粧品メーカー関連サービス,営業中（推定）,,未収集,収集元推奨: 日本化粧品工業会(JCIA)会員 / 国税庁法人番号DB
7882,,化粧品メーカー,,新潟県,,,,,,,化粧品メーカー関連サービス,営業中（推定）,,未収集,収集元推奨: 日本化粧品工業会(JCIA)会員 / 国税庁法人番号DB
7883,,化粧品メーカー,,新潟県,,,,,,,化粧品メーカー関連サービス,営業中（推定）,,未収集,収集元推奨: 日本化粧品工業会(JCIA)会員 / 国税庁法人番号DB
7884,,化粧品メーカー,,新潟県,,,,,,,化粧品メーカー関連サービス,営業中（推定）,,未収集,収集元推奨: 日本化粧品工業会(JCIA)会員 / 国税庁法人番号DB
7885,,化粧品メーカー,,新潟県,,,,,,,化粧品メーカー関連サービス,営業中（推定）,,未収集,収集元推奨: 日本化粧品工業会(JCIA)会員 / 国税庁法人番号DB
7886,,化粧品メーカー,,新潟県,,,,,,,化粧品メーカー関連サービス,営業中（推定）,,未収集,収集元推奨: 日本化粧品工業会(JCIA)会員 / 国税庁法人番号DB
7887,,化粧品メーカー,,新潟県,,,,,,,化粧品メーカー関連サービス,営業中（推定）,,未収集,収集元推奨: 日本化粧品工業会(JCIA)会員 / 国税庁法人番号DB
7888,,ヘアサロン・サロンオーナー,,新潟県,,,,,,,ヘアサロン サロンオーナー関連サービス,営業中（推定）,,未収集,収集元推奨: ホットペッパービューティー / 美容師会 / iタウンページ
7889,,ヘアサロン・サロンオーナー,,新潟県,,,,,,,ヘアサロン サロンオーナー関連サービス,営業中（推定）,,未収集,収集元推奨: ホットペッパービューティー / 美容師会 / iタウンページ
7890,,ヘアサロン・サロンオーナー,,新潟県,,,,,,,ヘアサロン サロンオーナー関連サービス,営業中（推定）,,未収集,収集元推奨: ホットペッパービューティー / 美容師会 / iタウンページ
7891,,ヘアサロン・サロンオーナー,,新潟県,,,,,,,ヘアサロン サロンオーナー関連サービス,営業中（推定）,,未収集,収集元推奨: ホットペッパービューティー / 美容師会 / iタウンページ
7892,,ヘアサロン・サロンオーナー,,新潟県,,,,,,,ヘアサロン サロンオーナー関連サービス,営業中（推定）,,未収集,収集元推奨: ホットペッパービューティー / 美容師会 / iタウンページ
7893,,ヘアサロン・サロンオーナー,,新潟県,,,,,,,ヘアサロン サロンオーナー関連サービス,営業中（推定）,,未収集,収集元推奨: ホットペッパービューティー / 美容師会 / iタウンページ
7894,,ヘアサロン・サロンオーナー,,新潟県,,,,,,,ヘアサロン サロンオーナー関連サービス,営業中（推定）,,未収集,収集元推奨: ホットペッパービューティー / 美容師会 / iタウンページ
7895,,ヘアサロン・サロンオーナー,,新潟県,,,,,,,ヘアサロン サロンオーナー関連サービス,営業中（推定）,,未収集,収集元推奨: ホットペッパービューティー / 美容師会 / iタウンページ
7896,,ヘアサロン・サロンオーナー,,新潟県,,,,,,,ヘアサロン サロンオーナー関連サービス,営業中（推定）,,未収集,収集元推奨: ホットペッパービューティー / 美容師会 / iタウンページ
7897,,IT・AI×美容,,新潟県,,,,,,,IT AI×美容関連サービス,営業中（推定）,,未収集,収集元推奨: スタートアップDB / PRTIMES / 展示会(BeautyTech系)
7898,,IT・AI×美容,,新潟県,,,,,,,IT AI×美容関連サービス,営業中（推定）,,未収集,収集元推奨: スタートアップDB / PRTIMES / 展示会(BeautyTech系)
7899,,IT・AI×美容,,新潟県,,,,,,,IT AI×美容関連サービス,営業中（推定）,,未収集,収集元推奨: スタートアップDB / PRTIMES / 展示会(BeautyTech系)
7900,,IT・AI×美容,,新潟県,,,,,,,IT AI×美容関連サービス,営業中（推定）,,未収集,収集元推奨: スタートアップDB / PRTIMES / 展示会(BeautyTech系)
7901,,IT・AI×美容,,新潟県,,,,,,,IT AI×美容関連サービス,営業中（推定）,,未収集,収集元推奨: スタートアップDB / PRTIMES / 展示会(BeautyTech系)
7902,,IT・AI×美容,,新潟県,,,,,,,IT AI×美容関連サービス,営業中（推定）,,未収集,収集元推奨: スタートアップDB / PRTIMES / 展示会(BeautyTech系)
7903,,IT・AI×美容,,新潟県,,,,,,,IT AI×美容関連サービス,営業中（推定）,,未収集,収集元推奨: スタートアップDB / PRTIMES / 展示会(BeautyTech系)
7904,,IT・AI×美容,,新潟県,,,,,,,IT AI×美容関連サービス,営業中（推定）,,未収集,収集元推奨: スタートアップDB / PRTIMES / 展示会(BeautyTech系)
7905,,IT・AI×美容,,新潟県,,,,,,,IT AI×美容関連サービス,営業中（推定）,,未収集,収集元推奨: スタートアップDB / PRTIMES / 展示会(BeautyTech系)
7906,,エステサロン,,熊本県,,,,,,,エステサロン関連サービス,営業中（推定）,,未収集,収集元推奨: ホットペッパービューティー掲載企業公式サイト / 日本エステティック協会会員
7907,,エステサロン,,熊本県,,,,,,,エステサロン関連サービス,営業中（推定）,,未収集,収集元推奨: ホットペッパービューティー掲載企業公式サイト / 日本エステティック協会会員
7908,,エステサロン,,熊本県,,,,,,,エステサロン関連サービス,営業中（推定）,,未収集,収集元推奨: ホットペッパービューティー掲載企業公式サイト / 日本エステティック協会会員
7909,,エステサロン,,熊本県,,,,,,,エステサロン関連サービス,営業中（推定）,,未収集,収集元推奨: ホットペッパービューティー掲載企業公式サイト / 日本エステティック協会会員
7910,,エステサロン,,熊本県,,,,,,,エステサロン関連サービス,営業中（推定）,,未収集,収集元推奨: ホットペッパービューティー掲載企業公式サイト / 日本エステティック協会会員
7911,,エステサロン,,熊本県,,,,,,,エステサロン関連サービス,営業中（推定）,,未収集,収集元推奨: ホットペッパービューティー掲載企業公式サイト / 日本エステティック協会会員
7912,,エステサロン,,熊本県,,,,,,,エステサロン関連サービス,営業中（推定）,,未収集,収集元推奨: ホットペッパービューティー掲載企業公式サイト / 日本エステティック協会会員
7913,,エステサロン,,熊本県,,,,,,,エステサロン関連サービス,営業中（推定）,,未収集,収集元推奨: ホットペッパービューティー掲載企業公式サイト / 日本エステティック協会会員
7914,,エステサロン,,熊本県,,,,,,,エステサロン関連サービス,営業中（推定）,,未収集,収集元推奨: ホットペッパービューティー掲載企業公式サイト / 日本エステティック協会会員
7915,,エステサロン,,熊本県,,,,,,,エステサロン関連サービス,営業中（推定）,,未収集,収集元推奨: ホットペッパービューティー掲載企業公式サイト / 日本エステティック協会会員
7916,,エステサロン,,熊本県,,,,,,,エステサロン関連サービス,営業中（推定）,,未収集,収集元推奨: ホットペッパービューティー掲載企業公式サイト / 日本エステティック協会会員
7917,,エステサロン,,熊本県,,,,,,,エステサロン関連サービス,営業中（推定）,,未収集,収集元推奨: ホットペッパービューティー掲載企業公式サイト / 日本エステティック協会会員
7918,,エステサロン,,熊本県,,,,,,,エステサロン関連サービス,営業中（推定）,,未収集,収集元推奨: ホットペッパービューティー掲載企業公式サイト / 日本エステティック協会会員
7919,,エステサロン,,熊本県,,,,,,,エステサロン関連サービス,営業中（推定）,,未収集,収集元推奨: ホットペッパービューティー掲載企業公式サイト / 日本エステティック協会会員
7920,,エステサロン,,熊本県,,,,,,,エステサロン関連サービス,営業中（推定）,,未収集,収集元推奨: ホットペッパービューティー掲載企業公式サイト / 日本エステティック協会会員
7921,,エステサロン,,熊本県,,,,,,,エステサロン関連サービス,営業中（推定）,,未収集,収集元推奨: ホットペッパービューティー掲載企業公式サイト / 日本エステティック協会会員
7922,,エステサロン,,熊本県,,,,,,,エステサロン関連サービス,営業中（推定）,,未収集,収集元推奨: ホットペッパービューティー掲載企業公式サイト / 日本エステティック協会会員
7923,,エステサロン,,熊本県,,,,,,,エステサロン関連サービス,営業中（推定）,,未収集,収集元推奨: ホットペッパービューティー掲載企業公式サイト / 日本エステティック協会会員
7924,,エステサロン,,熊本県,,,,,,,エステサロン関連サービス,営業中（推定）,,未収集,収集元推奨: ホットペッパービューティー掲載企業公式サイト / 日本エステティック協会会員
7925,,エステサロン,,熊本県,,,,,,,エステサロン関連サービス,営業中（推定）,,未収集,収集元推奨: ホットペッパービューティー掲載企業公式サイト / 日本エステティック協会会員
7926,,エステサロン,,熊本県,,,,,,,エステサロン関連サービス,営業中（推定）,,未収集,収集元推奨: ホットペッパービューティー掲載企業公式サイト / 日本エステティック協会会員
7927,,エステサロン,,熊本県,,,,,,,エステサロン関連サービス,営業中（推定）,,未収集,収集元推奨: ホットペッパービューティー掲載企業公式サイト / 日本エステティック協会会員
7928,,ネイルサロン,,熊本県,,,,,,,ネイルサロン関連サービス,営業中（推定）,,未収集,収集元推奨: JNA（日本ネイリスト協会）会員 / ホットペッパービューティー
7929,,ネイルサロン,,熊本県,,,,,,,ネイルサロン関連サービス,営業中（推定）,,未収集,収集元推奨: JNA（日本ネイリスト協会）会員 / ホットペッパービューティー
7930,,ネイルサロン,,熊本県,,,,,,,ネイルサロン関連サービス,営業中（推定）,,未収集,収集元推奨: JNA（日本ネイリスト協会）会員 / ホットペッパービューティー
7931,,ネイルサロン,,熊本県,,,,,,,ネイルサロン関連サービス,営業中（推定）,,未収集,収集元推奨: JNA（日本ネイリスト協会）会員 / ホットペッパービューティー
7932,,ネイルサロン,,熊本県,,,,,,,ネイルサロン関連サービス,営業中（推定）,,未収集,収集元推奨: JNA（日本ネイリスト協会）会員 / ホットペッパービューティー
7933,,ネイルサロン,,熊本県,,,,,,,ネイルサロン関連サービス,営業中（推定）,,未収集,収集元推奨: JNA（日本ネイリスト協会）会員 / ホットペッパービューティー
7934,,ネイルサロン,,熊本県,,,,,,,ネイルサロン関連サービス,営業中（推定）,,未収集,収集元推奨: JNA（日本ネイリスト協会）会員 / ホットペッパービューティー
7935,,ネイルサロン,,熊本県,,,,,,,ネイルサロン関連サービス,営業中（推定）,,未収集,収集元推奨: JNA（日本ネイリスト協会）会員 / ホットペッパービューティー
7936,,ネイルサロン,,熊本県,,,,,,,ネイルサロン関連サービス,営業中（推定）,,未収集,収集元推奨: JNA（日本ネイリスト協会）会員 / ホットペッパービューティー
7937,,ネイルサロン,,熊本県,,,,,,,ネイルサロン関連サービス,営業中（推定）,,未収集,収集元推奨: JNA（日本ネイリスト協会）会員 / ホットペッパービューティー
7938,,ネイルサロン,,熊本県,,,,,,,ネイルサロン関連サービス,営業中（推定）,,未収集,収集元推奨: JNA（日本ネイリスト協会）会員 / ホットペッパービューティー
7939,,ネイルサロン,,熊本県,,,,,,,ネイルサロン関連サービス,営業中（推定）,,未収集,収集元推奨: JNA（日本ネイリスト協会）会員 / ホットペッパービューティー
7940,,ネイルサロン,,熊本県,,,,,,,ネイルサロン関連サービス,営業中（推定）,,未収集,収集元推奨: JNA（日本ネイリスト協会）会員 / ホットペッパービューティー
7941,,ネイルサロン,,熊本県,,,,,,,ネイルサロン関連サービス,営業中（推定）,,未収集,収集元推奨: JNA（日本ネイリスト協会）会員 / ホットペッパービューティー
7942,,ネイルサロン,,熊本県,,,,,,,ネイルサロン関連サービス,営業中（推定）,,未収集,収集元推奨: JNA（日本ネイリスト協会）会員 / ホットペッパービューティー
7943,,ネイルサロン,,熊本県,,,,,,,ネイルサロン関連サービス,営業中（推定）,,未収集,収集元推奨: JNA（日本ネイリスト協会）会員 / ホットペッパービューティー
7944,,美容整体・小顔矯正,,熊本県,,,,,,,美容整体 小顔矯正関連サービス,営業中（推定）,,未収集,収集元推奨: エキテン・ホットペッパービューティー / iタウンページ「整体」
7945,,美容整体・小顔矯正,,熊本県,,,,,,,美容整体 小顔矯正関連サービス,営業中（推定）,,未収集,収集元推奨: エキテン・ホットペッパービューティー / iタウンページ「整体」
7946,,美容整体・小顔矯正,,熊本県,,,,,,,美容整体 小顔矯正関連サービス,営業中（推定）,,未収集,収集元推奨: エキテン・ホットペッパービューティー / iタウンページ「整体」
7947,,美容整体・小顔矯正,,熊本県,,,,,,,美容整体 小顔矯正関連サービス,営業中（推定）,,未収集,収集元推奨: エキテン・ホットペッパービューティー / iタウンページ「整体」
7948,,美容整体・小顔矯正,,熊本県,,,,,,,美容整体 小顔矯正関連サービス,営業中（推定）,,未収集,収集元推奨: エキテン・ホットペッパービューティー / iタウンページ「整体」
7949,,美容整体・小顔矯正,,熊本県,,,,,,,美容整体 小顔矯正関連サービス,営業中（推定）,,未収集,収集元推奨: エキテン・ホットペッパービューティー / iタウンページ「整体」
7950,,美容整体・小顔矯正,,熊本県,,,,,,,美容整体 小顔矯正関連サービス,営業中（推定）,,未収集,収集元推奨: エキテン・ホットペッパービューティー / iタウンページ「整体」
7951,,美容整体・小顔矯正,,熊本県,,,,,,,美容整体 小顔矯正関連サービス,営業中（推定）,,未収集,収集元推奨: エキテン・ホットペッパービューティー / iタウンページ「整体」
7952,,美容整体・小顔矯正,,熊本県,,,,,,,美容整体 小顔矯正関連サービス,営業中（推定）,,未収集,収集元推奨: エキテン・ホットペッパービューティー / iタウンページ「整体」
7953,,美容整体・小顔矯正,,熊本県,,,,,,,美容整体 小顔矯正関連サービス,営業中（推定）,,未収集,収集元推奨: エキテン・ホットペッパービューティー / iタウンページ「整体」
7954,,美容整体・小顔矯正,,熊本県,,,,,,,美容整体 小顔矯正関連サービス,営業中（推定）,,未収集,収集元推奨: エキテン・ホットペッパービューティー / iタウンページ「整体」
7955,,美容鍼灸院,,熊本県,,,,,,,美容鍼灸院関連サービス,営業中（推定）,,未収集,収集元推奨: 日本鍼灸師会地方師会会員名簿 / 鍼灸ポータルサイト
7956,,美容鍼灸院,,熊本県,,,,,,,美容鍼灸院関連サービス,営業中（推定）,,未収集,収集元推奨: 日本鍼灸師会地方師会会員名簿 / 鍼灸ポータルサイト
7957,,美容鍼灸院,,熊本県,,,,,,,美容鍼灸院関連サービス,営業中（推定）,,未収集,収集元推奨: 日本鍼灸師会地方師会会員名簿 / 鍼灸ポータルサイト
7958,,美容鍼灸院,,熊本県,,,,,,,美容鍼灸院関連サービス,営業中（推定）,,未収集,収集元推奨: 日本鍼灸師会地方師会会員名簿 / 鍼灸ポータルサイト
7959,,美容鍼灸院,,熊本県,,,,,,,美容鍼灸院関連サービス,営業中（推定）,,未収集,収集元推奨: 日本鍼灸師会地方師会会員名簿 / 鍼灸ポータルサイト
7960,,美容鍼灸院,,熊本県,,,,,,,美容鍼灸院関連サービス,営業中（推定）,,未収集,収集元推奨: 日本鍼灸師会地方師会会員名簿 / 鍼灸ポータルサイト
7961,,美容鍼灸院,,熊本県,,,,,,,美容鍼灸院関連サービス,営業中（推定）,,未収集,収集元推奨: 日本鍼灸師会地方師会会員名簿 / 鍼灸ポータルサイト
7962,,美容鍼灸院,,熊本県,,,,,,,美容鍼灸院関連サービス,営業中（推定）,,未収集,収集元推奨: 日本鍼灸師会地方師会会員名簿 / 鍼灸ポータルサイト
7963,,美容鍼灸院,,熊本県,,,,,,,美容鍼灸院関連サービス,営業中（推定）,,未収集,収集元推奨: 日本鍼灸師会地方師会会員名簿 / 鍼灸ポータルサイト
7964,,アロマ・リラクゼーション,,熊本県,,,,,,,アロマ リラクゼーション関連サービス,営業中（推定）,,未収集,収集元推奨: AEAJ認定サロン一覧 / ホットペッパービューティー
7965,,アロマ・リラクゼーション,,熊本県,,,,,,,アロマ リラクゼーション関連サービス,営業中（推定）,,未収集,収集元推奨: AEAJ認定サロン一覧 / ホットペッパービューティー
7966,,アロマ・リラクゼーション,,熊本県,,,,,,,アロマ リラクゼーション関連サービス,営業中（推定）,,未収集,収集元推奨: AEAJ認定サロン一覧 / ホットペッパービューティー
7967,,アロマ・リラクゼーション,,熊本県,,,,,,,アロマ リラクゼーション関連サービス,営業中（推定）,,未収集,収集元推奨: AEAJ認定サロン一覧 / ホットペッパービューティー
7968,,アロマ・リラクゼーション,,熊本県,,,,,,,アロマ リラクゼーション関連サービス,営業中（推定）,,未収集,収集元推奨: AEAJ認定サロン一覧 / ホットペッパービューティー
7969,,アロマ・リラクゼーション,,熊本県,,,,,,,アロマ リラクゼーション関連サービス,営業中（推定）,,未収集,収集元推奨: AEAJ認定サロン一覧 / ホットペッパービューティー
7970,,アロマ・リラクゼーション,,熊本県,,,,,,,アロマ リラクゼーション関連サービス,営業中（推定）,,未収集,収集元推奨: AEAJ認定サロン一覧 / ホットペッパービューティー
7971,,アロマ・リラクゼーション,,熊本県,,,,,,,アロマ リラクゼーション関連サービス,営業中（推定）,,未収集,収集元推奨: AEAJ認定サロン一覧 / ホットペッパービューティー
7972,,アロマ・リラクゼーション,,熊本県,,,,,,,アロマ リラクゼーション関連サービス,営業中（推定）,,未収集,収集元推奨: AEAJ認定サロン一覧 / ホットペッパービューティー
7973,,美容クリニック,,熊本県,,,,,,,美容クリニック関連サービス,営業中（推定）,,未収集,収集元推奨: 日本美容外科学会(JSAS)会員 / 各クリニック公式サイト
7974,,美容クリニック,,熊本県,,,,,,,美容クリニック関連サービス,営業中（推定）,,未収集,収集元推奨: 日本美容外科学会(JSAS)会員 / 各クリニック公式サイト
7975,,美容クリニック,,熊本県,,,,,,,美容クリニック関連サービス,営業中（推定）,,未収集,収集元推奨: 日本美容外科学会(JSAS)会員 / 各クリニック公式サイト
7976,,美容クリニック,,熊本県,,,,,,,美容クリニック関連サービス,営業中（推定）,,未収集,収集元推奨: 日本美容外科学会(JSAS)会員 / 各クリニック公式サイト
7977,,美容クリニック,,熊本県,,,,,,,美容クリニック関連サービス,営業中（推定）,,未収集,収集元推奨: 日本美容外科学会(JSAS)会員 / 各クリニック公式サイト
7978,,美容クリニック,,熊本県,,,,,,,美容クリニック関連サービス,営業中（推定）,,未収集,収集元推奨: 日本美容外科学会(JSAS)会員 / 各クリニック公式サイト
7979,,美容クリニック,,熊本県,,,,,,,美容クリニック関連サービス,営業中（推定）,,未収集,収集元推奨: 日本美容外科学会(JSAS)会員 / 各クリニック公式サイト
7980,,美容クリニック,,熊本県,,,,,,,美容クリニック関連サービス,営業中（推定）,,未収集,収集元推奨: 日本美容外科学会(JSAS)会員 / 各クリニック公式サイト
7981,,美容クリニック,,熊本県,,,,,,,美容クリニック関連サービス,営業中（推定）,,未収集,収集元推奨: 日本美容外科学会(JSAS)会員 / 各クリニック公式サイト
7982,,美容機器メーカー・ディーラー,,熊本県,,,,,,,美容機器メーカー ディーラー関連サービス,営業中（推定）,,未収集,収集元推奨: BeautyWorld Japan展示会出展者一覧 / 国税庁法人番号DB
7983,,美容機器メーカー・ディーラー,,熊本県,,,,,,,美容機器メーカー ディーラー関連サービス,営業中（推定）,,未収集,収集元推奨: BeautyWorld Japan展示会出展者一覧 / 国税庁法人番号DB
7984,,美容機器メーカー・ディーラー,,熊本県,,,,,,,美容機器メーカー ディーラー関連サービス,営業中（推定）,,未収集,収集元推奨: BeautyWorld Japan展示会出展者一覧 / 国税庁法人番号DB
7985,,美容機器メーカー・ディーラー,,熊本県,,,,,,,美容機器メーカー ディーラー関連サービス,営業中（推定）,,未収集,収集元推奨: BeautyWorld Japan展示会出展者一覧 / 国税庁法人番号DB
7986,,美容機器メーカー・ディーラー,,熊本県,,,,,,,美容機器メーカー ディーラー関連サービス,営業中（推定）,,未収集,収集元推奨: BeautyWorld Japan展示会出展者一覧 / 国税庁法人番号DB
7987,,美容機器メーカー・ディーラー,,熊本県,,,,,,,美容機器メーカー ディーラー関連サービス,営業中（推定）,,未収集,収集元推奨: BeautyWorld Japan展示会出展者一覧 / 国税庁法人番号DB
7988,,美容機器メーカー・ディーラー,,熊本県,,,,,,,美容機器メーカー ディーラー関連サービス,営業中（推定）,,未収集,収集元推奨: BeautyWorld Japan展示会出展者一覧 / 国税庁法人番号DB
7989,,化粧品メーカー,,熊本県,,,,,,,化粧品メーカー関連サービス,営業中（推定）,,未収集,収集元推奨: 日本化粧品工業会(JCIA)会員 / 国税庁法人番号DB
7990,,化粧品メーカー,,熊本県,,,,,,,化粧品メーカー関連サービス,営業中（推定）,,未収集,収集元推奨: 日本化粧品工業会(JCIA)会員 / 国税庁法人番号DB
7991,,化粧品メーカー,,熊本県,,,,,,,化粧品メーカー関連サービス,営業中（推定）,,未収集,収集元推奨: 日本化粧品工業会(JCIA)会員 / 国税庁法人番号DB
7992,,化粧品メーカー,,熊本県,,,,,,,化粧品メーカー関連サービス,営業中（推定）,,未収集,収集元推奨: 日本化粧品工業会(JCIA)会員 / 国税庁法人番号DB
7993,,化粧品メーカー,,熊本県,,,,,,,化粧品メーカー関連サービス,営業中（推定）,,未収集,収集元推奨: 日本化粧品工業会(JCIA)会員 / 国税庁法人番号DB
7994,,化粧品メーカー,,熊本県,,,,,,,化粧品メーカー関連サービス,営業中（推定）,,未収集,収集元推奨: 日本化粧品工業会(JCIA)会員 / 国税庁法人番号DB
7995,,化粧品メーカー,,熊本県,,,,,,,化粧品メーカー関連サービス,営業中（推定）,,未収集,収集元推奨: 日本化粧品工業会(JCIA)会員 / 国税庁法人番号DB
7996,,化粧品メーカー,,熊本県,,,,,,,化粧品メーカー関連サービス,営業中（推定）,,未収集,収集元推奨: 日本化粧品工業会(JCIA)会員 / 国税庁法人番号DB
7997,,化粧品メーカー,,熊本県,,,,,,,化粧品メーカー関連サービス,営業中（推定）,,未収集,収集元推奨: 日本化粧品工業会(JCIA)会員 / 国税庁法人番号DB
7998,,ヘアサロン・サロンオーナー,,熊本県,,,,,,,ヘアサロン サロンオーナー関連サービス,営業中（推定）,,未収集,収集元推奨: ホットペッパービューティー / 美容師会 / iタウンページ
7999,,ヘアサロン・サロンオーナー,,熊本県,,,,,,,ヘアサロン サロンオーナー関連サービス,営業中（推定）,,未収集,収集元推奨: ホットペッパービューティー / 美容師会 / iタウンページ
8000,,ヘアサロン・サロンオーナー,,熊本県,,,,,,,ヘアサロン サロンオーナー関連サービス,営業中（推定）,,未収集,収集元推奨: ホットペッパービューティー / 美容師会 / iタウンページ
8001,,ヘアサロン・サロンオーナー,,熊本県,,,,,,,ヘアサロン サロンオーナー関連サービス,営業中（推定）,,未収集,収集元推奨: ホットペッパービューティー / 美容師会 / iタウンページ
8002,,ヘアサロン・サロンオーナー,,熊本県,,,,,,,ヘアサロン サロンオーナー関連サービス,営業中（推定）,,未収集,収集元推奨: ホットペッパービューティー / 美容師会 / iタウンページ
8003,,ヘアサロン・サロンオーナー,,熊本県,,,,,,,ヘアサロン サロンオーナー関連サービス,営業中（推定）,,未収集,収集元推奨: ホットペッパービューティー / 美容師会 / iタウンページ
8004,,ヘアサロン・サロンオーナー,,熊本県,,,,,,,ヘアサロン サロンオーナー関連サービス,営業中（推定）,,未収集,収集元推奨: ホットペッパービューティー / 美容師会 / iタウンページ
8005,,ヘアサロン・サロンオーナー,,熊本県,,,,,,,ヘアサロン サロンオーナー関連サービス,営業中（推定）,,未収集,収集元推奨: ホットペッパービューティー / 美容師会 / iタウンページ
8006,,ヘアサロン・サロンオーナー,,熊本県,,,,,,,ヘアサロン サロンオーナー関連サービス,営業中（推定）,,未収集,収集元推奨: ホットペッパービューティー / 美容師会 / iタウンページ
8007,,IT・AI×美容,,熊本県,,,,,,,IT AI×美容関連サービス,営業中（推定）,,未収集,収集元推奨: スタートアップDB / PRTIMES / 展示会(BeautyTech系)
8008,,IT・AI×美容,,熊本県,,,,,,,IT AI×美容関連サービス,営業中（推定）,,未収集,収集元推奨: スタートアップDB / PRTIMES / 展示会(BeautyTech系)
8009,,IT・AI×美容,,熊本県,,,,,,,IT AI×美容関連サービス,営業中（推定）,,未収集,収集元推奨: スタートアップDB / PRTIMES / 展示会(BeautyTech系)
8010,,IT・AI×美容,,熊本県,,,,,,,IT AI×美容関連サービス,営業中（推定）,,未収集,収集元推奨: スタートアップDB / PRTIMES / 展示会(BeautyTech系)
8011,,IT・AI×美容,,熊本県,,,,,,,IT AI×美容関連サービス,営業中（推定）,,未収集,収集元推奨: スタートアップDB / PRTIMES / 展示会(BeautyTech系)
8012,,IT・AI×美容,,熊本県,,,,,,,IT AI×美容関連サービス,営業中（推定）,,未収集,収集元推奨: スタートアップDB / PRTIMES / 展示会(BeautyTech系)
8013,,IT・AI×美容,,熊本県,,,,,,,IT AI×美容関連サービス,営業中（推定）,,未収集,収集元推奨: スタートアップDB / PRTIMES / 展示会(BeautyTech系)
8014,,IT・AI×美容,,熊本県,,,,,,,IT AI×美容関連サービス,営業中（推定）,,未収集,収集元推奨: スタートアップDB / PRTIMES / 展示会(BeautyTech系)
8015,,IT・AI×美容,,熊本県,,,,,,,IT AI×美容関連サービス,営業中（推定）,,未収集,収集元推奨: スタートアップDB / PRTIMES / 展示会(BeautyTech系)
8016,,エステサロン,,岡山県,,,,,,,エステサロン関連サービス,営業中（推定）,,未収集,収集元推奨: ホットペッパービューティー掲載企業公式サイト / 日本エステティック協会会員
8017,,エステサロン,,岡山県,,,,,,,エステサロン関連サービス,営業中（推定）,,未収集,収集元推奨: ホットペッパービューティー掲載企業公式サイト / 日本エステティック協会会員
8018,,エステサロン,,岡山県,,,,,,,エステサロン関連サービス,営業中（推定）,,未収集,収集元推奨: ホットペッパービューティー掲載企業公式サイト / 日本エステティック協会会員
8019,,エステサロン,,岡山県,,,,,,,エステサロン関連サービス,営業中（推定）,,未収集,収集元推奨: ホットペッパービューティー掲載企業公式サイト / 日本エステティック協会会員
8020,,エステサロン,,岡山県,,,,,,,エステサロン関連サービス,営業中（推定）,,未収集,収集元推奨: ホットペッパービューティー掲載企業公式サイト / 日本エステティック協会会員
8021,,エステサロン,,岡山県,,,,,,,エステサロン関連サービス,営業中（推定）,,未収集,収集元推奨: ホットペッパービューティー掲載企業公式サイト / 日本エステティック協会会員
8022,,エステサロン,,岡山県,,,,,,,エステサロン関連サービス,営業中（推定）,,未収集,収集元推奨: ホットペッパービューティー掲載企業公式サイト / 日本エステティック協会会員
8023,,エステサロン,,岡山県,,,,,,,エステサロン関連サービス,営業中（推定）,,未収集,収集元推奨: ホットペッパービューティー掲載企業公式サイト / 日本エステティック協会会員
8024,,エステサロン,,岡山県,,,,,,,エステサロン関連サービス,営業中（推定）,,未収集,収集元推奨: ホットペッパービューティー掲載企業公式サイト / 日本エステティック協会会員
8025,,エステサロン,,岡山県,,,,,,,エステサロン関連サービス,営業中（推定）,,未収集,収集元推奨: ホットペッパービューティー掲載企業公式サイト / 日本エステティック協会会員
8026,,エステサロン,,岡山県,,,,,,,エステサロン関連サービス,営業中（推定）,,未収集,収集元推奨: ホットペッパービューティー掲載企業公式サイト / 日本エステティック協会会員
8027,,エステサロン,,岡山県,,,,,,,エステサロン関連サービス,営業中（推定）,,未収集,収集元推奨: ホットペッパービューティー掲載企業公式サイト / 日本エステティック協会会員
8028,,エステサロン,,岡山県,,,,,,,エステサロン関連サービス,営業中（推定）,,未収集,収集元推奨: ホットペッパービューティー掲載企業公式サイト / 日本エステティック協会会員
8029,,エステサロン,,岡山県,,,,,,,エステサロン関連サービス,営業中（推定）,,未収集,収集元推奨: ホットペッパービューティー掲載企業公式サイト / 日本エステティック協会会員
8030,,エステサロン,,岡山県,,,,,,,エステサロン関連サービス,営業中（推定）,,未収集,収集元推奨: ホットペッパービューティー掲載企業公式サイト / 日本エステティック協会会員
8031,,エステサロン,,岡山県,,,,,,,エステサロン関連サービス,営業中（推定）,,未収集,収集元推奨: ホットペッパービューティー掲載企業公式サイト / 日本エステティック協会会員
8032,,エステサロン,,岡山県,,,,,,,エステサロン関連サービス,営業中（推定）,,未収集,収集元推奨: ホットペッパービューティー掲載企業公式サイト / 日本エステティック協会会員
8033,,エステサロン,,岡山県,,,,,,,エステサロン関連サービス,営業中（推定）,,未収集,収集元推奨: ホットペッパービューティー掲載企業公式サイト / 日本エステティック協会会員
8034,,エステサロン,,岡山県,,,,,,,エステサロン関連サービス,営業中（推定）,,未収集,収集元推奨: ホットペッパービューティー掲載企業公式サイト / 日本エステティック協会会員
8035,,エステサロン,,岡山県,,,,,,,エステサロン関連サービス,営業中（推定）,,未収集,収集元推奨: ホットペッパービューティー掲載企業公式サイト / 日本エステティック協会会員
8036,,ネイルサロン,,岡山県,,,,,,,ネイルサロン関連サービス,営業中（推定）,,未収集,収集元推奨: JNA（日本ネイリスト協会）会員 / ホットペッパービューティー
8037,,ネイルサロン,,岡山県,,,,,,,ネイルサロン関連サービス,営業中（推定）,,未収集,収集元推奨: JNA（日本ネイリスト協会）会員 / ホットペッパービューティー
8038,,ネイルサロン,,岡山県,,,,,,,ネイルサロン関連サービス,営業中（推定）,,未収集,収集元推奨: JNA（日本ネイリスト協会）会員 / ホットペッパービューティー
8039,,ネイルサロン,,岡山県,,,,,,,ネイルサロン関連サービス,営業中（推定）,,未収集,収集元推奨: JNA（日本ネイリスト協会）会員 / ホットペッパービューティー
8040,,ネイルサロン,,岡山県,,,,,,,ネイルサロン関連サービス,営業中（推定）,,未収集,収集元推奨: JNA（日本ネイリスト協会）会員 / ホットペッパービューティー
8041,,ネイルサロン,,岡山県,,,,,,,ネイルサロン関連サービス,営業中（推定）,,未収集,収集元推奨: JNA（日本ネイリスト協会）会員 / ホットペッパービューティー
8042,,ネイルサロン,,岡山県,,,,,,,ネイルサロン関連サービス,営業中（推定）,,未収集,収集元推奨: JNA（日本ネイリスト協会）会員 / ホットペッパービューティー
8043,,ネイルサロン,,岡山県,,,,,,,ネイルサロン関連サービス,営業中（推定）,,未収集,収集元推奨: JNA（日本ネイリスト協会）会員 / ホットペッパービューティー
8044,,ネイルサロン,,岡山県,,,,,,,ネイルサロン関連サービス,営業中（推定）,,未収集,収集元推奨: JNA（日本ネイリスト協会）会員 / ホットペッパービューティー
8045,,ネイルサロン,,岡山県,,,,,,,ネイルサロン関連サービス,営業中（推定）,,未収集,収集元推奨: JNA（日本ネイリスト協会）会員 / ホットペッパービューティー
8046,,ネイルサロン,,岡山県,,,,,,,ネイルサロン関連サービス,営業中（推定）,,未収集,収集元推奨: JNA（日本ネイリスト協会）会員 / ホットペッパービューティー
8047,,ネイルサロン,,岡山県,,,,,,,ネイルサロン関連サービス,営業中（推定）,,未収集,収集元推奨: JNA（日本ネイリスト協会）会員 / ホットペッパービューティー
8048,,ネイルサロン,,岡山県,,,,,,,ネイルサロン関連サービス,営業中（推定）,,未収集,収集元推奨: JNA（日本ネイリスト協会）会員 / ホットペッパービューティー
8049,,ネイルサロン,,岡山県,,,,,,,ネイルサロン関連サービス,営業中（推定）,,未収集,収集元推奨: JNA（日本ネイリスト協会）会員 / ホットペッパービューティー
8050,,ネイルサロン,,岡山県,,,,,,,ネイルサロン関連サービス,営業中（推定）,,未収集,収集元推奨: JNA（日本ネイリスト協会）会員 / ホットペッパービューティー
8051,,美容整体・小顔矯正,,岡山県,,,,,,,美容整体 小顔矯正関連サービス,営業中（推定）,,未収集,収集元推奨: エキテン・ホットペッパービューティー / iタウンページ「整体」
8052,,美容整体・小顔矯正,,岡山県,,,,,,,美容整体 小顔矯正関連サービス,営業中（推定）,,未収集,収集元推奨: エキテン・ホットペッパービューティー / iタウンページ「整体」
8053,,美容整体・小顔矯正,,岡山県,,,,,,,美容整体 小顔矯正関連サービス,営業中（推定）,,未収集,収集元推奨: エキテン・ホットペッパービューティー / iタウンページ「整体」
8054,,美容整体・小顔矯正,,岡山県,,,,,,,美容整体 小顔矯正関連サービス,営業中（推定）,,未収集,収集元推奨: エキテン・ホットペッパービューティー / iタウンページ「整体」
8055,,美容整体・小顔矯正,,岡山県,,,,,,,美容整体 小顔矯正関連サービス,営業中（推定）,,未収集,収集元推奨: エキテン・ホットペッパービューティー / iタウンページ「整体」
8056,,美容整体・小顔矯正,,岡山県,,,,,,,美容整体 小顔矯正関連サービス,営業中（推定）,,未収集,収集元推奨: エキテン・ホットペッパービューティー / iタウンページ「整体」
8057,,美容整体・小顔矯正,,岡山県,,,,,,,美容整体 小顔矯正関連サービス,営業中（推定）,,未収集,収集元推奨: エキテン・ホットペッパービューティー / iタウンページ「整体」
8058,,美容整体・小顔矯正,,岡山県,,,,,,,美容整体 小顔矯正関連サービス,営業中（推定）,,未収集,収集元推奨: エキテン・ホットペッパービューティー / iタウンページ「整体」
8059,,美容整体・小顔矯正,,岡山県,,,,,,,美容整体 小顔矯正関連サービス,営業中（推定）,,未収集,収集元推奨: エキテン・ホットペッパービューティー / iタウンページ「整体」
8060,,美容整体・小顔矯正,,岡山県,,,,,,,美容整体 小顔矯正関連サービス,営業中（推定）,,未収集,収集元推奨: エキテン・ホットペッパービューティー / iタウンページ「整体」
8061,,美容鍼灸院,,岡山県,,,,,,,美容鍼灸院関連サービス,営業中（推定）,,未収集,収集元推奨: 日本鍼灸師会地方師会会員名簿 / 鍼灸ポータルサイト
8062,,美容鍼灸院,,岡山県,,,,,,,美容鍼灸院関連サービス,営業中（推定）,,未収集,収集元推奨: 日本鍼灸師会地方師会会員名簿 / 鍼灸ポータルサイト
8063,,美容鍼灸院,,岡山県,,,,,,,美容鍼灸院関連サービス,営業中（推定）,,未収集,収集元推奨: 日本鍼灸師会地方師会会員名簿 / 鍼灸ポータルサイト
8064,,美容鍼灸院,,岡山県,,,,,,,美容鍼灸院関連サービス,営業中（推定）,,未収集,収集元推奨: 日本鍼灸師会地方師会会員名簿 / 鍼灸ポータルサイト
8065,,美容鍼灸院,,岡山県,,,,,,,美容鍼灸院関連サービス,営業中（推定）,,未収集,収集元推奨: 日本鍼灸師会地方師会会員名簿 / 鍼灸ポータルサイト
8066,,美容鍼灸院,,岡山県,,,,,,,美容鍼灸院関連サービス,営業中（推定）,,未収集,収集元推奨: 日本鍼灸師会地方師会会員名簿 / 鍼灸ポータルサイト
8067,,美容鍼灸院,,岡山県,,,,,,,美容鍼灸院関連サービス,営業中（推定）,,未収集,収集元推奨: 日本鍼灸師会地方師会会員名簿 / 鍼灸ポータルサイト
8068,,美容鍼灸院,,岡山県,,,,,,,美容鍼灸院関連サービス,営業中（推定）,,未収集,収集元推奨: 日本鍼灸師会地方師会会員名簿 / 鍼灸ポータルサイト
8069,,アロマ・リラクゼーション,,岡山県,,,,,,,アロマ リラクゼーション関連サービス,営業中（推定）,,未収集,収集元推奨: AEAJ認定サロン一覧 / ホットペッパービューティー
8070,,アロマ・リラクゼーション,,岡山県,,,,,,,アロマ リラクゼーション関連サービス,営業中（推定）,,未収集,収集元推奨: AEAJ認定サロン一覧 / ホットペッパービューティー
8071,,アロマ・リラクゼーション,,岡山県,,,,,,,アロマ リラクゼーション関連サービス,営業中（推定）,,未収集,収集元推奨: AEAJ認定サロン一覧 / ホットペッパービューティー
8072,,アロマ・リラクゼーション,,岡山県,,,,,,,アロマ リラクゼーション関連サービス,営業中（推定）,,未収集,収集元推奨: AEAJ認定サロン一覧 / ホットペッパービューティー
8073,,アロマ・リラクゼーション,,岡山県,,,,,,,アロマ リラクゼーション関連サービス,営業中（推定）,,未収集,収集元推奨: AEAJ認定サロン一覧 / ホットペッパービューティー
8074,,アロマ・リラクゼーション,,岡山県,,,,,,,アロマ リラクゼーション関連サービス,営業中（推定）,,未収集,収集元推奨: AEAJ認定サロン一覧 / ホットペッパービューティー
8075,,アロマ・リラクゼーション,,岡山県,,,,,,,アロマ リラクゼーション関連サービス,営業中（推定）,,未収集,収集元推奨: AEAJ認定サロン一覧 / ホットペッパービューティー
8076,,アロマ・リラクゼーション,,岡山県,,,,,,,アロマ リラクゼーション関連サービス,営業中（推定）,,未収集,収集元推奨: AEAJ認定サロン一覧 / ホットペッパービューティー
8077,,美容クリニック,,岡山県,,,,,,,美容クリニック関連サービス,営業中（推定）,,未収集,収集元推奨: 日本美容外科学会(JSAS)会員 / 各クリニック公式サイト
8078,,美容クリニック,,岡山県,,,,,,,美容クリニック関連サービス,営業中（推定）,,未収集,収集元推奨: 日本美容外科学会(JSAS)会員 / 各クリニック公式サイト
8079,,美容クリニック,,岡山県,,,,,,,美容クリニック関連サービス,営業中（推定）,,未収集,収集元推奨: 日本美容外科学会(JSAS)会員 / 各クリニック公式サイト
8080,,美容クリニック,,岡山県,,,,,,,美容クリニック関連サービス,営業中（推定）,,未収集,収集元推奨: 日本美容外科学会(JSAS)会員 / 各クリニック公式サイト
8081,,美容クリニック,,岡山県,,,,,,,美容クリニック関連サービス,営業中（推定）,,未収集,収集元推奨: 日本美容外科学会(JSAS)会員 / 各クリニック公式サイト
8082,,美容クリニック,,岡山県,,,,,,,美容クリニック関連サービス,営業中（推定）,,未収集,収集元推奨: 日本美容外科学会(JSAS)会員 / 各クリニック公式サイト
8083,,美容クリニック,,岡山県,,,,,,,美容クリニック関連サービス,営業中（推定）,,未収集,収集元推奨: 日本美容外科学会(JSAS)会員 / 各クリニック公式サイト
8084,,美容クリニック,,岡山県,,,,,,,美容クリニック関連サービス,営業中（推定）,,未収集,収集元推奨: 日本美容外科学会(JSAS)会員 / 各クリニック公式サイト
8085,,美容機器メーカー・ディーラー,,岡山県,,,,,,,美容機器メーカー ディーラー関連サービス,営業中（推定）,,未収集,収集元推奨: BeautyWorld Japan展示会出展者一覧 / 国税庁法人番号DB
8086,,美容機器メーカー・ディーラー,,岡山県,,,,,,,美容機器メーカー ディーラー関連サービス,営業中（推定）,,未収集,収集元推奨: BeautyWorld Japan展示会出展者一覧 / 国税庁法人番号DB
8087,,美容機器メーカー・ディーラー,,岡山県,,,,,,,美容機器メーカー ディーラー関連サービス,営業中（推定）,,未収集,収集元推奨: BeautyWorld Japan展示会出展者一覧 / 国税庁法人番号DB
8088,,美容機器メーカー・ディーラー,,岡山県,,,,,,,美容機器メーカー ディーラー関連サービス,営業中（推定）,,未収集,収集元推奨: BeautyWorld Japan展示会出展者一覧 / 国税庁法人番号DB
8089,,美容機器メーカー・ディーラー,,岡山県,,,,,,,美容機器メーカー ディーラー関連サービス,営業中（推定）,,未収集,収集元推奨: BeautyWorld Japan展示会出展者一覧 / 国税庁法人番号DB
8090,,美容機器メーカー・ディーラー,,岡山県,,,,,,,美容機器メーカー ディーラー関連サービス,営業中（推定）,,未収集,収集元推奨: BeautyWorld Japan展示会出展者一覧 / 国税庁法人番号DB
8091,,化粧品メーカー,,岡山県,,,,,,,化粧品メーカー関連サービス,営業中（推定）,,未収集,収集元推奨: 日本化粧品工業会(JCIA)会員 / 国税庁法人番号DB
8092,,化粧品メーカー,,岡山県,,,,,,,化粧品メーカー関連サービス,営業中（推定）,,未収集,収集元推奨: 日本化粧品工業会(JCIA)会員 / 国税庁法人番号DB
8093,,化粧品メーカー,,岡山県,,,,,,,化粧品メーカー関連サービス,営業中（推定）,,未収集,収集元推奨: 日本化粧品工業会(JCIA)会員 / 国税庁法人番号DB
8094,,化粧品メーカー,,岡山県,,,,,,,化粧品メーカー関連サービス,営業中（推定）,,未収集,収集元推奨: 日本化粧品工業会(JCIA)会員 / 国税庁法人番号DB
8095,,化粧品メーカー,,岡山県,,,,,,,化粧品メーカー関連サービス,営業中（推定）,,未収集,収集元推奨: 日本化粧品工業会(JCIA)会員 / 国税庁法人番号DB
8096,,化粧品メーカー,,岡山県,,,,,,,化粧品メーカー関連サービス,営業中（推定）,,未収集,収集元推奨: 日本化粧品工業会(JCIA)会員 / 国税庁法人番号DB
8097,,化粧品メーカー,,岡山県,,,,,,,化粧品メーカー関連サービス,営業中（推定）,,未収集,収集元推奨: 日本化粧品工業会(JCIA)会員 / 国税庁法人番号DB
8098,,化粧品メーカー,,岡山県,,,,,,,化粧品メーカー関連サービス,営業中（推定）,,未収集,収集元推奨: 日本化粧品工業会(JCIA)会員 / 国税庁法人番号DB
8099,,ヘアサロン・サロンオーナー,,岡山県,,,,,,,ヘアサロン サロンオーナー関連サービス,営業中（推定）,,未収集,収集元推奨: ホットペッパービューティー / 美容師会 / iタウンページ
8100,,ヘアサロン・サロンオーナー,,岡山県,,,,,,,ヘアサロン サロンオーナー関連サービス,営業中（推定）,,未収集,収集元推奨: ホットペッパービューティー / 美容師会 / iタウンページ
8101,,ヘアサロン・サロンオーナー,,岡山県,,,,,,,ヘアサロン サロンオーナー関連サービス,営業中（推定）,,未収集,収集元推奨: ホットペッパービューティー / 美容師会 / iタウンページ
8102,,ヘアサロン・サロンオーナー,,岡山県,,,,,,,ヘアサロン サロンオーナー関連サービス,営業中（推定）,,未収集,収集元推奨: ホットペッパービューティー / 美容師会 / iタウンページ
8103,,ヘアサロン・サロンオーナー,,岡山県,,,,,,,ヘアサロン サロンオーナー関連サービス,営業中（推定）,,未収集,収集元推奨: ホットペッパービューティー / 美容師会 / iタウンページ
8104,,ヘアサロン・サロンオーナー,,岡山県,,,,,,,ヘアサロン サロンオーナー関連サービス,営業中（推定）,,未収集,収集元推奨: ホットペッパービューティー / 美容師会 / iタウンページ
8105,,ヘアサロン・サロンオーナー,,岡山県,,,,,,,ヘアサロン サロンオーナー関連サービス,営業中（推定）,,未収集,収集元推奨: ホットペッパービューティー / 美容師会 / iタウンページ
8106,,ヘアサロン・サロンオーナー,,岡山県,,,,,,,ヘアサロン サロンオーナー関連サービス,営業中（推定）,,未収集,収集元推奨: ホットペッパービューティー / 美容師会 / iタウンページ
8107,,IT・AI×美容,,岡山県,,,,,,,IT AI×美容関連サービス,営業中（推定）,,未収集,収集元推奨: スタートアップDB / PRTIMES / 展示会(BeautyTech系)
8108,,IT・AI×美容,,岡山県,,,,,,,IT AI×美容関連サービス,営業中（推定）,,未収集,収集元推奨: スタートアップDB / PRTIMES / 展示会(BeautyTech系)
8109,,IT・AI×美容,,岡山県,,,,,,,IT AI×美容関連サービス,営業中（推定）,,未収集,収集元推奨: スタートアップDB / PRTIMES / 展示会(BeautyTech系)
8110,,IT・AI×美容,,岡山県,,,,,,,IT AI×美容関連サービス,営業中（推定）,,未収集,収集元推奨: スタートアップDB / PRTIMES / 展示会(BeautyTech系)
8111,,IT・AI×美容,,岡山県,,,,,,,IT AI×美容関連サービス,営業中（推定）,,未収集,収集元推奨: スタートアップDB / PRTIMES / 展示会(BeautyTech系)
8112,,IT・AI×美容,,岡山県,,,,,,,IT AI×美容関連サービス,営業中（推定）,,未収集,収集元推奨: スタートアップDB / PRTIMES / 展示会(BeautyTech系)
8113,,IT・AI×美容,,岡山県,,,,,,,IT AI×美容関連サービス,営業中（推定）,,未収集,収集元推奨: スタートアップDB / PRTIMES / 展示会(BeautyTech系)
8114,,IT・AI×美容,,岡山県,,,,,,,IT AI×美容関連サービス,営業中（推定）,,未収集,収集元推奨: スタートアップDB / PRTIMES / 展示会(BeautyTech系)
8115,,IT・AI×美容,,岡山県,,,,,,,IT AI×美容関連サービス,営業中（推定）,,未収集,収集元推奨: スタートアップDB / PRTIMES / 展示会(BeautyTech系)
8116,,エステサロン,,鹿児島県,,,,,,,エステサロン関連サービス,営業中（推定）,,未収集,収集元推奨: ホットペッパービューティー掲載企業公式サイト / 日本エステティック協会会員
8117,,エステサロン,,鹿児島県,,,,,,,エステサロン関連サービス,営業中（推定）,,未収集,収集元推奨: ホットペッパービューティー掲載企業公式サイト / 日本エステティック協会会員
8118,,エステサロン,,鹿児島県,,,,,,,エステサロン関連サービス,営業中（推定）,,未収集,収集元推奨: ホットペッパービューティー掲載企業公式サイト / 日本エステティック協会会員
8119,,エステサロン,,鹿児島県,,,,,,,エステサロン関連サービス,営業中（推定）,,未収集,収集元推奨: ホットペッパービューティー掲載企業公式サイト / 日本エステティック協会会員
8120,,エステサロン,,鹿児島県,,,,,,,エステサロン関連サービス,営業中（推定）,,未収集,収集元推奨: ホットペッパービューティー掲載企業公式サイト / 日本エステティック協会会員
8121,,エステサロン,,鹿児島県,,,,,,,エステサロン関連サービス,営業中（推定）,,未収集,収集元推奨: ホットペッパービューティー掲載企業公式サイト / 日本エステティック協会会員
8122,,エステサロン,,鹿児島県,,,,,,,エステサロン関連サービス,営業中（推定）,,未収集,収集元推奨: ホットペッパービューティー掲載企業公式サイト / 日本エステティック協会会員
8123,,エステサロン,,鹿児島県,,,,,,,エステサロン関連サービス,営業中（推定）,,未収集,収集元推奨: ホットペッパービューティー掲載企業公式サイト / 日本エステティック協会会員
8124,,エステサロン,,鹿児島県,,,,,,,エステサロン関連サービス,営業中（推定）,,未収集,収集元推奨: ホットペッパービューティー掲載企業公式サイト / 日本エステティック協会会員
8125,,エステサロン,,鹿児島県,,,,,,,エステサロン関連サービス,営業中（推定）,,未収集,収集元推奨: ホットペッパービューティー掲載企業公式サイト / 日本エステティック協会会員
8126,,エステサロン,,鹿児島県,,,,,,,エステサロン関連サービス,営業中（推定）,,未収集,収集元推奨: ホットペッパービューティー掲載企業公式サイト / 日本エステティック協会会員
8127,,エステサロン,,鹿児島県,,,,,,,エステサロン関連サービス,営業中（推定）,,未収集,収集元推奨: ホットペッパービューティー掲載企業公式サイト / 日本エステティック協会会員
8128,,エステサロン,,鹿児島県,,,,,,,エステサロン関連サービス,営業中（推定）,,未収集,収集元推奨: ホットペッパービューティー掲載企業公式サイト / 日本エステティック協会会員
8129,,エステサロン,,鹿児島県,,,,,,,エステサロン関連サービス,営業中（推定）,,未収集,収集元推奨: ホットペッパービューティー掲載企業公式サイト / 日本エステティック協会会員
8130,,エステサロン,,鹿児島県,,,,,,,エステサロン関連サービス,営業中（推定）,,未収集,収集元推奨: ホットペッパービューティー掲載企業公式サイト / 日本エステティック協会会員
8131,,エステサロン,,鹿児島県,,,,,,,エステサロン関連サービス,営業中（推定）,,未収集,収集元推奨: ホットペッパービューティー掲載企業公式サイト / 日本エステティック協会会員
8132,,エステサロン,,鹿児島県,,,,,,,エステサロン関連サービス,営業中（推定）,,未収集,収集元推奨: ホットペッパービューティー掲載企業公式サイト / 日本エステティック協会会員
8133,,エステサロン,,鹿児島県,,,,,,,エステサロン関連サービス,営業中（推定）,,未収集,収集元推奨: ホットペッパービューティー掲載企業公式サイト / 日本エステティック協会会員
8134,,ネイルサロン,,鹿児島県,,,,,,,ネイルサロン関連サービス,営業中（推定）,,未収集,収集元推奨: JNA（日本ネイリスト協会）会員 / ホットペッパービューティー
8135,,ネイルサロン,,鹿児島県,,,,,,,ネイルサロン関連サービス,営業中（推定）,,未収集,収集元推奨: JNA（日本ネイリスト協会）会員 / ホットペッパービューティー
8136,,ネイルサロン,,鹿児島県,,,,,,,ネイルサロン関連サービス,営業中（推定）,,未収集,収集元推奨: JNA（日本ネイリスト協会）会員 / ホットペッパービューティー
8137,,ネイルサロン,,鹿児島県,,,,,,,ネイルサロン関連サービス,営業中（推定）,,未収集,収集元推奨: JNA（日本ネイリスト協会）会員 / ホットペッパービューティー
8138,,ネイルサロン,,鹿児島県,,,,,,,ネイルサロン関連サービス,営業中（推定）,,未収集,収集元推奨: JNA（日本ネイリスト協会）会員 / ホットペッパービューティー
8139,,ネイルサロン,,鹿児島県,,,,,,,ネイルサロン関連サービス,営業中（推定）,,未収集,収集元推奨: JNA（日本ネイリスト協会）会員 / ホットペッパービューティー
8140,,ネイルサロン,,鹿児島県,,,,,,,ネイルサロン関連サービス,営業中（推定）,,未収集,収集元推奨: JNA（日本ネイリスト協会）会員 / ホットペッパービューティー
8141,,ネイルサロン,,鹿児島県,,,,,,,ネイルサロン関連サービス,営業中（推定）,,未収集,収集元推奨: JNA（日本ネイリスト協会）会員 / ホットペッパービューティー
8142,,ネイルサロン,,鹿児島県,,,,,,,ネイルサロン関連サービス,営業中（推定）,,未収集,収集元推奨: JNA（日本ネイリスト協会）会員 / ホットペッパービューティー
8143,,ネイルサロン,,鹿児島県,,,,,,,ネイルサロン関連サービス,営業中（推定）,,未収集,収集元推奨: JNA（日本ネイリスト協会）会員 / ホットペッパービューティー
8144,,ネイルサロン,,鹿児島県,,,,,,,ネイルサロン関連サービス,営業中（推定）,,未収集,収集元推奨: JNA（日本ネイリスト協会）会員 / ホットペッパービューティー
8145,,ネイルサロン,,鹿児島県,,,,,,,ネイルサロン関連サービス,営業中（推定）,,未収集,収集元推奨: JNA（日本ネイリスト協会）会員 / ホットペッパービューティー
8146,,ネイルサロン,,鹿児島県,,,,,,,ネイルサロン関連サービス,営業中（推定）,,未収集,収集元推奨: JNA（日本ネイリスト協会）会員 / ホットペッパービューティー
8147,,ネイルサロン,,鹿児島県,,,,,,,ネイルサロン関連サービス,営業中（推定）,,未収集,収集元推奨: JNA（日本ネイリスト協会）会員 / ホットペッパービューティー
8148,,美容整体・小顔矯正,,鹿児島県,,,,,,,美容整体 小顔矯正関連サービス,営業中（推定）,,未収集,収集元推奨: エキテン・ホットペッパービューティー / iタウンページ「整体」
8149,,美容整体・小顔矯正,,鹿児島県,,,,,,,美容整体 小顔矯正関連サービス,営業中（推定）,,未収集,収集元推奨: エキテン・ホットペッパービューティー / iタウンページ「整体」
8150,,美容整体・小顔矯正,,鹿児島県,,,,,,,美容整体 小顔矯正関連サービス,営業中（推定）,,未収集,収集元推奨: エキテン・ホットペッパービューティー / iタウンページ「整体」
8151,,美容整体・小顔矯正,,鹿児島県,,,,,,,美容整体 小顔矯正関連サービス,営業中（推定）,,未収集,収集元推奨: エキテン・ホットペッパービューティー / iタウンページ「整体」
8152,,美容整体・小顔矯正,,鹿児島県,,,,,,,美容整体 小顔矯正関連サービス,営業中（推定）,,未収集,収集元推奨: エキテン・ホットペッパービューティー / iタウンページ「整体」
8153,,美容整体・小顔矯正,,鹿児島県,,,,,,,美容整体 小顔矯正関連サービス,営業中（推定）,,未収集,収集元推奨: エキテン・ホットペッパービューティー / iタウンページ「整体」
8154,,美容整体・小顔矯正,,鹿児島県,,,,,,,美容整体 小顔矯正関連サービス,営業中（推定）,,未収集,収集元推奨: エキテン・ホットペッパービューティー / iタウンページ「整体」
8155,,美容整体・小顔矯正,,鹿児島県,,,,,,,美容整体 小顔矯正関連サービス,営業中（推定）,,未収集,収集元推奨: エキテン・ホットペッパービューティー / iタウンページ「整体」
8156,,美容整体・小顔矯正,,鹿児島県,,,,,,,美容整体 小顔矯正関連サービス,営業中（推定）,,未収集,収集元推奨: エキテン・ホットペッパービューティー / iタウンページ「整体」
8157,,美容鍼灸院,,鹿児島県,,,,,,,美容鍼灸院関連サービス,営業中（推定）,,未収集,収集元推奨: 日本鍼灸師会地方師会会員名簿 / 鍼灸ポータルサイト
8158,,美容鍼灸院,,鹿児島県,,,,,,,美容鍼灸院関連サービス,営業中（推定）,,未収集,収集元推奨: 日本鍼灸師会地方師会会員名簿 / 鍼灸ポータルサイト
8159,,美容鍼灸院,,鹿児島県,,,,,,,美容鍼灸院関連サービス,営業中（推定）,,未収集,収集元推奨: 日本鍼灸師会地方師会会員名簿 / 鍼灸ポータルサイト
8160,,美容鍼灸院,,鹿児島県,,,,,,,美容鍼灸院関連サービス,営業中（推定）,,未収集,収集元推奨: 日本鍼灸師会地方師会会員名簿 / 鍼灸ポータルサイト
8161,,美容鍼灸院,,鹿児島県,,,,,,,美容鍼灸院関連サービス,営業中（推定）,,未収集,収集元推奨: 日本鍼灸師会地方師会会員名簿 / 鍼灸ポータルサイト
8162,,美容鍼灸院,,鹿児島県,,,,,,,美容鍼灸院関連サービス,営業中（推定）,,未収集,収集元推奨: 日本鍼灸師会地方師会会員名簿 / 鍼灸ポータルサイト
8163,,美容鍼灸院,,鹿児島県,,,,,,,美容鍼灸院関連サービス,営業中（推定）,,未収集,収集元推奨: 日本鍼灸師会地方師会会員名簿 / 鍼灸ポータルサイト
8164,,アロマ・リラクゼーション,,鹿児島県,,,,,,,アロマ リラクゼーション関連サービス,営業中（推定）,,未収集,収集元推奨: AEAJ認定サロン一覧 / ホットペッパービューティー
8165,,アロマ・リラクゼーション,,鹿児島県,,,,,,,アロマ リラクゼーション関連サービス,営業中（推定）,,未収集,収集元推奨: AEAJ認定サロン一覧 / ホットペッパービューティー
8166,,アロマ・リラクゼーション,,鹿児島県,,,,,,,アロマ リラクゼーション関連サービス,営業中（推定）,,未収集,収集元推奨: AEAJ認定サロン一覧 / ホットペッパービューティー
8167,,アロマ・リラクゼーション,,鹿児島県,,,,,,,アロマ リラクゼーション関連サービス,営業中（推定）,,未収集,収集元推奨: AEAJ認定サロン一覧 / ホットペッパービューティー
8168,,アロマ・リラクゼーション,,鹿児島県,,,,,,,アロマ リラクゼーション関連サービス,営業中（推定）,,未収集,収集元推奨: AEAJ認定サロン一覧 / ホットペッパービューティー
8169,,アロマ・リラクゼーション,,鹿児島県,,,,,,,アロマ リラクゼーション関連サービス,営業中（推定）,,未収集,収集元推奨: AEAJ認定サロン一覧 / ホットペッパービューティー
8170,,アロマ・リラクゼーション,,鹿児島県,,,,,,,アロマ リラクゼーション関連サービス,営業中（推定）,,未収集,収集元推奨: AEAJ認定サロン一覧 / ホットペッパービューティー
8171,,美容クリニック,,鹿児島県,,,,,,,美容クリニック関連サービス,営業中（推定）,,未収集,収集元推奨: 日本美容外科学会(JSAS)会員 / 各クリニック公式サイト
8172,,美容クリニック,,鹿児島県,,,,,,,美容クリニック関連サービス,営業中（推定）,,未収集,収集元推奨: 日本美容外科学会(JSAS)会員 / 各クリニック公式サイト
8173,,美容クリニック,,鹿児島県,,,,,,,美容クリニック関連サービス,営業中（推定）,,未収集,収集元推奨: 日本美容外科学会(JSAS)会員 / 各クリニック公式サイト
8174,,美容クリニック,,鹿児島県,,,,,,,美容クリニック関連サービス,営業中（推定）,,未収集,収集元推奨: 日本美容外科学会(JSAS)会員 / 各クリニック公式サイト
8175,,美容クリニック,,鹿児島県,,,,,,,美容クリニック関連サービス,営業中（推定）,,未収集,収集元推奨: 日本美容外科学会(JSAS)会員 / 各クリニック公式サイト
8176,,美容クリニック,,鹿児島県,,,,,,,美容クリニック関連サービス,営業中（推定）,,未収集,収集元推奨: 日本美容外科学会(JSAS)会員 / 各クリニック公式サイト
8177,,美容クリニック,,鹿児島県,,,,,,,美容クリニック関連サービス,営業中（推定）,,未収集,収集元推奨: 日本美容外科学会(JSAS)会員 / 各クリニック公式サイト
8178,,美容機器メーカー・ディーラー,,鹿児島県,,,,,,,美容機器メーカー ディーラー関連サービス,営業中（推定）,,未収集,収集元推奨: BeautyWorld Japan展示会出展者一覧 / 国税庁法人番号DB
8179,,美容機器メーカー・ディーラー,,鹿児島県,,,,,,,美容機器メーカー ディーラー関連サービス,営業中（推定）,,未収集,収集元推奨: BeautyWorld Japan展示会出展者一覧 / 国税庁法人番号DB
8180,,美容機器メーカー・ディーラー,,鹿児島県,,,,,,,美容機器メーカー ディーラー関連サービス,営業中（推定）,,未収集,収集元推奨: BeautyWorld Japan展示会出展者一覧 / 国税庁法人番号DB
8181,,美容機器メーカー・ディーラー,,鹿児島県,,,,,,,美容機器メーカー ディーラー関連サービス,営業中（推定）,,未収集,収集元推奨: BeautyWorld Japan展示会出展者一覧 / 国税庁法人番号DB
8182,,美容機器メーカー・ディーラー,,鹿児島県,,,,,,,美容機器メーカー ディーラー関連サービス,営業中（推定）,,未収集,収集元推奨: BeautyWorld Japan展示会出展者一覧 / 国税庁法人番号DB
8183,,化粧品メーカー,,鹿児島県,,,,,,,化粧品メーカー関連サービス,営業中（推定）,,未収集,収集元推奨: 日本化粧品工業会(JCIA)会員 / 国税庁法人番号DB
8184,,化粧品メーカー,,鹿児島県,,,,,,,化粧品メーカー関連サービス,営業中（推定）,,未収集,収集元推奨: 日本化粧品工業会(JCIA)会員 / 国税庁法人番号DB
8185,,化粧品メーカー,,鹿児島県,,,,,,,化粧品メーカー関連サービス,営業中（推定）,,未収集,収集元推奨: 日本化粧品工業会(JCIA)会員 / 国税庁法人番号DB
8186,,化粧品メーカー,,鹿児島県,,,,,,,化粧品メーカー関連サービス,営業中（推定）,,未収集,収集元推奨: 日本化粧品工業会(JCIA)会員 / 国税庁法人番号DB
8187,,化粧品メーカー,,鹿児島県,,,,,,,化粧品メーカー関連サービス,営業中（推定）,,未収集,収集元推奨: 日本化粧品工業会(JCIA)会員 / 国税庁法人番号DB
8188,,化粧品メーカー,,鹿児島県,,,,,,,化粧品メーカー関連サービス,営業中（推定）,,未収集,収集元推奨: 日本化粧品工業会(JCIA)会員 / 国税庁法人番号DB
8189,,化粧品メーカー,,鹿児島県,,,,,,,化粧品メーカー関連サービス,営業中（推定）,,未収集,収集元推奨: 日本化粧品工業会(JCIA)会員 / 国税庁法人番号DB
8190,,ヘアサロン・サロンオーナー,,鹿児島県,,,,,,,ヘアサロン サロンオーナー関連サービス,営業中（推定）,,未収集,収集元推奨: ホットペッパービューティー / 美容師会 / iタウンページ
8191,,ヘアサロン・サロンオーナー,,鹿児島県,,,,,,,ヘアサロン サロンオーナー関連サービス,営業中（推定）,,未収集,収集元推奨: ホットペッパービューティー / 美容師会 / iタウンページ
8192,,ヘアサロン・サロンオーナー,,鹿児島県,,,,,,,ヘアサロン サロンオーナー関連サービス,営業中（推定）,,未収集,収集元推奨: ホットペッパービューティー / 美容師会 / iタウンページ
8193,,ヘアサロン・サロンオーナー,,鹿児島県,,,,,,,ヘアサロン サロンオーナー関連サービス,営業中（推定）,,未収集,収集元推奨: ホットペッパービューティー / 美容師会 / iタウンページ
8194,,ヘアサロン・サロンオーナー,,鹿児島県,,,,,,,ヘアサロン サロンオーナー関連サービス,営業中（推定）,,未収集,収集元推奨: ホットペッパービューティー / 美容師会 / iタウンページ
8195,,ヘアサロン・サロンオーナー,,鹿児島県,,,,,,,ヘアサロン サロンオーナー関連サービス,営業中（推定）,,未収集,収集元推奨: ホットペッパービューティー / 美容師会 / iタウンページ
8196,,ヘアサロン・サロンオーナー,,鹿児島県,,,,,,,ヘアサロン サロンオーナー関連サービス,営業中（推定）,,未収集,収集元推奨: ホットペッパービューティー / 美容師会 / iタウンページ
8197,,IT・AI×美容,,鹿児島県,,,,,,,IT AI×美容関連サービス,営業中（推定）,,未収集,収集元推奨: スタートアップDB / PRTIMES / 展示会(BeautyTech系)
8198,,IT・AI×美容,,鹿児島県,,,,,,,IT AI×美容関連サービス,営業中（推定）,,未収集,収集元推奨: スタートアップDB / PRTIMES / 展示会(BeautyTech系)
8199,,IT・AI×美容,,鹿児島県,,,,,,,IT AI×美容関連サービス,営業中（推定）,,未収集,収集元推奨: スタートアップDB / PRTIMES / 展示会(BeautyTech系)
8200,,IT・AI×美容,,鹿児島県,,,,,,,IT AI×美容関連サービス,営業中（推定）,,未収集,収集元推奨: スタートアップDB / PRTIMES / 展示会(BeautyTech系)
8201,,IT・AI×美容,,鹿児島県,,,,,,,IT AI×美容関連サービス,営業中（推定）,,未収集,収集元推奨: スタートアップDB / PRTIMES / 展示会(BeautyTech系)
8202,,IT・AI×美容,,鹿児島県,,,,,,,IT AI×美容関連サービス,営業中（推定）,,未収集,収集元推奨: スタートアップDB / PRTIMES / 展示会(BeautyTech系)
8203,,IT・AI×美容,,鹿児島県,,,,,,,IT AI×美容関連サービス,営業中（推定）,,未収集,収集元推奨: スタートアップDB / PRTIMES / 展示会(BeautyTech系)
8204,,IT・AI×美容,,鹿児島県,,,,,,,IT AI×美容関連サービス,営業中（推定）,,未収集,収集元推奨: スタートアップDB / PRTIMES / 展示会(BeautyTech系)
8205,,IT・AI×美容,,鹿児島県,,,,,,,IT AI×美容関連サービス,営業中（推定）,,未収集,収集元推奨: スタートアップDB / PRTIMES / 展示会(BeautyTech系)
8206,,エステサロン,,長野県,,,,,,,エステサロン関連サービス,営業中（推定）,,未収集,収集元推奨: ホットペッパービューティー掲載企業公式サイト / 日本エステティック協会会員
8207,,エステサロン,,長野県,,,,,,,エステサロン関連サービス,営業中（推定）,,未収集,収集元推奨: ホットペッパービューティー掲載企業公式サイト / 日本エステティック協会会員
8208,,エステサロン,,長野県,,,,,,,エステサロン関連サービス,営業中（推定）,,未収集,収集元推奨: ホットペッパービューティー掲載企業公式サイト / 日本エステティック協会会員
8209,,エステサロン,,長野県,,,,,,,エステサロン関連サービス,営業中（推定）,,未収集,収集元推奨: ホットペッパービューティー掲載企業公式サイト / 日本エステティック協会会員
8210,,エステサロン,,長野県,,,,,,,エステサロン関連サービス,営業中（推定）,,未収集,収集元推奨: ホットペッパービューティー掲載企業公式サイト / 日本エステティック協会会員
8211,,エステサロン,,長野県,,,,,,,エステサロン関連サービス,営業中（推定）,,未収集,収集元推奨: ホットペッパービューティー掲載企業公式サイト / 日本エステティック協会会員
8212,,エステサロン,,長野県,,,,,,,エステサロン関連サービス,営業中（推定）,,未収集,収集元推奨: ホットペッパービューティー掲載企業公式サイト / 日本エステティック協会会員
8213,,エステサロン,,長野県,,,,,,,エステサロン関連サービス,営業中（推定）,,未収集,収集元推奨: ホットペッパービューティー掲載企業公式サイト / 日本エステティック協会会員
8214,,エステサロン,,長野県,,,,,,,エステサロン関連サービス,営業中（推定）,,未収集,収集元推奨: ホットペッパービューティー掲載企業公式サイト / 日本エステティック協会会員
8215,,エステサロン,,長野県,,,,,,,エステサロン関連サービス,営業中（推定）,,未収集,収集元推奨: ホットペッパービューティー掲載企業公式サイト / 日本エステティック協会会員
8216,,エステサロン,,長野県,,,,,,,エステサロン関連サービス,営業中（推定）,,未収集,収集元推奨: ホットペッパービューティー掲載企業公式サイト / 日本エステティック協会会員
8217,,エステサロン,,長野県,,,,,,,エステサロン関連サービス,営業中（推定）,,未収集,収集元推奨: ホットペッパービューティー掲載企業公式サイト / 日本エステティック協会会員
8218,,エステサロン,,長野県,,,,,,,エステサロン関連サービス,営業中（推定）,,未収集,収集元推奨: ホットペッパービューティー掲載企業公式サイト / 日本エステティック協会会員
8219,,エステサロン,,長野県,,,,,,,エステサロン関連サービス,営業中（推定）,,未収集,収集元推奨: ホットペッパービューティー掲載企業公式サイト / 日本エステティック協会会員
8220,,エステサロン,,長野県,,,,,,,エステサロン関連サービス,営業中（推定）,,未収集,収集元推奨: ホットペッパービューティー掲載企業公式サイト / 日本エステティック協会会員
8221,,エステサロン,,長野県,,,,,,,エステサロン関連サービス,営業中（推定）,,未収集,収集元推奨: ホットペッパービューティー掲載企業公式サイト / 日本エステティック協会会員
8222,,ネイルサロン,,長野県,,,,,,,ネイルサロン関連サービス,営業中（推定）,,未収集,収集元推奨: JNA（日本ネイリスト協会）会員 / ホットペッパービューティー
8223,,ネイルサロン,,長野県,,,,,,,ネイルサロン関連サービス,営業中（推定）,,未収集,収集元推奨: JNA（日本ネイリスト協会）会員 / ホットペッパービューティー
8224,,ネイルサロン,,長野県,,,,,,,ネイルサロン関連サービス,営業中（推定）,,未収集,収集元推奨: JNA（日本ネイリスト協会）会員 / ホットペッパービューティー
8225,,ネイルサロン,,長野県,,,,,,,ネイルサロン関連サービス,営業中（推定）,,未収集,収集元推奨: JNA（日本ネイリスト協会）会員 / ホットペッパービューティー
8226,,ネイルサロン,,長野県,,,,,,,ネイルサロン関連サービス,営業中（推定）,,未収集,収集元推奨: JNA（日本ネイリスト協会）会員 / ホットペッパービューティー
8227,,ネイルサロン,,長野県,,,,,,,ネイルサロン関連サービス,営業中（推定）,,未収集,収集元推奨: JNA（日本ネイリスト協会）会員 / ホットペッパービューティー
8228,,ネイルサロン,,長野県,,,,,,,ネイルサロン関連サービス,営業中（推定）,,未収集,収集元推奨: JNA（日本ネイリスト協会）会員 / ホットペッパービューティー
8229,,ネイルサロン,,長野県,,,,,,,ネイルサロン関連サービス,営業中（推定）,,未収集,収集元推奨: JNA（日本ネイリスト協会）会員 / ホットペッパービューティー
8230,,ネイルサロン,,長野県,,,,,,,ネイルサロン関連サービス,営業中（推定）,,未収集,収集元推奨: JNA（日本ネイリスト協会）会員 / ホットペッパービューティー
8231,,ネイルサロン,,長野県,,,,,,,ネイルサロン関連サービス,営業中（推定）,,未収集,収集元推奨: JNA（日本ネイリスト協会）会員 / ホットペッパービューティー
8232,,ネイルサロン,,長野県,,,,,,,ネイルサロン関連サービス,営業中（推定）,,未収集,収集元推奨: JNA（日本ネイリスト協会）会員 / ホットペッパービューティー
8233,,ネイルサロン,,長野県,,,,,,,ネイルサロン関連サービス,営業中（推定）,,未収集,収集元推奨: JNA（日本ネイリスト協会）会員 / ホットペッパービューティー
8234,,美容整体・小顔矯正,,長野県,,,,,,,美容整体 小顔矯正関連サービス,営業中（推定）,,未収集,収集元推奨: エキテン・ホットペッパービューティー / iタウンページ「整体」
8235,,美容整体・小顔矯正,,長野県,,,,,,,美容整体 小顔矯正関連サービス,営業中（推定）,,未収集,収集元推奨: エキテン・ホットペッパービューティー / iタウンページ「整体」
8236,,美容整体・小顔矯正,,長野県,,,,,,,美容整体 小顔矯正関連サービス,営業中（推定）,,未収集,収集元推奨: エキテン・ホットペッパービューティー / iタウンページ「整体」
8237,,美容整体・小顔矯正,,長野県,,,,,,,美容整体 小顔矯正関連サービス,営業中（推定）,,未収集,収集元推奨: エキテン・ホットペッパービューティー / iタウンページ「整体」
8238,,美容整体・小顔矯正,,長野県,,,,,,,美容整体 小顔矯正関連サービス,営業中（推定）,,未収集,収集元推奨: エキテン・ホットペッパービューティー / iタウンページ「整体」
8239,,美容整体・小顔矯正,,長野県,,,,,,,美容整体 小顔矯正関連サービス,営業中（推定）,,未収集,収集元推奨: エキテン・ホットペッパービューティー / iタウンページ「整体」
8240,,美容整体・小顔矯正,,長野県,,,,,,,美容整体 小顔矯正関連サービス,営業中（推定）,,未収集,収集元推奨: エキテン・ホットペッパービューティー / iタウンページ「整体」
8241,,美容整体・小顔矯正,,長野県,,,,,,,美容整体 小顔矯正関連サービス,営業中（推定）,,未収集,収集元推奨: エキテン・ホットペッパービューティー / iタウンページ「整体」
8242,,美容鍼灸院,,長野県,,,,,,,美容鍼灸院関連サービス,営業中（推定）,,未収集,収集元推奨: 日本鍼灸師会地方師会会員名簿 / 鍼灸ポータルサイト
8243,,美容鍼灸院,,長野県,,,,,,,美容鍼灸院関連サービス,営業中（推定）,,未収集,収集元推奨: 日本鍼灸師会地方師会会員名簿 / 鍼灸ポータルサイト
8244,,美容鍼灸院,,長野県,,,,,,,美容鍼灸院関連サービス,営業中（推定）,,未収集,収集元推奨: 日本鍼灸師会地方師会会員名簿 / 鍼灸ポータルサイト
8245,,美容鍼灸院,,長野県,,,,,,,美容鍼灸院関連サービス,営業中（推定）,,未収集,収集元推奨: 日本鍼灸師会地方師会会員名簿 / 鍼灸ポータルサイト
8246,,美容鍼灸院,,長野県,,,,,,,美容鍼灸院関連サービス,営業中（推定）,,未収集,収集元推奨: 日本鍼灸師会地方師会会員名簿 / 鍼灸ポータルサイト
8247,,美容鍼灸院,,長野県,,,,,,,美容鍼灸院関連サービス,営業中（推定）,,未収集,収集元推奨: 日本鍼灸師会地方師会会員名簿 / 鍼灸ポータルサイト
8248,,アロマ・リラクゼーション,,長野県,,,,,,,アロマ リラクゼーション関連サービス,営業中（推定）,,未収集,収集元推奨: AEAJ認定サロン一覧 / ホットペッパービューティー
8249,,アロマ・リラクゼーション,,長野県,,,,,,,アロマ リラクゼーション関連サービス,営業中（推定）,,未収集,収集元推奨: AEAJ認定サロン一覧 / ホットペッパービューティー
8250,,アロマ・リラクゼーション,,長野県,,,,,,,アロマ リラクゼーション関連サービス,営業中（推定）,,未収集,収集元推奨: AEAJ認定サロン一覧 / ホットペッパービューティー
8251,,アロマ・リラクゼーション,,長野県,,,,,,,アロマ リラクゼーション関連サービス,営業中（推定）,,未収集,収集元推奨: AEAJ認定サロン一覧 / ホットペッパービューティー
8252,,アロマ・リラクゼーション,,長野県,,,,,,,アロマ リラクゼーション関連サービス,営業中（推定）,,未収集,収集元推奨: AEAJ認定サロン一覧 / ホットペッパービューティー
8253,,アロマ・リラクゼーション,,長野県,,,,,,,アロマ リラクゼーション関連サービス,営業中（推定）,,未収集,収集元推奨: AEAJ認定サロン一覧 / ホットペッパービューティー
8254,,美容クリニック,,長野県,,,,,,,美容クリニック関連サービス,営業中（推定）,,未収集,収集元推奨: 日本美容外科学会(JSAS)会員 / 各クリニック公式サイト
8255,,美容クリニック,,長野県,,,,,,,美容クリニック関連サービス,営業中（推定）,,未収集,収集元推奨: 日本美容外科学会(JSAS)会員 / 各クリニック公式サイト
8256,,美容クリニック,,長野県,,,,,,,美容クリニック関連サービス,営業中（推定）,,未収集,収集元推奨: 日本美容外科学会(JSAS)会員 / 各クリニック公式サイト
8257,,美容クリニック,,長野県,,,,,,,美容クリニック関連サービス,営業中（推定）,,未収集,収集元推奨: 日本美容外科学会(JSAS)会員 / 各クリニック公式サイト
8258,,美容クリニック,,長野県,,,,,,,美容クリニック関連サービス,営業中（推定）,,未収集,収集元推奨: 日本美容外科学会(JSAS)会員 / 各クリニック公式サイト
8259,,美容クリニック,,長野県,,,,,,,美容クリニック関連サービス,営業中（推定）,,未収集,収集元推奨: 日本美容外科学会(JSAS)会員 / 各クリニック公式サイト
8260,,美容機器メーカー・ディーラー,,長野県,,,,,,,美容機器メーカー ディーラー関連サービス,営業中（推定）,,未収集,収集元推奨: BeautyWorld Japan展示会出展者一覧 / 国税庁法人番号DB
8261,,美容機器メーカー・ディーラー,,長野県,,,,,,,美容機器メーカー ディーラー関連サービス,営業中（推定）,,未収集,収集元推奨: BeautyWorld Japan展示会出展者一覧 / 国税庁法人番号DB
8262,,美容機器メーカー・ディーラー,,長野県,,,,,,,美容機器メーカー ディーラー関連サービス,営業中（推定）,,未収集,収集元推奨: BeautyWorld Japan展示会出展者一覧 / 国税庁法人番号DB
8263,,美容機器メーカー・ディーラー,,長野県,,,,,,,美容機器メーカー ディーラー関連サービス,営業中（推定）,,未収集,収集元推奨: BeautyWorld Japan展示会出展者一覧 / 国税庁法人番号DB
8264,,美容機器メーカー・ディーラー,,長野県,,,,,,,美容機器メーカー ディーラー関連サービス,営業中（推定）,,未収集,収集元推奨: BeautyWorld Japan展示会出展者一覧 / 国税庁法人番号DB
8265,,化粧品メーカー,,長野県,,,,,,,化粧品メーカー関連サービス,営業中（推定）,,未収集,収集元推奨: 日本化粧品工業会(JCIA)会員 / 国税庁法人番号DB
8266,,化粧品メーカー,,長野県,,,,,,,化粧品メーカー関連サービス,営業中（推定）,,未収集,収集元推奨: 日本化粧品工業会(JCIA)会員 / 国税庁法人番号DB
8267,,化粧品メーカー,,長野県,,,,,,,化粧品メーカー関連サービス,営業中（推定）,,未収集,収集元推奨: 日本化粧品工業会(JCIA)会員 / 国税庁法人番号DB
8268,,化粧品メーカー,,長野県,,,,,,,化粧品メーカー関連サービス,営業中（推定）,,未収集,収集元推奨: 日本化粧品工業会(JCIA)会員 / 国税庁法人番号DB
8269,,化粧品メーカー,,長野県,,,,,,,化粧品メーカー関連サービス,営業中（推定）,,未収集,収集元推奨: 日本化粧品工業会(JCIA)会員 / 国税庁法人番号DB
8270,,化粧品メーカー,,長野県,,,,,,,化粧品メーカー関連サービス,営業中（推定）,,未収集,収集元推奨: 日本化粧品工業会(JCIA)会員 / 国税庁法人番号DB
8271,,ヘアサロン・サロンオーナー,,長野県,,,,,,,ヘアサロン サロンオーナー関連サービス,営業中（推定）,,未収集,収集元推奨: ホットペッパービューティー / 美容師会 / iタウンページ
8272,,ヘアサロン・サロンオーナー,,長野県,,,,,,,ヘアサロン サロンオーナー関連サービス,営業中（推定）,,未収集,収集元推奨: ホットペッパービューティー / 美容師会 / iタウンページ
8273,,ヘアサロン・サロンオーナー,,長野県,,,,,,,ヘアサロン サロンオーナー関連サービス,営業中（推定）,,未収集,収集元推奨: ホットペッパービューティー / 美容師会 / iタウンページ
8274,,ヘアサロン・サロンオーナー,,長野県,,,,,,,ヘアサロン サロンオーナー関連サービス,営業中（推定）,,未収集,収集元推奨: ホットペッパービューティー / 美容師会 / iタウンページ
8275,,ヘアサロン・サロンオーナー,,長野県,,,,,,,ヘアサロン サロンオーナー関連サービス,営業中（推定）,,未収集,収集元推奨: ホットペッパービューティー / 美容師会 / iタウンページ
8276,,ヘアサロン・サロンオーナー,,長野県,,,,,,,ヘアサロン サロンオーナー関連サービス,営業中（推定）,,未収集,収集元推奨: ホットペッパービューティー / 美容師会 / iタウンページ
8277,,IT・AI×美容,,長野県,,,,,,,IT AI×美容関連サービス,営業中（推定）,,未収集,収集元推奨: スタートアップDB / PRTIMES / 展示会(BeautyTech系)
8278,,IT・AI×美容,,長野県,,,,,,,IT AI×美容関連サービス,営業中（推定）,,未収集,収集元推奨: スタートアップDB / PRTIMES / 展示会(BeautyTech系)
8279,,IT・AI×美容,,長野県,,,,,,,IT AI×美容関連サービス,営業中（推定）,,未収集,収集元推奨: スタートアップDB / PRTIMES / 展示会(BeautyTech系)
8280,,IT・AI×美容,,長野県,,,,,,,IT AI×美容関連サービス,営業中（推定）,,未収集,収集元推奨: スタートアップDB / PRTIMES / 展示会(BeautyTech系)
8281,,IT・AI×美容,,長野県,,,,,,,IT AI×美容関連サービス,営業中（推定）,,未収集,収集元推奨: スタートアップDB / PRTIMES / 展示会(BeautyTech系)
8282,,IT・AI×美容,,長野県,,,,,,,IT AI×美容関連サービス,営業中（推定）,,未収集,収集元推奨: スタートアップDB / PRTIMES / 展示会(BeautyTech系)
8283,,IT・AI×美容,,長野県,,,,,,,IT AI×美容関連サービス,営業中（推定）,,未収集,収集元推奨: スタートアップDB / PRTIMES / 展示会(BeautyTech系)
8284,,IT・AI×美容,,長野県,,,,,,,IT AI×美容関連サービス,営業中（推定）,,未収集,収集元推奨: スタートアップDB / PRTIMES / 展示会(BeautyTech系)
8285,,IT・AI×美容,,長野県,,,,,,,IT AI×美容関連サービス,営業中（推定）,,未収集,収集元推奨: スタートアップDB / PRTIMES / 展示会(BeautyTech系)
8286,,エステサロン,,群馬県,,,,,,,エステサロン関連サービス,営業中（推定）,,未収集,収集元推奨: ホットペッパービューティー掲載企業公式サイト / 日本エステティック協会会員
8287,,エステサロン,,群馬県,,,,,,,エステサロン関連サービス,営業中（推定）,,未収集,収集元推奨: ホットペッパービューティー掲載企業公式サイト / 日本エステティック協会会員
8288,,エステサロン,,群馬県,,,,,,,エステサロン関連サービス,営業中（推定）,,未収集,収集元推奨: ホットペッパービューティー掲載企業公式サイト / 日本エステティック協会会員
8289,,エステサロン,,群馬県,,,,,,,エステサロン関連サービス,営業中（推定）,,未収集,収集元推奨: ホットペッパービューティー掲載企業公式サイト / 日本エステティック協会会員
8290,,エステサロン,,群馬県,,,,,,,エステサロン関連サービス,営業中（推定）,,未収集,収集元推奨: ホットペッパービューティー掲載企業公式サイト / 日本エステティック協会会員
8291,,エステサロン,,群馬県,,,,,,,エステサロン関連サービス,営業中（推定）,,未収集,収集元推奨: ホットペッパービューティー掲載企業公式サイト / 日本エステティック協会会員
8292,,エステサロン,,群馬県,,,,,,,エステサロン関連サービス,営業中（推定）,,未収集,収集元推奨: ホットペッパービューティー掲載企業公式サイト / 日本エステティック協会会員
8293,,エステサロン,,群馬県,,,,,,,エステサロン関連サービス,営業中（推定）,,未収集,収集元推奨: ホットペッパービューティー掲載企業公式サイト / 日本エステティック協会会員
8294,,エステサロン,,群馬県,,,,,,,エステサロン関連サービス,営業中（推定）,,未収集,収集元推奨: ホットペッパービューティー掲載企業公式サイト / 日本エステティック協会会員
8295,,エステサロン,,群馬県,,,,,,,エステサロン関連サービス,営業中（推定）,,未収集,収集元推奨: ホットペッパービューティー掲載企業公式サイト / 日本エステティック協会会員
8296,,エステサロン,,群馬県,,,,,,,エステサロン関連サービス,営業中（推定）,,未収集,収集元推奨: ホットペッパービューティー掲載企業公式サイト / 日本エステティック協会会員
8297,,エステサロン,,群馬県,,,,,,,エステサロン関連サービス,営業中（推定）,,未収集,収集元推奨: ホットペッパービューティー掲載企業公式サイト / 日本エステティック協会会員
8298,,エステサロン,,群馬県,,,,,,,エステサロン関連サービス,営業中（推定）,,未収集,収集元推奨: ホットペッパービューティー掲載企業公式サイト / 日本エステティック協会会員
8299,,エステサロン,,群馬県,,,,,,,エステサロン関連サービス,営業中（推定）,,未収集,収集元推奨: ホットペッパービューティー掲載企業公式サイト / 日本エステティック協会会員
8300,,エステサロン,,群馬県,,,,,,,エステサロン関連サービス,営業中（推定）,,未収集,収集元推奨: ホットペッパービューティー掲載企業公式サイト / 日本エステティック協会会員
8301,,エステサロン,,群馬県,,,,,,,エステサロン関連サービス,営業中（推定）,,未収集,収集元推奨: ホットペッパービューティー掲載企業公式サイト / 日本エステティック協会会員
8302,,ネイルサロン,,群馬県,,,,,,,ネイルサロン関連サービス,営業中（推定）,,未収集,収集元推奨: JNA（日本ネイリスト協会）会員 / ホットペッパービューティー
8303,,ネイルサロン,,群馬県,,,,,,,ネイルサロン関連サービス,営業中（推定）,,未収集,収集元推奨: JNA（日本ネイリスト協会）会員 / ホットペッパービューティー
8304,,ネイルサロン,,群馬県,,,,,,,ネイルサロン関連サービス,営業中（推定）,,未収集,収集元推奨: JNA（日本ネイリスト協会）会員 / ホットペッパービューティー
8305,,ネイルサロン,,群馬県,,,,,,,ネイルサロン関連サービス,営業中（推定）,,未収集,収集元推奨: JNA（日本ネイリスト協会）会員 / ホットペッパービューティー
8306,,ネイルサロン,,群馬県,,,,,,,ネイルサロン関連サービス,営業中（推定）,,未収集,収集元推奨: JNA（日本ネイリスト協会）会員 / ホットペッパービューティー
8307,,ネイルサロン,,群馬県,,,,,,,ネイルサロン関連サービス,営業中（推定）,,未収集,収集元推奨: JNA（日本ネイリスト協会）会員 / ホットペッパービューティー
8308,,ネイルサロン,,群馬県,,,,,,,ネイルサロン関連サービス,営業中（推定）,,未収集,収集元推奨: JNA（日本ネイリスト協会）会員 / ホットペッパービューティー
8309,,ネイルサロン,,群馬県,,,,,,,ネイルサロン関連サービス,営業中（推定）,,未収集,収集元推奨: JNA（日本ネイリスト協会）会員 / ホットペッパービューティー
8310,,ネイルサロン,,群馬県,,,,,,,ネイルサロン関連サービス,営業中（推定）,,未収集,収集元推奨: JNA（日本ネイリスト協会）会員 / ホットペッパービューティー
8311,,ネイルサロン,,群馬県,,,,,,,ネイルサロン関連サービス,営業中（推定）,,未収集,収集元推奨: JNA（日本ネイリスト協会）会員 / ホットペッパービューティー
8312,,ネイルサロン,,群馬県,,,,,,,ネイルサロン関連サービス,営業中（推定）,,未収集,収集元推奨: JNA（日本ネイリスト協会）会員 / ホットペッパービューティー
8313,,ネイルサロン,,群馬県,,,,,,,ネイルサロン関連サービス,営業中（推定）,,未収集,収集元推奨: JNA（日本ネイリスト協会）会員 / ホットペッパービューティー
8314,,美容整体・小顔矯正,,群馬県,,,,,,,美容整体 小顔矯正関連サービス,営業中（推定）,,未収集,収集元推奨: エキテン・ホットペッパービューティー / iタウンページ「整体」
8315,,美容整体・小顔矯正,,群馬県,,,,,,,美容整体 小顔矯正関連サービス,営業中（推定）,,未収集,収集元推奨: エキテン・ホットペッパービューティー / iタウンページ「整体」
8316,,美容整体・小顔矯正,,群馬県,,,,,,,美容整体 小顔矯正関連サービス,営業中（推定）,,未収集,収集元推奨: エキテン・ホットペッパービューティー / iタウンページ「整体」
8317,,美容整体・小顔矯正,,群馬県,,,,,,,美容整体 小顔矯正関連サービス,営業中（推定）,,未収集,収集元推奨: エキテン・ホットペッパービューティー / iタウンページ「整体」
8318,,美容整体・小顔矯正,,群馬県,,,,,,,美容整体 小顔矯正関連サービス,営業中（推定）,,未収集,収集元推奨: エキテン・ホットペッパービューティー / iタウンページ「整体」
8319,,美容整体・小顔矯正,,群馬県,,,,,,,美容整体 小顔矯正関連サービス,営業中（推定）,,未収集,収集元推奨: エキテン・ホットペッパービューティー / iタウンページ「整体」
8320,,美容整体・小顔矯正,,群馬県,,,,,,,美容整体 小顔矯正関連サービス,営業中（推定）,,未収集,収集元推奨: エキテン・ホットペッパービューティー / iタウンページ「整体」
8321,,美容整体・小顔矯正,,群馬県,,,,,,,美容整体 小顔矯正関連サービス,営業中（推定）,,未収集,収集元推奨: エキテン・ホットペッパービューティー / iタウンページ「整体」
8322,,美容鍼灸院,,群馬県,,,,,,,美容鍼灸院関連サービス,営業中（推定）,,未収集,収集元推奨: 日本鍼灸師会地方師会会員名簿 / 鍼灸ポータルサイト
8323,,美容鍼灸院,,群馬県,,,,,,,美容鍼灸院関連サービス,営業中（推定）,,未収集,収集元推奨: 日本鍼灸師会地方師会会員名簿 / 鍼灸ポータルサイト
8324,,美容鍼灸院,,群馬県,,,,,,,美容鍼灸院関連サービス,営業中（推定）,,未収集,収集元推奨: 日本鍼灸師会地方師会会員名簿 / 鍼灸ポータルサイト
8325,,美容鍼灸院,,群馬県,,,,,,,美容鍼灸院関連サービス,営業中（推定）,,未収集,収集元推奨: 日本鍼灸師会地方師会会員名簿 / 鍼灸ポータルサイト
8326,,美容鍼灸院,,群馬県,,,,,,,美容鍼灸院関連サービス,営業中（推定）,,未収集,収集元推奨: 日本鍼灸師会地方師会会員名簿 / 鍼灸ポータルサイト
8327,,美容鍼灸院,,群馬県,,,,,,,美容鍼灸院関連サービス,営業中（推定）,,未収集,収集元推奨: 日本鍼灸師会地方師会会員名簿 / 鍼灸ポータルサイト
8328,,アロマ・リラクゼーション,,群馬県,,,,,,,アロマ リラクゼーション関連サービス,営業中（推定）,,未収集,収集元推奨: AEAJ認定サロン一覧 / ホットペッパービューティー
8329,,アロマ・リラクゼーション,,群馬県,,,,,,,アロマ リラクゼーション関連サービス,営業中（推定）,,未収集,収集元推奨: AEAJ認定サロン一覧 / ホットペッパービューティー
8330,,アロマ・リラクゼーション,,群馬県,,,,,,,アロマ リラクゼーション関連サービス,営業中（推定）,,未収集,収集元推奨: AEAJ認定サロン一覧 / ホットペッパービューティー
8331,,アロマ・リラクゼーション,,群馬県,,,,,,,アロマ リラクゼーション関連サービス,営業中（推定）,,未収集,収集元推奨: AEAJ認定サロン一覧 / ホットペッパービューティー
8332,,アロマ・リラクゼーション,,群馬県,,,,,,,アロマ リラクゼーション関連サービス,営業中（推定）,,未収集,収集元推奨: AEAJ認定サロン一覧 / ホットペッパービューティー
8333,,アロマ・リラクゼーション,,群馬県,,,,,,,アロマ リラクゼーション関連サービス,営業中（推定）,,未収集,収集元推奨: AEAJ認定サロン一覧 / ホットペッパービューティー
8334,,美容クリニック,,群馬県,,,,,,,美容クリニック関連サービス,営業中（推定）,,未収集,収集元推奨: 日本美容外科学会(JSAS)会員 / 各クリニック公式サイト
8335,,美容クリニック,,群馬県,,,,,,,美容クリニック関連サービス,営業中（推定）,,未収集,収集元推奨: 日本美容外科学会(JSAS)会員 / 各クリニック公式サイト
8336,,美容クリニック,,群馬県,,,,,,,美容クリニック関連サービス,営業中（推定）,,未収集,収集元推奨: 日本美容外科学会(JSAS)会員 / 各クリニック公式サイト
8337,,美容クリニック,,群馬県,,,,,,,美容クリニック関連サービス,営業中（推定）,,未収集,収集元推奨: 日本美容外科学会(JSAS)会員 / 各クリニック公式サイト
8338,,美容クリニック,,群馬県,,,,,,,美容クリニック関連サービス,営業中（推定）,,未収集,収集元推奨: 日本美容外科学会(JSAS)会員 / 各クリニック公式サイト
8339,,美容クリニック,,群馬県,,,,,,,美容クリニック関連サービス,営業中（推定）,,未収集,収集元推奨: 日本美容外科学会(JSAS)会員 / 各クリニック公式サイト
8340,,美容機器メーカー・ディーラー,,群馬県,,,,,,,美容機器メーカー ディーラー関連サービス,営業中（推定）,,未収集,収集元推奨: BeautyWorld Japan展示会出展者一覧 / 国税庁法人番号DB
8341,,美容機器メーカー・ディーラー,,群馬県,,,,,,,美容機器メーカー ディーラー関連サービス,営業中（推定）,,未収集,収集元推奨: BeautyWorld Japan展示会出展者一覧 / 国税庁法人番号DB
8342,,美容機器メーカー・ディーラー,,群馬県,,,,,,,美容機器メーカー ディーラー関連サービス,営業中（推定）,,未収集,収集元推奨: BeautyWorld Japan展示会出展者一覧 / 国税庁法人番号DB
8343,,美容機器メーカー・ディーラー,,群馬県,,,,,,,美容機器メーカー ディーラー関連サービス,営業中（推定）,,未収集,収集元推奨: BeautyWorld Japan展示会出展者一覧 / 国税庁法人番号DB
8344,,美容機器メーカー・ディーラー,,群馬県,,,,,,,美容機器メーカー ディーラー関連サービス,営業中（推定）,,未収集,収集元推奨: BeautyWorld Japan展示会出展者一覧 / 国税庁法人番号DB
8345,,化粧品メーカー,,群馬県,,,,,,,化粧品メーカー関連サービス,営業中（推定）,,未収集,収集元推奨: 日本化粧品工業会(JCIA)会員 / 国税庁法人番号DB
8346,,化粧品メーカー,,群馬県,,,,,,,化粧品メーカー関連サービス,営業中（推定）,,未収集,収集元推奨: 日本化粧品工業会(JCIA)会員 / 国税庁法人番号DB
8347,,化粧品メーカー,,群馬県,,,,,,,化粧品メーカー関連サービス,営業中（推定）,,未収集,収集元推奨: 日本化粧品工業会(JCIA)会員 / 国税庁法人番号DB
8348,,化粧品メーカー,,群馬県,,,,,,,化粧品メーカー関連サービス,営業中（推定）,,未収集,収集元推奨: 日本化粧品工業会(JCIA)会員 / 国税庁法人番号DB
8349,,化粧品メーカー,,群馬県,,,,,,,化粧品メーカー関連サービス,営業中（推定）,,未収集,収集元推奨: 日本化粧品工業会(JCIA)会員 / 国税庁法人番号DB
8350,,化粧品メーカー,,群馬県,,,,,,,化粧品メーカー関連サービス,営業中（推定）,,未収集,収集元推奨: 日本化粧品工業会(JCIA)会員 / 国税庁法人番号DB
8351,,ヘアサロン・サロンオーナー,,群馬県,,,,,,,ヘアサロン サロンオーナー関連サービス,営業中（推定）,,未収集,収集元推奨: ホットペッパービューティー / 美容師会 / iタウンページ
8352,,ヘアサロン・サロンオーナー,,群馬県,,,,,,,ヘアサロン サロンオーナー関連サービス,営業中（推定）,,未収集,収集元推奨: ホットペッパービューティー / 美容師会 / iタウンページ
8353,,ヘアサロン・サロンオーナー,,群馬県,,,,,,,ヘアサロン サロンオーナー関連サービス,営業中（推定）,,未収集,収集元推奨: ホットペッパービューティー / 美容師会 / iタウンページ
8354,,ヘアサロン・サロンオーナー,,群馬県,,,,,,,ヘアサロン サロンオーナー関連サービス,営業中（推定）,,未収集,収集元推奨: ホットペッパービューティー / 美容師会 / iタウンページ
8355,,ヘアサロン・サロンオーナー,,群馬県,,,,,,,ヘアサロン サロンオーナー関連サービス,営業中（推定）,,未収集,収集元推奨: ホットペッパービューティー / 美容師会 / iタウンページ
8356,,ヘアサロン・サロンオーナー,,群馬県,,,,,,,ヘアサロン サロンオーナー関連サービス,営業中（推定）,,未収集,収集元推奨: ホットペッパービューティー / 美容師会 / iタウンページ
8357,,IT・AI×美容,,群馬県,,,,,,,IT AI×美容関連サービス,営業中（推定）,,未収集,収集元推奨: スタートアップDB / PRTIMES / 展示会(BeautyTech系)
8358,,IT・AI×美容,,群馬県,,,,,,,IT AI×美容関連サービス,営業中（推定）,,未収集,収集元推奨: スタートアップDB / PRTIMES / 展示会(BeautyTech系)
8359,,IT・AI×美容,,群馬県,,,,,,,IT AI×美容関連サービス,営業中（推定）,,未収集,収集元推奨: スタートアップDB / PRTIMES / 展示会(BeautyTech系)
8360,,IT・AI×美容,,群馬県,,,,,,,IT AI×美容関連サービス,営業中（推定）,,未収集,収集元推奨: スタートアップDB / PRTIMES / 展示会(BeautyTech系)
8361,,IT・AI×美容,,群馬県,,,,,,,IT AI×美容関連サービス,営業中（推定）,,未収集,収集元推奨: スタートアップDB / PRTIMES / 展示会(BeautyTech系)
8362,,IT・AI×美容,,群馬県,,,,,,,IT AI×美容関連サービス,営業中（推定）,,未収集,収集元推奨: スタートアップDB / PRTIMES / 展示会(BeautyTech系)
8363,,IT・AI×美容,,群馬県,,,,,,,IT AI×美容関連サービス,営業中（推定）,,未収集,収集元推奨: スタートアップDB / PRTIMES / 展示会(BeautyTech系)
8364,,IT・AI×美容,,群馬県,,,,,,,IT AI×美容関連サービス,営業中（推定）,,未収集,収集元推奨: スタートアップDB / PRTIMES / 展示会(BeautyTech系)
8365,,IT・AI×美容,,群馬県,,,,,,,IT AI×美容関連サービス,営業中（推定）,,未収集,収集元推奨: スタートアップDB / PRTIMES / 展示会(BeautyTech系)
8366,,エステサロン,,栃木県,,,,,,,エステサロン関連サービス,営業中（推定）,,未収集,収集元推奨: ホットペッパービューティー掲載企業公式サイト / 日本エステティック協会会員
8367,,エステサロン,,栃木県,,,,,,,エステサロン関連サービス,営業中（推定）,,未収集,収集元推奨: ホットペッパービューティー掲載企業公式サイト / 日本エステティック協会会員
8368,,エステサロン,,栃木県,,,,,,,エステサロン関連サービス,営業中（推定）,,未収集,収集元推奨: ホットペッパービューティー掲載企業公式サイト / 日本エステティック協会会員
8369,,エステサロン,,栃木県,,,,,,,エステサロン関連サービス,営業中（推定）,,未収集,収集元推奨: ホットペッパービューティー掲載企業公式サイト / 日本エステティック協会会員
8370,,エステサロン,,栃木県,,,,,,,エステサロン関連サービス,営業中（推定）,,未収集,収集元推奨: ホットペッパービューティー掲載企業公式サイト / 日本エステティック協会会員
8371,,エステサロン,,栃木県,,,,,,,エステサロン関連サービス,営業中（推定）,,未収集,収集元推奨: ホットペッパービューティー掲載企業公式サイト / 日本エステティック協会会員
8372,,エステサロン,,栃木県,,,,,,,エステサロン関連サービス,営業中（推定）,,未収集,収集元推奨: ホットペッパービューティー掲載企業公式サイト / 日本エステティック協会会員
8373,,エステサロン,,栃木県,,,,,,,エステサロン関連サービス,営業中（推定）,,未収集,収集元推奨: ホットペッパービューティー掲載企業公式サイト / 日本エステティック協会会員
8374,,エステサロン,,栃木県,,,,,,,エステサロン関連サービス,営業中（推定）,,未収集,収集元推奨: ホットペッパービューティー掲載企業公式サイト / 日本エステティック協会会員
8375,,エステサロン,,栃木県,,,,,,,エステサロン関連サービス,営業中（推定）,,未収集,収集元推奨: ホットペッパービューティー掲載企業公式サイト / 日本エステティック協会会員
8376,,エステサロン,,栃木県,,,,,,,エステサロン関連サービス,営業中（推定）,,未収集,収集元推奨: ホットペッパービューティー掲載企業公式サイト / 日本エステティック協会会員
8377,,エステサロン,,栃木県,,,,,,,エステサロン関連サービス,営業中（推定）,,未収集,収集元推奨: ホットペッパービューティー掲載企業公式サイト / 日本エステティック協会会員
8378,,エステサロン,,栃木県,,,,,,,エステサロン関連サービス,営業中（推定）,,未収集,収集元推奨: ホットペッパービューティー掲載企業公式サイト / 日本エステティック協会会員
8379,,エステサロン,,栃木県,,,,,,,エステサロン関連サービス,営業中（推定）,,未収集,収集元推奨: ホットペッパービューティー掲載企業公式サイト / 日本エステティック協会会員
8380,,エステサロン,,栃木県,,,,,,,エステサロン関連サービス,営業中（推定）,,未収集,収集元推奨: ホットペッパービューティー掲載企業公式サイト / 日本エステティック協会会員
8381,,エステサロン,,栃木県,,,,,,,エステサロン関連サービス,営業中（推定）,,未収集,収集元推奨: ホットペッパービューティー掲載企業公式サイト / 日本エステティック協会会員
8382,,ネイルサロン,,栃木県,,,,,,,ネイルサロン関連サービス,営業中（推定）,,未収集,収集元推奨: JNA（日本ネイリスト協会）会員 / ホットペッパービューティー
8383,,ネイルサロン,,栃木県,,,,,,,ネイルサロン関連サービス,営業中（推定）,,未収集,収集元推奨: JNA（日本ネイリスト協会）会員 / ホットペッパービューティー
8384,,ネイルサロン,,栃木県,,,,,,,ネイルサロン関連サービス,営業中（推定）,,未収集,収集元推奨: JNA（日本ネイリスト協会）会員 / ホットペッパービューティー
8385,,ネイルサロン,,栃木県,,,,,,,ネイルサロン関連サービス,営業中（推定）,,未収集,収集元推奨: JNA（日本ネイリスト協会）会員 / ホットペッパービューティー
8386,,ネイルサロン,,栃木県,,,,,,,ネイルサロン関連サービス,営業中（推定）,,未収集,収集元推奨: JNA（日本ネイリスト協会）会員 / ホットペッパービューティー
8387,,ネイルサロン,,栃木県,,,,,,,ネイルサロン関連サービス,営業中（推定）,,未収集,収集元推奨: JNA（日本ネイリスト協会）会員 / ホットペッパービューティー
8388,,ネイルサロン,,栃木県,,,,,,,ネイルサロン関連サービス,営業中（推定）,,未収集,収集元推奨: JNA（日本ネイリスト協会）会員 / ホットペッパービューティー
8389,,ネイルサロン,,栃木県,,,,,,,ネイルサロン関連サービス,営業中（推定）,,未収集,収集元推奨: JNA（日本ネイリスト協会）会員 / ホットペッパービューティー
8390,,ネイルサロン,,栃木県,,,,,,,ネイルサロン関連サービス,営業中（推定）,,未収集,収集元推奨: JNA（日本ネイリスト協会）会員 / ホットペッパービューティー
8391,,ネイルサロン,,栃木県,,,,,,,ネイルサロン関連サービス,営業中（推定）,,未収集,収集元推奨: JNA（日本ネイリスト協会）会員 / ホットペッパービューティー
8392,,ネイルサロン,,栃木県,,,,,,,ネイルサロン関連サービス,営業中（推定）,,未収集,収集元推奨: JNA（日本ネイリスト協会）会員 / ホットペッパービューティー
8393,,ネイルサロン,,栃木県,,,,,,,ネイルサロン関連サービス,営業中（推定）,,未収集,収集元推奨: JNA（日本ネイリスト協会）会員 / ホットペッパービューティー
8394,,美容整体・小顔矯正,,栃木県,,,,,,,美容整体 小顔矯正関連サービス,営業中（推定）,,未収集,収集元推奨: エキテン・ホットペッパービューティー / iタウンページ「整体」
8395,,美容整体・小顔矯正,,栃木県,,,,,,,美容整体 小顔矯正関連サービス,営業中（推定）,,未収集,収集元推奨: エキテン・ホットペッパービューティー / iタウンページ「整体」
8396,,美容整体・小顔矯正,,栃木県,,,,,,,美容整体 小顔矯正関連サービス,営業中（推定）,,未収集,収集元推奨: エキテン・ホットペッパービューティー / iタウンページ「整体」
8397,,美容整体・小顔矯正,,栃木県,,,,,,,美容整体 小顔矯正関連サービス,営業中（推定）,,未収集,収集元推奨: エキテン・ホットペッパービューティー / iタウンページ「整体」
8398,,美容整体・小顔矯正,,栃木県,,,,,,,美容整体 小顔矯正関連サービス,営業中（推定）,,未収集,収集元推奨: エキテン・ホットペッパービューティー / iタウンページ「整体」
8399,,美容整体・小顔矯正,,栃木県,,,,,,,美容整体 小顔矯正関連サービス,営業中（推定）,,未収集,収集元推奨: エキテン・ホットペッパービューティー / iタウンページ「整体」
8400,,美容整体・小顔矯正,,栃木県,,,,,,,美容整体 小顔矯正関連サービス,営業中（推定）,,未収集,収集元推奨: エキテン・ホットペッパービューティー / iタウンページ「整体」
8401,,美容整体・小顔矯正,,栃木県,,,,,,,美容整体 小顔矯正関連サービス,営業中（推定）,,未収集,収集元推奨: エキテン・ホットペッパービューティー / iタウンページ「整体」
8402,,美容鍼灸院,,栃木県,,,,,,,美容鍼灸院関連サービス,営業中（推定）,,未収集,収集元推奨: 日本鍼灸師会地方師会会員名簿 / 鍼灸ポータルサイト
8403,,美容鍼灸院,,栃木県,,,,,,,美容鍼灸院関連サービス,営業中（推定）,,未収集,収集元推奨: 日本鍼灸師会地方師会会員名簿 / 鍼灸ポータルサイト
8404,,美容鍼灸院,,栃木県,,,,,,,美容鍼灸院関連サービス,営業中（推定）,,未収集,収集元推奨: 日本鍼灸師会地方師会会員名簿 / 鍼灸ポータルサイト
8405,,美容鍼灸院,,栃木県,,,,,,,美容鍼灸院関連サービス,営業中（推定）,,未収集,収集元推奨: 日本鍼灸師会地方師会会員名簿 / 鍼灸ポータルサイト
8406,,美容鍼灸院,,栃木県,,,,,,,美容鍼灸院関連サービス,営業中（推定）,,未収集,収集元推奨: 日本鍼灸師会地方師会会員名簿 / 鍼灸ポータルサイト
8407,,美容鍼灸院,,栃木県,,,,,,,美容鍼灸院関連サービス,営業中（推定）,,未収集,収集元推奨: 日本鍼灸師会地方師会会員名簿 / 鍼灸ポータルサイト
8408,,アロマ・リラクゼーション,,栃木県,,,,,,,アロマ リラクゼーション関連サービス,営業中（推定）,,未収集,収集元推奨: AEAJ認定サロン一覧 / ホットペッパービューティー
8409,,アロマ・リラクゼーション,,栃木県,,,,,,,アロマ リラクゼーション関連サービス,営業中（推定）,,未収集,収集元推奨: AEAJ認定サロン一覧 / ホットペッパービューティー
8410,,アロマ・リラクゼーション,,栃木県,,,,,,,アロマ リラクゼーション関連サービス,営業中（推定）,,未収集,収集元推奨: AEAJ認定サロン一覧 / ホットペッパービューティー
8411,,アロマ・リラクゼーション,,栃木県,,,,,,,アロマ リラクゼーション関連サービス,営業中（推定）,,未収集,収集元推奨: AEAJ認定サロン一覧 / ホットペッパービューティー
8412,,アロマ・リラクゼーション,,栃木県,,,,,,,アロマ リラクゼーション関連サービス,営業中（推定）,,未収集,収集元推奨: AEAJ認定サロン一覧 / ホットペッパービューティー
8413,,アロマ・リラクゼーション,,栃木県,,,,,,,アロマ リラクゼーション関連サービス,営業中（推定）,,未収集,収集元推奨: AEAJ認定サロン一覧 / ホットペッパービューティー
8414,,美容クリニック,,栃木県,,,,,,,美容クリニック関連サービス,営業中（推定）,,未収集,収集元推奨: 日本美容外科学会(JSAS)会員 / 各クリニック公式サイト
8415,,美容クリニック,,栃木県,,,,,,,美容クリニック関連サービス,営業中（推定）,,未収集,収集元推奨: 日本美容外科学会(JSAS)会員 / 各クリニック公式サイト
8416,,美容クリニック,,栃木県,,,,,,,美容クリニック関連サービス,営業中（推定）,,未収集,収集元推奨: 日本美容外科学会(JSAS)会員 / 各クリニック公式サイト
8417,,美容クリニック,,栃木県,,,,,,,美容クリニック関連サービス,営業中（推定）,,未収集,収集元推奨: 日本美容外科学会(JSAS)会員 / 各クリニック公式サイト
8418,,美容クリニック,,栃木県,,,,,,,美容クリニック関連サービス,営業中（推定）,,未収集,収集元推奨: 日本美容外科学会(JSAS)会員 / 各クリニック公式サイト
8419,,美容クリニック,,栃木県,,,,,,,美容クリニック関連サービス,営業中（推定）,,未収集,収集元推奨: 日本美容外科学会(JSAS)会員 / 各クリニック公式サイト
8420,,美容機器メーカー・ディーラー,,栃木県,,,,,,,美容機器メーカー ディーラー関連サービス,営業中（推定）,,未収集,収集元推奨: BeautyWorld Japan展示会出展者一覧 / 国税庁法人番号DB
8421,,美容機器メーカー・ディーラー,,栃木県,,,,,,,美容機器メーカー ディーラー関連サービス,営業中（推定）,,未収集,収集元推奨: BeautyWorld Japan展示会出展者一覧 / 国税庁法人番号DB
8422,,美容機器メーカー・ディーラー,,栃木県,,,,,,,美容機器メーカー ディーラー関連サービス,営業中（推定）,,未収集,収集元推奨: BeautyWorld Japan展示会出展者一覧 / 国税庁法人番号DB
8423,,美容機器メーカー・ディーラー,,栃木県,,,,,,,美容機器メーカー ディーラー関連サービス,営業中（推定）,,未収集,収集元推奨: BeautyWorld Japan展示会出展者一覧 / 国税庁法人番号DB
8424,,美容機器メーカー・ディーラー,,栃木県,,,,,,,美容機器メーカー ディーラー関連サービス,営業中（推定）,,未収集,収集元推奨: BeautyWorld Japan展示会出展者一覧 / 国税庁法人番号DB
8425,,化粧品メーカー,,栃木県,,,,,,,化粧品メーカー関連サービス,営業中（推定）,,未収集,収集元推奨: 日本化粧品工業会(JCIA)会員 / 国税庁法人番号DB
8426,,化粧品メーカー,,栃木県,,,,,,,化粧品メーカー関連サービス,営業中（推定）,,未収集,収集元推奨: 日本化粧品工業会(JCIA)会員 / 国税庁法人番号DB
8427,,化粧品メーカー,,栃木県,,,,,,,化粧品メーカー関連サービス,営業中（推定）,,未収集,収集元推奨: 日本化粧品工業会(JCIA)会員 / 国税庁法人番号DB
8428,,化粧品メーカー,,栃木県,,,,,,,化粧品メーカー関連サービス,営業中（推定）,,未収集,収集元推奨: 日本化粧品工業会(JCIA)会員 / 国税庁法人番号DB
8429,,化粧品メーカー,,栃木県,,,,,,,化粧品メーカー関連サービス,営業中（推定）,,未収集,収集元推奨: 日本化粧品工業会(JCIA)会員 / 国税庁法人番号DB
8430,,化粧品メーカー,,栃木県,,,,,,,化粧品メーカー関連サービス,営業中（推定）,,未収集,収集元推奨: 日本化粧品工業会(JCIA)会員 / 国税庁法人番号DB
8431,,ヘアサロン・サロンオーナー,,栃木県,,,,,,,ヘアサロン サロンオーナー関連サービス,営業中（推定）,,未収集,収集元推奨: ホットペッパービューティー / 美容師会 / iタウンページ
8432,,ヘアサロン・サロンオーナー,,栃木県,,,,,,,ヘアサロン サロンオーナー関連サービス,営業中（推定）,,未収集,収集元推奨: ホットペッパービューティー / 美容師会 / iタウンページ
8433,,ヘアサロン・サロンオーナー,,栃木県,,,,,,,ヘアサロン サロンオーナー関連サービス,営業中（推定）,,未収集,収集元推奨: ホットペッパービューティー / 美容師会 / iタウンページ
8434,,ヘアサロン・サロンオーナー,,栃木県,,,,,,,ヘアサロン サロンオーナー関連サービス,営業中（推定）,,未収集,収集元推奨: ホットペッパービューティー / 美容師会 / iタウンページ
8435,,ヘアサロン・サロンオーナー,,栃木県,,,,,,,ヘアサロン サロンオーナー関連サービス,営業中（推定）,,未収集,収集元推奨: ホットペッパービューティー / 美容師会 / iタウンページ
8436,,ヘアサロン・サロンオーナー,,栃木県,,,,,,,ヘアサロン サロンオーナー関連サービス,営業中（推定）,,未収集,収集元推奨: ホットペッパービューティー / 美容師会 / iタウンページ
8437,,IT・AI×美容,,栃木県,,,,,,,IT AI×美容関連サービス,営業中（推定）,,未収集,収集元推奨: スタートアップDB / PRTIMES / 展示会(BeautyTech系)
8438,,IT・AI×美容,,栃木県,,,,,,,IT AI×美容関連サービス,営業中（推定）,,未収集,収集元推奨: スタートアップDB / PRTIMES / 展示会(BeautyTech系)
8439,,IT・AI×美容,,栃木県,,,,,,,IT AI×美容関連サービス,営業中（推定）,,未収集,収集元推奨: スタートアップDB / PRTIMES / 展示会(BeautyTech系)
8440,,IT・AI×美容,,栃木県,,,,,,,IT AI×美容関連サービス,営業中（推定）,,未収集,収集元推奨: スタートアップDB / PRTIMES / 展示会(BeautyTech系)
8441,,IT・AI×美容,,栃木県,,,,,,,IT AI×美容関連サービス,営業中（推定）,,未収集,収集元推奨: スタートアップDB / PRTIMES / 展示会(BeautyTech系)
8442,,IT・AI×美容,,栃木県,,,,,,,IT AI×美容関連サービス,営業中（推定）,,未収集,収集元推奨: スタートアップDB / PRTIMES / 展示会(BeautyTech系)
8443,,IT・AI×美容,,栃木県,,,,,,,IT AI×美容関連サービス,営業中（推定）,,未収集,収集元推奨: スタートアップDB / PRTIMES / 展示会(BeautyTech系)
8444,,IT・AI×美容,,栃木県,,,,,,,IT AI×美容関連サービス,営業中（推定）,,未収集,収集元推奨: スタートアップDB / PRTIMES / 展示会(BeautyTech系)
8445,,IT・AI×美容,,栃木県,,,,,,,IT AI×美容関連サービス,営業中（推定）,,未収集,収集元推奨: スタートアップDB / PRTIMES / 展示会(BeautyTech系)
8446,,エステサロン,,茨城県,,,,,,,エステサロン関連サービス,営業中（推定）,,未収集,収集元推奨: ホットペッパービューティー掲載企業公式サイト / 日本エステティック協会会員
8447,,エステサロン,,茨城県,,,,,,,エステサロン関連サービス,営業中（推定）,,未収集,収集元推奨: ホットペッパービューティー掲載企業公式サイト / 日本エステティック協会会員
8448,,エステサロン,,茨城県,,,,,,,エステサロン関連サービス,営業中（推定）,,未収集,収集元推奨: ホットペッパービューティー掲載企業公式サイト / 日本エステティック協会会員
8449,,エステサロン,,茨城県,,,,,,,エステサロン関連サービス,営業中（推定）,,未収集,収集元推奨: ホットペッパービューティー掲載企業公式サイト / 日本エステティック協会会員
8450,,エステサロン,,茨城県,,,,,,,エステサロン関連サービス,営業中（推定）,,未収集,収集元推奨: ホットペッパービューティー掲載企業公式サイト / 日本エステティック協会会員
8451,,エステサロン,,茨城県,,,,,,,エステサロン関連サービス,営業中（推定）,,未収集,収集元推奨: ホットペッパービューティー掲載企業公式サイト / 日本エステティック協会会員
8452,,エステサロン,,茨城県,,,,,,,エステサロン関連サービス,営業中（推定）,,未収集,収集元推奨: ホットペッパービューティー掲載企業公式サイト / 日本エステティック協会会員
8453,,エステサロン,,茨城県,,,,,,,エステサロン関連サービス,営業中（推定）,,未収集,収集元推奨: ホットペッパービューティー掲載企業公式サイト / 日本エステティック協会会員
8454,,エステサロン,,茨城県,,,,,,,エステサロン関連サービス,営業中（推定）,,未収集,収集元推奨: ホットペッパービューティー掲載企業公式サイト / 日本エステティック協会会員
8455,,エステサロン,,茨城県,,,,,,,エステサロン関連サービス,営業中（推定）,,未収集,収集元推奨: ホットペッパービューティー掲載企業公式サイト / 日本エステティック協会会員
8456,,エステサロン,,茨城県,,,,,,,エステサロン関連サービス,営業中（推定）,,未収集,収集元推奨: ホットペッパービューティー掲載企業公式サイト / 日本エステティック協会会員
8457,,エステサロン,,茨城県,,,,,,,エステサロン関連サービス,営業中（推定）,,未収集,収集元推奨: ホットペッパービューティー掲載企業公式サイト / 日本エステティック協会会員
8458,,エステサロン,,茨城県,,,,,,,エステサロン関連サービス,営業中（推定）,,未収集,収集元推奨: ホットペッパービューティー掲載企業公式サイト / 日本エステティック協会会員
8459,,エステサロン,,茨城県,,,,,,,エステサロン関連サービス,営業中（推定）,,未収集,収集元推奨: ホットペッパービューティー掲載企業公式サイト / 日本エステティック協会会員
8460,,エステサロン,,茨城県,,,,,,,エステサロン関連サービス,営業中（推定）,,未収集,収集元推奨: ホットペッパービューティー掲載企業公式サイト / 日本エステティック協会会員
8461,,エステサロン,,茨城県,,,,,,,エステサロン関連サービス,営業中（推定）,,未収集,収集元推奨: ホットペッパービューティー掲載企業公式サイト / 日本エステティック協会会員
8462,,ネイルサロン,,茨城県,,,,,,,ネイルサロン関連サービス,営業中（推定）,,未収集,収集元推奨: JNA（日本ネイリスト協会）会員 / ホットペッパービューティー
8463,,ネイルサロン,,茨城県,,,,,,,ネイルサロン関連サービス,営業中（推定）,,未収集,収集元推奨: JNA（日本ネイリスト協会）会員 / ホットペッパービューティー
8464,,ネイルサロン,,茨城県,,,,,,,ネイルサロン関連サービス,営業中（推定）,,未収集,収集元推奨: JNA（日本ネイリスト協会）会員 / ホットペッパービューティー
8465,,ネイルサロン,,茨城県,,,,,,,ネイルサロン関連サービス,営業中（推定）,,未収集,収集元推奨: JNA（日本ネイリスト協会）会員 / ホットペッパービューティー
8466,,ネイルサロン,,茨城県,,,,,,,ネイルサロン関連サービス,営業中（推定）,,未収集,収集元推奨: JNA（日本ネイリスト協会）会員 / ホットペッパービューティー
8467,,ネイルサロン,,茨城県,,,,,,,ネイルサロン関連サービス,営業中（推定）,,未収集,収集元推奨: JNA（日本ネイリスト協会）会員 / ホットペッパービューティー
8468,,ネイルサロン,,茨城県,,,,,,,ネイルサロン関連サービス,営業中（推定）,,未収集,収集元推奨: JNA（日本ネイリスト協会）会員 / ホットペッパービューティー
8469,,ネイルサロン,,茨城県,,,,,,,ネイルサロン関連サービス,営業中（推定）,,未収集,収集元推奨: JNA（日本ネイリスト協会）会員 / ホットペッパービューティー
8470,,ネイルサロン,,茨城県,,,,,,,ネイルサロン関連サービス,営業中（推定）,,未収集,収集元推奨: JNA（日本ネイリスト協会）会員 / ホットペッパービューティー
8471,,ネイルサロン,,茨城県,,,,,,,ネイルサロン関連サービス,営業中（推定）,,未収集,収集元推奨: JNA（日本ネイリスト協会）会員 / ホットペッパービューティー
8472,,ネイルサロン,,茨城県,,,,,,,ネイルサロン関連サービス,営業中（推定）,,未収集,収集元推奨: JNA（日本ネイリスト協会）会員 / ホットペッパービューティー
8473,,ネイルサロン,,茨城県,,,,,,,ネイルサロン関連サービス,営業中（推定）,,未収集,収集元推奨: JNA（日本ネイリスト協会）会員 / ホットペッパービューティー
8474,,美容整体・小顔矯正,,茨城県,,,,,,,美容整体 小顔矯正関連サービス,営業中（推定）,,未収集,収集元推奨: エキテン・ホットペッパービューティー / iタウンページ「整体」
8475,,美容整体・小顔矯正,,茨城県,,,,,,,美容整体 小顔矯正関連サービス,営業中（推定）,,未収集,収集元推奨: エキテン・ホットペッパービューティー / iタウンページ「整体」
8476,,美容整体・小顔矯正,,茨城県,,,,,,,美容整体 小顔矯正関連サービス,営業中（推定）,,未収集,収集元推奨: エキテン・ホットペッパービューティー / iタウンページ「整体」
8477,,美容整体・小顔矯正,,茨城県,,,,,,,美容整体 小顔矯正関連サービス,営業中（推定）,,未収集,収集元推奨: エキテン・ホットペッパービューティー / iタウンページ「整体」
8478,,美容整体・小顔矯正,,茨城県,,,,,,,美容整体 小顔矯正関連サービス,営業中（推定）,,未収集,収集元推奨: エキテン・ホットペッパービューティー / iタウンページ「整体」
8479,,美容整体・小顔矯正,,茨城県,,,,,,,美容整体 小顔矯正関連サービス,営業中（推定）,,未収集,収集元推奨: エキテン・ホットペッパービューティー / iタウンページ「整体」
8480,,美容整体・小顔矯正,,茨城県,,,,,,,美容整体 小顔矯正関連サービス,営業中（推定）,,未収集,収集元推奨: エキテン・ホットペッパービューティー / iタウンページ「整体」
8481,,美容整体・小顔矯正,,茨城県,,,,,,,美容整体 小顔矯正関連サービス,営業中（推定）,,未収集,収集元推奨: エキテン・ホットペッパービューティー / iタウンページ「整体」
8482,,美容鍼灸院,,茨城県,,,,,,,美容鍼灸院関連サービス,営業中（推定）,,未収集,収集元推奨: 日本鍼灸師会地方師会会員名簿 / 鍼灸ポータルサイト
8483,,美容鍼灸院,,茨城県,,,,,,,美容鍼灸院関連サービス,営業中（推定）,,未収集,収集元推奨: 日本鍼灸師会地方師会会員名簿 / 鍼灸ポータルサイト
8484,,美容鍼灸院,,茨城県,,,,,,,美容鍼灸院関連サービス,営業中（推定）,,未収集,収集元推奨: 日本鍼灸師会地方師会会員名簿 / 鍼灸ポータルサイト
8485,,美容鍼灸院,,茨城県,,,,,,,美容鍼灸院関連サービス,営業中（推定）,,未収集,収集元推奨: 日本鍼灸師会地方師会会員名簿 / 鍼灸ポータルサイト
8486,,美容鍼灸院,,茨城県,,,,,,,美容鍼灸院関連サービス,営業中（推定）,,未収集,収集元推奨: 日本鍼灸師会地方師会会員名簿 / 鍼灸ポータルサイト
8487,,美容鍼灸院,,茨城県,,,,,,,美容鍼灸院関連サービス,営業中（推定）,,未収集,収集元推奨: 日本鍼灸師会地方師会会員名簿 / 鍼灸ポータルサイト
8488,,アロマ・リラクゼーション,,茨城県,,,,,,,アロマ リラクゼーション関連サービス,営業中（推定）,,未収集,収集元推奨: AEAJ認定サロン一覧 / ホットペッパービューティー
8489,,アロマ・リラクゼーション,,茨城県,,,,,,,アロマ リラクゼーション関連サービス,営業中（推定）,,未収集,収集元推奨: AEAJ認定サロン一覧 / ホットペッパービューティー
8490,,アロマ・リラクゼーション,,茨城県,,,,,,,アロマ リラクゼーション関連サービス,営業中（推定）,,未収集,収集元推奨: AEAJ認定サロン一覧 / ホットペッパービューティー
8491,,アロマ・リラクゼーション,,茨城県,,,,,,,アロマ リラクゼーション関連サービス,営業中（推定）,,未収集,収集元推奨: AEAJ認定サロン一覧 / ホットペッパービューティー
8492,,アロマ・リラクゼーション,,茨城県,,,,,,,アロマ リラクゼーション関連サービス,営業中（推定）,,未収集,収集元推奨: AEAJ認定サロン一覧 / ホットペッパービューティー
8493,,アロマ・リラクゼーション,,茨城県,,,,,,,アロマ リラクゼーション関連サービス,営業中（推定）,,未収集,収集元推奨: AEAJ認定サロン一覧 / ホットペッパービューティー
8494,,美容クリニック,,茨城県,,,,,,,美容クリニック関連サービス,営業中（推定）,,未収集,収集元推奨: 日本美容外科学会(JSAS)会員 / 各クリニック公式サイト
8495,,美容クリニック,,茨城県,,,,,,,美容クリニック関連サービス,営業中（推定）,,未収集,収集元推奨: 日本美容外科学会(JSAS)会員 / 各クリニック公式サイト
8496,,美容クリニック,,茨城県,,,,,,,美容クリニック関連サービス,営業中（推定）,,未収集,収集元推奨: 日本美容外科学会(JSAS)会員 / 各クリニック公式サイト
8497,,美容クリニック,,茨城県,,,,,,,美容クリニック関連サービス,営業中（推定）,,未収集,収集元推奨: 日本美容外科学会(JSAS)会員 / 各クリニック公式サイト
8498,,美容クリニック,,茨城県,,,,,,,美容クリニック関連サービス,営業中（推定）,,未収集,収集元推奨: 日本美容外科学会(JSAS)会員 / 各クリニック公式サイト
8499,,美容クリニック,,茨城県,,,,,,,美容クリニック関連サービス,営業中（推定）,,未収集,収集元推奨: 日本美容外科学会(JSAS)会員 / 各クリニック公式サイト
8500,,美容機器メーカー・ディーラー,,茨城県,,,,,,,美容機器メーカー ディーラー関連サービス,営業中（推定）,,未収集,収集元推奨: BeautyWorld Japan展示会出展者一覧 / 国税庁法人番号DB
8501,,美容機器メーカー・ディーラー,,茨城県,,,,,,,美容機器メーカー ディーラー関連サービス,営業中（推定）,,未収集,収集元推奨: BeautyWorld Japan展示会出展者一覧 / 国税庁法人番号DB
8502,,美容機器メーカー・ディーラー,,茨城県,,,,,,,美容機器メーカー ディーラー関連サービス,営業中（推定）,,未収集,収集元推奨: BeautyWorld Japan展示会出展者一覧 / 国税庁法人番号DB
8503,,美容機器メーカー・ディーラー,,茨城県,,,,,,,美容機器メーカー ディーラー関連サービス,営業中（推定）,,未収集,収集元推奨: BeautyWorld Japan展示会出展者一覧 / 国税庁法人番号DB
8504,,美容機器メーカー・ディーラー,,茨城県,,,,,,,美容機器メーカー ディーラー関連サービス,営業中（推定）,,未収集,収集元推奨: BeautyWorld Japan展示会出展者一覧 / 国税庁法人番号DB
8505,,化粧品メーカー,,茨城県,,,,,,,化粧品メーカー関連サービス,営業中（推定）,,未収集,収集元推奨: 日本化粧品工業会(JCIA)会員 / 国税庁法人番号DB
8506,,化粧品メーカー,,茨城県,,,,,,,化粧品メーカー関連サービス,営業中（推定）,,未収集,収集元推奨: 日本化粧品工業会(JCIA)会員 / 国税庁法人番号DB
8507,,化粧品メーカー,,茨城県,,,,,,,化粧品メーカー関連サービス,営業中（推定）,,未収集,収集元推奨: 日本化粧品工業会(JCIA)会員 / 国税庁法人番号DB
8508,,化粧品メーカー,,茨城県,,,,,,,化粧品メーカー関連サービス,営業中（推定）,,未収集,収集元推奨: 日本化粧品工業会(JCIA)会員 / 国税庁法人番号DB
8509,,化粧品メーカー,,茨城県,,,,,,,化粧品メーカー関連サービス,営業中（推定）,,未収集,収集元推奨: 日本化粧品工業会(JCIA)会員 / 国税庁法人番号DB
8510,,化粧品メーカー,,茨城県,,,,,,,化粧品メーカー関連サービス,営業中（推定）,,未収集,収集元推奨: 日本化粧品工業会(JCIA)会員 / 国税庁法人番号DB
8511,,ヘアサロン・サロンオーナー,,茨城県,,,,,,,ヘアサロン サロンオーナー関連サービス,営業中（推定）,,未収集,収集元推奨: ホットペッパービューティー / 美容師会 / iタウンページ
8512,,ヘアサロン・サロンオーナー,,茨城県,,,,,,,ヘアサロン サロンオーナー関連サービス,営業中（推定）,,未収集,収集元推奨: ホットペッパービューティー / 美容師会 / iタウンページ
8513,,ヘアサロン・サロンオーナー,,茨城県,,,,,,,ヘアサロン サロンオーナー関連サービス,営業中（推定）,,未収集,収集元推奨: ホットペッパービューティー / 美容師会 / iタウンページ
8514,,ヘアサロン・サロンオーナー,,茨城県,,,,,,,ヘアサロン サロンオーナー関連サービス,営業中（推定）,,未収集,収集元推奨: ホットペッパービューティー / 美容師会 / iタウンページ
8515,,ヘアサロン・サロンオーナー,,茨城県,,,,,,,ヘアサロン サロンオーナー関連サービス,営業中（推定）,,未収集,収集元推奨: ホットペッパービューティー / 美容師会 / iタウンページ
8516,,ヘアサロン・サロンオーナー,,茨城県,,,,,,,ヘアサロン サロンオーナー関連サービス,営業中（推定）,,未収集,収集元推奨: ホットペッパービューティー / 美容師会 / iタウンページ
8517,,IT・AI×美容,,茨城県,,,,,,,IT AI×美容関連サービス,営業中（推定）,,未収集,収集元推奨: スタートアップDB / PRTIMES / 展示会(BeautyTech系)
8518,,IT・AI×美容,,茨城県,,,,,,,IT AI×美容関連サービス,営業中（推定）,,未収集,収集元推奨: スタートアップDB / PRTIMES / 展示会(BeautyTech系)
8519,,IT・AI×美容,,茨城県,,,,,,,IT AI×美容関連サービス,営業中（推定）,,未収集,収集元推奨: スタートアップDB / PRTIMES / 展示会(BeautyTech系)
8520,,IT・AI×美容,,茨城県,,,,,,,IT AI×美容関連サービス,営業中（推定）,,未収集,収集元推奨: スタートアップDB / PRTIMES / 展示会(BeautyTech系)
8521,,IT・AI×美容,,茨城県,,,,,,,IT AI×美容関連サービス,営業中（推定）,,未収集,収集元推奨: スタートアップDB / PRTIMES / 展示会(BeautyTech系)
8522,,IT・AI×美容,,茨城県,,,,,,,IT AI×美容関連サービス,営業中（推定）,,未収集,収集元推奨: スタートアップDB / PRTIMES / 展示会(BeautyTech系)
8523,,IT・AI×美容,,茨城県,,,,,,,IT AI×美容関連サービス,営業中（推定）,,未収集,収集元推奨: スタートアップDB / PRTIMES / 展示会(BeautyTech系)
8524,,IT・AI×美容,,茨城県,,,,,,,IT AI×美容関連サービス,営業中（推定）,,未収集,収集元推奨: スタートアップDB / PRTIMES / 展示会(BeautyTech系)
8525,,IT・AI×美容,,茨城県,,,,,,,IT AI×美容関連サービス,営業中（推定）,,未収集,収集元推奨: スタートアップDB / PRTIMES / 展示会(BeautyTech系)
8526,,エステサロン,,岐阜県,,,,,,,エステサロン関連サービス,営業中（推定）,,未収集,収集元推奨: ホットペッパービューティー掲載企業公式サイト / 日本エステティック協会会員
8527,,エステサロン,,岐阜県,,,,,,,エステサロン関連サービス,営業中（推定）,,未収集,収集元推奨: ホットペッパービューティー掲載企業公式サイト / 日本エステティック協会会員
8528,,エステサロン,,岐阜県,,,,,,,エステサロン関連サービス,営業中（推定）,,未収集,収集元推奨: ホットペッパービューティー掲載企業公式サイト / 日本エステティック協会会員
8529,,エステサロン,,岐阜県,,,,,,,エステサロン関連サービス,営業中（推定）,,未収集,収集元推奨: ホットペッパービューティー掲載企業公式サイト / 日本エステティック協会会員
8530,,エステサロン,,岐阜県,,,,,,,エステサロン関連サービス,営業中（推定）,,未収集,収集元推奨: ホットペッパービューティー掲載企業公式サイト / 日本エステティック協会会員
8531,,エステサロン,,岐阜県,,,,,,,エステサロン関連サービス,営業中（推定）,,未収集,収集元推奨: ホットペッパービューティー掲載企業公式サイト / 日本エステティック協会会員
8532,,エステサロン,,岐阜県,,,,,,,エステサロン関連サービス,営業中（推定）,,未収集,収集元推奨: ホットペッパービューティー掲載企業公式サイト / 日本エステティック協会会員
8533,,エステサロン,,岐阜県,,,,,,,エステサロン関連サービス,営業中（推定）,,未収集,収集元推奨: ホットペッパービューティー掲載企業公式サイト / 日本エステティック協会会員
8534,,エステサロン,,岐阜県,,,,,,,エステサロン関連サービス,営業中（推定）,,未収集,収集元推奨: ホットペッパービューティー掲載企業公式サイト / 日本エステティック協会会員
8535,,エステサロン,,岐阜県,,,,,,,エステサロン関連サービス,営業中（推定）,,未収集,収集元推奨: ホットペッパービューティー掲載企業公式サイト / 日本エステティック協会会員
8536,,エステサロン,,岐阜県,,,,,,,エステサロン関連サービス,営業中（推定）,,未収集,収集元推奨: ホットペッパービューティー掲載企業公式サイト / 日本エステティック協会会員
8537,,エステサロン,,岐阜県,,,,,,,エステサロン関連サービス,営業中（推定）,,未収集,収集元推奨: ホットペッパービューティー掲載企業公式サイト / 日本エステティック協会会員
8538,,エステサロン,,岐阜県,,,,,,,エステサロン関連サービス,営業中（推定）,,未収集,収集元推奨: ホットペッパービューティー掲載企業公式サイト / 日本エステティック協会会員
8539,,エステサロン,,岐阜県,,,,,,,エステサロン関連サービス,営業中（推定）,,未収集,収集元推奨: ホットペッパービューティー掲載企業公式サイト / 日本エステティック協会会員
8540,,ネイルサロン,,岐阜県,,,,,,,ネイルサロン関連サービス,営業中（推定）,,未収集,収集元推奨: JNA（日本ネイリスト協会）会員 / ホットペッパービューティー
8541,,ネイルサロン,,岐阜県,,,,,,,ネイルサロン関連サービス,営業中（推定）,,未収集,収集元推奨: JNA（日本ネイリスト協会）会員 / ホットペッパービューティー
8542,,ネイルサロン,,岐阜県,,,,,,,ネイルサロン関連サービス,営業中（推定）,,未収集,収集元推奨: JNA（日本ネイリスト協会）会員 / ホットペッパービューティー
8543,,ネイルサロン,,岐阜県,,,,,,,ネイルサロン関連サービス,営業中（推定）,,未収集,収集元推奨: JNA（日本ネイリスト協会）会員 / ホットペッパービューティー
8544,,ネイルサロン,,岐阜県,,,,,,,ネイルサロン関連サービス,営業中（推定）,,未収集,収集元推奨: JNA（日本ネイリスト協会）会員 / ホットペッパービューティー
8545,,ネイルサロン,,岐阜県,,,,,,,ネイルサロン関連サービス,営業中（推定）,,未収集,収集元推奨: JNA（日本ネイリスト協会）会員 / ホットペッパービューティー
8546,,ネイルサロン,,岐阜県,,,,,,,ネイルサロン関連サービス,営業中（推定）,,未収集,収集元推奨: JNA（日本ネイリスト協会）会員 / ホットペッパービューティー
8547,,ネイルサロン,,岐阜県,,,,,,,ネイルサロン関連サービス,営業中（推定）,,未収集,収集元推奨: JNA（日本ネイリスト協会）会員 / ホットペッパービューティー
8548,,ネイルサロン,,岐阜県,,,,,,,ネイルサロン関連サービス,営業中（推定）,,未収集,収集元推奨: JNA（日本ネイリスト協会）会員 / ホットペッパービューティー
8549,,ネイルサロン,,岐阜県,,,,,,,ネイルサロン関連サービス,営業中（推定）,,未収集,収集元推奨: JNA（日本ネイリスト協会）会員 / ホットペッパービューティー
8550,,美容整体・小顔矯正,,岐阜県,,,,,,,美容整体 小顔矯正関連サービス,営業中（推定）,,未収集,収集元推奨: エキテン・ホットペッパービューティー / iタウンページ「整体」
8551,,美容整体・小顔矯正,,岐阜県,,,,,,,美容整体 小顔矯正関連サービス,営業中（推定）,,未収集,収集元推奨: エキテン・ホットペッパービューティー / iタウンページ「整体」
8552,,美容整体・小顔矯正,,岐阜県,,,,,,,美容整体 小顔矯正関連サービス,営業中（推定）,,未収集,収集元推奨: エキテン・ホットペッパービューティー / iタウンページ「整体」
8553,,美容整体・小顔矯正,,岐阜県,,,,,,,美容整体 小顔矯正関連サービス,営業中（推定）,,未収集,収集元推奨: エキテン・ホットペッパービューティー / iタウンページ「整体」
8554,,美容整体・小顔矯正,,岐阜県,,,,,,,美容整体 小顔矯正関連サービス,営業中（推定）,,未収集,収集元推奨: エキテン・ホットペッパービューティー / iタウンページ「整体」
8555,,美容整体・小顔矯正,,岐阜県,,,,,,,美容整体 小顔矯正関連サービス,営業中（推定）,,未収集,収集元推奨: エキテン・ホットペッパービューティー / iタウンページ「整体」
8556,,美容整体・小顔矯正,,岐阜県,,,,,,,美容整体 小顔矯正関連サービス,営業中（推定）,,未収集,収集元推奨: エキテン・ホットペッパービューティー / iタウンページ「整体」
8557,,美容鍼灸院,,岐阜県,,,,,,,美容鍼灸院関連サービス,営業中（推定）,,未収集,収集元推奨: 日本鍼灸師会地方師会会員名簿 / 鍼灸ポータルサイト
8558,,美容鍼灸院,,岐阜県,,,,,,,美容鍼灸院関連サービス,営業中（推定）,,未収集,収集元推奨: 日本鍼灸師会地方師会会員名簿 / 鍼灸ポータルサイト
8559,,美容鍼灸院,,岐阜県,,,,,,,美容鍼灸院関連サービス,営業中（推定）,,未収集,収集元推奨: 日本鍼灸師会地方師会会員名簿 / 鍼灸ポータルサイト
8560,,美容鍼灸院,,岐阜県,,,,,,,美容鍼灸院関連サービス,営業中（推定）,,未収集,収集元推奨: 日本鍼灸師会地方師会会員名簿 / 鍼灸ポータルサイト
8561,,美容鍼灸院,,岐阜県,,,,,,,美容鍼灸院関連サービス,営業中（推定）,,未収集,収集元推奨: 日本鍼灸師会地方師会会員名簿 / 鍼灸ポータルサイト
8562,,美容鍼灸院,,岐阜県,,,,,,,美容鍼灸院関連サービス,営業中（推定）,,未収集,収集元推奨: 日本鍼灸師会地方師会会員名簿 / 鍼灸ポータルサイト
8563,,アロマ・リラクゼーション,,岐阜県,,,,,,,アロマ リラクゼーション関連サービス,営業中（推定）,,未収集,収集元推奨: AEAJ認定サロン一覧 / ホットペッパービューティー
8564,,アロマ・リラクゼーション,,岐阜県,,,,,,,アロマ リラクゼーション関連サービス,営業中（推定）,,未収集,収集元推奨: AEAJ認定サロン一覧 / ホットペッパービューティー
8565,,アロマ・リラクゼーション,,岐阜県,,,,,,,アロマ リラクゼーション関連サービス,営業中（推定）,,未収集,収集元推奨: AEAJ認定サロン一覧 / ホットペッパービューティー
8566,,アロマ・リラクゼーション,,岐阜県,,,,,,,アロマ リラクゼーション関連サービス,営業中（推定）,,未収集,収集元推奨: AEAJ認定サロン一覧 / ホットペッパービューティー
8567,,アロマ・リラクゼーション,,岐阜県,,,,,,,アロマ リラクゼーション関連サービス,営業中（推定）,,未収集,収集元推奨: AEAJ認定サロン一覧 / ホットペッパービューティー
8568,,アロマ・リラクゼーション,,岐阜県,,,,,,,アロマ リラクゼーション関連サービス,営業中（推定）,,未収集,収集元推奨: AEAJ認定サロン一覧 / ホットペッパービューティー
8569,,美容クリニック,,岐阜県,,,,,,,美容クリニック関連サービス,営業中（推定）,,未収集,収集元推奨: 日本美容外科学会(JSAS)会員 / 各クリニック公式サイト
8570,,美容クリニック,,岐阜県,,,,,,,美容クリニック関連サービス,営業中（推定）,,未収集,収集元推奨: 日本美容外科学会(JSAS)会員 / 各クリニック公式サイト
8571,,美容クリニック,,岐阜県,,,,,,,美容クリニック関連サービス,営業中（推定）,,未収集,収集元推奨: 日本美容外科学会(JSAS)会員 / 各クリニック公式サイト
8572,,美容クリニック,,岐阜県,,,,,,,美容クリニック関連サービス,営業中（推定）,,未収集,収集元推奨: 日本美容外科学会(JSAS)会員 / 各クリニック公式サイト
8573,,美容クリニック,,岐阜県,,,,,,,美容クリニック関連サービス,営業中（推定）,,未収集,収集元推奨: 日本美容外科学会(JSAS)会員 / 各クリニック公式サイト
8574,,美容クリニック,,岐阜県,,,,,,,美容クリニック関連サービス,営業中（推定）,,未収集,収集元推奨: 日本美容外科学会(JSAS)会員 / 各クリニック公式サイト
8575,,美容機器メーカー・ディーラー,,岐阜県,,,,,,,美容機器メーカー ディーラー関連サービス,営業中（推定）,,未収集,収集元推奨: BeautyWorld Japan展示会出展者一覧 / 国税庁法人番号DB
8576,,美容機器メーカー・ディーラー,,岐阜県,,,,,,,美容機器メーカー ディーラー関連サービス,営業中（推定）,,未収集,収集元推奨: BeautyWorld Japan展示会出展者一覧 / 国税庁法人番号DB
8577,,美容機器メーカー・ディーラー,,岐阜県,,,,,,,美容機器メーカー ディーラー関連サービス,営業中（推定）,,未収集,収集元推奨: BeautyWorld Japan展示会出展者一覧 / 国税庁法人番号DB
8578,,美容機器メーカー・ディーラー,,岐阜県,,,,,,,美容機器メーカー ディーラー関連サービス,営業中（推定）,,未収集,収集元推奨: BeautyWorld Japan展示会出展者一覧 / 国税庁法人番号DB
8579,,化粧品メーカー,,岐阜県,,,,,,,化粧品メーカー関連サービス,営業中（推定）,,未収集,収集元推奨: 日本化粧品工業会(JCIA)会員 / 国税庁法人番号DB
8580,,化粧品メーカー,,岐阜県,,,,,,,化粧品メーカー関連サービス,営業中（推定）,,未収集,収集元推奨: 日本化粧品工業会(JCIA)会員 / 国税庁法人番号DB
8581,,化粧品メーカー,,岐阜県,,,,,,,化粧品メーカー関連サービス,営業中（推定）,,未収集,収集元推奨: 日本化粧品工業会(JCIA)会員 / 国税庁法人番号DB
8582,,化粧品メーカー,,岐阜県,,,,,,,化粧品メーカー関連サービス,営業中（推定）,,未収集,収集元推奨: 日本化粧品工業会(JCIA)会員 / 国税庁法人番号DB
8583,,化粧品メーカー,,岐阜県,,,,,,,化粧品メーカー関連サービス,営業中（推定）,,未収集,収集元推奨: 日本化粧品工業会(JCIA)会員 / 国税庁法人番号DB
8584,,化粧品メーカー,,岐阜県,,,,,,,化粧品メーカー関連サービス,営業中（推定）,,未収集,収集元推奨: 日本化粧品工業会(JCIA)会員 / 国税庁法人番号DB
8585,,ヘアサロン・サロンオーナー,,岐阜県,,,,,,,ヘアサロン サロンオーナー関連サービス,営業中（推定）,,未収集,収集元推奨: ホットペッパービューティー / 美容師会 / iタウンページ
8586,,ヘアサロン・サロンオーナー,,岐阜県,,,,,,,ヘアサロン サロンオーナー関連サービス,営業中（推定）,,未収集,収集元推奨: ホットペッパービューティー / 美容師会 / iタウンページ
8587,,ヘアサロン・サロンオーナー,,岐阜県,,,,,,,ヘアサロン サロンオーナー関連サービス,営業中（推定）,,未収集,収集元推奨: ホットペッパービューティー / 美容師会 / iタウンページ
8588,,ヘアサロン・サロンオーナー,,岐阜県,,,,,,,ヘアサロン サロンオーナー関連サービス,営業中（推定）,,未収集,収集元推奨: ホットペッパービューティー / 美容師会 / iタウンページ
8589,,ヘアサロン・サロンオーナー,,岐阜県,,,,,,,ヘアサロン サロンオーナー関連サービス,営業中（推定）,,未収集,収集元推奨: ホットペッパービューティー / 美容師会 / iタウンページ
8590,,ヘアサロン・サロンオーナー,,岐阜県,,,,,,,ヘアサロン サロンオーナー関連サービス,営業中（推定）,,未収集,収集元推奨: ホットペッパービューティー / 美容師会 / iタウンページ
8591,,IT・AI×美容,,岐阜県,,,,,,,IT AI×美容関連サービス,営業中（推定）,,未収集,収集元推奨: スタートアップDB / PRTIMES / 展示会(BeautyTech系)
8592,,IT・AI×美容,,岐阜県,,,,,,,IT AI×美容関連サービス,営業中（推定）,,未収集,収集元推奨: スタートアップDB / PRTIMES / 展示会(BeautyTech系)
8593,,IT・AI×美容,,岐阜県,,,,,,,IT AI×美容関連サービス,営業中（推定）,,未収集,収集元推奨: スタートアップDB / PRTIMES / 展示会(BeautyTech系)
8594,,IT・AI×美容,,岐阜県,,,,,,,IT AI×美容関連サービス,営業中（推定）,,未収集,収集元推奨: スタートアップDB / PRTIMES / 展示会(BeautyTech系)
8595,,IT・AI×美容,,岐阜県,,,,,,,IT AI×美容関連サービス,営業中（推定）,,未収集,収集元推奨: スタートアップDB / PRTIMES / 展示会(BeautyTech系)
8596,,エステサロン,,三重県,,,,,,,エステサロン関連サービス,営業中（推定）,,未収集,収集元推奨: ホットペッパービューティー掲載企業公式サイト / 日本エステティック協会会員
8597,,エステサロン,,三重県,,,,,,,エステサロン関連サービス,営業中（推定）,,未収集,収集元推奨: ホットペッパービューティー掲載企業公式サイト / 日本エステティック協会会員
8598,,エステサロン,,三重県,,,,,,,エステサロン関連サービス,営業中（推定）,,未収集,収集元推奨: ホットペッパービューティー掲載企業公式サイト / 日本エステティック協会会員
8599,,エステサロン,,三重県,,,,,,,エステサロン関連サービス,営業中（推定）,,未収集,収集元推奨: ホットペッパービューティー掲載企業公式サイト / 日本エステティック協会会員
8600,,エステサロン,,三重県,,,,,,,エステサロン関連サービス,営業中（推定）,,未収集,収集元推奨: ホットペッパービューティー掲載企業公式サイト / 日本エステティック協会会員
8601,,エステサロン,,三重県,,,,,,,エステサロン関連サービス,営業中（推定）,,未収集,収集元推奨: ホットペッパービューティー掲載企業公式サイト / 日本エステティック協会会員
8602,,エステサロン,,三重県,,,,,,,エステサロン関連サービス,営業中（推定）,,未収集,収集元推奨: ホットペッパービューティー掲載企業公式サイト / 日本エステティック協会会員
8603,,エステサロン,,三重県,,,,,,,エステサロン関連サービス,営業中（推定）,,未収集,収集元推奨: ホットペッパービューティー掲載企業公式サイト / 日本エステティック協会会員
8604,,エステサロン,,三重県,,,,,,,エステサロン関連サービス,営業中（推定）,,未収集,収集元推奨: ホットペッパービューティー掲載企業公式サイト / 日本エステティック協会会員
8605,,エステサロン,,三重県,,,,,,,エステサロン関連サービス,営業中（推定）,,未収集,収集元推奨: ホットペッパービューティー掲載企業公式サイト / 日本エステティック協会会員
8606,,エステサロン,,三重県,,,,,,,エステサロン関連サービス,営業中（推定）,,未収集,収集元推奨: ホットペッパービューティー掲載企業公式サイト / 日本エステティック協会会員
8607,,エステサロン,,三重県,,,,,,,エステサロン関連サービス,営業中（推定）,,未収集,収集元推奨: ホットペッパービューティー掲載企業公式サイト / 日本エステティック協会会員
8608,,エステサロン,,三重県,,,,,,,エステサロン関連サービス,営業中（推定）,,未収集,収集元推奨: ホットペッパービューティー掲載企業公式サイト / 日本エステティック協会会員
8609,,エステサロン,,三重県,,,,,,,エステサロン関連サービス,営業中（推定）,,未収集,収集元推奨: ホットペッパービューティー掲載企業公式サイト / 日本エステティック協会会員
8610,,ネイルサロン,,三重県,,,,,,,ネイルサロン関連サービス,営業中（推定）,,未収集,収集元推奨: JNA（日本ネイリスト協会）会員 / ホットペッパービューティー
8611,,ネイルサロン,,三重県,,,,,,,ネイルサロン関連サービス,営業中（推定）,,未収集,収集元推奨: JNA（日本ネイリスト協会）会員 / ホットペッパービューティー
8612,,ネイルサロン,,三重県,,,,,,,ネイルサロン関連サービス,営業中（推定）,,未収集,収集元推奨: JNA（日本ネイリスト協会）会員 / ホットペッパービューティー
8613,,ネイルサロン,,三重県,,,,,,,ネイルサロン関連サービス,営業中（推定）,,未収集,収集元推奨: JNA（日本ネイリスト協会）会員 / ホットペッパービューティー
8614,,ネイルサロン,,三重県,,,,,,,ネイルサロン関連サービス,営業中（推定）,,未収集,収集元推奨: JNA（日本ネイリスト協会）会員 / ホットペッパービューティー
8615,,ネイルサロン,,三重県,,,,,,,ネイルサロン関連サービス,営業中（推定）,,未収集,収集元推奨: JNA（日本ネイリスト協会）会員 / ホットペッパービューティー
8616,,ネイルサロン,,三重県,,,,,,,ネイルサロン関連サービス,営業中（推定）,,未収集,収集元推奨: JNA（日本ネイリスト協会）会員 / ホットペッパービューティー
8617,,ネイルサロン,,三重県,,,,,,,ネイルサロン関連サービス,営業中（推定）,,未収集,収集元推奨: JNA（日本ネイリスト協会）会員 / ホットペッパービューティー
8618,,ネイルサロン,,三重県,,,,,,,ネイルサロン関連サービス,営業中（推定）,,未収集,収集元推奨: JNA（日本ネイリスト協会）会員 / ホットペッパービューティー
8619,,ネイルサロン,,三重県,,,,,,,ネイルサロン関連サービス,営業中（推定）,,未収集,収集元推奨: JNA（日本ネイリスト協会）会員 / ホットペッパービューティー
8620,,美容整体・小顔矯正,,三重県,,,,,,,美容整体 小顔矯正関連サービス,営業中（推定）,,未収集,収集元推奨: エキテン・ホットペッパービューティー / iタウンページ「整体」
8621,,美容整体・小顔矯正,,三重県,,,,,,,美容整体 小顔矯正関連サービス,営業中（推定）,,未収集,収集元推奨: エキテン・ホットペッパービューティー / iタウンページ「整体」
8622,,美容整体・小顔矯正,,三重県,,,,,,,美容整体 小顔矯正関連サービス,営業中（推定）,,未収集,収集元推奨: エキテン・ホットペッパービューティー / iタウンページ「整体」
8623,,美容整体・小顔矯正,,三重県,,,,,,,美容整体 小顔矯正関連サービス,営業中（推定）,,未収集,収集元推奨: エキテン・ホットペッパービューティー / iタウンページ「整体」
8624,,美容整体・小顔矯正,,三重県,,,,,,,美容整体 小顔矯正関連サービス,営業中（推定）,,未収集,収集元推奨: エキテン・ホットペッパービューティー / iタウンページ「整体」
8625,,美容整体・小顔矯正,,三重県,,,,,,,美容整体 小顔矯正関連サービス,営業中（推定）,,未収集,収集元推奨: エキテン・ホットペッパービューティー / iタウンページ「整体」
8626,,美容整体・小顔矯正,,三重県,,,,,,,美容整体 小顔矯正関連サービス,営業中（推定）,,未収集,収集元推奨: エキテン・ホットペッパービューティー / iタウンページ「整体」
8627,,美容鍼灸院,,三重県,,,,,,,美容鍼灸院関連サービス,営業中（推定）,,未収集,収集元推奨: 日本鍼灸師会地方師会会員名簿 / 鍼灸ポータルサイト
8628,,美容鍼灸院,,三重県,,,,,,,美容鍼灸院関連サービス,営業中（推定）,,未収集,収集元推奨: 日本鍼灸師会地方師会会員名簿 / 鍼灸ポータルサイト
8629,,美容鍼灸院,,三重県,,,,,,,美容鍼灸院関連サービス,営業中（推定）,,未収集,収集元推奨: 日本鍼灸師会地方師会会員名簿 / 鍼灸ポータルサイト
8630,,美容鍼灸院,,三重県,,,,,,,美容鍼灸院関連サービス,営業中（推定）,,未収集,収集元推奨: 日本鍼灸師会地方師会会員名簿 / 鍼灸ポータルサイト
8631,,美容鍼灸院,,三重県,,,,,,,美容鍼灸院関連サービス,営業中（推定）,,未収集,収集元推奨: 日本鍼灸師会地方師会会員名簿 / 鍼灸ポータルサイト
8632,,美容鍼灸院,,三重県,,,,,,,美容鍼灸院関連サービス,営業中（推定）,,未収集,収集元推奨: 日本鍼灸師会地方師会会員名簿 / 鍼灸ポータルサイト
8633,,アロマ・リラクゼーション,,三重県,,,,,,,アロマ リラクゼーション関連サービス,営業中（推定）,,未収集,収集元推奨: AEAJ認定サロン一覧 / ホットペッパービューティー
8634,,アロマ・リラクゼーション,,三重県,,,,,,,アロマ リラクゼーション関連サービス,営業中（推定）,,未収集,収集元推奨: AEAJ認定サロン一覧 / ホットペッパービューティー
8635,,アロマ・リラクゼーション,,三重県,,,,,,,アロマ リラクゼーション関連サービス,営業中（推定）,,未収集,収集元推奨: AEAJ認定サロン一覧 / ホットペッパービューティー
8636,,アロマ・リラクゼーション,,三重県,,,,,,,アロマ リラクゼーション関連サービス,営業中（推定）,,未収集,収集元推奨: AEAJ認定サロン一覧 / ホットペッパービューティー
8637,,アロマ・リラクゼーション,,三重県,,,,,,,アロマ リラクゼーション関連サービス,営業中（推定）,,未収集,収集元推奨: AEAJ認定サロン一覧 / ホットペッパービューティー
8638,,アロマ・リラクゼーション,,三重県,,,,,,,アロマ リラクゼーション関連サービス,営業中（推定）,,未収集,収集元推奨: AEAJ認定サロン一覧 / ホットペッパービューティー
8639,,美容クリニック,,三重県,,,,,,,美容クリニック関連サービス,営業中（推定）,,未収集,収集元推奨: 日本美容外科学会(JSAS)会員 / 各クリニック公式サイト
8640,,美容クリニック,,三重県,,,,,,,美容クリニック関連サービス,営業中（推定）,,未収集,収集元推奨: 日本美容外科学会(JSAS)会員 / 各クリニック公式サイト
8641,,美容クリニック,,三重県,,,,,,,美容クリニック関連サービス,営業中（推定）,,未収集,収集元推奨: 日本美容外科学会(JSAS)会員 / 各クリニック公式サイト
8642,,美容クリニック,,三重県,,,,,,,美容クリニック関連サービス,営業中（推定）,,未収集,収集元推奨: 日本美容外科学会(JSAS)会員 / 各クリニック公式サイト
8643,,美容クリニック,,三重県,,,,,,,美容クリニック関連サービス,営業中（推定）,,未収集,収集元推奨: 日本美容外科学会(JSAS)会員 / 各クリニック公式サイト
8644,,美容クリニック,,三重県,,,,,,,美容クリニック関連サービス,営業中（推定）,,未収集,収集元推奨: 日本美容外科学会(JSAS)会員 / 各クリニック公式サイト
8645,,美容機器メーカー・ディーラー,,三重県,,,,,,,美容機器メーカー ディーラー関連サービス,営業中（推定）,,未収集,収集元推奨: BeautyWorld Japan展示会出展者一覧 / 国税庁法人番号DB
8646,,美容機器メーカー・ディーラー,,三重県,,,,,,,美容機器メーカー ディーラー関連サービス,営業中（推定）,,未収集,収集元推奨: BeautyWorld Japan展示会出展者一覧 / 国税庁法人番号DB
8647,,美容機器メーカー・ディーラー,,三重県,,,,,,,美容機器メーカー ディーラー関連サービス,営業中（推定）,,未収集,収集元推奨: BeautyWorld Japan展示会出展者一覧 / 国税庁法人番号DB
8648,,美容機器メーカー・ディーラー,,三重県,,,,,,,美容機器メーカー ディーラー関連サービス,営業中（推定）,,未収集,収集元推奨: BeautyWorld Japan展示会出展者一覧 / 国税庁法人番号DB
8649,,化粧品メーカー,,三重県,,,,,,,化粧品メーカー関連サービス,営業中（推定）,,未収集,収集元推奨: 日本化粧品工業会(JCIA)会員 / 国税庁法人番号DB
8650,,化粧品メーカー,,三重県,,,,,,,化粧品メーカー関連サービス,営業中（推定）,,未収集,収集元推奨: 日本化粧品工業会(JCIA)会員 / 国税庁法人番号DB
8651,,化粧品メーカー,,三重県,,,,,,,化粧品メーカー関連サービス,営業中（推定）,,未収集,収集元推奨: 日本化粧品工業会(JCIA)会員 / 国税庁法人番号DB
8652,,化粧品メーカー,,三重県,,,,,,,化粧品メーカー関連サービス,営業中（推定）,,未収集,収集元推奨: 日本化粧品工業会(JCIA)会員 / 国税庁法人番号DB
8653,,化粧品メーカー,,三重県,,,,,,,化粧品メーカー関連サービス,営業中（推定）,,未収集,収集元推奨: 日本化粧品工業会(JCIA)会員 / 国税庁法人番号DB
8654,,化粧品メーカー,,三重県,,,,,,,化粧品メーカー関連サービス,営業中（推定）,,未収集,収集元推奨: 日本化粧品工業会(JCIA)会員 / 国税庁法人番号DB
8655,,ヘアサロン・サロンオーナー,,三重県,,,,,,,ヘアサロン サロンオーナー関連サービス,営業中（推定）,,未収集,収集元推奨: ホットペッパービューティー / 美容師会 / iタウンページ
8656,,ヘアサロン・サロンオーナー,,三重県,,,,,,,ヘアサロン サロンオーナー関連サービス,営業中（推定）,,未収集,収集元推奨: ホットペッパービューティー / 美容師会 / iタウンページ
8657,,ヘアサロン・サロンオーナー,,三重県,,,,,,,ヘアサロン サロンオーナー関連サービス,営業中（推定）,,未収集,収集元推奨: ホットペッパービューティー / 美容師会 / iタウンページ
8658,,ヘアサロン・サロンオーナー,,三重県,,,,,,,ヘアサロン サロンオーナー関連サービス,営業中（推定）,,未収集,収集元推奨: ホットペッパービューティー / 美容師会 / iタウンページ
8659,,ヘアサロン・サロンオーナー,,三重県,,,,,,,ヘアサロン サロンオーナー関連サービス,営業中（推定）,,未収集,収集元推奨: ホットペッパービューティー / 美容師会 / iタウンページ
8660,,ヘアサロン・サロンオーナー,,三重県,,,,,,,ヘアサロン サロンオーナー関連サービス,営業中（推定）,,未収集,収集元推奨: ホットペッパービューティー / 美容師会 / iタウンページ
8661,,IT・AI×美容,,三重県,,,,,,,IT AI×美容関連サービス,営業中（推定）,,未収集,収集元推奨: スタートアップDB / PRTIMES / 展示会(BeautyTech系)
8662,,IT・AI×美容,,三重県,,,,,,,IT AI×美容関連サービス,営業中（推定）,,未収集,収集元推奨: スタートアップDB / PRTIMES / 展示会(BeautyTech系)
8663,,IT・AI×美容,,三重県,,,,,,,IT AI×美容関連サービス,営業中（推定）,,未収集,収集元推奨: スタートアップDB / PRTIMES / 展示会(BeautyTech系)
8664,,IT・AI×美容,,三重県,,,,,,,IT AI×美容関連サービス,営業中（推定）,,未収集,収集元推奨: スタートアップDB / PRTIMES / 展示会(BeautyTech系)
8665,,IT・AI×美容,,三重県,,,,,,,IT AI×美容関連サービス,営業中（推定）,,未収集,収集元推奨: スタートアップDB / PRTIMES / 展示会(BeautyTech系)
8666,,エステサロン,,滋賀県,,,,,,,エステサロン関連サービス,営業中（推定）,,未収集,収集元推奨: ホットペッパービューティー掲載企業公式サイト / 日本エステティック協会会員
8667,,エステサロン,,滋賀県,,,,,,,エステサロン関連サービス,営業中（推定）,,未収集,収集元推奨: ホットペッパービューティー掲載企業公式サイト / 日本エステティック協会会員
8668,,エステサロン,,滋賀県,,,,,,,エステサロン関連サービス,営業中（推定）,,未収集,収集元推奨: ホットペッパービューティー掲載企業公式サイト / 日本エステティック協会会員
8669,,エステサロン,,滋賀県,,,,,,,エステサロン関連サービス,営業中（推定）,,未収集,収集元推奨: ホットペッパービューティー掲載企業公式サイト / 日本エステティック協会会員
8670,,エステサロン,,滋賀県,,,,,,,エステサロン関連サービス,営業中（推定）,,未収集,収集元推奨: ホットペッパービューティー掲載企業公式サイト / 日本エステティック協会会員
8671,,エステサロン,,滋賀県,,,,,,,エステサロン関連サービス,営業中（推定）,,未収集,収集元推奨: ホットペッパービューティー掲載企業公式サイト / 日本エステティック協会会員
8672,,エステサロン,,滋賀県,,,,,,,エステサロン関連サービス,営業中（推定）,,未収集,収集元推奨: ホットペッパービューティー掲載企業公式サイト / 日本エステティック協会会員
8673,,エステサロン,,滋賀県,,,,,,,エステサロン関連サービス,営業中（推定）,,未収集,収集元推奨: ホットペッパービューティー掲載企業公式サイト / 日本エステティック協会会員
8674,,エステサロン,,滋賀県,,,,,,,エステサロン関連サービス,営業中（推定）,,未収集,収集元推奨: ホットペッパービューティー掲載企業公式サイト / 日本エステティック協会会員
8675,,エステサロン,,滋賀県,,,,,,,エステサロン関連サービス,営業中（推定）,,未収集,収集元推奨: ホットペッパービューティー掲載企業公式サイト / 日本エステティック協会会員
8676,,エステサロン,,滋賀県,,,,,,,エステサロン関連サービス,営業中（推定）,,未収集,収集元推奨: ホットペッパービューティー掲載企業公式サイト / 日本エステティック協会会員
8677,,エステサロン,,滋賀県,,,,,,,エステサロン関連サービス,営業中（推定）,,未収集,収集元推奨: ホットペッパービューティー掲載企業公式サイト / 日本エステティック協会会員
8678,,ネイルサロン,,滋賀県,,,,,,,ネイルサロン関連サービス,営業中（推定）,,未収集,収集元推奨: JNA（日本ネイリスト協会）会員 / ホットペッパービューティー
8679,,ネイルサロン,,滋賀県,,,,,,,ネイルサロン関連サービス,営業中（推定）,,未収集,収集元推奨: JNA（日本ネイリスト協会）会員 / ホットペッパービューティー
8680,,ネイルサロン,,滋賀県,,,,,,,ネイルサロン関連サービス,営業中（推定）,,未収集,収集元推奨: JNA（日本ネイリスト協会）会員 / ホットペッパービューティー
8681,,ネイルサロン,,滋賀県,,,,,,,ネイルサロン関連サービス,営業中（推定）,,未収集,収集元推奨: JNA（日本ネイリスト協会）会員 / ホットペッパービューティー
8682,,ネイルサロン,,滋賀県,,,,,,,ネイルサロン関連サービス,営業中（推定）,,未収集,収集元推奨: JNA（日本ネイリスト協会）会員 / ホットペッパービューティー
8683,,ネイルサロン,,滋賀県,,,,,,,ネイルサロン関連サービス,営業中（推定）,,未収集,収集元推奨: JNA（日本ネイリスト協会）会員 / ホットペッパービューティー
8684,,ネイルサロン,,滋賀県,,,,,,,ネイルサロン関連サービス,営業中（推定）,,未収集,収集元推奨: JNA（日本ネイリスト協会）会員 / ホットペッパービューティー
8685,,ネイルサロン,,滋賀県,,,,,,,ネイルサロン関連サービス,営業中（推定）,,未収集,収集元推奨: JNA（日本ネイリスト協会）会員 / ホットペッパービューティー
8686,,ネイルサロン,,滋賀県,,,,,,,ネイルサロン関連サービス,営業中（推定）,,未収集,収集元推奨: JNA（日本ネイリスト協会）会員 / ホットペッパービューティー
8687,,美容整体・小顔矯正,,滋賀県,,,,,,,美容整体 小顔矯正関連サービス,営業中（推定）,,未収集,収集元推奨: エキテン・ホットペッパービューティー / iタウンページ「整体」
8688,,美容整体・小顔矯正,,滋賀県,,,,,,,美容整体 小顔矯正関連サービス,営業中（推定）,,未収集,収集元推奨: エキテン・ホットペッパービューティー / iタウンページ「整体」
8689,,美容整体・小顔矯正,,滋賀県,,,,,,,美容整体 小顔矯正関連サービス,営業中（推定）,,未収集,収集元推奨: エキテン・ホットペッパービューティー / iタウンページ「整体」
8690,,美容整体・小顔矯正,,滋賀県,,,,,,,美容整体 小顔矯正関連サービス,営業中（推定）,,未収集,収集元推奨: エキテン・ホットペッパービューティー / iタウンページ「整体」
8691,,美容整体・小顔矯正,,滋賀県,,,,,,,美容整体 小顔矯正関連サービス,営業中（推定）,,未収集,収集元推奨: エキテン・ホットペッパービューティー / iタウンページ「整体」
8692,,美容整体・小顔矯正,,滋賀県,,,,,,,美容整体 小顔矯正関連サービス,営業中（推定）,,未収集,収集元推奨: エキテン・ホットペッパービューティー / iタウンページ「整体」
8693,,美容鍼灸院,,滋賀県,,,,,,,美容鍼灸院関連サービス,営業中（推定）,,未収集,収集元推奨: 日本鍼灸師会地方師会会員名簿 / 鍼灸ポータルサイト
8694,,美容鍼灸院,,滋賀県,,,,,,,美容鍼灸院関連サービス,営業中（推定）,,未収集,収集元推奨: 日本鍼灸師会地方師会会員名簿 / 鍼灸ポータルサイト
8695,,美容鍼灸院,,滋賀県,,,,,,,美容鍼灸院関連サービス,営業中（推定）,,未収集,収集元推奨: 日本鍼灸師会地方師会会員名簿 / 鍼灸ポータルサイト
8696,,美容鍼灸院,,滋賀県,,,,,,,美容鍼灸院関連サービス,営業中（推定）,,未収集,収集元推奨: 日本鍼灸師会地方師会会員名簿 / 鍼灸ポータルサイト
8697,,美容鍼灸院,,滋賀県,,,,,,,美容鍼灸院関連サービス,営業中（推定）,,未収集,収集元推奨: 日本鍼灸師会地方師会会員名簿 / 鍼灸ポータルサイト
8698,,アロマ・リラクゼーション,,滋賀県,,,,,,,アロマ リラクゼーション関連サービス,営業中（推定）,,未収集,収集元推奨: AEAJ認定サロン一覧 / ホットペッパービューティー
8699,,アロマ・リラクゼーション,,滋賀県,,,,,,,アロマ リラクゼーション関連サービス,営業中（推定）,,未収集,収集元推奨: AEAJ認定サロン一覧 / ホットペッパービューティー
8700,,アロマ・リラクゼーション,,滋賀県,,,,,,,アロマ リラクゼーション関連サービス,営業中（推定）,,未収集,収集元推奨: AEAJ認定サロン一覧 / ホットペッパービューティー
8701,,アロマ・リラクゼーション,,滋賀県,,,,,,,アロマ リラクゼーション関連サービス,営業中（推定）,,未収集,収集元推奨: AEAJ認定サロン一覧 / ホットペッパービューティー
8702,,アロマ・リラクゼーション,,滋賀県,,,,,,,アロマ リラクゼーション関連サービス,営業中（推定）,,未収集,収集元推奨: AEAJ認定サロン一覧 / ホットペッパービューティー
8703,,美容クリニック,,滋賀県,,,,,,,美容クリニック関連サービス,営業中（推定）,,未収集,収集元推奨: 日本美容外科学会(JSAS)会員 / 各クリニック公式サイト
8704,,美容クリニック,,滋賀県,,,,,,,美容クリニック関連サービス,営業中（推定）,,未収集,収集元推奨: 日本美容外科学会(JSAS)会員 / 各クリニック公式サイト
8705,,美容クリニック,,滋賀県,,,,,,,美容クリニック関連サービス,営業中（推定）,,未収集,収集元推奨: 日本美容外科学会(JSAS)会員 / 各クリニック公式サイト
8706,,美容クリニック,,滋賀県,,,,,,,美容クリニック関連サービス,営業中（推定）,,未収集,収集元推奨: 日本美容外科学会(JSAS)会員 / 各クリニック公式サイト
8707,,美容クリニック,,滋賀県,,,,,,,美容クリニック関連サービス,営業中（推定）,,未収集,収集元推奨: 日本美容外科学会(JSAS)会員 / 各クリニック公式サイト
8708,,美容機器メーカー・ディーラー,,滋賀県,,,,,,,美容機器メーカー ディーラー関連サービス,営業中（推定）,,未収集,収集元推奨: BeautyWorld Japan展示会出展者一覧 / 国税庁法人番号DB
8709,,美容機器メーカー・ディーラー,,滋賀県,,,,,,,美容機器メーカー ディーラー関連サービス,営業中（推定）,,未収集,収集元推奨: BeautyWorld Japan展示会出展者一覧 / 国税庁法人番号DB
8710,,美容機器メーカー・ディーラー,,滋賀県,,,,,,,美容機器メーカー ディーラー関連サービス,営業中（推定）,,未収集,収集元推奨: BeautyWorld Japan展示会出展者一覧 / 国税庁法人番号DB
8711,,美容機器メーカー・ディーラー,,滋賀県,,,,,,,美容機器メーカー ディーラー関連サービス,営業中（推定）,,未収集,収集元推奨: BeautyWorld Japan展示会出展者一覧 / 国税庁法人番号DB
8712,,化粧品メーカー,,滋賀県,,,,,,,化粧品メーカー関連サービス,営業中（推定）,,未収集,収集元推奨: 日本化粧品工業会(JCIA)会員 / 国税庁法人番号DB
8713,,化粧品メーカー,,滋賀県,,,,,,,化粧品メーカー関連サービス,営業中（推定）,,未収集,収集元推奨: 日本化粧品工業会(JCIA)会員 / 国税庁法人番号DB
8714,,化粧品メーカー,,滋賀県,,,,,,,化粧品メーカー関連サービス,営業中（推定）,,未収集,収集元推奨: 日本化粧品工業会(JCIA)会員 / 国税庁法人番号DB
8715,,化粧品メーカー,,滋賀県,,,,,,,化粧品メーカー関連サービス,営業中（推定）,,未収集,収集元推奨: 日本化粧品工業会(JCIA)会員 / 国税庁法人番号DB
8716,,化粧品メーカー,,滋賀県,,,,,,,化粧品メーカー関連サービス,営業中（推定）,,未収集,収集元推奨: 日本化粧品工業会(JCIA)会員 / 国税庁法人番号DB
8717,,ヘアサロン・サロンオーナー,,滋賀県,,,,,,,ヘアサロン サロンオーナー関連サービス,営業中（推定）,,未収集,収集元推奨: ホットペッパービューティー / 美容師会 / iタウンページ
8718,,ヘアサロン・サロンオーナー,,滋賀県,,,,,,,ヘアサロン サロンオーナー関連サービス,営業中（推定）,,未収集,収集元推奨: ホットペッパービューティー / 美容師会 / iタウンページ
8719,,ヘアサロン・サロンオーナー,,滋賀県,,,,,,,ヘアサロン サロンオーナー関連サービス,営業中（推定）,,未収集,収集元推奨: ホットペッパービューティー / 美容師会 / iタウンページ
8720,,ヘアサロン・サロンオーナー,,滋賀県,,,,,,,ヘアサロン サロンオーナー関連サービス,営業中（推定）,,未収集,収集元推奨: ホットペッパービューティー / 美容師会 / iタウンページ
8721,,ヘアサロン・サロンオーナー,,滋賀県,,,,,,,ヘアサロン サロンオーナー関連サービス,営業中（推定）,,未収集,収集元推奨: ホットペッパービューティー / 美容師会 / iタウンページ
8722,,IT・AI×美容,,滋賀県,,,,,,,IT AI×美容関連サービス,営業中（推定）,,未収集,収集元推奨: スタートアップDB / PRTIMES / 展示会(BeautyTech系)
8723,,IT・AI×美容,,滋賀県,,,,,,,IT AI×美容関連サービス,営業中（推定）,,未収集,収集元推奨: スタートアップDB / PRTIMES / 展示会(BeautyTech系)
8724,,IT・AI×美容,,滋賀県,,,,,,,IT AI×美容関連サービス,営業中（推定）,,未収集,収集元推奨: スタートアップDB / PRTIMES / 展示会(BeautyTech系)
8725,,IT・AI×美容,,滋賀県,,,,,,,IT AI×美容関連サービス,営業中（推定）,,未収集,収集元推奨: スタートアップDB / PRTIMES / 展示会(BeautyTech系)
8726,,エステサロン,,奈良県,,,,,,,エステサロン関連サービス,営業中（推定）,,未収集,収集元推奨: ホットペッパービューティー掲載企業公式サイト / 日本エステティック協会会員
8727,,エステサロン,,奈良県,,,,,,,エステサロン関連サービス,営業中（推定）,,未収集,収集元推奨: ホットペッパービューティー掲載企業公式サイト / 日本エステティック協会会員
8728,,エステサロン,,奈良県,,,,,,,エステサロン関連サービス,営業中（推定）,,未収集,収集元推奨: ホットペッパービューティー掲載企業公式サイト / 日本エステティック協会会員
8729,,エステサロン,,奈良県,,,,,,,エステサロン関連サービス,営業中（推定）,,未収集,収集元推奨: ホットペッパービューティー掲載企業公式サイト / 日本エステティック協会会員
8730,,エステサロン,,奈良県,,,,,,,エステサロン関連サービス,営業中（推定）,,未収集,収集元推奨: ホットペッパービューティー掲載企業公式サイト / 日本エステティック協会会員
8731,,エステサロン,,奈良県,,,,,,,エステサロン関連サービス,営業中（推定）,,未収集,収集元推奨: ホットペッパービューティー掲載企業公式サイト / 日本エステティック協会会員
8732,,エステサロン,,奈良県,,,,,,,エステサロン関連サービス,営業中（推定）,,未収集,収集元推奨: ホットペッパービューティー掲載企業公式サイト / 日本エステティック協会会員
8733,,エステサロン,,奈良県,,,,,,,エステサロン関連サービス,営業中（推定）,,未収集,収集元推奨: ホットペッパービューティー掲載企業公式サイト / 日本エステティック協会会員
8734,,エステサロン,,奈良県,,,,,,,エステサロン関連サービス,営業中（推定）,,未収集,収集元推奨: ホットペッパービューティー掲載企業公式サイト / 日本エステティック協会会員
8735,,エステサロン,,奈良県,,,,,,,エステサロン関連サービス,営業中（推定）,,未収集,収集元推奨: ホットペッパービューティー掲載企業公式サイト / 日本エステティック協会会員
8736,,エステサロン,,奈良県,,,,,,,エステサロン関連サービス,営業中（推定）,,未収集,収集元推奨: ホットペッパービューティー掲載企業公式サイト / 日本エステティック協会会員
8737,,エステサロン,,奈良県,,,,,,,エステサロン関連サービス,営業中（推定）,,未収集,収集元推奨: ホットペッパービューティー掲載企業公式サイト / 日本エステティック協会会員
8738,,ネイルサロン,,奈良県,,,,,,,ネイルサロン関連サービス,営業中（推定）,,未収集,収集元推奨: JNA（日本ネイリスト協会）会員 / ホットペッパービューティー
8739,,ネイルサロン,,奈良県,,,,,,,ネイルサロン関連サービス,営業中（推定）,,未収集,収集元推奨: JNA（日本ネイリスト協会）会員 / ホットペッパービューティー
8740,,ネイルサロン,,奈良県,,,,,,,ネイルサロン関連サービス,営業中（推定）,,未収集,収集元推奨: JNA（日本ネイリスト協会）会員 / ホットペッパービューティー
8741,,ネイルサロン,,奈良県,,,,,,,ネイルサロン関連サービス,営業中（推定）,,未収集,収集元推奨: JNA（日本ネイリスト協会）会員 / ホットペッパービューティー
8742,,ネイルサロン,,奈良県,,,,,,,ネイルサロン関連サービス,営業中（推定）,,未収集,収集元推奨: JNA（日本ネイリスト協会）会員 / ホットペッパービューティー
8743,,ネイルサロン,,奈良県,,,,,,,ネイルサロン関連サービス,営業中（推定）,,未収集,収集元推奨: JNA（日本ネイリスト協会）会員 / ホットペッパービューティー
8744,,ネイルサロン,,奈良県,,,,,,,ネイルサロン関連サービス,営業中（推定）,,未収集,収集元推奨: JNA（日本ネイリスト協会）会員 / ホットペッパービューティー
8745,,ネイルサロン,,奈良県,,,,,,,ネイルサロン関連サービス,営業中（推定）,,未収集,収集元推奨: JNA（日本ネイリスト協会）会員 / ホットペッパービューティー
8746,,ネイルサロン,,奈良県,,,,,,,ネイルサロン関連サービス,営業中（推定）,,未収集,収集元推奨: JNA（日本ネイリスト協会）会員 / ホットペッパービューティー
8747,,美容整体・小顔矯正,,奈良県,,,,,,,美容整体 小顔矯正関連サービス,営業中（推定）,,未収集,収集元推奨: エキテン・ホットペッパービューティー / iタウンページ「整体」
8748,,美容整体・小顔矯正,,奈良県,,,,,,,美容整体 小顔矯正関連サービス,営業中（推定）,,未収集,収集元推奨: エキテン・ホットペッパービューティー / iタウンページ「整体」
8749,,美容整体・小顔矯正,,奈良県,,,,,,,美容整体 小顔矯正関連サービス,営業中（推定）,,未収集,収集元推奨: エキテン・ホットペッパービューティー / iタウンページ「整体」
8750,,美容整体・小顔矯正,,奈良県,,,,,,,美容整体 小顔矯正関連サービス,営業中（推定）,,未収集,収集元推奨: エキテン・ホットペッパービューティー / iタウンページ「整体」
8751,,美容整体・小顔矯正,,奈良県,,,,,,,美容整体 小顔矯正関連サービス,営業中（推定）,,未収集,収集元推奨: エキテン・ホットペッパービューティー / iタウンページ「整体」
8752,,美容整体・小顔矯正,,奈良県,,,,,,,美容整体 小顔矯正関連サービス,営業中（推定）,,未収集,収集元推奨: エキテン・ホットペッパービューティー / iタウンページ「整体」
8753,,美容鍼灸院,,奈良県,,,,,,,美容鍼灸院関連サービス,営業中（推定）,,未収集,収集元推奨: 日本鍼灸師会地方師会会員名簿 / 鍼灸ポータルサイト
8754,,美容鍼灸院,,奈良県,,,,,,,美容鍼灸院関連サービス,営業中（推定）,,未収集,収集元推奨: 日本鍼灸師会地方師会会員名簿 / 鍼灸ポータルサイト
8755,,美容鍼灸院,,奈良県,,,,,,,美容鍼灸院関連サービス,営業中（推定）,,未収集,収集元推奨: 日本鍼灸師会地方師会会員名簿 / 鍼灸ポータルサイト
8756,,美容鍼灸院,,奈良県,,,,,,,美容鍼灸院関連サービス,営業中（推定）,,未収集,収集元推奨: 日本鍼灸師会地方師会会員名簿 / 鍼灸ポータルサイト
8757,,美容鍼灸院,,奈良県,,,,,,,美容鍼灸院関連サービス,営業中（推定）,,未収集,収集元推奨: 日本鍼灸師会地方師会会員名簿 / 鍼灸ポータルサイト
8758,,アロマ・リラクゼーション,,奈良県,,,,,,,アロマ リラクゼーション関連サービス,営業中（推定）,,未収集,収集元推奨: AEAJ認定サロン一覧 / ホットペッパービューティー
8759,,アロマ・リラクゼーション,,奈良県,,,,,,,アロマ リラクゼーション関連サービス,営業中（推定）,,未収集,収集元推奨: AEAJ認定サロン一覧 / ホットペッパービューティー
8760,,アロマ・リラクゼーション,,奈良県,,,,,,,アロマ リラクゼーション関連サービス,営業中（推定）,,未収集,収集元推奨: AEAJ認定サロン一覧 / ホットペッパービューティー
8761,,アロマ・リラクゼーション,,奈良県,,,,,,,アロマ リラクゼーション関連サービス,営業中（推定）,,未収集,収集元推奨: AEAJ認定サロン一覧 / ホットペッパービューティー
8762,,アロマ・リラクゼーション,,奈良県,,,,,,,アロマ リラクゼーション関連サービス,営業中（推定）,,未収集,収集元推奨: AEAJ認定サロン一覧 / ホットペッパービューティー
8763,,美容クリニック,,奈良県,,,,,,,美容クリニック関連サービス,営業中（推定）,,未収集,収集元推奨: 日本美容外科学会(JSAS)会員 / 各クリニック公式サイト
8764,,美容クリニック,,奈良県,,,,,,,美容クリニック関連サービス,営業中（推定）,,未収集,収集元推奨: 日本美容外科学会(JSAS)会員 / 各クリニック公式サイト
8765,,美容クリニック,,奈良県,,,,,,,美容クリニック関連サービス,営業中（推定）,,未収集,収集元推奨: 日本美容外科学会(JSAS)会員 / 各クリニック公式サイト
8766,,美容クリニック,,奈良県,,,,,,,美容クリニック関連サービス,営業中（推定）,,未収集,収集元推奨: 日本美容外科学会(JSAS)会員 / 各クリニック公式サイト
8767,,美容クリニック,,奈良県,,,,,,,美容クリニック関連サービス,営業中（推定）,,未収集,収集元推奨: 日本美容外科学会(JSAS)会員 / 各クリニック公式サイト
8768,,美容機器メーカー・ディーラー,,奈良県,,,,,,,美容機器メーカー ディーラー関連サービス,営業中（推定）,,未収集,収集元推奨: BeautyWorld Japan展示会出展者一覧 / 国税庁法人番号DB
8769,,美容機器メーカー・ディーラー,,奈良県,,,,,,,美容機器メーカー ディーラー関連サービス,営業中（推定）,,未収集,収集元推奨: BeautyWorld Japan展示会出展者一覧 / 国税庁法人番号DB
8770,,美容機器メーカー・ディーラー,,奈良県,,,,,,,美容機器メーカー ディーラー関連サービス,営業中（推定）,,未収集,収集元推奨: BeautyWorld Japan展示会出展者一覧 / 国税庁法人番号DB
8771,,美容機器メーカー・ディーラー,,奈良県,,,,,,,美容機器メーカー ディーラー関連サービス,営業中（推定）,,未収集,収集元推奨: BeautyWorld Japan展示会出展者一覧 / 国税庁法人番号DB
8772,,化粧品メーカー,,奈良県,,,,,,,化粧品メーカー関連サービス,営業中（推定）,,未収集,収集元推奨: 日本化粧品工業会(JCIA)会員 / 国税庁法人番号DB
8773,,化粧品メーカー,,奈良県,,,,,,,化粧品メーカー関連サービス,営業中（推定）,,未収集,収集元推奨: 日本化粧品工業会(JCIA)会員 / 国税庁法人番号DB
8774,,化粧品メーカー,,奈良県,,,,,,,化粧品メーカー関連サービス,営業中（推定）,,未収集,収集元推奨: 日本化粧品工業会(JCIA)会員 / 国税庁法人番号DB
8775,,化粧品メーカー,,奈良県,,,,,,,化粧品メーカー関連サービス,営業中（推定）,,未収集,収集元推奨: 日本化粧品工業会(JCIA)会員 / 国税庁法人番号DB
8776,,化粧品メーカー,,奈良県,,,,,,,化粧品メーカー関連サービス,営業中（推定）,,未収集,収集元推奨: 日本化粧品工業会(JCIA)会員 / 国税庁法人番号DB
8777,,ヘアサロン・サロンオーナー,,奈良県,,,,,,,ヘアサロン サロンオーナー関連サービス,営業中（推定）,,未収集,収集元推奨: ホットペッパービューティー / 美容師会 / iタウンページ
8778,,ヘアサロン・サロンオーナー,,奈良県,,,,,,,ヘアサロン サロンオーナー関連サービス,営業中（推定）,,未収集,収集元推奨: ホットペッパービューティー / 美容師会 / iタウンページ
8779,,ヘアサロン・サロンオーナー,,奈良県,,,,,,,ヘアサロン サロンオーナー関連サービス,営業中（推定）,,未収集,収集元推奨: ホットペッパービューティー / 美容師会 / iタウンページ
8780,,ヘアサロン・サロンオーナー,,奈良県,,,,,,,ヘアサロン サロンオーナー関連サービス,営業中（推定）,,未収集,収集元推奨: ホットペッパービューティー / 美容師会 / iタウンページ
8781,,ヘアサロン・サロンオーナー,,奈良県,,,,,,,ヘアサロン サロンオーナー関連サービス,営業中（推定）,,未収集,収集元推奨: ホットペッパービューティー / 美容師会 / iタウンページ
8782,,IT・AI×美容,,奈良県,,,,,,,IT AI×美容関連サービス,営業中（推定）,,未収集,収集元推奨: スタートアップDB / PRTIMES / 展示会(BeautyTech系)
8783,,IT・AI×美容,,奈良県,,,,,,,IT AI×美容関連サービス,営業中（推定）,,未収集,収集元推奨: スタートアップDB / PRTIMES / 展示会(BeautyTech系)
8784,,IT・AI×美容,,奈良県,,,,,,,IT AI×美容関連サービス,営業中（推定）,,未収集,収集元推奨: スタートアップDB / PRTIMES / 展示会(BeautyTech系)
8785,,IT・AI×美容,,奈良県,,,,,,,IT AI×美容関連サービス,営業中（推定）,,未収集,収集元推奨: スタートアップDB / PRTIMES / 展示会(BeautyTech系)
8786,,エステサロン,,山口県,,,,,,,エステサロン関連サービス,営業中（推定）,,未収集,収集元推奨: ホットペッパービューティー掲載企業公式サイト / 日本エステティック協会会員
8787,,エステサロン,,山口県,,,,,,,エステサロン関連サービス,営業中（推定）,,未収集,収集元推奨: ホットペッパービューティー掲載企業公式サイト / 日本エステティック協会会員
8788,,エステサロン,,山口県,,,,,,,エステサロン関連サービス,営業中（推定）,,未収集,収集元推奨: ホットペッパービューティー掲載企業公式サイト / 日本エステティック協会会員
8789,,エステサロン,,山口県,,,,,,,エステサロン関連サービス,営業中（推定）,,未収集,収集元推奨: ホットペッパービューティー掲載企業公式サイト / 日本エステティック協会会員
8790,,エステサロン,,山口県,,,,,,,エステサロン関連サービス,営業中（推定）,,未収集,収集元推奨: ホットペッパービューティー掲載企業公式サイト / 日本エステティック協会会員
8791,,エステサロン,,山口県,,,,,,,エステサロン関連サービス,営業中（推定）,,未収集,収集元推奨: ホットペッパービューティー掲載企業公式サイト / 日本エステティック協会会員
8792,,エステサロン,,山口県,,,,,,,エステサロン関連サービス,営業中（推定）,,未収集,収集元推奨: ホットペッパービューティー掲載企業公式サイト / 日本エステティック協会会員
8793,,エステサロン,,山口県,,,,,,,エステサロン関連サービス,営業中（推定）,,未収集,収集元推奨: ホットペッパービューティー掲載企業公式サイト / 日本エステティック協会会員
8794,,エステサロン,,山口県,,,,,,,エステサロン関連サービス,営業中（推定）,,未収集,収集元推奨: ホットペッパービューティー掲載企業公式サイト / 日本エステティック協会会員
8795,,エステサロン,,山口県,,,,,,,エステサロン関連サービス,営業中（推定）,,未収集,収集元推奨: ホットペッパービューティー掲載企業公式サイト / 日本エステティック協会会員
8796,,エステサロン,,山口県,,,,,,,エステサロン関連サービス,営業中（推定）,,未収集,収集元推奨: ホットペッパービューティー掲載企業公式サイト / 日本エステティック協会会員
8797,,エステサロン,,山口県,,,,,,,エステサロン関連サービス,営業中（推定）,,未収集,収集元推奨: ホットペッパービューティー掲載企業公式サイト / 日本エステティック協会会員
8798,,ネイルサロン,,山口県,,,,,,,ネイルサロン関連サービス,営業中（推定）,,未収集,収集元推奨: JNA（日本ネイリスト協会）会員 / ホットペッパービューティー
8799,,ネイルサロン,,山口県,,,,,,,ネイルサロン関連サービス,営業中（推定）,,未収集,収集元推奨: JNA（日本ネイリスト協会）会員 / ホットペッパービューティー
8800,,ネイルサロン,,山口県,,,,,,,ネイルサロン関連サービス,営業中（推定）,,未収集,収集元推奨: JNA（日本ネイリスト協会）会員 / ホットペッパービューティー
8801,,ネイルサロン,,山口県,,,,,,,ネイルサロン関連サービス,営業中（推定）,,未収集,収集元推奨: JNA（日本ネイリスト協会）会員 / ホットペッパービューティー
8802,,ネイルサロン,,山口県,,,,,,,ネイルサロン関連サービス,営業中（推定）,,未収集,収集元推奨: JNA（日本ネイリスト協会）会員 / ホットペッパービューティー
8803,,ネイルサロン,,山口県,,,,,,,ネイルサロン関連サービス,営業中（推定）,,未収集,収集元推奨: JNA（日本ネイリスト協会）会員 / ホットペッパービューティー
8804,,ネイルサロン,,山口県,,,,,,,ネイルサロン関連サービス,営業中（推定）,,未収集,収集元推奨: JNA（日本ネイリスト協会）会員 / ホットペッパービューティー
8805,,ネイルサロン,,山口県,,,,,,,ネイルサロン関連サービス,営業中（推定）,,未収集,収集元推奨: JNA（日本ネイリスト協会）会員 / ホットペッパービューティー
8806,,ネイルサロン,,山口県,,,,,,,ネイルサロン関連サービス,営業中（推定）,,未収集,収集元推奨: JNA（日本ネイリスト協会）会員 / ホットペッパービューティー
8807,,美容整体・小顔矯正,,山口県,,,,,,,美容整体 小顔矯正関連サービス,営業中（推定）,,未収集,収集元推奨: エキテン・ホットペッパービューティー / iタウンページ「整体」
8808,,美容整体・小顔矯正,,山口県,,,,,,,美容整体 小顔矯正関連サービス,営業中（推定）,,未収集,収集元推奨: エキテン・ホットペッパービューティー / iタウンページ「整体」
8809,,美容整体・小顔矯正,,山口県,,,,,,,美容整体 小顔矯正関連サービス,営業中（推定）,,未収集,収集元推奨: エキテン・ホットペッパービューティー / iタウンページ「整体」
8810,,美容整体・小顔矯正,,山口県,,,,,,,美容整体 小顔矯正関連サービス,営業中（推定）,,未収集,収集元推奨: エキテン・ホットペッパービューティー / iタウンページ「整体」
8811,,美容整体・小顔矯正,,山口県,,,,,,,美容整体 小顔矯正関連サービス,営業中（推定）,,未収集,収集元推奨: エキテン・ホットペッパービューティー / iタウンページ「整体」
8812,,美容整体・小顔矯正,,山口県,,,,,,,美容整体 小顔矯正関連サービス,営業中（推定）,,未収集,収集元推奨: エキテン・ホットペッパービューティー / iタウンページ「整体」
8813,,美容鍼灸院,,山口県,,,,,,,美容鍼灸院関連サービス,営業中（推定）,,未収集,収集元推奨: 日本鍼灸師会地方師会会員名簿 / 鍼灸ポータルサイト
8814,,美容鍼灸院,,山口県,,,,,,,美容鍼灸院関連サービス,営業中（推定）,,未収集,収集元推奨: 日本鍼灸師会地方師会会員名簿 / 鍼灸ポータルサイト
8815,,美容鍼灸院,,山口県,,,,,,,美容鍼灸院関連サービス,営業中（推定）,,未収集,収集元推奨: 日本鍼灸師会地方師会会員名簿 / 鍼灸ポータルサイト
8816,,美容鍼灸院,,山口県,,,,,,,美容鍼灸院関連サービス,営業中（推定）,,未収集,収集元推奨: 日本鍼灸師会地方師会会員名簿 / 鍼灸ポータルサイト
8817,,美容鍼灸院,,山口県,,,,,,,美容鍼灸院関連サービス,営業中（推定）,,未収集,収集元推奨: 日本鍼灸師会地方師会会員名簿 / 鍼灸ポータルサイト
8818,,アロマ・リラクゼーション,,山口県,,,,,,,アロマ リラクゼーション関連サービス,営業中（推定）,,未収集,収集元推奨: AEAJ認定サロン一覧 / ホットペッパービューティー
8819,,アロマ・リラクゼーション,,山口県,,,,,,,アロマ リラクゼーション関連サービス,営業中（推定）,,未収集,収集元推奨: AEAJ認定サロン一覧 / ホットペッパービューティー
8820,,アロマ・リラクゼーション,,山口県,,,,,,,アロマ リラクゼーション関連サービス,営業中（推定）,,未収集,収集元推奨: AEAJ認定サロン一覧 / ホットペッパービューティー
8821,,アロマ・リラクゼーション,,山口県,,,,,,,アロマ リラクゼーション関連サービス,営業中（推定）,,未収集,収集元推奨: AEAJ認定サロン一覧 / ホットペッパービューティー
8822,,アロマ・リラクゼーション,,山口県,,,,,,,アロマ リラクゼーション関連サービス,営業中（推定）,,未収集,収集元推奨: AEAJ認定サロン一覧 / ホットペッパービューティー
8823,,美容クリニック,,山口県,,,,,,,美容クリニック関連サービス,営業中（推定）,,未収集,収集元推奨: 日本美容外科学会(JSAS)会員 / 各クリニック公式サイト
8824,,美容クリニック,,山口県,,,,,,,美容クリニック関連サービス,営業中（推定）,,未収集,収集元推奨: 日本美容外科学会(JSAS)会員 / 各クリニック公式サイト
8825,,美容クリニック,,山口県,,,,,,,美容クリニック関連サービス,営業中（推定）,,未収集,収集元推奨: 日本美容外科学会(JSAS)会員 / 各クリニック公式サイト
8826,,美容クリニック,,山口県,,,,,,,美容クリニック関連サービス,営業中（推定）,,未収集,収集元推奨: 日本美容外科学会(JSAS)会員 / 各クリニック公式サイト
8827,,美容クリニック,,山口県,,,,,,,美容クリニック関連サービス,営業中（推定）,,未収集,収集元推奨: 日本美容外科学会(JSAS)会員 / 各クリニック公式サイト
8828,,美容機器メーカー・ディーラー,,山口県,,,,,,,美容機器メーカー ディーラー関連サービス,営業中（推定）,,未収集,収集元推奨: BeautyWorld Japan展示会出展者一覧 / 国税庁法人番号DB
8829,,美容機器メーカー・ディーラー,,山口県,,,,,,,美容機器メーカー ディーラー関連サービス,営業中（推定）,,未収集,収集元推奨: BeautyWorld Japan展示会出展者一覧 / 国税庁法人番号DB
8830,,美容機器メーカー・ディーラー,,山口県,,,,,,,美容機器メーカー ディーラー関連サービス,営業中（推定）,,未収集,収集元推奨: BeautyWorld Japan展示会出展者一覧 / 国税庁法人番号DB
8831,,美容機器メーカー・ディーラー,,山口県,,,,,,,美容機器メーカー ディーラー関連サービス,営業中（推定）,,未収集,収集元推奨: BeautyWorld Japan展示会出展者一覧 / 国税庁法人番号DB
8832,,化粧品メーカー,,山口県,,,,,,,化粧品メーカー関連サービス,営業中（推定）,,未収集,収集元推奨: 日本化粧品工業会(JCIA)会員 / 国税庁法人番号DB
8833,,化粧品メーカー,,山口県,,,,,,,化粧品メーカー関連サービス,営業中（推定）,,未収集,収集元推奨: 日本化粧品工業会(JCIA)会員 / 国税庁法人番号DB
8834,,化粧品メーカー,,山口県,,,,,,,化粧品メーカー関連サービス,営業中（推定）,,未収集,収集元推奨: 日本化粧品工業会(JCIA)会員 / 国税庁法人番号DB
8835,,化粧品メーカー,,山口県,,,,,,,化粧品メーカー関連サービス,営業中（推定）,,未収集,収集元推奨: 日本化粧品工業会(JCIA)会員 / 国税庁法人番号DB
8836,,化粧品メーカー,,山口県,,,,,,,化粧品メーカー関連サービス,営業中（推定）,,未収集,収集元推奨: 日本化粧品工業会(JCIA)会員 / 国税庁法人番号DB
8837,,ヘアサロン・サロンオーナー,,山口県,,,,,,,ヘアサロン サロンオーナー関連サービス,営業中（推定）,,未収集,収集元推奨: ホットペッパービューティー / 美容師会 / iタウンページ
8838,,ヘアサロン・サロンオーナー,,山口県,,,,,,,ヘアサロン サロンオーナー関連サービス,営業中（推定）,,未収集,収集元推奨: ホットペッパービューティー / 美容師会 / iタウンページ
8839,,ヘアサロン・サロンオーナー,,山口県,,,,,,,ヘアサロン サロンオーナー関連サービス,営業中（推定）,,未収集,収集元推奨: ホットペッパービューティー / 美容師会 / iタウンページ
8840,,ヘアサロン・サロンオーナー,,山口県,,,,,,,ヘアサロン サロンオーナー関連サービス,営業中（推定）,,未収集,収集元推奨: ホットペッパービューティー / 美容師会 / iタウンページ
8841,,ヘアサロン・サロンオーナー,,山口県,,,,,,,ヘアサロン サロンオーナー関連サービス,営業中（推定）,,未収集,収集元推奨: ホットペッパービューティー / 美容師会 / iタウンページ
8842,,IT・AI×美容,,山口県,,,,,,,IT AI×美容関連サービス,営業中（推定）,,未収集,収集元推奨: スタートアップDB / PRTIMES / 展示会(BeautyTech系)
8843,,IT・AI×美容,,山口県,,,,,,,IT AI×美容関連サービス,営業中（推定）,,未収集,収集元推奨: スタートアップDB / PRTIMES / 展示会(BeautyTech系)
8844,,IT・AI×美容,,山口県,,,,,,,IT AI×美容関連サービス,営業中（推定）,,未収集,収集元推奨: スタートアップDB / PRTIMES / 展示会(BeautyTech系)
8845,,IT・AI×美容,,山口県,,,,,,,IT AI×美容関連サービス,営業中（推定）,,未収集,収集元推奨: スタートアップDB / PRTIMES / 展示会(BeautyTech系)
8846,,エステサロン,,長崎県,,,,,,,エステサロン関連サービス,営業中（推定）,,未収集,収集元推奨: ホットペッパービューティー掲載企業公式サイト / 日本エステティック協会会員
8847,,エステサロン,,長崎県,,,,,,,エステサロン関連サービス,営業中（推定）,,未収集,収集元推奨: ホットペッパービューティー掲載企業公式サイト / 日本エステティック協会会員
8848,,エステサロン,,長崎県,,,,,,,エステサロン関連サービス,営業中（推定）,,未収集,収集元推奨: ホットペッパービューティー掲載企業公式サイト / 日本エステティック協会会員
8849,,エステサロン,,長崎県,,,,,,,エステサロン関連サービス,営業中（推定）,,未収集,収集元推奨: ホットペッパービューティー掲載企業公式サイト / 日本エステティック協会会員
8850,,エステサロン,,長崎県,,,,,,,エステサロン関連サービス,営業中（推定）,,未収集,収集元推奨: ホットペッパービューティー掲載企業公式サイト / 日本エステティック協会会員
8851,,エステサロン,,長崎県,,,,,,,エステサロン関連サービス,営業中（推定）,,未収集,収集元推奨: ホットペッパービューティー掲載企業公式サイト / 日本エステティック協会会員
8852,,エステサロン,,長崎県,,,,,,,エステサロン関連サービス,営業中（推定）,,未収集,収集元推奨: ホットペッパービューティー掲載企業公式サイト / 日本エステティック協会会員
8853,,エステサロン,,長崎県,,,,,,,エステサロン関連サービス,営業中（推定）,,未収集,収集元推奨: ホットペッパービューティー掲載企業公式サイト / 日本エステティック協会会員
8854,,エステサロン,,長崎県,,,,,,,エステサロン関連サービス,営業中（推定）,,未収集,収集元推奨: ホットペッパービューティー掲載企業公式サイト / 日本エステティック協会会員
8855,,エステサロン,,長崎県,,,,,,,エステサロン関連サービス,営業中（推定）,,未収集,収集元推奨: ホットペッパービューティー掲載企業公式サイト / 日本エステティック協会会員
8856,,エステサロン,,長崎県,,,,,,,エステサロン関連サービス,営業中（推定）,,未収集,収集元推奨: ホットペッパービューティー掲載企業公式サイト / 日本エステティック協会会員
8857,,ネイルサロン,,長崎県,,,,,,,ネイルサロン関連サービス,営業中（推定）,,未収集,収集元推奨: JNA（日本ネイリスト協会）会員 / ホットペッパービューティー
8858,,ネイルサロン,,長崎県,,,,,,,ネイルサロン関連サービス,営業中（推定）,,未収集,収集元推奨: JNA（日本ネイリスト協会）会員 / ホットペッパービューティー
8859,,ネイルサロン,,長崎県,,,,,,,ネイルサロン関連サービス,営業中（推定）,,未収集,収集元推奨: JNA（日本ネイリスト協会）会員 / ホットペッパービューティー
8860,,ネイルサロン,,長崎県,,,,,,,ネイルサロン関連サービス,営業中（推定）,,未収集,収集元推奨: JNA（日本ネイリスト協会）会員 / ホットペッパービューティー
8861,,ネイルサロン,,長崎県,,,,,,,ネイルサロン関連サービス,営業中（推定）,,未収集,収集元推奨: JNA（日本ネイリスト協会）会員 / ホットペッパービューティー
8862,,ネイルサロン,,長崎県,,,,,,,ネイルサロン関連サービス,営業中（推定）,,未収集,収集元推奨: JNA（日本ネイリスト協会）会員 / ホットペッパービューティー
8863,,ネイルサロン,,長崎県,,,,,,,ネイルサロン関連サービス,営業中（推定）,,未収集,収集元推奨: JNA（日本ネイリスト協会）会員 / ホットペッパービューティー
8864,,ネイルサロン,,長崎県,,,,,,,ネイルサロン関連サービス,営業中（推定）,,未収集,収集元推奨: JNA（日本ネイリスト協会）会員 / ホットペッパービューティー
8865,,美容整体・小顔矯正,,長崎県,,,,,,,美容整体 小顔矯正関連サービス,営業中（推定）,,未収集,収集元推奨: エキテン・ホットペッパービューティー / iタウンページ「整体」
8866,,美容整体・小顔矯正,,長崎県,,,,,,,美容整体 小顔矯正関連サービス,営業中（推定）,,未収集,収集元推奨: エキテン・ホットペッパービューティー / iタウンページ「整体」
8867,,美容整体・小顔矯正,,長崎県,,,,,,,美容整体 小顔矯正関連サービス,営業中（推定）,,未収集,収集元推奨: エキテン・ホットペッパービューティー / iタウンページ「整体」
8868,,美容整体・小顔矯正,,長崎県,,,,,,,美容整体 小顔矯正関連サービス,営業中（推定）,,未収集,収集元推奨: エキテン・ホットペッパービューティー / iタウンページ「整体」
8869,,美容整体・小顔矯正,,長崎県,,,,,,,美容整体 小顔矯正関連サービス,営業中（推定）,,未収集,収集元推奨: エキテン・ホットペッパービューティー / iタウンページ「整体」
8870,,美容整体・小顔矯正,,長崎県,,,,,,,美容整体 小顔矯正関連サービス,営業中（推定）,,未収集,収集元推奨: エキテン・ホットペッパービューティー / iタウンページ「整体」
8871,,美容鍼灸院,,長崎県,,,,,,,美容鍼灸院関連サービス,営業中（推定）,,未収集,収集元推奨: 日本鍼灸師会地方師会会員名簿 / 鍼灸ポータルサイト
8872,,美容鍼灸院,,長崎県,,,,,,,美容鍼灸院関連サービス,営業中（推定）,,未収集,収集元推奨: 日本鍼灸師会地方師会会員名簿 / 鍼灸ポータルサイト
8873,,美容鍼灸院,,長崎県,,,,,,,美容鍼灸院関連サービス,営業中（推定）,,未収集,収集元推奨: 日本鍼灸師会地方師会会員名簿 / 鍼灸ポータルサイト
8874,,美容鍼灸院,,長崎県,,,,,,,美容鍼灸院関連サービス,営業中（推定）,,未収集,収集元推奨: 日本鍼灸師会地方師会会員名簿 / 鍼灸ポータルサイト
8875,,アロマ・リラクゼーション,,長崎県,,,,,,,アロマ リラクゼーション関連サービス,営業中（推定）,,未収集,収集元推奨: AEAJ認定サロン一覧 / ホットペッパービューティー
8876,,アロマ・リラクゼーション,,長崎県,,,,,,,アロマ リラクゼーション関連サービス,営業中（推定）,,未収集,収集元推奨: AEAJ認定サロン一覧 / ホットペッパービューティー
8877,,アロマ・リラクゼーション,,長崎県,,,,,,,アロマ リラクゼーション関連サービス,営業中（推定）,,未収集,収集元推奨: AEAJ認定サロン一覧 / ホットペッパービューティー
8878,,アロマ・リラクゼーション,,長崎県,,,,,,,アロマ リラクゼーション関連サービス,営業中（推定）,,未収集,収集元推奨: AEAJ認定サロン一覧 / ホットペッパービューティー
8879,,美容クリニック,,長崎県,,,,,,,美容クリニック関連サービス,営業中（推定）,,未収集,収集元推奨: 日本美容外科学会(JSAS)会員 / 各クリニック公式サイト
8880,,美容クリニック,,長崎県,,,,,,,美容クリニック関連サービス,営業中（推定）,,未収集,収集元推奨: 日本美容外科学会(JSAS)会員 / 各クリニック公式サイト
8881,,美容クリニック,,長崎県,,,,,,,美容クリニック関連サービス,営業中（推定）,,未収集,収集元推奨: 日本美容外科学会(JSAS)会員 / 各クリニック公式サイト
8882,,美容クリニック,,長崎県,,,,,,,美容クリニック関連サービス,営業中（推定）,,未収集,収集元推奨: 日本美容外科学会(JSAS)会員 / 各クリニック公式サイト
8883,,美容機器メーカー・ディーラー,,長崎県,,,,,,,美容機器メーカー ディーラー関連サービス,営業中（推定）,,未収集,収集元推奨: BeautyWorld Japan展示会出展者一覧 / 国税庁法人番号DB
8884,,美容機器メーカー・ディーラー,,長崎県,,,,,,,美容機器メーカー ディーラー関連サービス,営業中（推定）,,未収集,収集元推奨: BeautyWorld Japan展示会出展者一覧 / 国税庁法人番号DB
8885,,美容機器メーカー・ディーラー,,長崎県,,,,,,,美容機器メーカー ディーラー関連サービス,営業中（推定）,,未収集,収集元推奨: BeautyWorld Japan展示会出展者一覧 / 国税庁法人番号DB
8886,,化粧品メーカー,,長崎県,,,,,,,化粧品メーカー関連サービス,営業中（推定）,,未収集,収集元推奨: 日本化粧品工業会(JCIA)会員 / 国税庁法人番号DB
8887,,化粧品メーカー,,長崎県,,,,,,,化粧品メーカー関連サービス,営業中（推定）,,未収集,収集元推奨: 日本化粧品工業会(JCIA)会員 / 国税庁法人番号DB
8888,,化粧品メーカー,,長崎県,,,,,,,化粧品メーカー関連サービス,営業中（推定）,,未収集,収集元推奨: 日本化粧品工業会(JCIA)会員 / 国税庁法人番号DB
8889,,化粧品メーカー,,長崎県,,,,,,,化粧品メーカー関連サービス,営業中（推定）,,未収集,収集元推奨: 日本化粧品工業会(JCIA)会員 / 国税庁法人番号DB
8890,,ヘアサロン・サロンオーナー,,長崎県,,,,,,,ヘアサロン サロンオーナー関連サービス,営業中（推定）,,未収集,収集元推奨: ホットペッパービューティー / 美容師会 / iタウンページ
8891,,ヘアサロン・サロンオーナー,,長崎県,,,,,,,ヘアサロン サロンオーナー関連サービス,営業中（推定）,,未収集,収集元推奨: ホットペッパービューティー / 美容師会 / iタウンページ
8892,,ヘアサロン・サロンオーナー,,長崎県,,,,,,,ヘアサロン サロンオーナー関連サービス,営業中（推定）,,未収集,収集元推奨: ホットペッパービューティー / 美容師会 / iタウンページ
8893,,ヘアサロン・サロンオーナー,,長崎県,,,,,,,ヘアサロン サロンオーナー関連サービス,営業中（推定）,,未収集,収集元推奨: ホットペッパービューティー / 美容師会 / iタウンページ
8894,,IT・AI×美容,,長崎県,,,,,,,IT AI×美容関連サービス,営業中（推定）,,未収集,収集元推奨: スタートアップDB / PRTIMES / 展示会(BeautyTech系)
8895,,IT・AI×美容,,長崎県,,,,,,,IT AI×美容関連サービス,営業中（推定）,,未収集,収集元推奨: スタートアップDB / PRTIMES / 展示会(BeautyTech系)
8896,,IT・AI×美容,,長崎県,,,,,,,IT AI×美容関連サービス,営業中（推定）,,未収集,収集元推奨: スタートアップDB / PRTIMES / 展示会(BeautyTech系)
8897,,IT・AI×美容,,長崎県,,,,,,,IT AI×美容関連サービス,営業中（推定）,,未収集,収集元推奨: スタートアップDB / PRTIMES / 展示会(BeautyTech系)
8898,,IT・AI×美容,,長崎県,,,,,,,IT AI×美容関連サービス,営業中（推定）,,未収集,収集元推奨: スタートアップDB / PRTIMES / 展示会(BeautyTech系)
8899,,IT・AI×美容,,長崎県,,,,,,,IT AI×美容関連サービス,営業中（推定）,,未収集,収集元推奨: スタートアップDB / PRTIMES / 展示会(BeautyTech系)
8900,,IT・AI×美容,,長崎県,,,,,,,IT AI×美容関連サービス,営業中（推定）,,未収集,収集元推奨: スタートアップDB / PRTIMES / 展示会(BeautyTech系)
8901,,エステサロン,,石川県,,,,,,,エステサロン関連サービス,営業中（推定）,,未収集,収集元推奨: ホットペッパービューティー掲載企業公式サイト / 日本エステティック協会会員
8902,,エステサロン,,石川県,,,,,,,エステサロン関連サービス,営業中（推定）,,未収集,収集元推奨: ホットペッパービューティー掲載企業公式サイト / 日本エステティック協会会員
8903,,エステサロン,,石川県,,,,,,,エステサロン関連サービス,営業中（推定）,,未収集,収集元推奨: ホットペッパービューティー掲載企業公式サイト / 日本エステティック協会会員
8904,,エステサロン,,石川県,,,,,,,エステサロン関連サービス,営業中（推定）,,未収集,収集元推奨: ホットペッパービューティー掲載企業公式サイト / 日本エステティック協会会員
8905,,エステサロン,,石川県,,,,,,,エステサロン関連サービス,営業中（推定）,,未収集,収集元推奨: ホットペッパービューティー掲載企業公式サイト / 日本エステティック協会会員
8906,,エステサロン,,石川県,,,,,,,エステサロン関連サービス,営業中（推定）,,未収集,収集元推奨: ホットペッパービューティー掲載企業公式サイト / 日本エステティック協会会員
8907,,エステサロン,,石川県,,,,,,,エステサロン関連サービス,営業中（推定）,,未収集,収集元推奨: ホットペッパービューティー掲載企業公式サイト / 日本エステティック協会会員
8908,,エステサロン,,石川県,,,,,,,エステサロン関連サービス,営業中（推定）,,未収集,収集元推奨: ホットペッパービューティー掲載企業公式サイト / 日本エステティック協会会員
8909,,エステサロン,,石川県,,,,,,,エステサロン関連サービス,営業中（推定）,,未収集,収集元推奨: ホットペッパービューティー掲載企業公式サイト / 日本エステティック協会会員
8910,,エステサロン,,石川県,,,,,,,エステサロン関連サービス,営業中（推定）,,未収集,収集元推奨: ホットペッパービューティー掲載企業公式サイト / 日本エステティック協会会員
8911,,エステサロン,,石川県,,,,,,,エステサロン関連サービス,営業中（推定）,,未収集,収集元推奨: ホットペッパービューティー掲載企業公式サイト / 日本エステティック協会会員
8912,,ネイルサロン,,石川県,,,,,,,ネイルサロン関連サービス,営業中（推定）,,未収集,収集元推奨: JNA（日本ネイリスト協会）会員 / ホットペッパービューティー
8913,,ネイルサロン,,石川県,,,,,,,ネイルサロン関連サービス,営業中（推定）,,未収集,収集元推奨: JNA（日本ネイリスト協会）会員 / ホットペッパービューティー
8914,,ネイルサロン,,石川県,,,,,,,ネイルサロン関連サービス,営業中（推定）,,未収集,収集元推奨: JNA（日本ネイリスト協会）会員 / ホットペッパービューティー
8915,,ネイルサロン,,石川県,,,,,,,ネイルサロン関連サービス,営業中（推定）,,未収集,収集元推奨: JNA（日本ネイリスト協会）会員 / ホットペッパービューティー
8916,,ネイルサロン,,石川県,,,,,,,ネイルサロン関連サービス,営業中（推定）,,未収集,収集元推奨: JNA（日本ネイリスト協会）会員 / ホットペッパービューティー
8917,,ネイルサロン,,石川県,,,,,,,ネイルサロン関連サービス,営業中（推定）,,未収集,収集元推奨: JNA（日本ネイリスト協会）会員 / ホットペッパービューティー
8918,,ネイルサロン,,石川県,,,,,,,ネイルサロン関連サービス,営業中（推定）,,未収集,収集元推奨: JNA（日本ネイリスト協会）会員 / ホットペッパービューティー
8919,,ネイルサロン,,石川県,,,,,,,ネイルサロン関連サービス,営業中（推定）,,未収集,収集元推奨: JNA（日本ネイリスト協会）会員 / ホットペッパービューティー
8920,,美容整体・小顔矯正,,石川県,,,,,,,美容整体 小顔矯正関連サービス,営業中（推定）,,未収集,収集元推奨: エキテン・ホットペッパービューティー / iタウンページ「整体」
8921,,美容整体・小顔矯正,,石川県,,,,,,,美容整体 小顔矯正関連サービス,営業中（推定）,,未収集,収集元推奨: エキテン・ホットペッパービューティー / iタウンページ「整体」
8922,,美容整体・小顔矯正,,石川県,,,,,,,美容整体 小顔矯正関連サービス,営業中（推定）,,未収集,収集元推奨: エキテン・ホットペッパービューティー / iタウンページ「整体」
8923,,美容整体・小顔矯正,,石川県,,,,,,,美容整体 小顔矯正関連サービス,営業中（推定）,,未収集,収集元推奨: エキテン・ホットペッパービューティー / iタウンページ「整体」
8924,,美容整体・小顔矯正,,石川県,,,,,,,美容整体 小顔矯正関連サービス,営業中（推定）,,未収集,収集元推奨: エキテン・ホットペッパービューティー / iタウンページ「整体」
8925,,美容整体・小顔矯正,,石川県,,,,,,,美容整体 小顔矯正関連サービス,営業中（推定）,,未収集,収集元推奨: エキテン・ホットペッパービューティー / iタウンページ「整体」
8926,,美容鍼灸院,,石川県,,,,,,,美容鍼灸院関連サービス,営業中（推定）,,未収集,収集元推奨: 日本鍼灸師会地方師会会員名簿 / 鍼灸ポータルサイト
8927,,美容鍼灸院,,石川県,,,,,,,美容鍼灸院関連サービス,営業中（推定）,,未収集,収集元推奨: 日本鍼灸師会地方師会会員名簿 / 鍼灸ポータルサイト
8928,,美容鍼灸院,,石川県,,,,,,,美容鍼灸院関連サービス,営業中（推定）,,未収集,収集元推奨: 日本鍼灸師会地方師会会員名簿 / 鍼灸ポータルサイト
8929,,美容鍼灸院,,石川県,,,,,,,美容鍼灸院関連サービス,営業中（推定）,,未収集,収集元推奨: 日本鍼灸師会地方師会会員名簿 / 鍼灸ポータルサイト
8930,,アロマ・リラクゼーション,,石川県,,,,,,,アロマ リラクゼーション関連サービス,営業中（推定）,,未収集,収集元推奨: AEAJ認定サロン一覧 / ホットペッパービューティー
8931,,アロマ・リラクゼーション,,石川県,,,,,,,アロマ リラクゼーション関連サービス,営業中（推定）,,未収集,収集元推奨: AEAJ認定サロン一覧 / ホットペッパービューティー
8932,,アロマ・リラクゼーション,,石川県,,,,,,,アロマ リラクゼーション関連サービス,営業中（推定）,,未収集,収集元推奨: AEAJ認定サロン一覧 / ホットペッパービューティー
8933,,アロマ・リラクゼーション,,石川県,,,,,,,アロマ リラクゼーション関連サービス,営業中（推定）,,未収集,収集元推奨: AEAJ認定サロン一覧 / ホットペッパービューティー
8934,,美容クリニック,,石川県,,,,,,,美容クリニック関連サービス,営業中（推定）,,未収集,収集元推奨: 日本美容外科学会(JSAS)会員 / 各クリニック公式サイト
8935,,美容クリニック,,石川県,,,,,,,美容クリニック関連サービス,営業中（推定）,,未収集,収集元推奨: 日本美容外科学会(JSAS)会員 / 各クリニック公式サイト
8936,,美容クリニック,,石川県,,,,,,,美容クリニック関連サービス,営業中（推定）,,未収集,収集元推奨: 日本美容外科学会(JSAS)会員 / 各クリニック公式サイト
8937,,美容クリニック,,石川県,,,,,,,美容クリニック関連サービス,営業中（推定）,,未収集,収集元推奨: 日本美容外科学会(JSAS)会員 / 各クリニック公式サイト
8938,,美容機器メーカー・ディーラー,,石川県,,,,,,,美容機器メーカー ディーラー関連サービス,営業中（推定）,,未収集,収集元推奨: BeautyWorld Japan展示会出展者一覧 / 国税庁法人番号DB
8939,,美容機器メーカー・ディーラー,,石川県,,,,,,,美容機器メーカー ディーラー関連サービス,営業中（推定）,,未収集,収集元推奨: BeautyWorld Japan展示会出展者一覧 / 国税庁法人番号DB
8940,,美容機器メーカー・ディーラー,,石川県,,,,,,,美容機器メーカー ディーラー関連サービス,営業中（推定）,,未収集,収集元推奨: BeautyWorld Japan展示会出展者一覧 / 国税庁法人番号DB
8941,,化粧品メーカー,,石川県,,,,,,,化粧品メーカー関連サービス,営業中（推定）,,未収集,収集元推奨: 日本化粧品工業会(JCIA)会員 / 国税庁法人番号DB
8942,,化粧品メーカー,,石川県,,,,,,,化粧品メーカー関連サービス,営業中（推定）,,未収集,収集元推奨: 日本化粧品工業会(JCIA)会員 / 国税庁法人番号DB
8943,,化粧品メーカー,,石川県,,,,,,,化粧品メーカー関連サービス,営業中（推定）,,未収集,収集元推奨: 日本化粧品工業会(JCIA)会員 / 国税庁法人番号DB
8944,,化粧品メーカー,,石川県,,,,,,,化粧品メーカー関連サービス,営業中（推定）,,未収集,収集元推奨: 日本化粧品工業会(JCIA)会員 / 国税庁法人番号DB
8945,,ヘアサロン・サロンオーナー,,石川県,,,,,,,ヘアサロン サロンオーナー関連サービス,営業中（推定）,,未収集,収集元推奨: ホットペッパービューティー / 美容師会 / iタウンページ
8946,,ヘアサロン・サロンオーナー,,石川県,,,,,,,ヘアサロン サロンオーナー関連サービス,営業中（推定）,,未収集,収集元推奨: ホットペッパービューティー / 美容師会 / iタウンページ
8947,,ヘアサロン・サロンオーナー,,石川県,,,,,,,ヘアサロン サロンオーナー関連サービス,営業中（推定）,,未収集,収集元推奨: ホットペッパービューティー / 美容師会 / iタウンページ
8948,,ヘアサロン・サロンオーナー,,石川県,,,,,,,ヘアサロン サロンオーナー関連サービス,営業中（推定）,,未収集,収集元推奨: ホットペッパービューティー / 美容師会 / iタウンページ
8949,,IT・AI×美容,,石川県,,,,,,,IT AI×美容関連サービス,営業中（推定）,,未収集,収集元推奨: スタートアップDB / PRTIMES / 展示会(BeautyTech系)
8950,,IT・AI×美容,,石川県,,,,,,,IT AI×美容関連サービス,営業中（推定）,,未収集,収集元推奨: スタートアップDB / PRTIMES / 展示会(BeautyTech系)
8951,,IT・AI×美容,,石川県,,,,,,,IT AI×美容関連サービス,営業中（推定）,,未収集,収集元推奨: スタートアップDB / PRTIMES / 展示会(BeautyTech系)
8952,,IT・AI×美容,,石川県,,,,,,,IT AI×美容関連サービス,営業中（推定）,,未収集,収集元推奨: スタートアップDB / PRTIMES / 展示会(BeautyTech系)
8953,,IT・AI×美容,,石川県,,,,,,,IT AI×美容関連サービス,営業中（推定）,,未収集,収集元推奨: スタートアップDB / PRTIMES / 展示会(BeautyTech系)
8954,,IT・AI×美容,,石川県,,,,,,,IT AI×美容関連サービス,営業中（推定）,,未収集,収集元推奨: スタートアップDB / PRTIMES / 展示会(BeautyTech系)
8955,,IT・AI×美容,,石川県,,,,,,,IT AI×美容関連サービス,営業中（推定）,,未収集,収集元推奨: スタートアップDB / PRTIMES / 展示会(BeautyTech系)
8956,,エステサロン,,富山県,,,,,,,エステサロン関連サービス,営業中（推定）,,未収集,収集元推奨: ホットペッパービューティー掲載企業公式サイト / 日本エステティック協会会員
8957,,エステサロン,,富山県,,,,,,,エステサロン関連サービス,営業中（推定）,,未収集,収集元推奨: ホットペッパービューティー掲載企業公式サイト / 日本エステティック協会会員
8958,,エステサロン,,富山県,,,,,,,エステサロン関連サービス,営業中（推定）,,未収集,収集元推奨: ホットペッパービューティー掲載企業公式サイト / 日本エステティック協会会員
8959,,エステサロン,,富山県,,,,,,,エステサロン関連サービス,営業中（推定）,,未収集,収集元推奨: ホットペッパービューティー掲載企業公式サイト / 日本エステティック協会会員
8960,,エステサロン,,富山県,,,,,,,エステサロン関連サービス,営業中（推定）,,未収集,収集元推奨: ホットペッパービューティー掲載企業公式サイト / 日本エステティック協会会員
8961,,エステサロン,,富山県,,,,,,,エステサロン関連サービス,営業中（推定）,,未収集,収集元推奨: ホットペッパービューティー掲載企業公式サイト / 日本エステティック協会会員
8962,,エステサロン,,富山県,,,,,,,エステサロン関連サービス,営業中（推定）,,未収集,収集元推奨: ホットペッパービューティー掲載企業公式サイト / 日本エステティック協会会員
8963,,エステサロン,,富山県,,,,,,,エステサロン関連サービス,営業中（推定）,,未収集,収集元推奨: ホットペッパービューティー掲載企業公式サイト / 日本エステティック協会会員
8964,,エステサロン,,富山県,,,,,,,エステサロン関連サービス,営業中（推定）,,未収集,収集元推奨: ホットペッパービューティー掲載企業公式サイト / 日本エステティック協会会員
8965,,エステサロン,,富山県,,,,,,,エステサロン関連サービス,営業中（推定）,,未収集,収集元推奨: ホットペッパービューティー掲載企業公式サイト / 日本エステティック協会会員
8966,,ネイルサロン,,富山県,,,,,,,ネイルサロン関連サービス,営業中（推定）,,未収集,収集元推奨: JNA（日本ネイリスト協会）会員 / ホットペッパービューティー
8967,,ネイルサロン,,富山県,,,,,,,ネイルサロン関連サービス,営業中（推定）,,未収集,収集元推奨: JNA（日本ネイリスト協会）会員 / ホットペッパービューティー
8968,,ネイルサロン,,富山県,,,,,,,ネイルサロン関連サービス,営業中（推定）,,未収集,収集元推奨: JNA（日本ネイリスト協会）会員 / ホットペッパービューティー
8969,,ネイルサロン,,富山県,,,,,,,ネイルサロン関連サービス,営業中（推定）,,未収集,収集元推奨: JNA（日本ネイリスト協会）会員 / ホットペッパービューティー
8970,,ネイルサロン,,富山県,,,,,,,ネイルサロン関連サービス,営業中（推定）,,未収集,収集元推奨: JNA（日本ネイリスト協会）会員 / ホットペッパービューティー
8971,,ネイルサロン,,富山県,,,,,,,ネイルサロン関連サービス,営業中（推定）,,未収集,収集元推奨: JNA（日本ネイリスト協会）会員 / ホットペッパービューティー
8972,,ネイルサロン,,富山県,,,,,,,ネイルサロン関連サービス,営業中（推定）,,未収集,収集元推奨: JNA（日本ネイリスト協会）会員 / ホットペッパービューティー
8973,,ネイルサロン,,富山県,,,,,,,ネイルサロン関連サービス,営業中（推定）,,未収集,収集元推奨: JNA（日本ネイリスト協会）会員 / ホットペッパービューティー
8974,,美容整体・小顔矯正,,富山県,,,,,,,美容整体 小顔矯正関連サービス,営業中（推定）,,未収集,収集元推奨: エキテン・ホットペッパービューティー / iタウンページ「整体」
8975,,美容整体・小顔矯正,,富山県,,,,,,,美容整体 小顔矯正関連サービス,営業中（推定）,,未収集,収集元推奨: エキテン・ホットペッパービューティー / iタウンページ「整体」
8976,,美容整体・小顔矯正,,富山県,,,,,,,美容整体 小顔矯正関連サービス,営業中（推定）,,未収集,収集元推奨: エキテン・ホットペッパービューティー / iタウンページ「整体」
8977,,美容整体・小顔矯正,,富山県,,,,,,,美容整体 小顔矯正関連サービス,営業中（推定）,,未収集,収集元推奨: エキテン・ホットペッパービューティー / iタウンページ「整体」
8978,,美容整体・小顔矯正,,富山県,,,,,,,美容整体 小顔矯正関連サービス,営業中（推定）,,未収集,収集元推奨: エキテン・ホットペッパービューティー / iタウンページ「整体」
8979,,美容鍼灸院,,富山県,,,,,,,美容鍼灸院関連サービス,営業中（推定）,,未収集,収集元推奨: 日本鍼灸師会地方師会会員名簿 / 鍼灸ポータルサイト
8980,,美容鍼灸院,,富山県,,,,,,,美容鍼灸院関連サービス,営業中（推定）,,未収集,収集元推奨: 日本鍼灸師会地方師会会員名簿 / 鍼灸ポータルサイト
8981,,美容鍼灸院,,富山県,,,,,,,美容鍼灸院関連サービス,営業中（推定）,,未収集,収集元推奨: 日本鍼灸師会地方師会会員名簿 / 鍼灸ポータルサイト
8982,,美容鍼灸院,,富山県,,,,,,,美容鍼灸院関連サービス,営業中（推定）,,未収集,収集元推奨: 日本鍼灸師会地方師会会員名簿 / 鍼灸ポータルサイト
8983,,アロマ・リラクゼーション,,富山県,,,,,,,アロマ リラクゼーション関連サービス,営業中（推定）,,未収集,収集元推奨: AEAJ認定サロン一覧 / ホットペッパービューティー
8984,,アロマ・リラクゼーション,,富山県,,,,,,,アロマ リラクゼーション関連サービス,営業中（推定）,,未収集,収集元推奨: AEAJ認定サロン一覧 / ホットペッパービューティー
8985,,アロマ・リラクゼーション,,富山県,,,,,,,アロマ リラクゼーション関連サービス,営業中（推定）,,未収集,収集元推奨: AEAJ認定サロン一覧 / ホットペッパービューティー
8986,,アロマ・リラクゼーション,,富山県,,,,,,,アロマ リラクゼーション関連サービス,営業中（推定）,,未収集,収集元推奨: AEAJ認定サロン一覧 / ホットペッパービューティー
8987,,美容クリニック,,富山県,,,,,,,美容クリニック関連サービス,営業中（推定）,,未収集,収集元推奨: 日本美容外科学会(JSAS)会員 / 各クリニック公式サイト
8988,,美容クリニック,,富山県,,,,,,,美容クリニック関連サービス,営業中（推定）,,未収集,収集元推奨: 日本美容外科学会(JSAS)会員 / 各クリニック公式サイト
8989,,美容クリニック,,富山県,,,,,,,美容クリニック関連サービス,営業中（推定）,,未収集,収集元推奨: 日本美容外科学会(JSAS)会員 / 各クリニック公式サイト
8990,,美容クリニック,,富山県,,,,,,,美容クリニック関連サービス,営業中（推定）,,未収集,収集元推奨: 日本美容外科学会(JSAS)会員 / 各クリニック公式サイト
8991,,美容機器メーカー・ディーラー,,富山県,,,,,,,美容機器メーカー ディーラー関連サービス,営業中（推定）,,未収集,収集元推奨: BeautyWorld Japan展示会出展者一覧 / 国税庁法人番号DB
8992,,美容機器メーカー・ディーラー,,富山県,,,,,,,美容機器メーカー ディーラー関連サービス,営業中（推定）,,未収集,収集元推奨: BeautyWorld Japan展示会出展者一覧 / 国税庁法人番号DB
8993,,美容機器メーカー・ディーラー,,富山県,,,,,,,美容機器メーカー ディーラー関連サービス,営業中（推定）,,未収集,収集元推奨: BeautyWorld Japan展示会出展者一覧 / 国税庁法人番号DB
8994,,化粧品メーカー,,富山県,,,,,,,化粧品メーカー関連サービス,営業中（推定）,,未収集,収集元推奨: 日本化粧品工業会(JCIA)会員 / 国税庁法人番号DB
8995,,化粧品メーカー,,富山県,,,,,,,化粧品メーカー関連サービス,営業中（推定）,,未収集,収集元推奨: 日本化粧品工業会(JCIA)会員 / 国税庁法人番号DB
8996,,化粧品メーカー,,富山県,,,,,,,化粧品メーカー関連サービス,営業中（推定）,,未収集,収集元推奨: 日本化粧品工業会(JCIA)会員 / 国税庁法人番号DB
8997,,化粧品メーカー,,富山県,,,,,,,化粧品メーカー関連サービス,営業中（推定）,,未収集,収集元推奨: 日本化粧品工業会(JCIA)会員 / 国税庁法人番号DB
8998,,ヘアサロン・サロンオーナー,,富山県,,,,,,,ヘアサロン サロンオーナー関連サービス,営業中（推定）,,未収集,収集元推奨: ホットペッパービューティー / 美容師会 / iタウンページ
8999,,ヘアサロン・サロンオーナー,,富山県,,,,,,,ヘアサロン サロンオーナー関連サービス,営業中（推定）,,未収集,収集元推奨: ホットペッパービューティー / 美容師会 / iタウンページ
9000,,ヘアサロン・サロンオーナー,,富山県,,,,,,,ヘアサロン サロンオーナー関連サービス,営業中（推定）,,未収集,収集元推奨: ホットペッパービューティー / 美容師会 / iタウンページ
9001,,ヘアサロン・サロンオーナー,,富山県,,,,,,,ヘアサロン サロンオーナー関連サービス,営業中（推定）,,未収集,収集元推奨: ホットペッパービューティー / 美容師会 / iタウンページ
9002,,IT・AI×美容,,富山県,,,,,,,IT AI×美容関連サービス,営業中（推定）,,未収集,収集元推奨: スタートアップDB / PRTIMES / 展示会(BeautyTech系)
9003,,IT・AI×美容,,富山県,,,,,,,IT AI×美容関連サービス,営業中（推定）,,未収集,収集元推奨: スタートアップDB / PRTIMES / 展示会(BeautyTech系)
9004,,IT・AI×美容,,富山県,,,,,,,IT AI×美容関連サービス,営業中（推定）,,未収集,収集元推奨: スタートアップDB / PRTIMES / 展示会(BeautyTech系)
9005,,IT・AI×美容,,富山県,,,,,,,IT AI×美容関連サービス,営業中（推定）,,未収集,収集元推奨: スタートアップDB / PRTIMES / 展示会(BeautyTech系)
9006,,エステサロン,,大分県,,,,,,,エステサロン関連サービス,営業中（推定）,,未収集,収集元推奨: ホットペッパービューティー掲載企業公式サイト / 日本エステティック協会会員
9007,,エステサロン,,大分県,,,,,,,エステサロン関連サービス,営業中（推定）,,未収集,収集元推奨: ホットペッパービューティー掲載企業公式サイト / 日本エステティック協会会員
9008,,エステサロン,,大分県,,,,,,,エステサロン関連サービス,営業中（推定）,,未収集,収集元推奨: ホットペッパービューティー掲載企業公式サイト / 日本エステティック協会会員
9009,,エステサロン,,大分県,,,,,,,エステサロン関連サービス,営業中（推定）,,未収集,収集元推奨: ホットペッパービューティー掲載企業公式サイト / 日本エステティック協会会員
9010,,エステサロン,,大分県,,,,,,,エステサロン関連サービス,営業中（推定）,,未収集,収集元推奨: ホットペッパービューティー掲載企業公式サイト / 日本エステティック協会会員
9011,,エステサロン,,大分県,,,,,,,エステサロン関連サービス,営業中（推定）,,未収集,収集元推奨: ホットペッパービューティー掲載企業公式サイト / 日本エステティック協会会員
9012,,エステサロン,,大分県,,,,,,,エステサロン関連サービス,営業中（推定）,,未収集,収集元推奨: ホットペッパービューティー掲載企業公式サイト / 日本エステティック協会会員
9013,,エステサロン,,大分県,,,,,,,エステサロン関連サービス,営業中（推定）,,未収集,収集元推奨: ホットペッパービューティー掲載企業公式サイト / 日本エステティック協会会員
9014,,エステサロン,,大分県,,,,,,,エステサロン関連サービス,営業中（推定）,,未収集,収集元推奨: ホットペッパービューティー掲載企業公式サイト / 日本エステティック協会会員
9015,,エステサロン,,大分県,,,,,,,エステサロン関連サービス,営業中（推定）,,未収集,収集元推奨: ホットペッパービューティー掲載企業公式サイト / 日本エステティック協会会員
9016,,ネイルサロン,,大分県,,,,,,,ネイルサロン関連サービス,営業中（推定）,,未収集,収集元推奨: JNA（日本ネイリスト協会）会員 / ホットペッパービューティー
9017,,ネイルサロン,,大分県,,,,,,,ネイルサロン関連サービス,営業中（推定）,,未収集,収集元推奨: JNA（日本ネイリスト協会）会員 / ホットペッパービューティー
9018,,ネイルサロン,,大分県,,,,,,,ネイルサロン関連サービス,営業中（推定）,,未収集,収集元推奨: JNA（日本ネイリスト協会）会員 / ホットペッパービューティー
9019,,ネイルサロン,,大分県,,,,,,,ネイルサロン関連サービス,営業中（推定）,,未収集,収集元推奨: JNA（日本ネイリスト協会）会員 / ホットペッパービューティー
9020,,ネイルサロン,,大分県,,,,,,,ネイルサロン関連サービス,営業中（推定）,,未収集,収集元推奨: JNA（日本ネイリスト協会）会員 / ホットペッパービューティー
9021,,ネイルサロン,,大分県,,,,,,,ネイルサロン関連サービス,営業中（推定）,,未収集,収集元推奨: JNA（日本ネイリスト協会）会員 / ホットペッパービューティー
9022,,ネイルサロン,,大分県,,,,,,,ネイルサロン関連サービス,営業中（推定）,,未収集,収集元推奨: JNA（日本ネイリスト協会）会員 / ホットペッパービューティー
9023,,ネイルサロン,,大分県,,,,,,,ネイルサロン関連サービス,営業中（推定）,,未収集,収集元推奨: JNA（日本ネイリスト協会）会員 / ホットペッパービューティー
9024,,美容整体・小顔矯正,,大分県,,,,,,,美容整体 小顔矯正関連サービス,営業中（推定）,,未収集,収集元推奨: エキテン・ホットペッパービューティー / iタウンページ「整体」
9025,,美容整体・小顔矯正,,大分県,,,,,,,美容整体 小顔矯正関連サービス,営業中（推定）,,未収集,収集元推奨: エキテン・ホットペッパービューティー / iタウンページ「整体」
9026,,美容整体・小顔矯正,,大分県,,,,,,,美容整体 小顔矯正関連サービス,営業中（推定）,,未収集,収集元推奨: エキテン・ホットペッパービューティー / iタウンページ「整体」
9027,,美容整体・小顔矯正,,大分県,,,,,,,美容整体 小顔矯正関連サービス,営業中（推定）,,未収集,収集元推奨: エキテン・ホットペッパービューティー / iタウンページ「整体」
9028,,美容整体・小顔矯正,,大分県,,,,,,,美容整体 小顔矯正関連サービス,営業中（推定）,,未収集,収集元推奨: エキテン・ホットペッパービューティー / iタウンページ「整体」
9029,,美容鍼灸院,,大分県,,,,,,,美容鍼灸院関連サービス,営業中（推定）,,未収集,収集元推奨: 日本鍼灸師会地方師会会員名簿 / 鍼灸ポータルサイト
9030,,美容鍼灸院,,大分県,,,,,,,美容鍼灸院関連サービス,営業中（推定）,,未収集,収集元推奨: 日本鍼灸師会地方師会会員名簿 / 鍼灸ポータルサイト
9031,,美容鍼灸院,,大分県,,,,,,,美容鍼灸院関連サービス,営業中（推定）,,未収集,収集元推奨: 日本鍼灸師会地方師会会員名簿 / 鍼灸ポータルサイト
9032,,美容鍼灸院,,大分県,,,,,,,美容鍼灸院関連サービス,営業中（推定）,,未収集,収集元推奨: 日本鍼灸師会地方師会会員名簿 / 鍼灸ポータルサイト
9033,,アロマ・リラクゼーション,,大分県,,,,,,,アロマ リラクゼーション関連サービス,営業中（推定）,,未収集,収集元推奨: AEAJ認定サロン一覧 / ホットペッパービューティー
9034,,アロマ・リラクゼーション,,大分県,,,,,,,アロマ リラクゼーション関連サービス,営業中（推定）,,未収集,収集元推奨: AEAJ認定サロン一覧 / ホットペッパービューティー
9035,,アロマ・リラクゼーション,,大分県,,,,,,,アロマ リラクゼーション関連サービス,営業中（推定）,,未収集,収集元推奨: AEAJ認定サロン一覧 / ホットペッパービューティー
9036,,アロマ・リラクゼーション,,大分県,,,,,,,アロマ リラクゼーション関連サービス,営業中（推定）,,未収集,収集元推奨: AEAJ認定サロン一覧 / ホットペッパービューティー
9037,,美容クリニック,,大分県,,,,,,,美容クリニック関連サービス,営業中（推定）,,未収集,収集元推奨: 日本美容外科学会(JSAS)会員 / 各クリニック公式サイト
9038,,美容クリニック,,大分県,,,,,,,美容クリニック関連サービス,営業中（推定）,,未収集,収集元推奨: 日本美容外科学会(JSAS)会員 / 各クリニック公式サイト
9039,,美容クリニック,,大分県,,,,,,,美容クリニック関連サービス,営業中（推定）,,未収集,収集元推奨: 日本美容外科学会(JSAS)会員 / 各クリニック公式サイト
9040,,美容クリニック,,大分県,,,,,,,美容クリニック関連サービス,営業中（推定）,,未収集,収集元推奨: 日本美容外科学会(JSAS)会員 / 各クリニック公式サイト
9041,,美容機器メーカー・ディーラー,,大分県,,,,,,,美容機器メーカー ディーラー関連サービス,営業中（推定）,,未収集,収集元推奨: BeautyWorld Japan展示会出展者一覧 / 国税庁法人番号DB
9042,,美容機器メーカー・ディーラー,,大分県,,,,,,,美容機器メーカー ディーラー関連サービス,営業中（推定）,,未収集,収集元推奨: BeautyWorld Japan展示会出展者一覧 / 国税庁法人番号DB
9043,,美容機器メーカー・ディーラー,,大分県,,,,,,,美容機器メーカー ディーラー関連サービス,営業中（推定）,,未収集,収集元推奨: BeautyWorld Japan展示会出展者一覧 / 国税庁法人番号DB
9044,,化粧品メーカー,,大分県,,,,,,,化粧品メーカー関連サービス,営業中（推定）,,未収集,収集元推奨: 日本化粧品工業会(JCIA)会員 / 国税庁法人番号DB
9045,,化粧品メーカー,,大分県,,,,,,,化粧品メーカー関連サービス,営業中（推定）,,未収集,収集元推奨: 日本化粧品工業会(JCIA)会員 / 国税庁法人番号DB
9046,,化粧品メーカー,,大分県,,,,,,,化粧品メーカー関連サービス,営業中（推定）,,未収集,収集元推奨: 日本化粧品工業会(JCIA)会員 / 国税庁法人番号DB
9047,,化粧品メーカー,,大分県,,,,,,,化粧品メーカー関連サービス,営業中（推定）,,未収集,収集元推奨: 日本化粧品工業会(JCIA)会員 / 国税庁法人番号DB
9048,,ヘアサロン・サロンオーナー,,大分県,,,,,,,ヘアサロン サロンオーナー関連サービス,営業中（推定）,,未収集,収集元推奨: ホットペッパービューティー / 美容師会 / iタウンページ
9049,,ヘアサロン・サロンオーナー,,大分県,,,,,,,ヘアサロン サロンオーナー関連サービス,営業中（推定）,,未収集,収集元推奨: ホットペッパービューティー / 美容師会 / iタウンページ
9050,,ヘアサロン・サロンオーナー,,大分県,,,,,,,ヘアサロン サロンオーナー関連サービス,営業中（推定）,,未収集,収集元推奨: ホットペッパービューティー / 美容師会 / iタウンページ
9051,,ヘアサロン・サロンオーナー,,大分県,,,,,,,ヘアサロン サロンオーナー関連サービス,営業中（推定）,,未収集,収集元推奨: ホットペッパービューティー / 美容師会 / iタウンページ
9052,,IT・AI×美容,,大分県,,,,,,,IT AI×美容関連サービス,営業中（推定）,,未収集,収集元推奨: スタートアップDB / PRTIMES / 展示会(BeautyTech系)
9053,,IT・AI×美容,,大分県,,,,,,,IT AI×美容関連サービス,営業中（推定）,,未収集,収集元推奨: スタートアップDB / PRTIMES / 展示会(BeautyTech系)
9054,,IT・AI×美容,,大分県,,,,,,,IT AI×美容関連サービス,営業中（推定）,,未収集,収集元推奨: スタートアップDB / PRTIMES / 展示会(BeautyTech系)
9055,,IT・AI×美容,,大分県,,,,,,,IT AI×美容関連サービス,営業中（推定）,,未収集,収集元推奨: スタートアップDB / PRTIMES / 展示会(BeautyTech系)
9056,,エステサロン,,宮崎県,,,,,,,エステサロン関連サービス,営業中（推定）,,未収集,収集元推奨: ホットペッパービューティー掲載企業公式サイト / 日本エステティック協会会員
9057,,エステサロン,,宮崎県,,,,,,,エステサロン関連サービス,営業中（推定）,,未収集,収集元推奨: ホットペッパービューティー掲載企業公式サイト / 日本エステティック協会会員
9058,,エステサロン,,宮崎県,,,,,,,エステサロン関連サービス,営業中（推定）,,未収集,収集元推奨: ホットペッパービューティー掲載企業公式サイト / 日本エステティック協会会員
9059,,エステサロン,,宮崎県,,,,,,,エステサロン関連サービス,営業中（推定）,,未収集,収集元推奨: ホットペッパービューティー掲載企業公式サイト / 日本エステティック協会会員
9060,,エステサロン,,宮崎県,,,,,,,エステサロン関連サービス,営業中（推定）,,未収集,収集元推奨: ホットペッパービューティー掲載企業公式サイト / 日本エステティック協会会員
9061,,エステサロン,,宮崎県,,,,,,,エステサロン関連サービス,営業中（推定）,,未収集,収集元推奨: ホットペッパービューティー掲載企業公式サイト / 日本エステティック協会会員
9062,,エステサロン,,宮崎県,,,,,,,エステサロン関連サービス,営業中（推定）,,未収集,収集元推奨: ホットペッパービューティー掲載企業公式サイト / 日本エステティック協会会員
9063,,エステサロン,,宮崎県,,,,,,,エステサロン関連サービス,営業中（推定）,,未収集,収集元推奨: ホットペッパービューティー掲載企業公式サイト / 日本エステティック協会会員
9064,,エステサロン,,宮崎県,,,,,,,エステサロン関連サービス,営業中（推定）,,未収集,収集元推奨: ホットペッパービューティー掲載企業公式サイト / 日本エステティック協会会員
9065,,エステサロン,,宮崎県,,,,,,,エステサロン関連サービス,営業中（推定）,,未収集,収集元推奨: ホットペッパービューティー掲載企業公式サイト / 日本エステティック協会会員
9066,,エステサロン,,宮崎県,,,,,,,エステサロン関連サービス,営業中（推定）,,未収集,収集元推奨: ホットペッパービューティー掲載企業公式サイト / 日本エステティック協会会員
9067,,エステサロン,,宮崎県,,,,,,,エステサロン関連サービス,営業中（推定）,,未収集,収集元推奨: ホットペッパービューティー掲載企業公式サイト / 日本エステティック協会会員
9068,,ネイルサロン,,宮崎県,,,,,,,ネイルサロン関連サービス,営業中（推定）,,未収集,収集元推奨: JNA（日本ネイリスト協会）会員 / ホットペッパービューティー
9069,,ネイルサロン,,宮崎県,,,,,,,ネイルサロン関連サービス,営業中（推定）,,未収集,収集元推奨: JNA（日本ネイリスト協会）会員 / ホットペッパービューティー
9070,,ネイルサロン,,宮崎県,,,,,,,ネイルサロン関連サービス,営業中（推定）,,未収集,収集元推奨: JNA（日本ネイリスト協会）会員 / ホットペッパービューティー
9071,,ネイルサロン,,宮崎県,,,,,,,ネイルサロン関連サービス,営業中（推定）,,未収集,収集元推奨: JNA（日本ネイリスト協会）会員 / ホットペッパービューティー
9072,,ネイルサロン,,宮崎県,,,,,,,ネイルサロン関連サービス,営業中（推定）,,未収集,収集元推奨: JNA（日本ネイリスト協会）会員 / ホットペッパービューティー
9073,,ネイルサロン,,宮崎県,,,,,,,ネイルサロン関連サービス,営業中（推定）,,未収集,収集元推奨: JNA（日本ネイリスト協会）会員 / ホットペッパービューティー
9074,,ネイルサロン,,宮崎県,,,,,,,ネイルサロン関連サービス,営業中（推定）,,未収集,収集元推奨: JNA（日本ネイリスト協会）会員 / ホットペッパービューティー
9075,,ネイルサロン,,宮崎県,,,,,,,ネイルサロン関連サービス,営業中（推定）,,未収集,収集元推奨: JNA（日本ネイリスト協会）会員 / ホットペッパービューティー
9076,,ネイルサロン,,宮崎県,,,,,,,ネイルサロン関連サービス,営業中（推定）,,未収集,収集元推奨: JNA（日本ネイリスト協会）会員 / ホットペッパービューティー
9077,,美容整体・小顔矯正,,宮崎県,,,,,,,美容整体 小顔矯正関連サービス,営業中（推定）,,未収集,収集元推奨: エキテン・ホットペッパービューティー / iタウンページ「整体」
9078,,美容整体・小顔矯正,,宮崎県,,,,,,,美容整体 小顔矯正関連サービス,営業中（推定）,,未収集,収集元推奨: エキテン・ホットペッパービューティー / iタウンページ「整体」
9079,,美容整体・小顔矯正,,宮崎県,,,,,,,美容整体 小顔矯正関連サービス,営業中（推定）,,未収集,収集元推奨: エキテン・ホットペッパービューティー / iタウンページ「整体」
9080,,美容整体・小顔矯正,,宮崎県,,,,,,,美容整体 小顔矯正関連サービス,営業中（推定）,,未収集,収集元推奨: エキテン・ホットペッパービューティー / iタウンページ「整体」
9081,,美容整体・小顔矯正,,宮崎県,,,,,,,美容整体 小顔矯正関連サービス,営業中（推定）,,未収集,収集元推奨: エキテン・ホットペッパービューティー / iタウンページ「整体」
9082,,美容整体・小顔矯正,,宮崎県,,,,,,,美容整体 小顔矯正関連サービス,営業中（推定）,,未収集,収集元推奨: エキテン・ホットペッパービューティー / iタウンページ「整体」
9083,,美容鍼灸院,,宮崎県,,,,,,,美容鍼灸院関連サービス,営業中（推定）,,未収集,収集元推奨: 日本鍼灸師会地方師会会員名簿 / 鍼灸ポータルサイト
9084,,美容鍼灸院,,宮崎県,,,,,,,美容鍼灸院関連サービス,営業中（推定）,,未収集,収集元推奨: 日本鍼灸師会地方師会会員名簿 / 鍼灸ポータルサイト
9085,,美容鍼灸院,,宮崎県,,,,,,,美容鍼灸院関連サービス,営業中（推定）,,未収集,収集元推奨: 日本鍼灸師会地方師会会員名簿 / 鍼灸ポータルサイト
9086,,美容鍼灸院,,宮崎県,,,,,,,美容鍼灸院関連サービス,営業中（推定）,,未収集,収集元推奨: 日本鍼灸師会地方師会会員名簿 / 鍼灸ポータルサイト
9087,,美容鍼灸院,,宮崎県,,,,,,,美容鍼灸院関連サービス,営業中（推定）,,未収集,収集元推奨: 日本鍼灸師会地方師会会員名簿 / 鍼灸ポータルサイト
9088,,アロマ・リラクゼーション,,宮崎県,,,,,,,アロマ リラクゼーション関連サービス,営業中（推定）,,未収集,収集元推奨: AEAJ認定サロン一覧 / ホットペッパービューティー
9089,,アロマ・リラクゼーション,,宮崎県,,,,,,,アロマ リラクゼーション関連サービス,営業中（推定）,,未収集,収集元推奨: AEAJ認定サロン一覧 / ホットペッパービューティー
9090,,アロマ・リラクゼーション,,宮崎県,,,,,,,アロマ リラクゼーション関連サービス,営業中（推定）,,未収集,収集元推奨: AEAJ認定サロン一覧 / ホットペッパービューティー
9091,,アロマ・リラクゼーション,,宮崎県,,,,,,,アロマ リラクゼーション関連サービス,営業中（推定）,,未収集,収集元推奨: AEAJ認定サロン一覧 / ホットペッパービューティー
9092,,アロマ・リラクゼーション,,宮崎県,,,,,,,アロマ リラクゼーション関連サービス,営業中（推定）,,未収集,収集元推奨: AEAJ認定サロン一覧 / ホットペッパービューティー
9093,,美容クリニック,,宮崎県,,,,,,,美容クリニック関連サービス,営業中（推定）,,未収集,収集元推奨: 日本美容外科学会(JSAS)会員 / 各クリニック公式サイト
9094,,美容クリニック,,宮崎県,,,,,,,美容クリニック関連サービス,営業中（推定）,,未収集,収集元推奨: 日本美容外科学会(JSAS)会員 / 各クリニック公式サイト
9095,,美容クリニック,,宮崎県,,,,,,,美容クリニック関連サービス,営業中（推定）,,未収集,収集元推奨: 日本美容外科学会(JSAS)会員 / 各クリニック公式サイト
9096,,美容クリニック,,宮崎県,,,,,,,美容クリニック関連サービス,営業中（推定）,,未収集,収集元推奨: 日本美容外科学会(JSAS)会員 / 各クリニック公式サイト
9097,,美容クリニック,,宮崎県,,,,,,,美容クリニック関連サービス,営業中（推定）,,未収集,収集元推奨: 日本美容外科学会(JSAS)会員 / 各クリニック公式サイト
9098,,美容機器メーカー・ディーラー,,宮崎県,,,,,,,美容機器メーカー ディーラー関連サービス,営業中（推定）,,未収集,収集元推奨: BeautyWorld Japan展示会出展者一覧 / 国税庁法人番号DB
9099,,美容機器メーカー・ディーラー,,宮崎県,,,,,,,美容機器メーカー ディーラー関連サービス,営業中（推定）,,未収集,収集元推奨: BeautyWorld Japan展示会出展者一覧 / 国税庁法人番号DB
9100,,美容機器メーカー・ディーラー,,宮崎県,,,,,,,美容機器メーカー ディーラー関連サービス,営業中（推定）,,未収集,収集元推奨: BeautyWorld Japan展示会出展者一覧 / 国税庁法人番号DB
9101,,美容機器メーカー・ディーラー,,宮崎県,,,,,,,美容機器メーカー ディーラー関連サービス,営業中（推定）,,未収集,収集元推奨: BeautyWorld Japan展示会出展者一覧 / 国税庁法人番号DB
9102,,化粧品メーカー,,宮崎県,,,,,,,化粧品メーカー関連サービス,営業中（推定）,,未収集,収集元推奨: 日本化粧品工業会(JCIA)会員 / 国税庁法人番号DB
9103,,化粧品メーカー,,宮崎県,,,,,,,化粧品メーカー関連サービス,営業中（推定）,,未収集,収集元推奨: 日本化粧品工業会(JCIA)会員 / 国税庁法人番号DB
9104,,化粧品メーカー,,宮崎県,,,,,,,化粧品メーカー関連サービス,営業中（推定）,,未収集,収集元推奨: 日本化粧品工業会(JCIA)会員 / 国税庁法人番号DB
9105,,化粧品メーカー,,宮崎県,,,,,,,化粧品メーカー関連サービス,営業中（推定）,,未収集,収集元推奨: 日本化粧品工業会(JCIA)会員 / 国税庁法人番号DB
9106,,化粧品メーカー,,宮崎県,,,,,,,化粧品メーカー関連サービス,営業中（推定）,,未収集,収集元推奨: 日本化粧品工業会(JCIA)会員 / 国税庁法人番号DB
9107,,ヘアサロン・サロンオーナー,,宮崎県,,,,,,,ヘアサロン サロンオーナー関連サービス,営業中（推定）,,未収集,収集元推奨: ホットペッパービューティー / 美容師会 / iタウンページ
9108,,ヘアサロン・サロンオーナー,,宮崎県,,,,,,,ヘアサロン サロンオーナー関連サービス,営業中（推定）,,未収集,収集元推奨: ホットペッパービューティー / 美容師会 / iタウンページ
9109,,ヘアサロン・サロンオーナー,,宮崎県,,,,,,,ヘアサロン サロンオーナー関連サービス,営業中（推定）,,未収集,収集元推奨: ホットペッパービューティー / 美容師会 / iタウンページ
9110,,ヘアサロン・サロンオーナー,,宮崎県,,,,,,,ヘアサロン サロンオーナー関連サービス,営業中（推定）,,未収集,収集元推奨: ホットペッパービューティー / 美容師会 / iタウンページ
9111,,ヘアサロン・サロンオーナー,,宮崎県,,,,,,,ヘアサロン サロンオーナー関連サービス,営業中（推定）,,未収集,収集元推奨: ホットペッパービューティー / 美容師会 / iタウンページ
9112,,IT・AI×美容,,宮崎県,,,,,,,IT AI×美容関連サービス,営業中（推定）,,未収集,収集元推奨: スタートアップDB / PRTIMES / 展示会(BeautyTech系)
9113,,IT・AI×美容,,宮崎県,,,,,,,IT AI×美容関連サービス,営業中（推定）,,未収集,収集元推奨: スタートアップDB / PRTIMES / 展示会(BeautyTech系)
9114,,IT・AI×美容,,宮崎県,,,,,,,IT AI×美容関連サービス,営業中（推定）,,未収集,収集元推奨: スタートアップDB / PRTIMES / 展示会(BeautyTech系)
9115,,IT・AI×美容,,宮崎県,,,,,,,IT AI×美容関連サービス,営業中（推定）,,未収集,収集元推奨: スタートアップDB / PRTIMES / 展示会(BeautyTech系)
9116,,エステサロン,,愛媛県,,,,,,,エステサロン関連サービス,営業中（推定）,,未収集,収集元推奨: ホットペッパービューティー掲載企業公式サイト / 日本エステティック協会会員
9117,,エステサロン,,愛媛県,,,,,,,エステサロン関連サービス,営業中（推定）,,未収集,収集元推奨: ホットペッパービューティー掲載企業公式サイト / 日本エステティック協会会員
9118,,エステサロン,,愛媛県,,,,,,,エステサロン関連サービス,営業中（推定）,,未収集,収集元推奨: ホットペッパービューティー掲載企業公式サイト / 日本エステティック協会会員
9119,,エステサロン,,愛媛県,,,,,,,エステサロン関連サービス,営業中（推定）,,未収集,収集元推奨: ホットペッパービューティー掲載企業公式サイト / 日本エステティック協会会員
9120,,エステサロン,,愛媛県,,,,,,,エステサロン関連サービス,営業中（推定）,,未収集,収集元推奨: ホットペッパービューティー掲載企業公式サイト / 日本エステティック協会会員
9121,,エステサロン,,愛媛県,,,,,,,エステサロン関連サービス,営業中（推定）,,未収集,収集元推奨: ホットペッパービューティー掲載企業公式サイト / 日本エステティック協会会員
9122,,エステサロン,,愛媛県,,,,,,,エステサロン関連サービス,営業中（推定）,,未収集,収集元推奨: ホットペッパービューティー掲載企業公式サイト / 日本エステティック協会会員
9123,,エステサロン,,愛媛県,,,,,,,エステサロン関連サービス,営業中（推定）,,未収集,収集元推奨: ホットペッパービューティー掲載企業公式サイト / 日本エステティック協会会員
9124,,エステサロン,,愛媛県,,,,,,,エステサロン関連サービス,営業中（推定）,,未収集,収集元推奨: ホットペッパービューティー掲載企業公式サイト / 日本エステティック協会会員
9125,,エステサロン,,愛媛県,,,,,,,エステサロン関連サービス,営業中（推定）,,未収集,収集元推奨: ホットペッパービューティー掲載企業公式サイト / 日本エステティック協会会員
9126,,エステサロン,,愛媛県,,,,,,,エステサロン関連サービス,営業中（推定）,,未収集,収集元推奨: ホットペッパービューティー掲載企業公式サイト / 日本エステティック協会会員
9127,,エステサロン,,愛媛県,,,,,,,エステサロン関連サービス,営業中（推定）,,未収集,収集元推奨: ホットペッパービューティー掲載企業公式サイト / 日本エステティック協会会員
9128,,ネイルサロン,,愛媛県,,,,,,,ネイルサロン関連サービス,営業中（推定）,,未収集,収集元推奨: JNA（日本ネイリスト協会）会員 / ホットペッパービューティー
9129,,ネイルサロン,,愛媛県,,,,,,,ネイルサロン関連サービス,営業中（推定）,,未収集,収集元推奨: JNA（日本ネイリスト協会）会員 / ホットペッパービューティー
9130,,ネイルサロン,,愛媛県,,,,,,,ネイルサロン関連サービス,営業中（推定）,,未収集,収集元推奨: JNA（日本ネイリスト協会）会員 / ホットペッパービューティー
9131,,ネイルサロン,,愛媛県,,,,,,,ネイルサロン関連サービス,営業中（推定）,,未収集,収集元推奨: JNA（日本ネイリスト協会）会員 / ホットペッパービューティー
9132,,ネイルサロン,,愛媛県,,,,,,,ネイルサロン関連サービス,営業中（推定）,,未収集,収集元推奨: JNA（日本ネイリスト協会）会員 / ホットペッパービューティー
9133,,ネイルサロン,,愛媛県,,,,,,,ネイルサロン関連サービス,営業中（推定）,,未収集,収集元推奨: JNA（日本ネイリスト協会）会員 / ホットペッパービューティー
9134,,ネイルサロン,,愛媛県,,,,,,,ネイルサロン関連サービス,営業中（推定）,,未収集,収集元推奨: JNA（日本ネイリスト協会）会員 / ホットペッパービューティー
9135,,ネイルサロン,,愛媛県,,,,,,,ネイルサロン関連サービス,営業中（推定）,,未収集,収集元推奨: JNA（日本ネイリスト協会）会員 / ホットペッパービューティー
9136,,ネイルサロン,,愛媛県,,,,,,,ネイルサロン関連サービス,営業中（推定）,,未収集,収集元推奨: JNA（日本ネイリスト協会）会員 / ホットペッパービューティー
9137,,美容整体・小顔矯正,,愛媛県,,,,,,,美容整体 小顔矯正関連サービス,営業中（推定）,,未収集,収集元推奨: エキテン・ホットペッパービューティー / iタウンページ「整体」
9138,,美容整体・小顔矯正,,愛媛県,,,,,,,美容整体 小顔矯正関連サービス,営業中（推定）,,未収集,収集元推奨: エキテン・ホットペッパービューティー / iタウンページ「整体」
9139,,美容整体・小顔矯正,,愛媛県,,,,,,,美容整体 小顔矯正関連サービス,営業中（推定）,,未収集,収集元推奨: エキテン・ホットペッパービューティー / iタウンページ「整体」
9140,,美容整体・小顔矯正,,愛媛県,,,,,,,美容整体 小顔矯正関連サービス,営業中（推定）,,未収集,収集元推奨: エキテン・ホットペッパービューティー / iタウンページ「整体」
9141,,美容整体・小顔矯正,,愛媛県,,,,,,,美容整体 小顔矯正関連サービス,営業中（推定）,,未収集,収集元推奨: エキテン・ホットペッパービューティー / iタウンページ「整体」
9142,,美容整体・小顔矯正,,愛媛県,,,,,,,美容整体 小顔矯正関連サービス,営業中（推定）,,未収集,収集元推奨: エキテン・ホットペッパービューティー / iタウンページ「整体」
9143,,美容鍼灸院,,愛媛県,,,,,,,美容鍼灸院関連サービス,営業中（推定）,,未収集,収集元推奨: 日本鍼灸師会地方師会会員名簿 / 鍼灸ポータルサイト
9144,,美容鍼灸院,,愛媛県,,,,,,,美容鍼灸院関連サービス,営業中（推定）,,未収集,収集元推奨: 日本鍼灸師会地方師会会員名簿 / 鍼灸ポータルサイト
9145,,美容鍼灸院,,愛媛県,,,,,,,美容鍼灸院関連サービス,営業中（推定）,,未収集,収集元推奨: 日本鍼灸師会地方師会会員名簿 / 鍼灸ポータルサイト
9146,,美容鍼灸院,,愛媛県,,,,,,,美容鍼灸院関連サービス,営業中（推定）,,未収集,収集元推奨: 日本鍼灸師会地方師会会員名簿 / 鍼灸ポータルサイト
9147,,美容鍼灸院,,愛媛県,,,,,,,美容鍼灸院関連サービス,営業中（推定）,,未収集,収集元推奨: 日本鍼灸師会地方師会会員名簿 / 鍼灸ポータルサイト
9148,,アロマ・リラクゼーション,,愛媛県,,,,,,,アロマ リラクゼーション関連サービス,営業中（推定）,,未収集,収集元推奨: AEAJ認定サロン一覧 / ホットペッパービューティー
9149,,アロマ・リラクゼーション,,愛媛県,,,,,,,アロマ リラクゼーション関連サービス,営業中（推定）,,未収集,収集元推奨: AEAJ認定サロン一覧 / ホットペッパービューティー
9150,,アロマ・リラクゼーション,,愛媛県,,,,,,,アロマ リラクゼーション関連サービス,営業中（推定）,,未収集,収集元推奨: AEAJ認定サロン一覧 / ホットペッパービューティー
9151,,アロマ・リラクゼーション,,愛媛県,,,,,,,アロマ リラクゼーション関連サービス,営業中（推定）,,未収集,収集元推奨: AEAJ認定サロン一覧 / ホットペッパービューティー
9152,,アロマ・リラクゼーション,,愛媛県,,,,,,,アロマ リラクゼーション関連サービス,営業中（推定）,,未収集,収集元推奨: AEAJ認定サロン一覧 / ホットペッパービューティー
9153,,美容クリニック,,愛媛県,,,,,,,美容クリニック関連サービス,営業中（推定）,,未収集,収集元推奨: 日本美容外科学会(JSAS)会員 / 各クリニック公式サイト
9154,,美容クリニック,,愛媛県,,,,,,,美容クリニック関連サービス,営業中（推定）,,未収集,収集元推奨: 日本美容外科学会(JSAS)会員 / 各クリニック公式サイト
9155,,美容クリニック,,愛媛県,,,,,,,美容クリニック関連サービス,営業中（推定）,,未収集,収集元推奨: 日本美容外科学会(JSAS)会員 / 各クリニック公式サイト
9156,,美容クリニック,,愛媛県,,,,,,,美容クリニック関連サービス,営業中（推定）,,未収集,収集元推奨: 日本美容外科学会(JSAS)会員 / 各クリニック公式サイト
9157,,美容クリニック,,愛媛県,,,,,,,美容クリニック関連サービス,営業中（推定）,,未収集,収集元推奨: 日本美容外科学会(JSAS)会員 / 各クリニック公式サイト
9158,,美容機器メーカー・ディーラー,,愛媛県,,,,,,,美容機器メーカー ディーラー関連サービス,営業中（推定）,,未収集,収集元推奨: BeautyWorld Japan展示会出展者一覧 / 国税庁法人番号DB
9159,,美容機器メーカー・ディーラー,,愛媛県,,,,,,,美容機器メーカー ディーラー関連サービス,営業中（推定）,,未収集,収集元推奨: BeautyWorld Japan展示会出展者一覧 / 国税庁法人番号DB
9160,,美容機器メーカー・ディーラー,,愛媛県,,,,,,,美容機器メーカー ディーラー関連サービス,営業中（推定）,,未収集,収集元推奨: BeautyWorld Japan展示会出展者一覧 / 国税庁法人番号DB
9161,,美容機器メーカー・ディーラー,,愛媛県,,,,,,,美容機器メーカー ディーラー関連サービス,営業中（推定）,,未収集,収集元推奨: BeautyWorld Japan展示会出展者一覧 / 国税庁法人番号DB
9162,,化粧品メーカー,,愛媛県,,,,,,,化粧品メーカー関連サービス,営業中（推定）,,未収集,収集元推奨: 日本化粧品工業会(JCIA)会員 / 国税庁法人番号DB
9163,,化粧品メーカー,,愛媛県,,,,,,,化粧品メーカー関連サービス,営業中（推定）,,未収集,収集元推奨: 日本化粧品工業会(JCIA)会員 / 国税庁法人番号DB
9164,,化粧品メーカー,,愛媛県,,,,,,,化粧品メーカー関連サービス,営業中（推定）,,未収集,収集元推奨: 日本化粧品工業会(JCIA)会員 / 国税庁法人番号DB
9165,,化粧品メーカー,,愛媛県,,,,,,,化粧品メーカー関連サービス,営業中（推定）,,未収集,収集元推奨: 日本化粧品工業会(JCIA)会員 / 国税庁法人番号DB
9166,,化粧品メーカー,,愛媛県,,,,,,,化粧品メーカー関連サービス,営業中（推定）,,未収集,収集元推奨: 日本化粧品工業会(JCIA)会員 / 国税庁法人番号DB
9167,,ヘアサロン・サロンオーナー,,愛媛県,,,,,,,ヘアサロン サロンオーナー関連サービス,営業中（推定）,,未収集,収集元推奨: ホットペッパービューティー / 美容師会 / iタウンページ
9168,,ヘアサロン・サロンオーナー,,愛媛県,,,,,,,ヘアサロン サロンオーナー関連サービス,営業中（推定）,,未収集,収集元推奨: ホットペッパービューティー / 美容師会 / iタウンページ
9169,,ヘアサロン・サロンオーナー,,愛媛県,,,,,,,ヘアサロン サロンオーナー関連サービス,営業中（推定）,,未収集,収集元推奨: ホットペッパービューティー / 美容師会 / iタウンページ
9170,,ヘアサロン・サロンオーナー,,愛媛県,,,,,,,ヘアサロン サロンオーナー関連サービス,営業中（推定）,,未収集,収集元推奨: ホットペッパービューティー / 美容師会 / iタウンページ
9171,,ヘアサロン・サロンオーナー,,愛媛県,,,,,,,ヘアサロン サロンオーナー関連サービス,営業中（推定）,,未収集,収集元推奨: ホットペッパービューティー / 美容師会 / iタウンページ
9172,,IT・AI×美容,,愛媛県,,,,,,,IT AI×美容関連サービス,営業中（推定）,,未収集,収集元推奨: スタートアップDB / PRTIMES / 展示会(BeautyTech系)
9173,,IT・AI×美容,,愛媛県,,,,,,,IT AI×美容関連サービス,営業中（推定）,,未収集,収集元推奨: スタートアップDB / PRTIMES / 展示会(BeautyTech系)
9174,,IT・AI×美容,,愛媛県,,,,,,,IT AI×美容関連サービス,営業中（推定）,,未収集,収集元推奨: スタートアップDB / PRTIMES / 展示会(BeautyTech系)
9175,,IT・AI×美容,,愛媛県,,,,,,,IT AI×美容関連サービス,営業中（推定）,,未収集,収集元推奨: スタートアップDB / PRTIMES / 展示会(BeautyTech系)
9176,,エステサロン,,香川県,,,,,,,エステサロン関連サービス,営業中（推定）,,未収集,収集元推奨: ホットペッパービューティー掲載企業公式サイト / 日本エステティック協会会員
9177,,エステサロン,,香川県,,,,,,,エステサロン関連サービス,営業中（推定）,,未収集,収集元推奨: ホットペッパービューティー掲載企業公式サイト / 日本エステティック協会会員
9178,,エステサロン,,香川県,,,,,,,エステサロン関連サービス,営業中（推定）,,未収集,収集元推奨: ホットペッパービューティー掲載企業公式サイト / 日本エステティック協会会員
9179,,エステサロン,,香川県,,,,,,,エステサロン関連サービス,営業中（推定）,,未収集,収集元推奨: ホットペッパービューティー掲載企業公式サイト / 日本エステティック協会会員
9180,,エステサロン,,香川県,,,,,,,エステサロン関連サービス,営業中（推定）,,未収集,収集元推奨: ホットペッパービューティー掲載企業公式サイト / 日本エステティック協会会員
9181,,エステサロン,,香川県,,,,,,,エステサロン関連サービス,営業中（推定）,,未収集,収集元推奨: ホットペッパービューティー掲載企業公式サイト / 日本エステティック協会会員
9182,,エステサロン,,香川県,,,,,,,エステサロン関連サービス,営業中（推定）,,未収集,収集元推奨: ホットペッパービューティー掲載企業公式サイト / 日本エステティック協会会員
9183,,エステサロン,,香川県,,,,,,,エステサロン関連サービス,営業中（推定）,,未収集,収集元推奨: ホットペッパービューティー掲載企業公式サイト / 日本エステティック協会会員
9184,,エステサロン,,香川県,,,,,,,エステサロン関連サービス,営業中（推定）,,未収集,収集元推奨: ホットペッパービューティー掲載企業公式サイト / 日本エステティック協会会員
9185,,エステサロン,,香川県,,,,,,,エステサロン関連サービス,営業中（推定）,,未収集,収集元推奨: ホットペッパービューティー掲載企業公式サイト / 日本エステティック協会会員
9186,,エステサロン,,香川県,,,,,,,エステサロン関連サービス,営業中（推定）,,未収集,収集元推奨: ホットペッパービューティー掲載企業公式サイト / 日本エステティック協会会員
9187,,ネイルサロン,,香川県,,,,,,,ネイルサロン関連サービス,営業中（推定）,,未収集,収集元推奨: JNA（日本ネイリスト協会）会員 / ホットペッパービューティー
9188,,ネイルサロン,,香川県,,,,,,,ネイルサロン関連サービス,営業中（推定）,,未収集,収集元推奨: JNA（日本ネイリスト協会）会員 / ホットペッパービューティー
9189,,ネイルサロン,,香川県,,,,,,,ネイルサロン関連サービス,営業中（推定）,,未収集,収集元推奨: JNA（日本ネイリスト協会）会員 / ホットペッパービューティー
9190,,ネイルサロン,,香川県,,,,,,,ネイルサロン関連サービス,営業中（推定）,,未収集,収集元推奨: JNA（日本ネイリスト協会）会員 / ホットペッパービューティー
9191,,ネイルサロン,,香川県,,,,,,,ネイルサロン関連サービス,営業中（推定）,,未収集,収集元推奨: JNA（日本ネイリスト協会）会員 / ホットペッパービューティー
9192,,ネイルサロン,,香川県,,,,,,,ネイルサロン関連サービス,営業中（推定）,,未収集,収集元推奨: JNA（日本ネイリスト協会）会員 / ホットペッパービューティー
9193,,ネイルサロン,,香川県,,,,,,,ネイルサロン関連サービス,営業中（推定）,,未収集,収集元推奨: JNA（日本ネイリスト協会）会員 / ホットペッパービューティー
9194,,ネイルサロン,,香川県,,,,,,,ネイルサロン関連サービス,営業中（推定）,,未収集,収集元推奨: JNA（日本ネイリスト協会）会員 / ホットペッパービューティー
9195,,美容整体・小顔矯正,,香川県,,,,,,,美容整体 小顔矯正関連サービス,営業中（推定）,,未収集,収集元推奨: エキテン・ホットペッパービューティー / iタウンページ「整体」
9196,,美容整体・小顔矯正,,香川県,,,,,,,美容整体 小顔矯正関連サービス,営業中（推定）,,未収集,収集元推奨: エキテン・ホットペッパービューティー / iタウンページ「整体」
9197,,美容整体・小顔矯正,,香川県,,,,,,,美容整体 小顔矯正関連サービス,営業中（推定）,,未収集,収集元推奨: エキテン・ホットペッパービューティー / iタウンページ「整体」
9198,,美容整体・小顔矯正,,香川県,,,,,,,美容整体 小顔矯正関連サービス,営業中（推定）,,未収集,収集元推奨: エキテン・ホットペッパービューティー / iタウンページ「整体」
9199,,美容整体・小顔矯正,,香川県,,,,,,,美容整体 小顔矯正関連サービス,営業中（推定）,,未収集,収集元推奨: エキテン・ホットペッパービューティー / iタウンページ「整体」
9200,,美容整体・小顔矯正,,香川県,,,,,,,美容整体 小顔矯正関連サービス,営業中（推定）,,未収集,収集元推奨: エキテン・ホットペッパービューティー / iタウンページ「整体」
9201,,美容鍼灸院,,香川県,,,,,,,美容鍼灸院関連サービス,営業中（推定）,,未収集,収集元推奨: 日本鍼灸師会地方師会会員名簿 / 鍼灸ポータルサイト
9202,,美容鍼灸院,,香川県,,,,,,,美容鍼灸院関連サービス,営業中（推定）,,未収集,収集元推奨: 日本鍼灸師会地方師会会員名簿 / 鍼灸ポータルサイト
9203,,美容鍼灸院,,香川県,,,,,,,美容鍼灸院関連サービス,営業中（推定）,,未収集,収集元推奨: 日本鍼灸師会地方師会会員名簿 / 鍼灸ポータルサイト
9204,,美容鍼灸院,,香川県,,,,,,,美容鍼灸院関連サービス,営業中（推定）,,未収集,収集元推奨: 日本鍼灸師会地方師会会員名簿 / 鍼灸ポータルサイト
9205,,アロマ・リラクゼーション,,香川県,,,,,,,アロマ リラクゼーション関連サービス,営業中（推定）,,未収集,収集元推奨: AEAJ認定サロン一覧 / ホットペッパービューティー
9206,,アロマ・リラクゼーション,,香川県,,,,,,,アロマ リラクゼーション関連サービス,営業中（推定）,,未収集,収集元推奨: AEAJ認定サロン一覧 / ホットペッパービューティー
9207,,アロマ・リラクゼーション,,香川県,,,,,,,アロマ リラクゼーション関連サービス,営業中（推定）,,未収集,収集元推奨: AEAJ認定サロン一覧 / ホットペッパービューティー
9208,,アロマ・リラクゼーション,,香川県,,,,,,,アロマ リラクゼーション関連サービス,営業中（推定）,,未収集,収集元推奨: AEAJ認定サロン一覧 / ホットペッパービューティー
9209,,美容クリニック,,香川県,,,,,,,美容クリニック関連サービス,営業中（推定）,,未収集,収集元推奨: 日本美容外科学会(JSAS)会員 / 各クリニック公式サイト
9210,,美容クリニック,,香川県,,,,,,,美容クリニック関連サービス,営業中（推定）,,未収集,収集元推奨: 日本美容外科学会(JSAS)会員 / 各クリニック公式サイト
9211,,美容クリニック,,香川県,,,,,,,美容クリニック関連サービス,営業中（推定）,,未収集,収集元推奨: 日本美容外科学会(JSAS)会員 / 各クリニック公式サイト
9212,,美容クリニック,,香川県,,,,,,,美容クリニック関連サービス,営業中（推定）,,未収集,収集元推奨: 日本美容外科学会(JSAS)会員 / 各クリニック公式サイト
9213,,美容機器メーカー・ディーラー,,香川県,,,,,,,美容機器メーカー ディーラー関連サービス,営業中（推定）,,未収集,収集元推奨: BeautyWorld Japan展示会出展者一覧 / 国税庁法人番号DB
9214,,美容機器メーカー・ディーラー,,香川県,,,,,,,美容機器メーカー ディーラー関連サービス,営業中（推定）,,未収集,収集元推奨: BeautyWorld Japan展示会出展者一覧 / 国税庁法人番号DB
9215,,美容機器メーカー・ディーラー,,香川県,,,,,,,美容機器メーカー ディーラー関連サービス,営業中（推定）,,未収集,収集元推奨: BeautyWorld Japan展示会出展者一覧 / 国税庁法人番号DB
9216,,化粧品メーカー,,香川県,,,,,,,化粧品メーカー関連サービス,営業中（推定）,,未収集,収集元推奨: 日本化粧品工業会(JCIA)会員 / 国税庁法人番号DB
9217,,化粧品メーカー,,香川県,,,,,,,化粧品メーカー関連サービス,営業中（推定）,,未収集,収集元推奨: 日本化粧品工業会(JCIA)会員 / 国税庁法人番号DB
9218,,化粧品メーカー,,香川県,,,,,,,化粧品メーカー関連サービス,営業中（推定）,,未収集,収集元推奨: 日本化粧品工業会(JCIA)会員 / 国税庁法人番号DB
9219,,化粧品メーカー,,香川県,,,,,,,化粧品メーカー関連サービス,営業中（推定）,,未収集,収集元推奨: 日本化粧品工業会(JCIA)会員 / 国税庁法人番号DB
9220,,ヘアサロン・サロンオーナー,,香川県,,,,,,,ヘアサロン サロンオーナー関連サービス,営業中（推定）,,未収集,収集元推奨: ホットペッパービューティー / 美容師会 / iタウンページ
9221,,ヘアサロン・サロンオーナー,,香川県,,,,,,,ヘアサロン サロンオーナー関連サービス,営業中（推定）,,未収集,収集元推奨: ホットペッパービューティー / 美容師会 / iタウンページ
9222,,ヘアサロン・サロンオーナー,,香川県,,,,,,,ヘアサロン サロンオーナー関連サービス,営業中（推定）,,未収集,収集元推奨: ホットペッパービューティー / 美容師会 / iタウンページ
9223,,ヘアサロン・サロンオーナー,,香川県,,,,,,,ヘアサロン サロンオーナー関連サービス,営業中（推定）,,未収集,収集元推奨: ホットペッパービューティー / 美容師会 / iタウンページ
9224,,IT・AI×美容,,香川県,,,,,,,IT AI×美容関連サービス,営業中（推定）,,未収集,収集元推奨: スタートアップDB / PRTIMES / 展示会(BeautyTech系)
9225,,IT・AI×美容,,香川県,,,,,,,IT AI×美容関連サービス,営業中（推定）,,未収集,収集元推奨: スタートアップDB / PRTIMES / 展示会(BeautyTech系)
9226,,IT・AI×美容,,香川県,,,,,,,IT AI×美容関連サービス,営業中（推定）,,未収集,収集元推奨: スタートアップDB / PRTIMES / 展示会(BeautyTech系)
9227,,IT・AI×美容,,香川県,,,,,,,IT AI×美容関連サービス,営業中（推定）,,未収集,収集元推奨: スタートアップDB / PRTIMES / 展示会(BeautyTech系)
9228,,IT・AI×美容,,香川県,,,,,,,IT AI×美容関連サービス,営業中（推定）,,未収集,収集元推奨: スタートアップDB / PRTIMES / 展示会(BeautyTech系)
9229,,IT・AI×美容,,香川県,,,,,,,IT AI×美容関連サービス,営業中（推定）,,未収集,収集元推奨: スタートアップDB / PRTIMES / 展示会(BeautyTech系)
9230,,IT・AI×美容,,香川県,,,,,,,IT AI×美容関連サービス,営業中（推定）,,未収集,収集元推奨: スタートアップDB / PRTIMES / 展示会(BeautyTech系)
9231,,エステサロン,,高知県,,,,,,,エステサロン関連サービス,営業中（推定）,,未収集,収集元推奨: ホットペッパービューティー掲載企業公式サイト / 日本エステティック協会会員
9232,,エステサロン,,高知県,,,,,,,エステサロン関連サービス,営業中（推定）,,未収集,収集元推奨: ホットペッパービューティー掲載企業公式サイト / 日本エステティック協会会員
9233,,エステサロン,,高知県,,,,,,,エステサロン関連サービス,営業中（推定）,,未収集,収集元推奨: ホットペッパービューティー掲載企業公式サイト / 日本エステティック協会会員
9234,,エステサロン,,高知県,,,,,,,エステサロン関連サービス,営業中（推定）,,未収集,収集元推奨: ホットペッパービューティー掲載企業公式サイト / 日本エステティック協会会員
9235,,エステサロン,,高知県,,,,,,,エステサロン関連サービス,営業中（推定）,,未収集,収集元推奨: ホットペッパービューティー掲載企業公式サイト / 日本エステティック協会会員
9236,,エステサロン,,高知県,,,,,,,エステサロン関連サービス,営業中（推定）,,未収集,収集元推奨: ホットペッパービューティー掲載企業公式サイト / 日本エステティック協会会員
9237,,エステサロン,,高知県,,,,,,,エステサロン関連サービス,営業中（推定）,,未収集,収集元推奨: ホットペッパービューティー掲載企業公式サイト / 日本エステティック協会会員
9238,,エステサロン,,高知県,,,,,,,エステサロン関連サービス,営業中（推定）,,未収集,収集元推奨: ホットペッパービューティー掲載企業公式サイト / 日本エステティック協会会員
9239,,エステサロン,,高知県,,,,,,,エステサロン関連サービス,営業中（推定）,,未収集,収集元推奨: ホットペッパービューティー掲載企業公式サイト / 日本エステティック協会会員
9240,,エステサロン,,高知県,,,,,,,エステサロン関連サービス,営業中（推定）,,未収集,収集元推奨: ホットペッパービューティー掲載企業公式サイト / 日本エステティック協会会員
9241,,エステサロン,,高知県,,,,,,,エステサロン関連サービス,営業中（推定）,,未収集,収集元推奨: ホットペッパービューティー掲載企業公式サイト / 日本エステティック協会会員
9242,,ネイルサロン,,高知県,,,,,,,ネイルサロン関連サービス,営業中（推定）,,未収集,収集元推奨: JNA（日本ネイリスト協会）会員 / ホットペッパービューティー
9243,,ネイルサロン,,高知県,,,,,,,ネイルサロン関連サービス,営業中（推定）,,未収集,収集元推奨: JNA（日本ネイリスト協会）会員 / ホットペッパービューティー
9244,,ネイルサロン,,高知県,,,,,,,ネイルサロン関連サービス,営業中（推定）,,未収集,収集元推奨: JNA（日本ネイリスト協会）会員 / ホットペッパービューティー
9245,,ネイルサロン,,高知県,,,,,,,ネイルサロン関連サービス,営業中（推定）,,未収集,収集元推奨: JNA（日本ネイリスト協会）会員 / ホットペッパービューティー
9246,,ネイルサロン,,高知県,,,,,,,ネイルサロン関連サービス,営業中（推定）,,未収集,収集元推奨: JNA（日本ネイリスト協会）会員 / ホットペッパービューティー
9247,,ネイルサロン,,高知県,,,,,,,ネイルサロン関連サービス,営業中（推定）,,未収集,収集元推奨: JNA（日本ネイリスト協会）会員 / ホットペッパービューティー
9248,,ネイルサロン,,高知県,,,,,,,ネイルサロン関連サービス,営業中（推定）,,未収集,収集元推奨: JNA（日本ネイリスト協会）会員 / ホットペッパービューティー
9249,,ネイルサロン,,高知県,,,,,,,ネイルサロン関連サービス,営業中（推定）,,未収集,収集元推奨: JNA（日本ネイリスト協会）会員 / ホットペッパービューティー
9250,,美容整体・小顔矯正,,高知県,,,,,,,美容整体 小顔矯正関連サービス,営業中（推定）,,未収集,収集元推奨: エキテン・ホットペッパービューティー / iタウンページ「整体」
9251,,美容整体・小顔矯正,,高知県,,,,,,,美容整体 小顔矯正関連サービス,営業中（推定）,,未収集,収集元推奨: エキテン・ホットペッパービューティー / iタウンページ「整体」
9252,,美容整体・小顔矯正,,高知県,,,,,,,美容整体 小顔矯正関連サービス,営業中（推定）,,未収集,収集元推奨: エキテン・ホットペッパービューティー / iタウンページ「整体」
9253,,美容整体・小顔矯正,,高知県,,,,,,,美容整体 小顔矯正関連サービス,営業中（推定）,,未収集,収集元推奨: エキテン・ホットペッパービューティー / iタウンページ「整体」
9254,,美容整体・小顔矯正,,高知県,,,,,,,美容整体 小顔矯正関連サービス,営業中（推定）,,未収集,収集元推奨: エキテン・ホットペッパービューティー / iタウンページ「整体」
9255,,美容整体・小顔矯正,,高知県,,,,,,,美容整体 小顔矯正関連サービス,営業中（推定）,,未収集,収集元推奨: エキテン・ホットペッパービューティー / iタウンページ「整体」
9256,,美容鍼灸院,,高知県,,,,,,,美容鍼灸院関連サービス,営業中（推定）,,未収集,収集元推奨: 日本鍼灸師会地方師会会員名簿 / 鍼灸ポータルサイト
9257,,美容鍼灸院,,高知県,,,,,,,美容鍼灸院関連サービス,営業中（推定）,,未収集,収集元推奨: 日本鍼灸師会地方師会会員名簿 / 鍼灸ポータルサイト
9258,,美容鍼灸院,,高知県,,,,,,,美容鍼灸院関連サービス,営業中（推定）,,未収集,収集元推奨: 日本鍼灸師会地方師会会員名簿 / 鍼灸ポータルサイト
9259,,美容鍼灸院,,高知県,,,,,,,美容鍼灸院関連サービス,営業中（推定）,,未収集,収集元推奨: 日本鍼灸師会地方師会会員名簿 / 鍼灸ポータルサイト
9260,,アロマ・リラクゼーション,,高知県,,,,,,,アロマ リラクゼーション関連サービス,営業中（推定）,,未収集,収集元推奨: AEAJ認定サロン一覧 / ホットペッパービューティー
9261,,アロマ・リラクゼーション,,高知県,,,,,,,アロマ リラクゼーション関連サービス,営業中（推定）,,未収集,収集元推奨: AEAJ認定サロン一覧 / ホットペッパービューティー
9262,,アロマ・リラクゼーション,,高知県,,,,,,,アロマ リラクゼーション関連サービス,営業中（推定）,,未収集,収集元推奨: AEAJ認定サロン一覧 / ホットペッパービューティー
9263,,アロマ・リラクゼーション,,高知県,,,,,,,アロマ リラクゼーション関連サービス,営業中（推定）,,未収集,収集元推奨: AEAJ認定サロン一覧 / ホットペッパービューティー
9264,,美容クリニック,,高知県,,,,,,,美容クリニック関連サービス,営業中（推定）,,未収集,収集元推奨: 日本美容外科学会(JSAS)会員 / 各クリニック公式サイト
9265,,美容クリニック,,高知県,,,,,,,美容クリニック関連サービス,営業中（推定）,,未収集,収集元推奨: 日本美容外科学会(JSAS)会員 / 各クリニック公式サイト
9266,,美容クリニック,,高知県,,,,,,,美容クリニック関連サービス,営業中（推定）,,未収集,収集元推奨: 日本美容外科学会(JSAS)会員 / 各クリニック公式サイト
9267,,美容クリニック,,高知県,,,,,,,美容クリニック関連サービス,営業中（推定）,,未収集,収集元推奨: 日本美容外科学会(JSAS)会員 / 各クリニック公式サイト
9268,,美容機器メーカー・ディーラー,,高知県,,,,,,,美容機器メーカー ディーラー関連サービス,営業中（推定）,,未収集,収集元推奨: BeautyWorld Japan展示会出展者一覧 / 国税庁法人番号DB
9269,,美容機器メーカー・ディーラー,,高知県,,,,,,,美容機器メーカー ディーラー関連サービス,営業中（推定）,,未収集,収集元推奨: BeautyWorld Japan展示会出展者一覧 / 国税庁法人番号DB
9270,,美容機器メーカー・ディーラー,,高知県,,,,,,,美容機器メーカー ディーラー関連サービス,営業中（推定）,,未収集,収集元推奨: BeautyWorld Japan展示会出展者一覧 / 国税庁法人番号DB
9271,,化粧品メーカー,,高知県,,,,,,,化粧品メーカー関連サービス,営業中（推定）,,未収集,収集元推奨: 日本化粧品工業会(JCIA)会員 / 国税庁法人番号DB
9272,,化粧品メーカー,,高知県,,,,,,,化粧品メーカー関連サービス,営業中（推定）,,未収集,収集元推奨: 日本化粧品工業会(JCIA)会員 / 国税庁法人番号DB
9273,,化粧品メーカー,,高知県,,,,,,,化粧品メーカー関連サービス,営業中（推定）,,未収集,収集元推奨: 日本化粧品工業会(JCIA)会員 / 国税庁法人番号DB
9274,,化粧品メーカー,,高知県,,,,,,,化粧品メーカー関連サービス,営業中（推定）,,未収集,収集元推奨: 日本化粧品工業会(JCIA)会員 / 国税庁法人番号DB
9275,,ヘアサロン・サロンオーナー,,高知県,,,,,,,ヘアサロン サロンオーナー関連サービス,営業中（推定）,,未収集,収集元推奨: ホットペッパービューティー / 美容師会 / iタウンページ
9276,,ヘアサロン・サロンオーナー,,高知県,,,,,,,ヘアサロン サロンオーナー関連サービス,営業中（推定）,,未収集,収集元推奨: ホットペッパービューティー / 美容師会 / iタウンページ
9277,,ヘアサロン・サロンオーナー,,高知県,,,,,,,ヘアサロン サロンオーナー関連サービス,営業中（推定）,,未収集,収集元推奨: ホットペッパービューティー / 美容師会 / iタウンページ
9278,,ヘアサロン・サロンオーナー,,高知県,,,,,,,ヘアサロン サロンオーナー関連サービス,営業中（推定）,,未収集,収集元推奨: ホットペッパービューティー / 美容師会 / iタウンページ
9279,,IT・AI×美容,,高知県,,,,,,,IT AI×美容関連サービス,営業中（推定）,,未収集,収集元推奨: スタートアップDB / PRTIMES / 展示会(BeautyTech系)
9280,,IT・AI×美容,,高知県,,,,,,,IT AI×美容関連サービス,営業中（推定）,,未収集,収集元推奨: スタートアップDB / PRTIMES / 展示会(BeautyTech系)
9281,,IT・AI×美容,,高知県,,,,,,,IT AI×美容関連サービス,営業中（推定）,,未収集,収集元推奨: スタートアップDB / PRTIMES / 展示会(BeautyTech系)
9282,,IT・AI×美容,,高知県,,,,,,,IT AI×美容関連サービス,営業中（推定）,,未収集,収集元推奨: スタートアップDB / PRTIMES / 展示会(BeautyTech系)
9283,,IT・AI×美容,,高知県,,,,,,,IT AI×美容関連サービス,営業中（推定）,,未収集,収集元推奨: スタートアップDB / PRTIMES / 展示会(BeautyTech系)
9284,,IT・AI×美容,,高知県,,,,,,,IT AI×美容関連サービス,営業中（推定）,,未収集,収集元推奨: スタートアップDB / PRTIMES / 展示会(BeautyTech系)
9285,,IT・AI×美容,,高知県,,,,,,,IT AI×美容関連サービス,営業中（推定）,,未収集,収集元推奨: スタートアップDB / PRTIMES / 展示会(BeautyTech系)
9286,,エステサロン,,徳島県,,,,,,,エステサロン関連サービス,営業中（推定）,,未収集,収集元推奨: ホットペッパービューティー掲載企業公式サイト / 日本エステティック協会会員
9287,,エステサロン,,徳島県,,,,,,,エステサロン関連サービス,営業中（推定）,,未収集,収集元推奨: ホットペッパービューティー掲載企業公式サイト / 日本エステティック協会会員
9288,,エステサロン,,徳島県,,,,,,,エステサロン関連サービス,営業中（推定）,,未収集,収集元推奨: ホットペッパービューティー掲載企業公式サイト / 日本エステティック協会会員
9289,,エステサロン,,徳島県,,,,,,,エステサロン関連サービス,営業中（推定）,,未収集,収集元推奨: ホットペッパービューティー掲載企業公式サイト / 日本エステティック協会会員
9290,,エステサロン,,徳島県,,,,,,,エステサロン関連サービス,営業中（推定）,,未収集,収集元推奨: ホットペッパービューティー掲載企業公式サイト / 日本エステティック協会会員
9291,,エステサロン,,徳島県,,,,,,,エステサロン関連サービス,営業中（推定）,,未収集,収集元推奨: ホットペッパービューティー掲載企業公式サイト / 日本エステティック協会会員
9292,,エステサロン,,徳島県,,,,,,,エステサロン関連サービス,営業中（推定）,,未収集,収集元推奨: ホットペッパービューティー掲載企業公式サイト / 日本エステティック協会会員
9293,,エステサロン,,徳島県,,,,,,,エステサロン関連サービス,営業中（推定）,,未収集,収集元推奨: ホットペッパービューティー掲載企業公式サイト / 日本エステティック協会会員
9294,,エステサロン,,徳島県,,,,,,,エステサロン関連サービス,営業中（推定）,,未収集,収集元推奨: ホットペッパービューティー掲載企業公式サイト / 日本エステティック協会会員
9295,,エステサロン,,徳島県,,,,,,,エステサロン関連サービス,営業中（推定）,,未収集,収集元推奨: ホットペッパービューティー掲載企業公式サイト / 日本エステティック協会会員
9296,,エステサロン,,徳島県,,,,,,,エステサロン関連サービス,営業中（推定）,,未収集,収集元推奨: ホットペッパービューティー掲載企業公式サイト / 日本エステティック協会会員
9297,,ネイルサロン,,徳島県,,,,,,,ネイルサロン関連サービス,営業中（推定）,,未収集,収集元推奨: JNA（日本ネイリスト協会）会員 / ホットペッパービューティー
9298,,ネイルサロン,,徳島県,,,,,,,ネイルサロン関連サービス,営業中（推定）,,未収集,収集元推奨: JNA（日本ネイリスト協会）会員 / ホットペッパービューティー
9299,,ネイルサロン,,徳島県,,,,,,,ネイルサロン関連サービス,営業中（推定）,,未収集,収集元推奨: JNA（日本ネイリスト協会）会員 / ホットペッパービューティー
9300,,ネイルサロン,,徳島県,,,,,,,ネイルサロン関連サービス,営業中（推定）,,未収集,収集元推奨: JNA（日本ネイリスト協会）会員 / ホットペッパービューティー
9301,,ネイルサロン,,徳島県,,,,,,,ネイルサロン関連サービス,営業中（推定）,,未収集,収集元推奨: JNA（日本ネイリスト協会）会員 / ホットペッパービューティー
9302,,ネイルサロン,,徳島県,,,,,,,ネイルサロン関連サービス,営業中（推定）,,未収集,収集元推奨: JNA（日本ネイリスト協会）会員 / ホットペッパービューティー
9303,,ネイルサロン,,徳島県,,,,,,,ネイルサロン関連サービス,営業中（推定）,,未収集,収集元推奨: JNA（日本ネイリスト協会）会員 / ホットペッパービューティー
9304,,ネイルサロン,,徳島県,,,,,,,ネイルサロン関連サービス,営業中（推定）,,未収集,収集元推奨: JNA（日本ネイリスト協会）会員 / ホットペッパービューティー
9305,,美容整体・小顔矯正,,徳島県,,,,,,,美容整体 小顔矯正関連サービス,営業中（推定）,,未収集,収集元推奨: エキテン・ホットペッパービューティー / iタウンページ「整体」
9306,,美容整体・小顔矯正,,徳島県,,,,,,,美容整体 小顔矯正関連サービス,営業中（推定）,,未収集,収集元推奨: エキテン・ホットペッパービューティー / iタウンページ「整体」
9307,,美容整体・小顔矯正,,徳島県,,,,,,,美容整体 小顔矯正関連サービス,営業中（推定）,,未収集,収集元推奨: エキテン・ホットペッパービューティー / iタウンページ「整体」
9308,,美容整体・小顔矯正,,徳島県,,,,,,,美容整体 小顔矯正関連サービス,営業中（推定）,,未収集,収集元推奨: エキテン・ホットペッパービューティー / iタウンページ「整体」
9309,,美容整体・小顔矯正,,徳島県,,,,,,,美容整体 小顔矯正関連サービス,営業中（推定）,,未収集,収集元推奨: エキテン・ホットペッパービューティー / iタウンページ「整体」
9310,,美容整体・小顔矯正,,徳島県,,,,,,,美容整体 小顔矯正関連サービス,営業中（推定）,,未収集,収集元推奨: エキテン・ホットペッパービューティー / iタウンページ「整体」
9311,,美容鍼灸院,,徳島県,,,,,,,美容鍼灸院関連サービス,営業中（推定）,,未収集,収集元推奨: 日本鍼灸師会地方師会会員名簿 / 鍼灸ポータルサイト
9312,,美容鍼灸院,,徳島県,,,,,,,美容鍼灸院関連サービス,営業中（推定）,,未収集,収集元推奨: 日本鍼灸師会地方師会会員名簿 / 鍼灸ポータルサイト
9313,,美容鍼灸院,,徳島県,,,,,,,美容鍼灸院関連サービス,営業中（推定）,,未収集,収集元推奨: 日本鍼灸師会地方師会会員名簿 / 鍼灸ポータルサイト
9314,,美容鍼灸院,,徳島県,,,,,,,美容鍼灸院関連サービス,営業中（推定）,,未収集,収集元推奨: 日本鍼灸師会地方師会会員名簿 / 鍼灸ポータルサイト
9315,,アロマ・リラクゼーション,,徳島県,,,,,,,アロマ リラクゼーション関連サービス,営業中（推定）,,未収集,収集元推奨: AEAJ認定サロン一覧 / ホットペッパービューティー
9316,,アロマ・リラクゼーション,,徳島県,,,,,,,アロマ リラクゼーション関連サービス,営業中（推定）,,未収集,収集元推奨: AEAJ認定サロン一覧 / ホットペッパービューティー
9317,,アロマ・リラクゼーション,,徳島県,,,,,,,アロマ リラクゼーション関連サービス,営業中（推定）,,未収集,収集元推奨: AEAJ認定サロン一覧 / ホットペッパービューティー
9318,,アロマ・リラクゼーション,,徳島県,,,,,,,アロマ リラクゼーション関連サービス,営業中（推定）,,未収集,収集元推奨: AEAJ認定サロン一覧 / ホットペッパービューティー
9319,,美容クリニック,,徳島県,,,,,,,美容クリニック関連サービス,営業中（推定）,,未収集,収集元推奨: 日本美容外科学会(JSAS)会員 / 各クリニック公式サイト
9320,,美容クリニック,,徳島県,,,,,,,美容クリニック関連サービス,営業中（推定）,,未収集,収集元推奨: 日本美容外科学会(JSAS)会員 / 各クリニック公式サイト
9321,,美容クリニック,,徳島県,,,,,,,美容クリニック関連サービス,営業中（推定）,,未収集,収集元推奨: 日本美容外科学会(JSAS)会員 / 各クリニック公式サイト
9322,,美容クリニック,,徳島県,,,,,,,美容クリニック関連サービス,営業中（推定）,,未収集,収集元推奨: 日本美容外科学会(JSAS)会員 / 各クリニック公式サイト
9323,,美容機器メーカー・ディーラー,,徳島県,,,,,,,美容機器メーカー ディーラー関連サービス,営業中（推定）,,未収集,収集元推奨: BeautyWorld Japan展示会出展者一覧 / 国税庁法人番号DB
9324,,美容機器メーカー・ディーラー,,徳島県,,,,,,,美容機器メーカー ディーラー関連サービス,営業中（推定）,,未収集,収集元推奨: BeautyWorld Japan展示会出展者一覧 / 国税庁法人番号DB
9325,,美容機器メーカー・ディーラー,,徳島県,,,,,,,美容機器メーカー ディーラー関連サービス,営業中（推定）,,未収集,収集元推奨: BeautyWorld Japan展示会出展者一覧 / 国税庁法人番号DB
9326,,化粧品メーカー,,徳島県,,,,,,,化粧品メーカー関連サービス,営業中（推定）,,未収集,収集元推奨: 日本化粧品工業会(JCIA)会員 / 国税庁法人番号DB
9327,,化粧品メーカー,,徳島県,,,,,,,化粧品メーカー関連サービス,営業中（推定）,,未収集,収集元推奨: 日本化粧品工業会(JCIA)会員 / 国税庁法人番号DB
9328,,化粧品メーカー,,徳島県,,,,,,,化粧品メーカー関連サービス,営業中（推定）,,未収集,収集元推奨: 日本化粧品工業会(JCIA)会員 / 国税庁法人番号DB
9329,,化粧品メーカー,,徳島県,,,,,,,化粧品メーカー関連サービス,営業中（推定）,,未収集,収集元推奨: 日本化粧品工業会(JCIA)会員 / 国税庁法人番号DB
9330,,ヘアサロン・サロンオーナー,,徳島県,,,,,,,ヘアサロン サロンオーナー関連サービス,営業中（推定）,,未収集,収集元推奨: ホットペッパービューティー / 美容師会 / iタウンページ
9331,,ヘアサロン・サロンオーナー,,徳島県,,,,,,,ヘアサロン サロンオーナー関連サービス,営業中（推定）,,未収集,収集元推奨: ホットペッパービューティー / 美容師会 / iタウンページ
9332,,ヘアサロン・サロンオーナー,,徳島県,,,,,,,ヘアサロン サロンオーナー関連サービス,営業中（推定）,,未収集,収集元推奨: ホットペッパービューティー / 美容師会 / iタウンページ
9333,,ヘアサロン・サロンオーナー,,徳島県,,,,,,,ヘアサロン サロンオーナー関連サービス,営業中（推定）,,未収集,収集元推奨: ホットペッパービューティー / 美容師会 / iタウンページ
9334,,IT・AI×美容,,徳島県,,,,,,,IT AI×美容関連サービス,営業中（推定）,,未収集,収集元推奨: スタートアップDB / PRTIMES / 展示会(BeautyTech系)
9335,,IT・AI×美容,,徳島県,,,,,,,IT AI×美容関連サービス,営業中（推定）,,未収集,収集元推奨: スタートアップDB / PRTIMES / 展示会(BeautyTech系)
9336,,IT・AI×美容,,徳島県,,,,,,,IT AI×美容関連サービス,営業中（推定）,,未収集,収集元推奨: スタートアップDB / PRTIMES / 展示会(BeautyTech系)
9337,,IT・AI×美容,,徳島県,,,,,,,IT AI×美容関連サービス,営業中（推定）,,未収集,収集元推奨: スタートアップDB / PRTIMES / 展示会(BeautyTech系)
9338,,IT・AI×美容,,徳島県,,,,,,,IT AI×美容関連サービス,営業中（推定）,,未収集,収集元推奨: スタートアップDB / PRTIMES / 展示会(BeautyTech系)
9339,,IT・AI×美容,,徳島県,,,,,,,IT AI×美容関連サービス,営業中（推定）,,未収集,収集元推奨: スタートアップDB / PRTIMES / 展示会(BeautyTech系)
9340,,IT・AI×美容,,徳島県,,,,,,,IT AI×美容関連サービス,営業中（推定）,,未収集,収集元推奨: スタートアップDB / PRTIMES / 展示会(BeautyTech系)
9341,,エステサロン,,和歌山県,,,,,,,エステサロン関連サービス,営業中（推定）,,未収集,収集元推奨: ホットペッパービューティー掲載企業公式サイト / 日本エステティック協会会員
9342,,エステサロン,,和歌山県,,,,,,,エステサロン関連サービス,営業中（推定）,,未収集,収集元推奨: ホットペッパービューティー掲載企業公式サイト / 日本エステティック協会会員
9343,,エステサロン,,和歌山県,,,,,,,エステサロン関連サービス,営業中（推定）,,未収集,収集元推奨: ホットペッパービューティー掲載企業公式サイト / 日本エステティック協会会員
9344,,エステサロン,,和歌山県,,,,,,,エステサロン関連サービス,営業中（推定）,,未収集,収集元推奨: ホットペッパービューティー掲載企業公式サイト / 日本エステティック協会会員
9345,,エステサロン,,和歌山県,,,,,,,エステサロン関連サービス,営業中（推定）,,未収集,収集元推奨: ホットペッパービューティー掲載企業公式サイト / 日本エステティック協会会員
9346,,エステサロン,,和歌山県,,,,,,,エステサロン関連サービス,営業中（推定）,,未収集,収集元推奨: ホットペッパービューティー掲載企業公式サイト / 日本エステティック協会会員
9347,,エステサロン,,和歌山県,,,,,,,エステサロン関連サービス,営業中（推定）,,未収集,収集元推奨: ホットペッパービューティー掲載企業公式サイト / 日本エステティック協会会員
9348,,エステサロン,,和歌山県,,,,,,,エステサロン関連サービス,営業中（推定）,,未収集,収集元推奨: ホットペッパービューティー掲載企業公式サイト / 日本エステティック協会会員
9349,,エステサロン,,和歌山県,,,,,,,エステサロン関連サービス,営業中（推定）,,未収集,収集元推奨: ホットペッパービューティー掲載企業公式サイト / 日本エステティック協会会員
9350,,エステサロン,,和歌山県,,,,,,,エステサロン関連サービス,営業中（推定）,,未収集,収集元推奨: ホットペッパービューティー掲載企業公式サイト / 日本エステティック協会会員
9351,,エステサロン,,和歌山県,,,,,,,エステサロン関連サービス,営業中（推定）,,未収集,収集元推奨: ホットペッパービューティー掲載企業公式サイト / 日本エステティック協会会員
9352,,ネイルサロン,,和歌山県,,,,,,,ネイルサロン関連サービス,営業中（推定）,,未収集,収集元推奨: JNA（日本ネイリスト協会）会員 / ホットペッパービューティー
9353,,ネイルサロン,,和歌山県,,,,,,,ネイルサロン関連サービス,営業中（推定）,,未収集,収集元推奨: JNA（日本ネイリスト協会）会員 / ホットペッパービューティー
9354,,ネイルサロン,,和歌山県,,,,,,,ネイルサロン関連サービス,営業中（推定）,,未収集,収集元推奨: JNA（日本ネイリスト協会）会員 / ホットペッパービューティー
9355,,ネイルサロン,,和歌山県,,,,,,,ネイルサロン関連サービス,営業中（推定）,,未収集,収集元推奨: JNA（日本ネイリスト協会）会員 / ホットペッパービューティー
9356,,ネイルサロン,,和歌山県,,,,,,,ネイルサロン関連サービス,営業中（推定）,,未収集,収集元推奨: JNA（日本ネイリスト協会）会員 / ホットペッパービューティー
9357,,ネイルサロン,,和歌山県,,,,,,,ネイルサロン関連サービス,営業中（推定）,,未収集,収集元推奨: JNA（日本ネイリスト協会）会員 / ホットペッパービューティー
9358,,ネイルサロン,,和歌山県,,,,,,,ネイルサロン関連サービス,営業中（推定）,,未収集,収集元推奨: JNA（日本ネイリスト協会）会員 / ホットペッパービューティー
9359,,ネイルサロン,,和歌山県,,,,,,,ネイルサロン関連サービス,営業中（推定）,,未収集,収集元推奨: JNA（日本ネイリスト協会）会員 / ホットペッパービューティー
9360,,美容整体・小顔矯正,,和歌山県,,,,,,,美容整体 小顔矯正関連サービス,営業中（推定）,,未収集,収集元推奨: エキテン・ホットペッパービューティー / iタウンページ「整体」
9361,,美容整体・小顔矯正,,和歌山県,,,,,,,美容整体 小顔矯正関連サービス,営業中（推定）,,未収集,収集元推奨: エキテン・ホットペッパービューティー / iタウンページ「整体」
9362,,美容整体・小顔矯正,,和歌山県,,,,,,,美容整体 小顔矯正関連サービス,営業中（推定）,,未収集,収集元推奨: エキテン・ホットペッパービューティー / iタウンページ「整体」
9363,,美容整体・小顔矯正,,和歌山県,,,,,,,美容整体 小顔矯正関連サービス,営業中（推定）,,未収集,収集元推奨: エキテン・ホットペッパービューティー / iタウンページ「整体」
9364,,美容整体・小顔矯正,,和歌山県,,,,,,,美容整体 小顔矯正関連サービス,営業中（推定）,,未収集,収集元推奨: エキテン・ホットペッパービューティー / iタウンページ「整体」
9365,,美容整体・小顔矯正,,和歌山県,,,,,,,美容整体 小顔矯正関連サービス,営業中（推定）,,未収集,収集元推奨: エキテン・ホットペッパービューティー / iタウンページ「整体」
9366,,美容鍼灸院,,和歌山県,,,,,,,美容鍼灸院関連サービス,営業中（推定）,,未収集,収集元推奨: 日本鍼灸師会地方師会会員名簿 / 鍼灸ポータルサイト
9367,,美容鍼灸院,,和歌山県,,,,,,,美容鍼灸院関連サービス,営業中（推定）,,未収集,収集元推奨: 日本鍼灸師会地方師会会員名簿 / 鍼灸ポータルサイト
9368,,美容鍼灸院,,和歌山県,,,,,,,美容鍼灸院関連サービス,営業中（推定）,,未収集,収集元推奨: 日本鍼灸師会地方師会会員名簿 / 鍼灸ポータルサイト
9369,,美容鍼灸院,,和歌山県,,,,,,,美容鍼灸院関連サービス,営業中（推定）,,未収集,収集元推奨: 日本鍼灸師会地方師会会員名簿 / 鍼灸ポータルサイト
9370,,アロマ・リラクゼーション,,和歌山県,,,,,,,アロマ リラクゼーション関連サービス,営業中（推定）,,未収集,収集元推奨: AEAJ認定サロン一覧 / ホットペッパービューティー
9371,,アロマ・リラクゼーション,,和歌山県,,,,,,,アロマ リラクゼーション関連サービス,営業中（推定）,,未収集,収集元推奨: AEAJ認定サロン一覧 / ホットペッパービューティー
9372,,アロマ・リラクゼーション,,和歌山県,,,,,,,アロマ リラクゼーション関連サービス,営業中（推定）,,未収集,収集元推奨: AEAJ認定サロン一覧 / ホットペッパービューティー
9373,,アロマ・リラクゼーション,,和歌山県,,,,,,,アロマ リラクゼーション関連サービス,営業中（推定）,,未収集,収集元推奨: AEAJ認定サロン一覧 / ホットペッパービューティー
9374,,美容クリニック,,和歌山県,,,,,,,美容クリニック関連サービス,営業中（推定）,,未収集,収集元推奨: 日本美容外科学会(JSAS)会員 / 各クリニック公式サイト
9375,,美容クリニック,,和歌山県,,,,,,,美容クリニック関連サービス,営業中（推定）,,未収集,収集元推奨: 日本美容外科学会(JSAS)会員 / 各クリニック公式サイト
9376,,美容クリニック,,和歌山県,,,,,,,美容クリニック関連サービス,営業中（推定）,,未収集,収集元推奨: 日本美容外科学会(JSAS)会員 / 各クリニック公式サイト
9377,,美容クリニック,,和歌山県,,,,,,,美容クリニック関連サービス,営業中（推定）,,未収集,収集元推奨: 日本美容外科学会(JSAS)会員 / 各クリニック公式サイト
9378,,美容機器メーカー・ディーラー,,和歌山県,,,,,,,美容機器メーカー ディーラー関連サービス,営業中（推定）,,未収集,収集元推奨: BeautyWorld Japan展示会出展者一覧 / 国税庁法人番号DB
9379,,美容機器メーカー・ディーラー,,和歌山県,,,,,,,美容機器メーカー ディーラー関連サービス,営業中（推定）,,未収集,収集元推奨: BeautyWorld Japan展示会出展者一覧 / 国税庁法人番号DB
9380,,美容機器メーカー・ディーラー,,和歌山県,,,,,,,美容機器メーカー ディーラー関連サービス,営業中（推定）,,未収集,収集元推奨: BeautyWorld Japan展示会出展者一覧 / 国税庁法人番号DB
9381,,化粧品メーカー,,和歌山県,,,,,,,化粧品メーカー関連サービス,営業中（推定）,,未収集,収集元推奨: 日本化粧品工業会(JCIA)会員 / 国税庁法人番号DB
9382,,化粧品メーカー,,和歌山県,,,,,,,化粧品メーカー関連サービス,営業中（推定）,,未収集,収集元推奨: 日本化粧品工業会(JCIA)会員 / 国税庁法人番号DB
9383,,化粧品メーカー,,和歌山県,,,,,,,化粧品メーカー関連サービス,営業中（推定）,,未収集,収集元推奨: 日本化粧品工業会(JCIA)会員 / 国税庁法人番号DB
9384,,化粧品メーカー,,和歌山県,,,,,,,化粧品メーカー関連サービス,営業中（推定）,,未収集,収集元推奨: 日本化粧品工業会(JCIA)会員 / 国税庁法人番号DB
9385,,ヘアサロン・サロンオーナー,,和歌山県,,,,,,,ヘアサロン サロンオーナー関連サービス,営業中（推定）,,未収集,収集元推奨: ホットペッパービューティー / 美容師会 / iタウンページ
9386,,ヘアサロン・サロンオーナー,,和歌山県,,,,,,,ヘアサロン サロンオーナー関連サービス,営業中（推定）,,未収集,収集元推奨: ホットペッパービューティー / 美容師会 / iタウンページ
9387,,ヘアサロン・サロンオーナー,,和歌山県,,,,,,,ヘアサロン サロンオーナー関連サービス,営業中（推定）,,未収集,収集元推奨: ホットペッパービューティー / 美容師会 / iタウンページ
9388,,ヘアサロン・サロンオーナー,,和歌山県,,,,,,,ヘアサロン サロンオーナー関連サービス,営業中（推定）,,未収集,収集元推奨: ホットペッパービューティー / 美容師会 / iタウンページ
9389,,IT・AI×美容,,和歌山県,,,,,,,IT AI×美容関連サービス,営業中（推定）,,未収集,収集元推奨: スタートアップDB / PRTIMES / 展示会(BeautyTech系)
9390,,IT・AI×美容,,和歌山県,,,,,,,IT AI×美容関連サービス,営業中（推定）,,未収集,収集元推奨: スタートアップDB / PRTIMES / 展示会(BeautyTech系)
9391,,IT・AI×美容,,和歌山県,,,,,,,IT AI×美容関連サービス,営業中（推定）,,未収集,収集元推奨: スタートアップDB / PRTIMES / 展示会(BeautyTech系)
9392,,IT・AI×美容,,和歌山県,,,,,,,IT AI×美容関連サービス,営業中（推定）,,未収集,収集元推奨: スタートアップDB / PRTIMES / 展示会(BeautyTech系)
9393,,IT・AI×美容,,和歌山県,,,,,,,IT AI×美容関連サービス,営業中（推定）,,未収集,収集元推奨: スタートアップDB / PRTIMES / 展示会(BeautyTech系)
9394,,IT・AI×美容,,和歌山県,,,,,,,IT AI×美容関連サービス,営業中（推定）,,未収集,収集元推奨: スタートアップDB / PRTIMES / 展示会(BeautyTech系)
9395,,IT・AI×美容,,和歌山県,,,,,,,IT AI×美容関連サービス,営業中（推定）,,未収集,収集元推奨: スタートアップDB / PRTIMES / 展示会(BeautyTech系)
9396,,エステサロン,,山梨県,,,,,,,エステサロン関連サービス,営業中（推定）,,未収集,収集元推奨: ホットペッパービューティー掲載企業公式サイト / 日本エステティック協会会員
9397,,エステサロン,,山梨県,,,,,,,エステサロン関連サービス,営業中（推定）,,未収集,収集元推奨: ホットペッパービューティー掲載企業公式サイト / 日本エステティック協会会員
9398,,エステサロン,,山梨県,,,,,,,エステサロン関連サービス,営業中（推定）,,未収集,収集元推奨: ホットペッパービューティー掲載企業公式サイト / 日本エステティック協会会員
9399,,エステサロン,,山梨県,,,,,,,エステサロン関連サービス,営業中（推定）,,未収集,収集元推奨: ホットペッパービューティー掲載企業公式サイト / 日本エステティック協会会員
9400,,エステサロン,,山梨県,,,,,,,エステサロン関連サービス,営業中（推定）,,未収集,収集元推奨: ホットペッパービューティー掲載企業公式サイト / 日本エステティック協会会員
9401,,エステサロン,,山梨県,,,,,,,エステサロン関連サービス,営業中（推定）,,未収集,収集元推奨: ホットペッパービューティー掲載企業公式サイト / 日本エステティック協会会員
9402,,エステサロン,,山梨県,,,,,,,エステサロン関連サービス,営業中（推定）,,未収集,収集元推奨: ホットペッパービューティー掲載企業公式サイト / 日本エステティック協会会員
9403,,エステサロン,,山梨県,,,,,,,エステサロン関連サービス,営業中（推定）,,未収集,収集元推奨: ホットペッパービューティー掲載企業公式サイト / 日本エステティック協会会員
9404,,エステサロン,,山梨県,,,,,,,エステサロン関連サービス,営業中（推定）,,未収集,収集元推奨: ホットペッパービューティー掲載企業公式サイト / 日本エステティック協会会員
9405,,エステサロン,,山梨県,,,,,,,エステサロン関連サービス,営業中（推定）,,未収集,収集元推奨: ホットペッパービューティー掲載企業公式サイト / 日本エステティック協会会員
9406,,エステサロン,,山梨県,,,,,,,エステサロン関連サービス,営業中（推定）,,未収集,収集元推奨: ホットペッパービューティー掲載企業公式サイト / 日本エステティック協会会員
9407,,ネイルサロン,,山梨県,,,,,,,ネイルサロン関連サービス,営業中（推定）,,未収集,収集元推奨: JNA（日本ネイリスト協会）会員 / ホットペッパービューティー
9408,,ネイルサロン,,山梨県,,,,,,,ネイルサロン関連サービス,営業中（推定）,,未収集,収集元推奨: JNA（日本ネイリスト協会）会員 / ホットペッパービューティー
9409,,ネイルサロン,,山梨県,,,,,,,ネイルサロン関連サービス,営業中（推定）,,未収集,収集元推奨: JNA（日本ネイリスト協会）会員 / ホットペッパービューティー
9410,,ネイルサロン,,山梨県,,,,,,,ネイルサロン関連サービス,営業中（推定）,,未収集,収集元推奨: JNA（日本ネイリスト協会）会員 / ホットペッパービューティー
9411,,ネイルサロン,,山梨県,,,,,,,ネイルサロン関連サービス,営業中（推定）,,未収集,収集元推奨: JNA（日本ネイリスト協会）会員 / ホットペッパービューティー
9412,,ネイルサロン,,山梨県,,,,,,,ネイルサロン関連サービス,営業中（推定）,,未収集,収集元推奨: JNA（日本ネイリスト協会）会員 / ホットペッパービューティー
9413,,ネイルサロン,,山梨県,,,,,,,ネイルサロン関連サービス,営業中（推定）,,未収集,収集元推奨: JNA（日本ネイリスト協会）会員 / ホットペッパービューティー
9414,,ネイルサロン,,山梨県,,,,,,,ネイルサロン関連サービス,営業中（推定）,,未収集,収集元推奨: JNA（日本ネイリスト協会）会員 / ホットペッパービューティー
9415,,美容整体・小顔矯正,,山梨県,,,,,,,美容整体 小顔矯正関連サービス,営業中（推定）,,未収集,収集元推奨: エキテン・ホットペッパービューティー / iタウンページ「整体」
9416,,美容整体・小顔矯正,,山梨県,,,,,,,美容整体 小顔矯正関連サービス,営業中（推定）,,未収集,収集元推奨: エキテン・ホットペッパービューティー / iタウンページ「整体」
9417,,美容整体・小顔矯正,,山梨県,,,,,,,美容整体 小顔矯正関連サービス,営業中（推定）,,未収集,収集元推奨: エキテン・ホットペッパービューティー / iタウンページ「整体」
9418,,美容整体・小顔矯正,,山梨県,,,,,,,美容整体 小顔矯正関連サービス,営業中（推定）,,未収集,収集元推奨: エキテン・ホットペッパービューティー / iタウンページ「整体」
9419,,美容整体・小顔矯正,,山梨県,,,,,,,美容整体 小顔矯正関連サービス,営業中（推定）,,未収集,収集元推奨: エキテン・ホットペッパービューティー / iタウンページ「整体」
9420,,美容整体・小顔矯正,,山梨県,,,,,,,美容整体 小顔矯正関連サービス,営業中（推定）,,未収集,収集元推奨: エキテン・ホットペッパービューティー / iタウンページ「整体」
9421,,美容鍼灸院,,山梨県,,,,,,,美容鍼灸院関連サービス,営業中（推定）,,未収集,収集元推奨: 日本鍼灸師会地方師会会員名簿 / 鍼灸ポータルサイト
9422,,美容鍼灸院,,山梨県,,,,,,,美容鍼灸院関連サービス,営業中（推定）,,未収集,収集元推奨: 日本鍼灸師会地方師会会員名簿 / 鍼灸ポータルサイト
9423,,美容鍼灸院,,山梨県,,,,,,,美容鍼灸院関連サービス,営業中（推定）,,未収集,収集元推奨: 日本鍼灸師会地方師会会員名簿 / 鍼灸ポータルサイト
9424,,美容鍼灸院,,山梨県,,,,,,,美容鍼灸院関連サービス,営業中（推定）,,未収集,収集元推奨: 日本鍼灸師会地方師会会員名簿 / 鍼灸ポータルサイト
9425,,アロマ・リラクゼーション,,山梨県,,,,,,,アロマ リラクゼーション関連サービス,営業中（推定）,,未収集,収集元推奨: AEAJ認定サロン一覧 / ホットペッパービューティー
9426,,アロマ・リラクゼーション,,山梨県,,,,,,,アロマ リラクゼーション関連サービス,営業中（推定）,,未収集,収集元推奨: AEAJ認定サロン一覧 / ホットペッパービューティー
9427,,アロマ・リラクゼーション,,山梨県,,,,,,,アロマ リラクゼーション関連サービス,営業中（推定）,,未収集,収集元推奨: AEAJ認定サロン一覧 / ホットペッパービューティー
9428,,アロマ・リラクゼーション,,山梨県,,,,,,,アロマ リラクゼーション関連サービス,営業中（推定）,,未収集,収集元推奨: AEAJ認定サロン一覧 / ホットペッパービューティー
9429,,美容クリニック,,山梨県,,,,,,,美容クリニック関連サービス,営業中（推定）,,未収集,収集元推奨: 日本美容外科学会(JSAS)会員 / 各クリニック公式サイト
9430,,美容クリニック,,山梨県,,,,,,,美容クリニック関連サービス,営業中（推定）,,未収集,収集元推奨: 日本美容外科学会(JSAS)会員 / 各クリニック公式サイト
9431,,美容クリニック,,山梨県,,,,,,,美容クリニック関連サービス,営業中（推定）,,未収集,収集元推奨: 日本美容外科学会(JSAS)会員 / 各クリニック公式サイト
9432,,美容クリニック,,山梨県,,,,,,,美容クリニック関連サービス,営業中（推定）,,未収集,収集元推奨: 日本美容外科学会(JSAS)会員 / 各クリニック公式サイト
9433,,美容機器メーカー・ディーラー,,山梨県,,,,,,,美容機器メーカー ディーラー関連サービス,営業中（推定）,,未収集,収集元推奨: BeautyWorld Japan展示会出展者一覧 / 国税庁法人番号DB
9434,,美容機器メーカー・ディーラー,,山梨県,,,,,,,美容機器メーカー ディーラー関連サービス,営業中（推定）,,未収集,収集元推奨: BeautyWorld Japan展示会出展者一覧 / 国税庁法人番号DB
9435,,美容機器メーカー・ディーラー,,山梨県,,,,,,,美容機器メーカー ディーラー関連サービス,営業中（推定）,,未収集,収集元推奨: BeautyWorld Japan展示会出展者一覧 / 国税庁法人番号DB
9436,,化粧品メーカー,,山梨県,,,,,,,化粧品メーカー関連サービス,営業中（推定）,,未収集,収集元推奨: 日本化粧品工業会(JCIA)会員 / 国税庁法人番号DB
9437,,化粧品メーカー,,山梨県,,,,,,,化粧品メーカー関連サービス,営業中（推定）,,未収集,収集元推奨: 日本化粧品工業会(JCIA)会員 / 国税庁法人番号DB
9438,,化粧品メーカー,,山梨県,,,,,,,化粧品メーカー関連サービス,営業中（推定）,,未収集,収集元推奨: 日本化粧品工業会(JCIA)会員 / 国税庁法人番号DB
9439,,化粧品メーカー,,山梨県,,,,,,,化粧品メーカー関連サービス,営業中（推定）,,未収集,収集元推奨: 日本化粧品工業会(JCIA)会員 / 国税庁法人番号DB
9440,,ヘアサロン・サロンオーナー,,山梨県,,,,,,,ヘアサロン サロンオーナー関連サービス,営業中（推定）,,未収集,収集元推奨: ホットペッパービューティー / 美容師会 / iタウンページ
9441,,ヘアサロン・サロンオーナー,,山梨県,,,,,,,ヘアサロン サロンオーナー関連サービス,営業中（推定）,,未収集,収集元推奨: ホットペッパービューティー / 美容師会 / iタウンページ
9442,,ヘアサロン・サロンオーナー,,山梨県,,,,,,,ヘアサロン サロンオーナー関連サービス,営業中（推定）,,未収集,収集元推奨: ホットペッパービューティー / 美容師会 / iタウンページ
9443,,ヘアサロン・サロンオーナー,,山梨県,,,,,,,ヘアサロン サロンオーナー関連サービス,営業中（推定）,,未収集,収集元推奨: ホットペッパービューティー / 美容師会 / iタウンページ
9444,,IT・AI×美容,,山梨県,,,,,,,IT AI×美容関連サービス,営業中（推定）,,未収集,収集元推奨: スタートアップDB / PRTIMES / 展示会(BeautyTech系)
9445,,IT・AI×美容,,山梨県,,,,,,,IT AI×美容関連サービス,営業中（推定）,,未収集,収集元推奨: スタートアップDB / PRTIMES / 展示会(BeautyTech系)
9446,,IT・AI×美容,,山梨県,,,,,,,IT AI×美容関連サービス,営業中（推定）,,未収集,収集元推奨: スタートアップDB / PRTIMES / 展示会(BeautyTech系)
9447,,IT・AI×美容,,山梨県,,,,,,,IT AI×美容関連サービス,営業中（推定）,,未収集,収集元推奨: スタートアップDB / PRTIMES / 展示会(BeautyTech系)
9448,,IT・AI×美容,,山梨県,,,,,,,IT AI×美容関連サービス,営業中（推定）,,未収集,収集元推奨: スタートアップDB / PRTIMES / 展示会(BeautyTech系)
9449,,IT・AI×美容,,山梨県,,,,,,,IT AI×美容関連サービス,営業中（推定）,,未収集,収集元推奨: スタートアップDB / PRTIMES / 展示会(BeautyTech系)
9450,,IT・AI×美容,,山梨県,,,,,,,IT AI×美容関連サービス,営業中（推定）,,未収集,収集元推奨: スタートアップDB / PRTIMES / 展示会(BeautyTech系)
9451,,エステサロン,,福井県,,,,,,,エステサロン関連サービス,営業中（推定）,,未収集,収集元推奨: ホットペッパービューティー掲載企業公式サイト / 日本エステティック協会会員
9452,,エステサロン,,福井県,,,,,,,エステサロン関連サービス,営業中（推定）,,未収集,収集元推奨: ホットペッパービューティー掲載企業公式サイト / 日本エステティック協会会員
9453,,エステサロン,,福井県,,,,,,,エステサロン関連サービス,営業中（推定）,,未収集,収集元推奨: ホットペッパービューティー掲載企業公式サイト / 日本エステティック協会会員
9454,,エステサロン,,福井県,,,,,,,エステサロン関連サービス,営業中（推定）,,未収集,収集元推奨: ホットペッパービューティー掲載企業公式サイト / 日本エステティック協会会員
9455,,エステサロン,,福井県,,,,,,,エステサロン関連サービス,営業中（推定）,,未収集,収集元推奨: ホットペッパービューティー掲載企業公式サイト / 日本エステティック協会会員
9456,,エステサロン,,福井県,,,,,,,エステサロン関連サービス,営業中（推定）,,未収集,収集元推奨: ホットペッパービューティー掲載企業公式サイト / 日本エステティック協会会員
9457,,エステサロン,,福井県,,,,,,,エステサロン関連サービス,営業中（推定）,,未収集,収集元推奨: ホットペッパービューティー掲載企業公式サイト / 日本エステティック協会会員
9458,,エステサロン,,福井県,,,,,,,エステサロン関連サービス,営業中（推定）,,未収集,収集元推奨: ホットペッパービューティー掲載企業公式サイト / 日本エステティック協会会員
9459,,エステサロン,,福井県,,,,,,,エステサロン関連サービス,営業中（推定）,,未収集,収集元推奨: ホットペッパービューティー掲載企業公式サイト / 日本エステティック協会会員
9460,,エステサロン,,福井県,,,,,,,エステサロン関連サービス,営業中（推定）,,未収集,収集元推奨: ホットペッパービューティー掲載企業公式サイト / 日本エステティック協会会員
9461,,ネイルサロン,,福井県,,,,,,,ネイルサロン関連サービス,営業中（推定）,,未収集,収集元推奨: JNA（日本ネイリスト協会）会員 / ホットペッパービューティー
9462,,ネイルサロン,,福井県,,,,,,,ネイルサロン関連サービス,営業中（推定）,,未収集,収集元推奨: JNA（日本ネイリスト協会）会員 / ホットペッパービューティー
9463,,ネイルサロン,,福井県,,,,,,,ネイルサロン関連サービス,営業中（推定）,,未収集,収集元推奨: JNA（日本ネイリスト協会）会員 / ホットペッパービューティー
9464,,ネイルサロン,,福井県,,,,,,,ネイルサロン関連サービス,営業中（推定）,,未収集,収集元推奨: JNA（日本ネイリスト協会）会員 / ホットペッパービューティー
9465,,ネイルサロン,,福井県,,,,,,,ネイルサロン関連サービス,営業中（推定）,,未収集,収集元推奨: JNA（日本ネイリスト協会）会員 / ホットペッパービューティー
9466,,ネイルサロン,,福井県,,,,,,,ネイルサロン関連サービス,営業中（推定）,,未収集,収集元推奨: JNA（日本ネイリスト協会）会員 / ホットペッパービューティー
9467,,ネイルサロン,,福井県,,,,,,,ネイルサロン関連サービス,営業中（推定）,,未収集,収集元推奨: JNA（日本ネイリスト協会）会員 / ホットペッパービューティー
9468,,ネイルサロン,,福井県,,,,,,,ネイルサロン関連サービス,営業中（推定）,,未収集,収集元推奨: JNA（日本ネイリスト協会）会員 / ホットペッパービューティー
9469,,美容整体・小顔矯正,,福井県,,,,,,,美容整体 小顔矯正関連サービス,営業中（推定）,,未収集,収集元推奨: エキテン・ホットペッパービューティー / iタウンページ「整体」
9470,,美容整体・小顔矯正,,福井県,,,,,,,美容整体 小顔矯正関連サービス,営業中（推定）,,未収集,収集元推奨: エキテン・ホットペッパービューティー / iタウンページ「整体」
9471,,美容整体・小顔矯正,,福井県,,,,,,,美容整体 小顔矯正関連サービス,営業中（推定）,,未収集,収集元推奨: エキテン・ホットペッパービューティー / iタウンページ「整体」
9472,,美容整体・小顔矯正,,福井県,,,,,,,美容整体 小顔矯正関連サービス,営業中（推定）,,未収集,収集元推奨: エキテン・ホットペッパービューティー / iタウンページ「整体」
9473,,美容整体・小顔矯正,,福井県,,,,,,,美容整体 小顔矯正関連サービス,営業中（推定）,,未収集,収集元推奨: エキテン・ホットペッパービューティー / iタウンページ「整体」
9474,,美容鍼灸院,,福井県,,,,,,,美容鍼灸院関連サービス,営業中（推定）,,未収集,収集元推奨: 日本鍼灸師会地方師会会員名簿 / 鍼灸ポータルサイト
9475,,美容鍼灸院,,福井県,,,,,,,美容鍼灸院関連サービス,営業中（推定）,,未収集,収集元推奨: 日本鍼灸師会地方師会会員名簿 / 鍼灸ポータルサイト
9476,,美容鍼灸院,,福井県,,,,,,,美容鍼灸院関連サービス,営業中（推定）,,未収集,収集元推奨: 日本鍼灸師会地方師会会員名簿 / 鍼灸ポータルサイト
9477,,美容鍼灸院,,福井県,,,,,,,美容鍼灸院関連サービス,営業中（推定）,,未収集,収集元推奨: 日本鍼灸師会地方師会会員名簿 / 鍼灸ポータルサイト
9478,,アロマ・リラクゼーション,,福井県,,,,,,,アロマ リラクゼーション関連サービス,営業中（推定）,,未収集,収集元推奨: AEAJ認定サロン一覧 / ホットペッパービューティー
9479,,アロマ・リラクゼーション,,福井県,,,,,,,アロマ リラクゼーション関連サービス,営業中（推定）,,未収集,収集元推奨: AEAJ認定サロン一覧 / ホットペッパービューティー
9480,,アロマ・リラクゼーション,,福井県,,,,,,,アロマ リラクゼーション関連サービス,営業中（推定）,,未収集,収集元推奨: AEAJ認定サロン一覧 / ホットペッパービューティー
9481,,アロマ・リラクゼーション,,福井県,,,,,,,アロマ リラクゼーション関連サービス,営業中（推定）,,未収集,収集元推奨: AEAJ認定サロン一覧 / ホットペッパービューティー
9482,,美容クリニック,,福井県,,,,,,,美容クリニック関連サービス,営業中（推定）,,未収集,収集元推奨: 日本美容外科学会(JSAS)会員 / 各クリニック公式サイト
9483,,美容クリニック,,福井県,,,,,,,美容クリニック関連サービス,営業中（推定）,,未収集,収集元推奨: 日本美容外科学会(JSAS)会員 / 各クリニック公式サイト
9484,,美容クリニック,,福井県,,,,,,,美容クリニック関連サービス,営業中（推定）,,未収集,収集元推奨: 日本美容外科学会(JSAS)会員 / 各クリニック公式サイト
9485,,美容クリニック,,福井県,,,,,,,美容クリニック関連サービス,営業中（推定）,,未収集,収集元推奨: 日本美容外科学会(JSAS)会員 / 各クリニック公式サイト
9486,,美容機器メーカー・ディーラー,,福井県,,,,,,,美容機器メーカー ディーラー関連サービス,営業中（推定）,,未収集,収集元推奨: BeautyWorld Japan展示会出展者一覧 / 国税庁法人番号DB
9487,,美容機器メーカー・ディーラー,,福井県,,,,,,,美容機器メーカー ディーラー関連サービス,営業中（推定）,,未収集,収集元推奨: BeautyWorld Japan展示会出展者一覧 / 国税庁法人番号DB
9488,,美容機器メーカー・ディーラー,,福井県,,,,,,,美容機器メーカー ディーラー関連サービス,営業中（推定）,,未収集,収集元推奨: BeautyWorld Japan展示会出展者一覧 / 国税庁法人番号DB
9489,,化粧品メーカー,,福井県,,,,,,,化粧品メーカー関連サービス,営業中（推定）,,未収集,収集元推奨: 日本化粧品工業会(JCIA)会員 / 国税庁法人番号DB
9490,,化粧品メーカー,,福井県,,,,,,,化粧品メーカー関連サービス,営業中（推定）,,未収集,収集元推奨: 日本化粧品工業会(JCIA)会員 / 国税庁法人番号DB
9491,,化粧品メーカー,,福井県,,,,,,,化粧品メーカー関連サービス,営業中（推定）,,未収集,収集元推奨: 日本化粧品工業会(JCIA)会員 / 国税庁法人番号DB
9492,,化粧品メーカー,,福井県,,,,,,,化粧品メーカー関連サービス,営業中（推定）,,未収集,収集元推奨: 日本化粧品工業会(JCIA)会員 / 国税庁法人番号DB
9493,,ヘアサロン・サロンオーナー,,福井県,,,,,,,ヘアサロン サロンオーナー関連サービス,営業中（推定）,,未収集,収集元推奨: ホットペッパービューティー / 美容師会 / iタウンページ
9494,,ヘアサロン・サロンオーナー,,福井県,,,,,,,ヘアサロン サロンオーナー関連サービス,営業中（推定）,,未収集,収集元推奨: ホットペッパービューティー / 美容師会 / iタウンページ
9495,,ヘアサロン・サロンオーナー,,福井県,,,,,,,ヘアサロン サロンオーナー関連サービス,営業中（推定）,,未収集,収集元推奨: ホットペッパービューティー / 美容師会 / iタウンページ
9496,,ヘアサロン・サロンオーナー,,福井県,,,,,,,ヘアサロン サロンオーナー関連サービス,営業中（推定）,,未収集,収集元推奨: ホットペッパービューティー / 美容師会 / iタウンページ
9497,,IT・AI×美容,,福井県,,,,,,,IT AI×美容関連サービス,営業中（推定）,,未収集,収集元推奨: スタートアップDB / PRTIMES / 展示会(BeautyTech系)
9498,,IT・AI×美容,,福井県,,,,,,,IT AI×美容関連サービス,営業中（推定）,,未収集,収集元推奨: スタートアップDB / PRTIMES / 展示会(BeautyTech系)
9499,,IT・AI×美容,,福井県,,,,,,,IT AI×美容関連サービス,営業中（推定）,,未収集,収集元推奨: スタートアップDB / PRTIMES / 展示会(BeautyTech系)
9500,,IT・AI×美容,,福井県,,,,,,,IT AI×美容関連サービス,営業中（推定）,,未収集,収集元推奨: スタートアップDB / PRTIMES / 展示会(BeautyTech系)
9501,,エステサロン,,島根県,,,,,,,エステサロン関連サービス,営業中（推定）,,未収集,収集元推奨: ホットペッパービューティー掲載企業公式サイト / 日本エステティック協会会員
9502,,エステサロン,,島根県,,,,,,,エステサロン関連サービス,営業中（推定）,,未収集,収集元推奨: ホットペッパービューティー掲載企業公式サイト / 日本エステティック協会会員
9503,,エステサロン,,島根県,,,,,,,エステサロン関連サービス,営業中（推定）,,未収集,収集元推奨: ホットペッパービューティー掲載企業公式サイト / 日本エステティック協会会員
9504,,エステサロン,,島根県,,,,,,,エステサロン関連サービス,営業中（推定）,,未収集,収集元推奨: ホットペッパービューティー掲載企業公式サイト / 日本エステティック協会会員
9505,,エステサロン,,島根県,,,,,,,エステサロン関連サービス,営業中（推定）,,未収集,収集元推奨: ホットペッパービューティー掲載企業公式サイト / 日本エステティック協会会員
9506,,エステサロン,,島根県,,,,,,,エステサロン関連サービス,営業中（推定）,,未収集,収集元推奨: ホットペッパービューティー掲載企業公式サイト / 日本エステティック協会会員
9507,,エステサロン,,島根県,,,,,,,エステサロン関連サービス,営業中（推定）,,未収集,収集元推奨: ホットペッパービューティー掲載企業公式サイト / 日本エステティック協会会員
9508,,エステサロン,,島根県,,,,,,,エステサロン関連サービス,営業中（推定）,,未収集,収集元推奨: ホットペッパービューティー掲載企業公式サイト / 日本エステティック協会会員
9509,,エステサロン,,島根県,,,,,,,エステサロン関連サービス,営業中（推定）,,未収集,収集元推奨: ホットペッパービューティー掲載企業公式サイト / 日本エステティック協会会員
9510,,エステサロン,,島根県,,,,,,,エステサロン関連サービス,営業中（推定）,,未収集,収集元推奨: ホットペッパービューティー掲載企業公式サイト / 日本エステティック協会会員
9511,,ネイルサロン,,島根県,,,,,,,ネイルサロン関連サービス,営業中（推定）,,未収集,収集元推奨: JNA（日本ネイリスト協会）会員 / ホットペッパービューティー
9512,,ネイルサロン,,島根県,,,,,,,ネイルサロン関連サービス,営業中（推定）,,未収集,収集元推奨: JNA（日本ネイリスト協会）会員 / ホットペッパービューティー
9513,,ネイルサロン,,島根県,,,,,,,ネイルサロン関連サービス,営業中（推定）,,未収集,収集元推奨: JNA（日本ネイリスト協会）会員 / ホットペッパービューティー
9514,,ネイルサロン,,島根県,,,,,,,ネイルサロン関連サービス,営業中（推定）,,未収集,収集元推奨: JNA（日本ネイリスト協会）会員 / ホットペッパービューティー
9515,,ネイルサロン,,島根県,,,,,,,ネイルサロン関連サービス,営業中（推定）,,未収集,収集元推奨: JNA（日本ネイリスト協会）会員 / ホットペッパービューティー
9516,,ネイルサロン,,島根県,,,,,,,ネイルサロン関連サービス,営業中（推定）,,未収集,収集元推奨: JNA（日本ネイリスト協会）会員 / ホットペッパービューティー
9517,,ネイルサロン,,島根県,,,,,,,ネイルサロン関連サービス,営業中（推定）,,未収集,収集元推奨: JNA（日本ネイリスト協会）会員 / ホットペッパービューティー
9518,,ネイルサロン,,島根県,,,,,,,ネイルサロン関連サービス,営業中（推定）,,未収集,収集元推奨: JNA（日本ネイリスト協会）会員 / ホットペッパービューティー
9519,,美容整体・小顔矯正,,島根県,,,,,,,美容整体 小顔矯正関連サービス,営業中（推定）,,未収集,収集元推奨: エキテン・ホットペッパービューティー / iタウンページ「整体」
9520,,美容整体・小顔矯正,,島根県,,,,,,,美容整体 小顔矯正関連サービス,営業中（推定）,,未収集,収集元推奨: エキテン・ホットペッパービューティー / iタウンページ「整体」
9521,,美容整体・小顔矯正,,島根県,,,,,,,美容整体 小顔矯正関連サービス,営業中（推定）,,未収集,収集元推奨: エキテン・ホットペッパービューティー / iタウンページ「整体」
9522,,美容整体・小顔矯正,,島根県,,,,,,,美容整体 小顔矯正関連サービス,営業中（推定）,,未収集,収集元推奨: エキテン・ホットペッパービューティー / iタウンページ「整体」
9523,,美容整体・小顔矯正,,島根県,,,,,,,美容整体 小顔矯正関連サービス,営業中（推定）,,未収集,収集元推奨: エキテン・ホットペッパービューティー / iタウンページ「整体」
9524,,美容鍼灸院,,島根県,,,,,,,美容鍼灸院関連サービス,営業中（推定）,,未収集,収集元推奨: 日本鍼灸師会地方師会会員名簿 / 鍼灸ポータルサイト
9525,,美容鍼灸院,,島根県,,,,,,,美容鍼灸院関連サービス,営業中（推定）,,未収集,収集元推奨: 日本鍼灸師会地方師会会員名簿 / 鍼灸ポータルサイト
9526,,美容鍼灸院,,島根県,,,,,,,美容鍼灸院関連サービス,営業中（推定）,,未収集,収集元推奨: 日本鍼灸師会地方師会会員名簿 / 鍼灸ポータルサイト
9527,,美容鍼灸院,,島根県,,,,,,,美容鍼灸院関連サービス,営業中（推定）,,未収集,収集元推奨: 日本鍼灸師会地方師会会員名簿 / 鍼灸ポータルサイト
9528,,アロマ・リラクゼーション,,島根県,,,,,,,アロマ リラクゼーション関連サービス,営業中（推定）,,未収集,収集元推奨: AEAJ認定サロン一覧 / ホットペッパービューティー
9529,,アロマ・リラクゼーション,,島根県,,,,,,,アロマ リラクゼーション関連サービス,営業中（推定）,,未収集,収集元推奨: AEAJ認定サロン一覧 / ホットペッパービューティー
9530,,アロマ・リラクゼーション,,島根県,,,,,,,アロマ リラクゼーション関連サービス,営業中（推定）,,未収集,収集元推奨: AEAJ認定サロン一覧 / ホットペッパービューティー
9531,,アロマ・リラクゼーション,,島根県,,,,,,,アロマ リラクゼーション関連サービス,営業中（推定）,,未収集,収集元推奨: AEAJ認定サロン一覧 / ホットペッパービューティー
9532,,美容クリニック,,島根県,,,,,,,美容クリニック関連サービス,営業中（推定）,,未収集,収集元推奨: 日本美容外科学会(JSAS)会員 / 各クリニック公式サイト
9533,,美容クリニック,,島根県,,,,,,,美容クリニック関連サービス,営業中（推定）,,未収集,収集元推奨: 日本美容外科学会(JSAS)会員 / 各クリニック公式サイト
9534,,美容クリニック,,島根県,,,,,,,美容クリニック関連サービス,営業中（推定）,,未収集,収集元推奨: 日本美容外科学会(JSAS)会員 / 各クリニック公式サイト
9535,,美容クリニック,,島根県,,,,,,,美容クリニック関連サービス,営業中（推定）,,未収集,収集元推奨: 日本美容外科学会(JSAS)会員 / 各クリニック公式サイト
9536,,美容機器メーカー・ディーラー,,島根県,,,,,,,美容機器メーカー ディーラー関連サービス,営業中（推定）,,未収集,収集元推奨: BeautyWorld Japan展示会出展者一覧 / 国税庁法人番号DB
9537,,美容機器メーカー・ディーラー,,島根県,,,,,,,美容機器メーカー ディーラー関連サービス,営業中（推定）,,未収集,収集元推奨: BeautyWorld Japan展示会出展者一覧 / 国税庁法人番号DB
9538,,美容機器メーカー・ディーラー,,島根県,,,,,,,美容機器メーカー ディーラー関連サービス,営業中（推定）,,未収集,収集元推奨: BeautyWorld Japan展示会出展者一覧 / 国税庁法人番号DB
9539,,化粧品メーカー,,島根県,,,,,,,化粧品メーカー関連サービス,営業中（推定）,,未収集,収集元推奨: 日本化粧品工業会(JCIA)会員 / 国税庁法人番号DB
9540,,化粧品メーカー,,島根県,,,,,,,化粧品メーカー関連サービス,営業中（推定）,,未収集,収集元推奨: 日本化粧品工業会(JCIA)会員 / 国税庁法人番号DB
9541,,化粧品メーカー,,島根県,,,,,,,化粧品メーカー関連サービス,営業中（推定）,,未収集,収集元推奨: 日本化粧品工業会(JCIA)会員 / 国税庁法人番号DB
9542,,化粧品メーカー,,島根県,,,,,,,化粧品メーカー関連サービス,営業中（推定）,,未収集,収集元推奨: 日本化粧品工業会(JCIA)会員 / 国税庁法人番号DB
9543,,ヘアサロン・サロンオーナー,,島根県,,,,,,,ヘアサロン サロンオーナー関連サービス,営業中（推定）,,未収集,収集元推奨: ホットペッパービューティー / 美容師会 / iタウンページ
9544,,ヘアサロン・サロンオーナー,,島根県,,,,,,,ヘアサロン サロンオーナー関連サービス,営業中（推定）,,未収集,収集元推奨: ホットペッパービューティー / 美容師会 / iタウンページ
9545,,ヘアサロン・サロンオーナー,,島根県,,,,,,,ヘアサロン サロンオーナー関連サービス,営業中（推定）,,未収集,収集元推奨: ホットペッパービューティー / 美容師会 / iタウンページ
9546,,ヘアサロン・サロンオーナー,,島根県,,,,,,,ヘアサロン サロンオーナー関連サービス,営業中（推定）,,未収集,収集元推奨: ホットペッパービューティー / 美容師会 / iタウンページ
9547,,IT・AI×美容,,島根県,,,,,,,IT AI×美容関連サービス,営業中（推定）,,未収集,収集元推奨: スタートアップDB / PRTIMES / 展示会(BeautyTech系)
9548,,IT・AI×美容,,島根県,,,,,,,IT AI×美容関連サービス,営業中（推定）,,未収集,収集元推奨: スタートアップDB / PRTIMES / 展示会(BeautyTech系)
9549,,IT・AI×美容,,島根県,,,,,,,IT AI×美容関連サービス,営業中（推定）,,未収集,収集元推奨: スタートアップDB / PRTIMES / 展示会(BeautyTech系)
9550,,IT・AI×美容,,島根県,,,,,,,IT AI×美容関連サービス,営業中（推定）,,未収集,収集元推奨: スタートアップDB / PRTIMES / 展示会(BeautyTech系)
9551,,エステサロン,,鳥取県,,,,,,,エステサロン関連サービス,営業中（推定）,,未収集,収集元推奨: ホットペッパービューティー掲載企業公式サイト / 日本エステティック協会会員
9552,,エステサロン,,鳥取県,,,,,,,エステサロン関連サービス,営業中（推定）,,未収集,収集元推奨: ホットペッパービューティー掲載企業公式サイト / 日本エステティック協会会員
9553,,エステサロン,,鳥取県,,,,,,,エステサロン関連サービス,営業中（推定）,,未収集,収集元推奨: ホットペッパービューティー掲載企業公式サイト / 日本エステティック協会会員
9554,,エステサロン,,鳥取県,,,,,,,エステサロン関連サービス,営業中（推定）,,未収集,収集元推奨: ホットペッパービューティー掲載企業公式サイト / 日本エステティック協会会員
9555,,エステサロン,,鳥取県,,,,,,,エステサロン関連サービス,営業中（推定）,,未収集,収集元推奨: ホットペッパービューティー掲載企業公式サイト / 日本エステティック協会会員
9556,,エステサロン,,鳥取県,,,,,,,エステサロン関連サービス,営業中（推定）,,未収集,収集元推奨: ホットペッパービューティー掲載企業公式サイト / 日本エステティック協会会員
9557,,エステサロン,,鳥取県,,,,,,,エステサロン関連サービス,営業中（推定）,,未収集,収集元推奨: ホットペッパービューティー掲載企業公式サイト / 日本エステティック協会会員
9558,,エステサロン,,鳥取県,,,,,,,エステサロン関連サービス,営業中（推定）,,未収集,収集元推奨: ホットペッパービューティー掲載企業公式サイト / 日本エステティック協会会員
9559,,エステサロン,,鳥取県,,,,,,,エステサロン関連サービス,営業中（推定）,,未収集,収集元推奨: ホットペッパービューティー掲載企業公式サイト / 日本エステティック協会会員
9560,,エステサロン,,鳥取県,,,,,,,エステサロン関連サービス,営業中（推定）,,未収集,収集元推奨: ホットペッパービューティー掲載企業公式サイト / 日本エステティック協会会員
9561,,ネイルサロン,,鳥取県,,,,,,,ネイルサロン関連サービス,営業中（推定）,,未収集,収集元推奨: JNA（日本ネイリスト協会）会員 / ホットペッパービューティー
9562,,ネイルサロン,,鳥取県,,,,,,,ネイルサロン関連サービス,営業中（推定）,,未収集,収集元推奨: JNA（日本ネイリスト協会）会員 / ホットペッパービューティー
9563,,ネイルサロン,,鳥取県,,,,,,,ネイルサロン関連サービス,営業中（推定）,,未収集,収集元推奨: JNA（日本ネイリスト協会）会員 / ホットペッパービューティー
9564,,ネイルサロン,,鳥取県,,,,,,,ネイルサロン関連サービス,営業中（推定）,,未収集,収集元推奨: JNA（日本ネイリスト協会）会員 / ホットペッパービューティー
9565,,ネイルサロン,,鳥取県,,,,,,,ネイルサロン関連サービス,営業中（推定）,,未収集,収集元推奨: JNA（日本ネイリスト協会）会員 / ホットペッパービューティー
9566,,ネイルサロン,,鳥取県,,,,,,,ネイルサロン関連サービス,営業中（推定）,,未収集,収集元推奨: JNA（日本ネイリスト協会）会員 / ホットペッパービューティー
9567,,ネイルサロン,,鳥取県,,,,,,,ネイルサロン関連サービス,営業中（推定）,,未収集,収集元推奨: JNA（日本ネイリスト協会）会員 / ホットペッパービューティー
9568,,ネイルサロン,,鳥取県,,,,,,,ネイルサロン関連サービス,営業中（推定）,,未収集,収集元推奨: JNA（日本ネイリスト協会）会員 / ホットペッパービューティー
9569,,美容整体・小顔矯正,,鳥取県,,,,,,,美容整体 小顔矯正関連サービス,営業中（推定）,,未収集,収集元推奨: エキテン・ホットペッパービューティー / iタウンページ「整体」
9570,,美容整体・小顔矯正,,鳥取県,,,,,,,美容整体 小顔矯正関連サービス,営業中（推定）,,未収集,収集元推奨: エキテン・ホットペッパービューティー / iタウンページ「整体」
9571,,美容整体・小顔矯正,,鳥取県,,,,,,,美容整体 小顔矯正関連サービス,営業中（推定）,,未収集,収集元推奨: エキテン・ホットペッパービューティー / iタウンページ「整体」
9572,,美容整体・小顔矯正,,鳥取県,,,,,,,美容整体 小顔矯正関連サービス,営業中（推定）,,未収集,収集元推奨: エキテン・ホットペッパービューティー / iタウンページ「整体」
9573,,美容整体・小顔矯正,,鳥取県,,,,,,,美容整体 小顔矯正関連サービス,営業中（推定）,,未収集,収集元推奨: エキテン・ホットペッパービューティー / iタウンページ「整体」
9574,,美容鍼灸院,,鳥取県,,,,,,,美容鍼灸院関連サービス,営業中（推定）,,未収集,収集元推奨: 日本鍼灸師会地方師会会員名簿 / 鍼灸ポータルサイト
9575,,美容鍼灸院,,鳥取県,,,,,,,美容鍼灸院関連サービス,営業中（推定）,,未収集,収集元推奨: 日本鍼灸師会地方師会会員名簿 / 鍼灸ポータルサイト
9576,,美容鍼灸院,,鳥取県,,,,,,,美容鍼灸院関連サービス,営業中（推定）,,未収集,収集元推奨: 日本鍼灸師会地方師会会員名簿 / 鍼灸ポータルサイト
9577,,美容鍼灸院,,鳥取県,,,,,,,美容鍼灸院関連サービス,営業中（推定）,,未収集,収集元推奨: 日本鍼灸師会地方師会会員名簿 / 鍼灸ポータルサイト
9578,,アロマ・リラクゼーション,,鳥取県,,,,,,,アロマ リラクゼーション関連サービス,営業中（推定）,,未収集,収集元推奨: AEAJ認定サロン一覧 / ホットペッパービューティー
9579,,アロマ・リラクゼーション,,鳥取県,,,,,,,アロマ リラクゼーション関連サービス,営業中（推定）,,未収集,収集元推奨: AEAJ認定サロン一覧 / ホットペッパービューティー
9580,,アロマ・リラクゼーション,,鳥取県,,,,,,,アロマ リラクゼーション関連サービス,営業中（推定）,,未収集,収集元推奨: AEAJ認定サロン一覧 / ホットペッパービューティー
9581,,アロマ・リラクゼーション,,鳥取県,,,,,,,アロマ リラクゼーション関連サービス,営業中（推定）,,未収集,収集元推奨: AEAJ認定サロン一覧 / ホットペッパービューティー
9582,,美容クリニック,,鳥取県,,,,,,,美容クリニック関連サービス,営業中（推定）,,未収集,収集元推奨: 日本美容外科学会(JSAS)会員 / 各クリニック公式サイト
9583,,美容クリニック,,鳥取県,,,,,,,美容クリニック関連サービス,営業中（推定）,,未収集,収集元推奨: 日本美容外科学会(JSAS)会員 / 各クリニック公式サイト
9584,,美容クリニック,,鳥取県,,,,,,,美容クリニック関連サービス,営業中（推定）,,未収集,収集元推奨: 日本美容外科学会(JSAS)会員 / 各クリニック公式サイト
9585,,美容クリニック,,鳥取県,,,,,,,美容クリニック関連サービス,営業中（推定）,,未収集,収集元推奨: 日本美容外科学会(JSAS)会員 / 各クリニック公式サイト
9586,,美容機器メーカー・ディーラー,,鳥取県,,,,,,,美容機器メーカー ディーラー関連サービス,営業中（推定）,,未収集,収集元推奨: BeautyWorld Japan展示会出展者一覧 / 国税庁法人番号DB
9587,,美容機器メーカー・ディーラー,,鳥取県,,,,,,,美容機器メーカー ディーラー関連サービス,営業中（推定）,,未収集,収集元推奨: BeautyWorld Japan展示会出展者一覧 / 国税庁法人番号DB
9588,,美容機器メーカー・ディーラー,,鳥取県,,,,,,,美容機器メーカー ディーラー関連サービス,営業中（推定）,,未収集,収集元推奨: BeautyWorld Japan展示会出展者一覧 / 国税庁法人番号DB
9589,,化粧品メーカー,,鳥取県,,,,,,,化粧品メーカー関連サービス,営業中（推定）,,未収集,収集元推奨: 日本化粧品工業会(JCIA)会員 / 国税庁法人番号DB
9590,,化粧品メーカー,,鳥取県,,,,,,,化粧品メーカー関連サービス,営業中（推定）,,未収集,収集元推奨: 日本化粧品工業会(JCIA)会員 / 国税庁法人番号DB
9591,,化粧品メーカー,,鳥取県,,,,,,,化粧品メーカー関連サービス,営業中（推定）,,未収集,収集元推奨: 日本化粧品工業会(JCIA)会員 / 国税庁法人番号DB
9592,,化粧品メーカー,,鳥取県,,,,,,,化粧品メーカー関連サービス,営業中（推定）,,未収集,収集元推奨: 日本化粧品工業会(JCIA)会員 / 国税庁法人番号DB
9593,,ヘアサロン・サロンオーナー,,鳥取県,,,,,,,ヘアサロン サロンオーナー関連サービス,営業中（推定）,,未収集,収集元推奨: ホットペッパービューティー / 美容師会 / iタウンページ
9594,,ヘアサロン・サロンオーナー,,鳥取県,,,,,,,ヘアサロン サロンオーナー関連サービス,営業中（推定）,,未収集,収集元推奨: ホットペッパービューティー / 美容師会 / iタウンページ
9595,,ヘアサロン・サロンオーナー,,鳥取県,,,,,,,ヘアサロン サロンオーナー関連サービス,営業中（推定）,,未収集,収集元推奨: ホットペッパービューティー / 美容師会 / iタウンページ
9596,,ヘアサロン・サロンオーナー,,鳥取県,,,,,,,ヘアサロン サロンオーナー関連サービス,営業中（推定）,,未収集,収集元推奨: ホットペッパービューティー / 美容師会 / iタウンページ
9597,,IT・AI×美容,,鳥取県,,,,,,,IT AI×美容関連サービス,営業中（推定）,,未収集,収集元推奨: スタートアップDB / PRTIMES / 展示会(BeautyTech系)
9598,,IT・AI×美容,,鳥取県,,,,,,,IT AI×美容関連サービス,営業中（推定）,,未収集,収集元推奨: スタートアップDB / PRTIMES / 展示会(BeautyTech系)
9599,,IT・AI×美容,,鳥取県,,,,,,,IT AI×美容関連サービス,営業中（推定）,,未収集,収集元推奨: スタートアップDB / PRTIMES / 展示会(BeautyTech系)
9600,,IT・AI×美容,,鳥取県,,,,,,,IT AI×美容関連サービス,営業中（推定）,,未収集,収集元推奨: スタートアップDB / PRTIMES / 展示会(BeautyTech系)
9601,,エステサロン,,佐賀県,,,,,,,エステサロン関連サービス,営業中（推定）,,未収集,収集元推奨: ホットペッパービューティー掲載企業公式サイト / 日本エステティック協会会員
9602,,エステサロン,,佐賀県,,,,,,,エステサロン関連サービス,営業中（推定）,,未収集,収集元推奨: ホットペッパービューティー掲載企業公式サイト / 日本エステティック協会会員
9603,,エステサロン,,佐賀県,,,,,,,エステサロン関連サービス,営業中（推定）,,未収集,収集元推奨: ホットペッパービューティー掲載企業公式サイト / 日本エステティック協会会員
9604,,エステサロン,,佐賀県,,,,,,,エステサロン関連サービス,営業中（推定）,,未収集,収集元推奨: ホットペッパービューティー掲載企業公式サイト / 日本エステティック協会会員
9605,,エステサロン,,佐賀県,,,,,,,エステサロン関連サービス,営業中（推定）,,未収集,収集元推奨: ホットペッパービューティー掲載企業公式サイト / 日本エステティック協会会員
9606,,エステサロン,,佐賀県,,,,,,,エステサロン関連サービス,営業中（推定）,,未収集,収集元推奨: ホットペッパービューティー掲載企業公式サイト / 日本エステティック協会会員
9607,,エステサロン,,佐賀県,,,,,,,エステサロン関連サービス,営業中（推定）,,未収集,収集元推奨: ホットペッパービューティー掲載企業公式サイト / 日本エステティック協会会員
9608,,エステサロン,,佐賀県,,,,,,,エステサロン関連サービス,営業中（推定）,,未収集,収集元推奨: ホットペッパービューティー掲載企業公式サイト / 日本エステティック協会会員
9609,,エステサロン,,佐賀県,,,,,,,エステサロン関連サービス,営業中（推定）,,未収集,収集元推奨: ホットペッパービューティー掲載企業公式サイト / 日本エステティック協会会員
9610,,エステサロン,,佐賀県,,,,,,,エステサロン関連サービス,営業中（推定）,,未収集,収集元推奨: ホットペッパービューティー掲載企業公式サイト / 日本エステティック協会会員
9611,,ネイルサロン,,佐賀県,,,,,,,ネイルサロン関連サービス,営業中（推定）,,未収集,収集元推奨: JNA（日本ネイリスト協会）会員 / ホットペッパービューティー
9612,,ネイルサロン,,佐賀県,,,,,,,ネイルサロン関連サービス,営業中（推定）,,未収集,収集元推奨: JNA（日本ネイリスト協会）会員 / ホットペッパービューティー
9613,,ネイルサロン,,佐賀県,,,,,,,ネイルサロン関連サービス,営業中（推定）,,未収集,収集元推奨: JNA（日本ネイリスト協会）会員 / ホットペッパービューティー
9614,,ネイルサロン,,佐賀県,,,,,,,ネイルサロン関連サービス,営業中（推定）,,未収集,収集元推奨: JNA（日本ネイリスト協会）会員 / ホットペッパービューティー
9615,,ネイルサロン,,佐賀県,,,,,,,ネイルサロン関連サービス,営業中（推定）,,未収集,収集元推奨: JNA（日本ネイリスト協会）会員 / ホットペッパービューティー
9616,,ネイルサロン,,佐賀県,,,,,,,ネイルサロン関連サービス,営業中（推定）,,未収集,収集元推奨: JNA（日本ネイリスト協会）会員 / ホットペッパービューティー
9617,,ネイルサロン,,佐賀県,,,,,,,ネイルサロン関連サービス,営業中（推定）,,未収集,収集元推奨: JNA（日本ネイリスト協会）会員 / ホットペッパービューティー
9618,,ネイルサロン,,佐賀県,,,,,,,ネイルサロン関連サービス,営業中（推定）,,未収集,収集元推奨: JNA（日本ネイリスト協会）会員 / ホットペッパービューティー
9619,,美容整体・小顔矯正,,佐賀県,,,,,,,美容整体 小顔矯正関連サービス,営業中（推定）,,未収集,収集元推奨: エキテン・ホットペッパービューティー / iタウンページ「整体」
9620,,美容整体・小顔矯正,,佐賀県,,,,,,,美容整体 小顔矯正関連サービス,営業中（推定）,,未収集,収集元推奨: エキテン・ホットペッパービューティー / iタウンページ「整体」
9621,,美容整体・小顔矯正,,佐賀県,,,,,,,美容整体 小顔矯正関連サービス,営業中（推定）,,未収集,収集元推奨: エキテン・ホットペッパービューティー / iタウンページ「整体」
9622,,美容整体・小顔矯正,,佐賀県,,,,,,,美容整体 小顔矯正関連サービス,営業中（推定）,,未収集,収集元推奨: エキテン・ホットペッパービューティー / iタウンページ「整体」
9623,,美容整体・小顔矯正,,佐賀県,,,,,,,美容整体 小顔矯正関連サービス,営業中（推定）,,未収集,収集元推奨: エキテン・ホットペッパービューティー / iタウンページ「整体」
9624,,美容鍼灸院,,佐賀県,,,,,,,美容鍼灸院関連サービス,営業中（推定）,,未収集,収集元推奨: 日本鍼灸師会地方師会会員名簿 / 鍼灸ポータルサイト
9625,,美容鍼灸院,,佐賀県,,,,,,,美容鍼灸院関連サービス,営業中（推定）,,未収集,収集元推奨: 日本鍼灸師会地方師会会員名簿 / 鍼灸ポータルサイト
9626,,美容鍼灸院,,佐賀県,,,,,,,美容鍼灸院関連サービス,営業中（推定）,,未収集,収集元推奨: 日本鍼灸師会地方師会会員名簿 / 鍼灸ポータルサイト
9627,,美容鍼灸院,,佐賀県,,,,,,,美容鍼灸院関連サービス,営業中（推定）,,未収集,収集元推奨: 日本鍼灸師会地方師会会員名簿 / 鍼灸ポータルサイト
9628,,アロマ・リラクゼーション,,佐賀県,,,,,,,アロマ リラクゼーション関連サービス,営業中（推定）,,未収集,収集元推奨: AEAJ認定サロン一覧 / ホットペッパービューティー
9629,,アロマ・リラクゼーション,,佐賀県,,,,,,,アロマ リラクゼーション関連サービス,営業中（推定）,,未収集,収集元推奨: AEAJ認定サロン一覧 / ホットペッパービューティー
9630,,アロマ・リラクゼーション,,佐賀県,,,,,,,アロマ リラクゼーション関連サービス,営業中（推定）,,未収集,収集元推奨: AEAJ認定サロン一覧 / ホットペッパービューティー
9631,,アロマ・リラクゼーション,,佐賀県,,,,,,,アロマ リラクゼーション関連サービス,営業中（推定）,,未収集,収集元推奨: AEAJ認定サロン一覧 / ホットペッパービューティー
9632,,美容クリニック,,佐賀県,,,,,,,美容クリニック関連サービス,営業中（推定）,,未収集,収集元推奨: 日本美容外科学会(JSAS)会員 / 各クリニック公式サイト
9633,,美容クリニック,,佐賀県,,,,,,,美容クリニック関連サービス,営業中（推定）,,未収集,収集元推奨: 日本美容外科学会(JSAS)会員 / 各クリニック公式サイト
9634,,美容クリニック,,佐賀県,,,,,,,美容クリニック関連サービス,営業中（推定）,,未収集,収集元推奨: 日本美容外科学会(JSAS)会員 / 各クリニック公式サイト
9635,,美容クリニック,,佐賀県,,,,,,,美容クリニック関連サービス,営業中（推定）,,未収集,収集元推奨: 日本美容外科学会(JSAS)会員 / 各クリニック公式サイト
9636,,美容機器メーカー・ディーラー,,佐賀県,,,,,,,美容機器メーカー ディーラー関連サービス,営業中（推定）,,未収集,収集元推奨: BeautyWorld Japan展示会出展者一覧 / 国税庁法人番号DB
9637,,美容機器メーカー・ディーラー,,佐賀県,,,,,,,美容機器メーカー ディーラー関連サービス,営業中（推定）,,未収集,収集元推奨: BeautyWorld Japan展示会出展者一覧 / 国税庁法人番号DB
9638,,美容機器メーカー・ディーラー,,佐賀県,,,,,,,美容機器メーカー ディーラー関連サービス,営業中（推定）,,未収集,収集元推奨: BeautyWorld Japan展示会出展者一覧 / 国税庁法人番号DB
9639,,化粧品メーカー,,佐賀県,,,,,,,化粧品メーカー関連サービス,営業中（推定）,,未収集,収集元推奨: 日本化粧品工業会(JCIA)会員 / 国税庁法人番号DB
9640,,化粧品メーカー,,佐賀県,,,,,,,化粧品メーカー関連サービス,営業中（推定）,,未収集,収集元推奨: 日本化粧品工業会(JCIA)会員 / 国税庁法人番号DB
9641,,化粧品メーカー,,佐賀県,,,,,,,化粧品メーカー関連サービス,営業中（推定）,,未収集,収集元推奨: 日本化粧品工業会(JCIA)会員 / 国税庁法人番号DB
9642,,化粧品メーカー,,佐賀県,,,,,,,化粧品メーカー関連サービス,営業中（推定）,,未収集,収集元推奨: 日本化粧品工業会(JCIA)会員 / 国税庁法人番号DB
9643,,ヘアサロン・サロンオーナー,,佐賀県,,,,,,,ヘアサロン サロンオーナー関連サービス,営業中（推定）,,未収集,収集元推奨: ホットペッパービューティー / 美容師会 / iタウンページ
9644,,ヘアサロン・サロンオーナー,,佐賀県,,,,,,,ヘアサロン サロンオーナー関連サービス,営業中（推定）,,未収集,収集元推奨: ホットペッパービューティー / 美容師会 / iタウンページ
9645,,ヘアサロン・サロンオーナー,,佐賀県,,,,,,,ヘアサロン サロンオーナー関連サービス,営業中（推定）,,未収集,収集元推奨: ホットペッパービューティー / 美容師会 / iタウンページ
9646,,ヘアサロン・サロンオーナー,,佐賀県,,,,,,,ヘアサロン サロンオーナー関連サービス,営業中（推定）,,未収集,収集元推奨: ホットペッパービューティー / 美容師会 / iタウンページ
9647,,IT・AI×美容,,佐賀県,,,,,,,IT AI×美容関連サービス,営業中（推定）,,未収集,収集元推奨: スタートアップDB / PRTIMES / 展示会(BeautyTech系)
9648,,IT・AI×美容,,佐賀県,,,,,,,IT AI×美容関連サービス,営業中（推定）,,未収集,収集元推奨: スタートアップDB / PRTIMES / 展示会(BeautyTech系)
9649,,IT・AI×美容,,佐賀県,,,,,,,IT AI×美容関連サービス,営業中（推定）,,未収集,収集元推奨: スタートアップDB / PRTIMES / 展示会(BeautyTech系)
9650,,IT・AI×美容,,佐賀県,,,,,,,IT AI×美容関連サービス,営業中（推定）,,未収集,収集元推奨: スタートアップDB / PRTIMES / 展示会(BeautyTech系)
9651,,エステサロン,,秋田県,,,,,,,エステサロン関連サービス,営業中（推定）,,未収集,収集元推奨: ホットペッパービューティー掲載企業公式サイト / 日本エステティック協会会員
9652,,エステサロン,,秋田県,,,,,,,エステサロン関連サービス,営業中（推定）,,未収集,収集元推奨: ホットペッパービューティー掲載企業公式サイト / 日本エステティック協会会員
9653,,エステサロン,,秋田県,,,,,,,エステサロン関連サービス,営業中（推定）,,未収集,収集元推奨: ホットペッパービューティー掲載企業公式サイト / 日本エステティック協会会員
9654,,エステサロン,,秋田県,,,,,,,エステサロン関連サービス,営業中（推定）,,未収集,収集元推奨: ホットペッパービューティー掲載企業公式サイト / 日本エステティック協会会員
9655,,エステサロン,,秋田県,,,,,,,エステサロン関連サービス,営業中（推定）,,未収集,収集元推奨: ホットペッパービューティー掲載企業公式サイト / 日本エステティック協会会員
9656,,エステサロン,,秋田県,,,,,,,エステサロン関連サービス,営業中（推定）,,未収集,収集元推奨: ホットペッパービューティー掲載企業公式サイト / 日本エステティック協会会員
9657,,エステサロン,,秋田県,,,,,,,エステサロン関連サービス,営業中（推定）,,未収集,収集元推奨: ホットペッパービューティー掲載企業公式サイト / 日本エステティック協会会員
9658,,エステサロン,,秋田県,,,,,,,エステサロン関連サービス,営業中（推定）,,未収集,収集元推奨: ホットペッパービューティー掲載企業公式サイト / 日本エステティック協会会員
9659,,エステサロン,,秋田県,,,,,,,エステサロン関連サービス,営業中（推定）,,未収集,収集元推奨: ホットペッパービューティー掲載企業公式サイト / 日本エステティック協会会員
9660,,エステサロン,,秋田県,,,,,,,エステサロン関連サービス,営業中（推定）,,未収集,収集元推奨: ホットペッパービューティー掲載企業公式サイト / 日本エステティック協会会員
9661,,ネイルサロン,,秋田県,,,,,,,ネイルサロン関連サービス,営業中（推定）,,未収集,収集元推奨: JNA（日本ネイリスト協会）会員 / ホットペッパービューティー
9662,,ネイルサロン,,秋田県,,,,,,,ネイルサロン関連サービス,営業中（推定）,,未収集,収集元推奨: JNA（日本ネイリスト協会）会員 / ホットペッパービューティー
9663,,ネイルサロン,,秋田県,,,,,,,ネイルサロン関連サービス,営業中（推定）,,未収集,収集元推奨: JNA（日本ネイリスト協会）会員 / ホットペッパービューティー
9664,,ネイルサロン,,秋田県,,,,,,,ネイルサロン関連サービス,営業中（推定）,,未収集,収集元推奨: JNA（日本ネイリスト協会）会員 / ホットペッパービューティー
9665,,ネイルサロン,,秋田県,,,,,,,ネイルサロン関連サービス,営業中（推定）,,未収集,収集元推奨: JNA（日本ネイリスト協会）会員 / ホットペッパービューティー
9666,,ネイルサロン,,秋田県,,,,,,,ネイルサロン関連サービス,営業中（推定）,,未収集,収集元推奨: JNA（日本ネイリスト協会）会員 / ホットペッパービューティー
9667,,ネイルサロン,,秋田県,,,,,,,ネイルサロン関連サービス,営業中（推定）,,未収集,収集元推奨: JNA（日本ネイリスト協会）会員 / ホットペッパービューティー
9668,,ネイルサロン,,秋田県,,,,,,,ネイルサロン関連サービス,営業中（推定）,,未収集,収集元推奨: JNA（日本ネイリスト協会）会員 / ホットペッパービューティー
9669,,美容整体・小顔矯正,,秋田県,,,,,,,美容整体 小顔矯正関連サービス,営業中（推定）,,未収集,収集元推奨: エキテン・ホットペッパービューティー / iタウンページ「整体」
9670,,美容整体・小顔矯正,,秋田県,,,,,,,美容整体 小顔矯正関連サービス,営業中（推定）,,未収集,収集元推奨: エキテン・ホットペッパービューティー / iタウンページ「整体」
9671,,美容整体・小顔矯正,,秋田県,,,,,,,美容整体 小顔矯正関連サービス,営業中（推定）,,未収集,収集元推奨: エキテン・ホットペッパービューティー / iタウンページ「整体」
9672,,美容整体・小顔矯正,,秋田県,,,,,,,美容整体 小顔矯正関連サービス,営業中（推定）,,未収集,収集元推奨: エキテン・ホットペッパービューティー / iタウンページ「整体」
9673,,美容整体・小顔矯正,,秋田県,,,,,,,美容整体 小顔矯正関連サービス,営業中（推定）,,未収集,収集元推奨: エキテン・ホットペッパービューティー / iタウンページ「整体」
9674,,美容鍼灸院,,秋田県,,,,,,,美容鍼灸院関連サービス,営業中（推定）,,未収集,収集元推奨: 日本鍼灸師会地方師会会員名簿 / 鍼灸ポータルサイト
9675,,美容鍼灸院,,秋田県,,,,,,,美容鍼灸院関連サービス,営業中（推定）,,未収集,収集元推奨: 日本鍼灸師会地方師会会員名簿 / 鍼灸ポータルサイト
9676,,美容鍼灸院,,秋田県,,,,,,,美容鍼灸院関連サービス,営業中（推定）,,未収集,収集元推奨: 日本鍼灸師会地方師会会員名簿 / 鍼灸ポータルサイト
9677,,美容鍼灸院,,秋田県,,,,,,,美容鍼灸院関連サービス,営業中（推定）,,未収集,収集元推奨: 日本鍼灸師会地方師会会員名簿 / 鍼灸ポータルサイト
9678,,アロマ・リラクゼーション,,秋田県,,,,,,,アロマ リラクゼーション関連サービス,営業中（推定）,,未収集,収集元推奨: AEAJ認定サロン一覧 / ホットペッパービューティー
9679,,アロマ・リラクゼーション,,秋田県,,,,,,,アロマ リラクゼーション関連サービス,営業中（推定）,,未収集,収集元推奨: AEAJ認定サロン一覧 / ホットペッパービューティー
9680,,アロマ・リラクゼーション,,秋田県,,,,,,,アロマ リラクゼーション関連サービス,営業中（推定）,,未収集,収集元推奨: AEAJ認定サロン一覧 / ホットペッパービューティー
9681,,アロマ・リラクゼーション,,秋田県,,,,,,,アロマ リラクゼーション関連サービス,営業中（推定）,,未収集,収集元推奨: AEAJ認定サロン一覧 / ホットペッパービューティー
9682,,美容クリニック,,秋田県,,,,,,,美容クリニック関連サービス,営業中（推定）,,未収集,収集元推奨: 日本美容外科学会(JSAS)会員 / 各クリニック公式サイト
9683,,美容クリニック,,秋田県,,,,,,,美容クリニック関連サービス,営業中（推定）,,未収集,収集元推奨: 日本美容外科学会(JSAS)会員 / 各クリニック公式サイト
9684,,美容クリニック,,秋田県,,,,,,,美容クリニック関連サービス,営業中（推定）,,未収集,収集元推奨: 日本美容外科学会(JSAS)会員 / 各クリニック公式サイト
9685,,美容クリニック,,秋田県,,,,,,,美容クリニック関連サービス,営業中（推定）,,未収集,収集元推奨: 日本美容外科学会(JSAS)会員 / 各クリニック公式サイト
9686,,美容機器メーカー・ディーラー,,秋田県,,,,,,,美容機器メーカー ディーラー関連サービス,営業中（推定）,,未収集,収集元推奨: BeautyWorld Japan展示会出展者一覧 / 国税庁法人番号DB
9687,,美容機器メーカー・ディーラー,,秋田県,,,,,,,美容機器メーカー ディーラー関連サービス,営業中（推定）,,未収集,収集元推奨: BeautyWorld Japan展示会出展者一覧 / 国税庁法人番号DB
9688,,美容機器メーカー・ディーラー,,秋田県,,,,,,,美容機器メーカー ディーラー関連サービス,営業中（推定）,,未収集,収集元推奨: BeautyWorld Japan展示会出展者一覧 / 国税庁法人番号DB
9689,,化粧品メーカー,,秋田県,,,,,,,化粧品メーカー関連サービス,営業中（推定）,,未収集,収集元推奨: 日本化粧品工業会(JCIA)会員 / 国税庁法人番号DB
9690,,化粧品メーカー,,秋田県,,,,,,,化粧品メーカー関連サービス,営業中（推定）,,未収集,収集元推奨: 日本化粧品工業会(JCIA)会員 / 国税庁法人番号DB
9691,,化粧品メーカー,,秋田県,,,,,,,化粧品メーカー関連サービス,営業中（推定）,,未収集,収集元推奨: 日本化粧品工業会(JCIA)会員 / 国税庁法人番号DB
9692,,化粧品メーカー,,秋田県,,,,,,,化粧品メーカー関連サービス,営業中（推定）,,未収集,収集元推奨: 日本化粧品工業会(JCIA)会員 / 国税庁法人番号DB
9693,,ヘアサロン・サロンオーナー,,秋田県,,,,,,,ヘアサロン サロンオーナー関連サービス,営業中（推定）,,未収集,収集元推奨: ホットペッパービューティー / 美容師会 / iタウンページ
9694,,ヘアサロン・サロンオーナー,,秋田県,,,,,,,ヘアサロン サロンオーナー関連サービス,営業中（推定）,,未収集,収集元推奨: ホットペッパービューティー / 美容師会 / iタウンページ
9695,,ヘアサロン・サロンオーナー,,秋田県,,,,,,,ヘアサロン サロンオーナー関連サービス,営業中（推定）,,未収集,収集元推奨: ホットペッパービューティー / 美容師会 / iタウンページ
9696,,ヘアサロン・サロンオーナー,,秋田県,,,,,,,ヘアサロン サロンオーナー関連サービス,営業中（推定）,,未収集,収集元推奨: ホットペッパービューティー / 美容師会 / iタウンページ
9697,,IT・AI×美容,,秋田県,,,,,,,IT AI×美容関連サービス,営業中（推定）,,未収集,収集元推奨: スタートアップDB / PRTIMES / 展示会(BeautyTech系)
9698,,IT・AI×美容,,秋田県,,,,,,,IT AI×美容関連サービス,営業中（推定）,,未収集,収集元推奨: スタートアップDB / PRTIMES / 展示会(BeautyTech系)
9699,,IT・AI×美容,,秋田県,,,,,,,IT AI×美容関連サービス,営業中（推定）,,未収集,収集元推奨: スタートアップDB / PRTIMES / 展示会(BeautyTech系)
9700,,IT・AI×美容,,秋田県,,,,,,,IT AI×美容関連サービス,営業中（推定）,,未収集,収集元推奨: スタートアップDB / PRTIMES / 展示会(BeautyTech系)
9701,,エステサロン,,山形県,,,,,,,エステサロン関連サービス,営業中（推定）,,未収集,収集元推奨: ホットペッパービューティー掲載企業公式サイト / 日本エステティック協会会員
9702,,エステサロン,,山形県,,,,,,,エステサロン関連サービス,営業中（推定）,,未収集,収集元推奨: ホットペッパービューティー掲載企業公式サイト / 日本エステティック協会会員
9703,,エステサロン,,山形県,,,,,,,エステサロン関連サービス,営業中（推定）,,未収集,収集元推奨: ホットペッパービューティー掲載企業公式サイト / 日本エステティック協会会員
9704,,エステサロン,,山形県,,,,,,,エステサロン関連サービス,営業中（推定）,,未収集,収集元推奨: ホットペッパービューティー掲載企業公式サイト / 日本エステティック協会会員
9705,,エステサロン,,山形県,,,,,,,エステサロン関連サービス,営業中（推定）,,未収集,収集元推奨: ホットペッパービューティー掲載企業公式サイト / 日本エステティック協会会員
9706,,エステサロン,,山形県,,,,,,,エステサロン関連サービス,営業中（推定）,,未収集,収集元推奨: ホットペッパービューティー掲載企業公式サイト / 日本エステティック協会会員
9707,,エステサロン,,山形県,,,,,,,エステサロン関連サービス,営業中（推定）,,未収集,収集元推奨: ホットペッパービューティー掲載企業公式サイト / 日本エステティック協会会員
9708,,エステサロン,,山形県,,,,,,,エステサロン関連サービス,営業中（推定）,,未収集,収集元推奨: ホットペッパービューティー掲載企業公式サイト / 日本エステティック協会会員
9709,,エステサロン,,山形県,,,,,,,エステサロン関連サービス,営業中（推定）,,未収集,収集元推奨: ホットペッパービューティー掲載企業公式サイト / 日本エステティック協会会員
9710,,エステサロン,,山形県,,,,,,,エステサロン関連サービス,営業中（推定）,,未収集,収集元推奨: ホットペッパービューティー掲載企業公式サイト / 日本エステティック協会会員
9711,,ネイルサロン,,山形県,,,,,,,ネイルサロン関連サービス,営業中（推定）,,未収集,収集元推奨: JNA（日本ネイリスト協会）会員 / ホットペッパービューティー
9712,,ネイルサロン,,山形県,,,,,,,ネイルサロン関連サービス,営業中（推定）,,未収集,収集元推奨: JNA（日本ネイリスト協会）会員 / ホットペッパービューティー
9713,,ネイルサロン,,山形県,,,,,,,ネイルサロン関連サービス,営業中（推定）,,未収集,収集元推奨: JNA（日本ネイリスト協会）会員 / ホットペッパービューティー
9714,,ネイルサロン,,山形県,,,,,,,ネイルサロン関連サービス,営業中（推定）,,未収集,収集元推奨: JNA（日本ネイリスト協会）会員 / ホットペッパービューティー
9715,,ネイルサロン,,山形県,,,,,,,ネイルサロン関連サービス,営業中（推定）,,未収集,収集元推奨: JNA（日本ネイリスト協会）会員 / ホットペッパービューティー
9716,,ネイルサロン,,山形県,,,,,,,ネイルサロン関連サービス,営業中（推定）,,未収集,収集元推奨: JNA（日本ネイリスト協会）会員 / ホットペッパービューティー
9717,,ネイルサロン,,山形県,,,,,,,ネイルサロン関連サービス,営業中（推定）,,未収集,収集元推奨: JNA（日本ネイリスト協会）会員 / ホットペッパービューティー
9718,,ネイルサロン,,山形県,,,,,,,ネイルサロン関連サービス,営業中（推定）,,未収集,収集元推奨: JNA（日本ネイリスト協会）会員 / ホットペッパービューティー
9719,,美容整体・小顔矯正,,山形県,,,,,,,美容整体 小顔矯正関連サービス,営業中（推定）,,未収集,収集元推奨: エキテン・ホットペッパービューティー / iタウンページ「整体」
9720,,美容整体・小顔矯正,,山形県,,,,,,,美容整体 小顔矯正関連サービス,営業中（推定）,,未収集,収集元推奨: エキテン・ホットペッパービューティー / iタウンページ「整体」
9721,,美容整体・小顔矯正,,山形県,,,,,,,美容整体 小顔矯正関連サービス,営業中（推定）,,未収集,収集元推奨: エキテン・ホットペッパービューティー / iタウンページ「整体」
9722,,美容整体・小顔矯正,,山形県,,,,,,,美容整体 小顔矯正関連サービス,営業中（推定）,,未収集,収集元推奨: エキテン・ホットペッパービューティー / iタウンページ「整体」
9723,,美容整体・小顔矯正,,山形県,,,,,,,美容整体 小顔矯正関連サービス,営業中（推定）,,未収集,収集元推奨: エキテン・ホットペッパービューティー / iタウンページ「整体」
9724,,美容鍼灸院,,山形県,,,,,,,美容鍼灸院関連サービス,営業中（推定）,,未収集,収集元推奨: 日本鍼灸師会地方師会会員名簿 / 鍼灸ポータルサイト
9725,,美容鍼灸院,,山形県,,,,,,,美容鍼灸院関連サービス,営業中（推定）,,未収集,収集元推奨: 日本鍼灸師会地方師会会員名簿 / 鍼灸ポータルサイト
9726,,美容鍼灸院,,山形県,,,,,,,美容鍼灸院関連サービス,営業中（推定）,,未収集,収集元推奨: 日本鍼灸師会地方師会会員名簿 / 鍼灸ポータルサイト
9727,,美容鍼灸院,,山形県,,,,,,,美容鍼灸院関連サービス,営業中（推定）,,未収集,収集元推奨: 日本鍼灸師会地方師会会員名簿 / 鍼灸ポータルサイト
9728,,アロマ・リラクゼーション,,山形県,,,,,,,アロマ リラクゼーション関連サービス,営業中（推定）,,未収集,収集元推奨: AEAJ認定サロン一覧 / ホットペッパービューティー
9729,,アロマ・リラクゼーション,,山形県,,,,,,,アロマ リラクゼーション関連サービス,営業中（推定）,,未収集,収集元推奨: AEAJ認定サロン一覧 / ホットペッパービューティー
9730,,アロマ・リラクゼーション,,山形県,,,,,,,アロマ リラクゼーション関連サービス,営業中（推定）,,未収集,収集元推奨: AEAJ認定サロン一覧 / ホットペッパービューティー
9731,,アロマ・リラクゼーション,,山形県,,,,,,,アロマ リラクゼーション関連サービス,営業中（推定）,,未収集,収集元推奨: AEAJ認定サロン一覧 / ホットペッパービューティー
9732,,美容クリニック,,山形県,,,,,,,美容クリニック関連サービス,営業中（推定）,,未収集,収集元推奨: 日本美容外科学会(JSAS)会員 / 各クリニック公式サイト
9733,,美容クリニック,,山形県,,,,,,,美容クリニック関連サービス,営業中（推定）,,未収集,収集元推奨: 日本美容外科学会(JSAS)会員 / 各クリニック公式サイト
9734,,美容クリニック,,山形県,,,,,,,美容クリニック関連サービス,営業中（推定）,,未収集,収集元推奨: 日本美容外科学会(JSAS)会員 / 各クリニック公式サイト
9735,,美容クリニック,,山形県,,,,,,,美容クリニック関連サービス,営業中（推定）,,未収集,収集元推奨: 日本美容外科学会(JSAS)会員 / 各クリニック公式サイト
9736,,美容機器メーカー・ディーラー,,山形県,,,,,,,美容機器メーカー ディーラー関連サービス,営業中（推定）,,未収集,収集元推奨: BeautyWorld Japan展示会出展者一覧 / 国税庁法人番号DB
9737,,美容機器メーカー・ディーラー,,山形県,,,,,,,美容機器メーカー ディーラー関連サービス,営業中（推定）,,未収集,収集元推奨: BeautyWorld Japan展示会出展者一覧 / 国税庁法人番号DB
9738,,美容機器メーカー・ディーラー,,山形県,,,,,,,美容機器メーカー ディーラー関連サービス,営業中（推定）,,未収集,収集元推奨: BeautyWorld Japan展示会出展者一覧 / 国税庁法人番号DB
9739,,化粧品メーカー,,山形県,,,,,,,化粧品メーカー関連サービス,営業中（推定）,,未収集,収集元推奨: 日本化粧品工業会(JCIA)会員 / 国税庁法人番号DB
9740,,化粧品メーカー,,山形県,,,,,,,化粧品メーカー関連サービス,営業中（推定）,,未収集,収集元推奨: 日本化粧品工業会(JCIA)会員 / 国税庁法人番号DB
9741,,化粧品メーカー,,山形県,,,,,,,化粧品メーカー関連サービス,営業中（推定）,,未収集,収集元推奨: 日本化粧品工業会(JCIA)会員 / 国税庁法人番号DB
9742,,化粧品メーカー,,山形県,,,,,,,化粧品メーカー関連サービス,営業中（推定）,,未収集,収集元推奨: 日本化粧品工業会(JCIA)会員 / 国税庁法人番号DB
9743,,ヘアサロン・サロンオーナー,,山形県,,,,,,,ヘアサロン サロンオーナー関連サービス,営業中（推定）,,未収集,収集元推奨: ホットペッパービューティー / 美容師会 / iタウンページ
9744,,ヘアサロン・サロンオーナー,,山形県,,,,,,,ヘアサロン サロンオーナー関連サービス,営業中（推定）,,未収集,収集元推奨: ホットペッパービューティー / 美容師会 / iタウンページ
9745,,ヘアサロン・サロンオーナー,,山形県,,,,,,,ヘアサロン サロンオーナー関連サービス,営業中（推定）,,未収集,収集元推奨: ホットペッパービューティー / 美容師会 / iタウンページ
9746,,ヘアサロン・サロンオーナー,,山形県,,,,,,,ヘアサロン サロンオーナー関連サービス,営業中（推定）,,未収集,収集元推奨: ホットペッパービューティー / 美容師会 / iタウンページ
9747,,IT・AI×美容,,山形県,,,,,,,IT AI×美容関連サービス,営業中（推定）,,未収集,収集元推奨: スタートアップDB / PRTIMES / 展示会(BeautyTech系)
9748,,IT・AI×美容,,山形県,,,,,,,IT AI×美容関連サービス,営業中（推定）,,未収集,収集元推奨: スタートアップDB / PRTIMES / 展示会(BeautyTech系)
9749,,IT・AI×美容,,山形県,,,,,,,IT AI×美容関連サービス,営業中（推定）,,未収集,収集元推奨: スタートアップDB / PRTIMES / 展示会(BeautyTech系)
9750,,IT・AI×美容,,山形県,,,,,,,IT AI×美容関連サービス,営業中（推定）,,未収集,収集元推奨: スタートアップDB / PRTIMES / 展示会(BeautyTech系)
9751,,エステサロン,,岩手県,,,,,,,エステサロン関連サービス,営業中（推定）,,未収集,収集元推奨: ホットペッパービューティー掲載企業公式サイト / 日本エステティック協会会員
9752,,エステサロン,,岩手県,,,,,,,エステサロン関連サービス,営業中（推定）,,未収集,収集元推奨: ホットペッパービューティー掲載企業公式サイト / 日本エステティック協会会員
9753,,エステサロン,,岩手県,,,,,,,エステサロン関連サービス,営業中（推定）,,未収集,収集元推奨: ホットペッパービューティー掲載企業公式サイト / 日本エステティック協会会員
9754,,エステサロン,,岩手県,,,,,,,エステサロン関連サービス,営業中（推定）,,未収集,収集元推奨: ホットペッパービューティー掲載企業公式サイト / 日本エステティック協会会員
9755,,エステサロン,,岩手県,,,,,,,エステサロン関連サービス,営業中（推定）,,未収集,収集元推奨: ホットペッパービューティー掲載企業公式サイト / 日本エステティック協会会員
9756,,エステサロン,,岩手県,,,,,,,エステサロン関連サービス,営業中（推定）,,未収集,収集元推奨: ホットペッパービューティー掲載企業公式サイト / 日本エステティック協会会員
9757,,エステサロン,,岩手県,,,,,,,エステサロン関連サービス,営業中（推定）,,未収集,収集元推奨: ホットペッパービューティー掲載企業公式サイト / 日本エステティック協会会員
9758,,エステサロン,,岩手県,,,,,,,エステサロン関連サービス,営業中（推定）,,未収集,収集元推奨: ホットペッパービューティー掲載企業公式サイト / 日本エステティック協会会員
9759,,エステサロン,,岩手県,,,,,,,エステサロン関連サービス,営業中（推定）,,未収集,収集元推奨: ホットペッパービューティー掲載企業公式サイト / 日本エステティック協会会員
9760,,エステサロン,,岩手県,,,,,,,エステサロン関連サービス,営業中（推定）,,未収集,収集元推奨: ホットペッパービューティー掲載企業公式サイト / 日本エステティック協会会員
9761,,ネイルサロン,,岩手県,,,,,,,ネイルサロン関連サービス,営業中（推定）,,未収集,収集元推奨: JNA（日本ネイリスト協会）会員 / ホットペッパービューティー
9762,,ネイルサロン,,岩手県,,,,,,,ネイルサロン関連サービス,営業中（推定）,,未収集,収集元推奨: JNA（日本ネイリスト協会）会員 / ホットペッパービューティー
9763,,ネイルサロン,,岩手県,,,,,,,ネイルサロン関連サービス,営業中（推定）,,未収集,収集元推奨: JNA（日本ネイリスト協会）会員 / ホットペッパービューティー
9764,,ネイルサロン,,岩手県,,,,,,,ネイルサロン関連サービス,営業中（推定）,,未収集,収集元推奨: JNA（日本ネイリスト協会）会員 / ホットペッパービューティー
9765,,ネイルサロン,,岩手県,,,,,,,ネイルサロン関連サービス,営業中（推定）,,未収集,収集元推奨: JNA（日本ネイリスト協会）会員 / ホットペッパービューティー
9766,,ネイルサロン,,岩手県,,,,,,,ネイルサロン関連サービス,営業中（推定）,,未収集,収集元推奨: JNA（日本ネイリスト協会）会員 / ホットペッパービューティー
9767,,ネイルサロン,,岩手県,,,,,,,ネイルサロン関連サービス,営業中（推定）,,未収集,収集元推奨: JNA（日本ネイリスト協会）会員 / ホットペッパービューティー
9768,,ネイルサロン,,岩手県,,,,,,,ネイルサロン関連サービス,営業中（推定）,,未収集,収集元推奨: JNA（日本ネイリスト協会）会員 / ホットペッパービューティー
9769,,美容整体・小顔矯正,,岩手県,,,,,,,美容整体 小顔矯正関連サービス,営業中（推定）,,未収集,収集元推奨: エキテン・ホットペッパービューティー / iタウンページ「整体」
9770,,美容整体・小顔矯正,,岩手県,,,,,,,美容整体 小顔矯正関連サービス,営業中（推定）,,未収集,収集元推奨: エキテン・ホットペッパービューティー / iタウンページ「整体」
9771,,美容整体・小顔矯正,,岩手県,,,,,,,美容整体 小顔矯正関連サービス,営業中（推定）,,未収集,収集元推奨: エキテン・ホットペッパービューティー / iタウンページ「整体」
9772,,美容整体・小顔矯正,,岩手県,,,,,,,美容整体 小顔矯正関連サービス,営業中（推定）,,未収集,収集元推奨: エキテン・ホットペッパービューティー / iタウンページ「整体」
9773,,美容整体・小顔矯正,,岩手県,,,,,,,美容整体 小顔矯正関連サービス,営業中（推定）,,未収集,収集元推奨: エキテン・ホットペッパービューティー / iタウンページ「整体」
9774,,美容鍼灸院,,岩手県,,,,,,,美容鍼灸院関連サービス,営業中（推定）,,未収集,収集元推奨: 日本鍼灸師会地方師会会員名簿 / 鍼灸ポータルサイト
9775,,美容鍼灸院,,岩手県,,,,,,,美容鍼灸院関連サービス,営業中（推定）,,未収集,収集元推奨: 日本鍼灸師会地方師会会員名簿 / 鍼灸ポータルサイト
9776,,美容鍼灸院,,岩手県,,,,,,,美容鍼灸院関連サービス,営業中（推定）,,未収集,収集元推奨: 日本鍼灸師会地方師会会員名簿 / 鍼灸ポータルサイト
9777,,美容鍼灸院,,岩手県,,,,,,,美容鍼灸院関連サービス,営業中（推定）,,未収集,収集元推奨: 日本鍼灸師会地方師会会員名簿 / 鍼灸ポータルサイト
9778,,アロマ・リラクゼーション,,岩手県,,,,,,,アロマ リラクゼーション関連サービス,営業中（推定）,,未収集,収集元推奨: AEAJ認定サロン一覧 / ホットペッパービューティー
9779,,アロマ・リラクゼーション,,岩手県,,,,,,,アロマ リラクゼーション関連サービス,営業中（推定）,,未収集,収集元推奨: AEAJ認定サロン一覧 / ホットペッパービューティー
9780,,アロマ・リラクゼーション,,岩手県,,,,,,,アロマ リラクゼーション関連サービス,営業中（推定）,,未収集,収集元推奨: AEAJ認定サロン一覧 / ホットペッパービューティー
9781,,アロマ・リラクゼーション,,岩手県,,,,,,,アロマ リラクゼーション関連サービス,営業中（推定）,,未収集,収集元推奨: AEAJ認定サロン一覧 / ホットペッパービューティー
9782,,美容クリニック,,岩手県,,,,,,,美容クリニック関連サービス,営業中（推定）,,未収集,収集元推奨: 日本美容外科学会(JSAS)会員 / 各クリニック公式サイト
9783,,美容クリニック,,岩手県,,,,,,,美容クリニック関連サービス,営業中（推定）,,未収集,収集元推奨: 日本美容外科学会(JSAS)会員 / 各クリニック公式サイト
9784,,美容クリニック,,岩手県,,,,,,,美容クリニック関連サービス,営業中（推定）,,未収集,収集元推奨: 日本美容外科学会(JSAS)会員 / 各クリニック公式サイト
9785,,美容クリニック,,岩手県,,,,,,,美容クリニック関連サービス,営業中（推定）,,未収集,収集元推奨: 日本美容外科学会(JSAS)会員 / 各クリニック公式サイト
9786,,美容機器メーカー・ディーラー,,岩手県,,,,,,,美容機器メーカー ディーラー関連サービス,営業中（推定）,,未収集,収集元推奨: BeautyWorld Japan展示会出展者一覧 / 国税庁法人番号DB
9787,,美容機器メーカー・ディーラー,,岩手県,,,,,,,美容機器メーカー ディーラー関連サービス,営業中（推定）,,未収集,収集元推奨: BeautyWorld Japan展示会出展者一覧 / 国税庁法人番号DB
9788,,美容機器メーカー・ディーラー,,岩手県,,,,,,,美容機器メーカー ディーラー関連サービス,営業中（推定）,,未収集,収集元推奨: BeautyWorld Japan展示会出展者一覧 / 国税庁法人番号DB
9789,,化粧品メーカー,,岩手県,,,,,,,化粧品メーカー関連サービス,営業中（推定）,,未収集,収集元推奨: 日本化粧品工業会(JCIA)会員 / 国税庁法人番号DB
9790,,化粧品メーカー,,岩手県,,,,,,,化粧品メーカー関連サービス,営業中（推定）,,未収集,収集元推奨: 日本化粧品工業会(JCIA)会員 / 国税庁法人番号DB
9791,,化粧品メーカー,,岩手県,,,,,,,化粧品メーカー関連サービス,営業中（推定）,,未収集,収集元推奨: 日本化粧品工業会(JCIA)会員 / 国税庁法人番号DB
9792,,化粧品メーカー,,岩手県,,,,,,,化粧品メーカー関連サービス,営業中（推定）,,未収集,収集元推奨: 日本化粧品工業会(JCIA)会員 / 国税庁法人番号DB
9793,,ヘアサロン・サロンオーナー,,岩手県,,,,,,,ヘアサロン サロンオーナー関連サービス,営業中（推定）,,未収集,収集元推奨: ホットペッパービューティー / 美容師会 / iタウンページ
9794,,ヘアサロン・サロンオーナー,,岩手県,,,,,,,ヘアサロン サロンオーナー関連サービス,営業中（推定）,,未収集,収集元推奨: ホットペッパービューティー / 美容師会 / iタウンページ
9795,,ヘアサロン・サロンオーナー,,岩手県,,,,,,,ヘアサロン サロンオーナー関連サービス,営業中（推定）,,未収集,収集元推奨: ホットペッパービューティー / 美容師会 / iタウンページ
9796,,ヘアサロン・サロンオーナー,,岩手県,,,,,,,ヘアサロン サロンオーナー関連サービス,営業中（推定）,,未収集,収集元推奨: ホットペッパービューティー / 美容師会 / iタウンページ
9797,,IT・AI×美容,,岩手県,,,,,,,IT AI×美容関連サービス,営業中（推定）,,未収集,収集元推奨: スタートアップDB / PRTIMES / 展示会(BeautyTech系)
9798,,IT・AI×美容,,岩手県,,,,,,,IT AI×美容関連サービス,営業中（推定）,,未収集,収集元推奨: スタートアップDB / PRTIMES / 展示会(BeautyTech系)
9799,,IT・AI×美容,,岩手県,,,,,,,IT AI×美容関連サービス,営業中（推定）,,未収集,収集元推奨: スタートアップDB / PRTIMES / 展示会(BeautyTech系)
9800,,IT・AI×美容,,岩手県,,,,,,,IT AI×美容関連サービス,営業中（推定）,,未収集,収集元推奨: スタートアップDB / PRTIMES / 展示会(BeautyTech系)
9801,,エステサロン,,青森県,,,,,,,エステサロン関連サービス,営業中（推定）,,未収集,収集元推奨: ホットペッパービューティー掲載企業公式サイト / 日本エステティック協会会員
9802,,エステサロン,,青森県,,,,,,,エステサロン関連サービス,営業中（推定）,,未収集,収集元推奨: ホットペッパービューティー掲載企業公式サイト / 日本エステティック協会会員
9803,,エステサロン,,青森県,,,,,,,エステサロン関連サービス,営業中（推定）,,未収集,収集元推奨: ホットペッパービューティー掲載企業公式サイト / 日本エステティック協会会員
9804,,エステサロン,,青森県,,,,,,,エステサロン関連サービス,営業中（推定）,,未収集,収集元推奨: ホットペッパービューティー掲載企業公式サイト / 日本エステティック協会会員
9805,,エステサロン,,青森県,,,,,,,エステサロン関連サービス,営業中（推定）,,未収集,収集元推奨: ホットペッパービューティー掲載企業公式サイト / 日本エステティック協会会員
9806,,エステサロン,,青森県,,,,,,,エステサロン関連サービス,営業中（推定）,,未収集,収集元推奨: ホットペッパービューティー掲載企業公式サイト / 日本エステティック協会会員
9807,,エステサロン,,青森県,,,,,,,エステサロン関連サービス,営業中（推定）,,未収集,収集元推奨: ホットペッパービューティー掲載企業公式サイト / 日本エステティック協会会員
9808,,エステサロン,,青森県,,,,,,,エステサロン関連サービス,営業中（推定）,,未収集,収集元推奨: ホットペッパービューティー掲載企業公式サイト / 日本エステティック協会会員
9809,,エステサロン,,青森県,,,,,,,エステサロン関連サービス,営業中（推定）,,未収集,収集元推奨: ホットペッパービューティー掲載企業公式サイト / 日本エステティック協会会員
9810,,エステサロン,,青森県,,,,,,,エステサロン関連サービス,営業中（推定）,,未収集,収集元推奨: ホットペッパービューティー掲載企業公式サイト / 日本エステティック協会会員
9811,,ネイルサロン,,青森県,,,,,,,ネイルサロン関連サービス,営業中（推定）,,未収集,収集元推奨: JNA（日本ネイリスト協会）会員 / ホットペッパービューティー
9812,,ネイルサロン,,青森県,,,,,,,ネイルサロン関連サービス,営業中（推定）,,未収集,収集元推奨: JNA（日本ネイリスト協会）会員 / ホットペッパービューティー
9813,,ネイルサロン,,青森県,,,,,,,ネイルサロン関連サービス,営業中（推定）,,未収集,収集元推奨: JNA（日本ネイリスト協会）会員 / ホットペッパービューティー
9814,,ネイルサロン,,青森県,,,,,,,ネイルサロン関連サービス,営業中（推定）,,未収集,収集元推奨: JNA（日本ネイリスト協会）会員 / ホットペッパービューティー
9815,,ネイルサロン,,青森県,,,,,,,ネイルサロン関連サービス,営業中（推定）,,未収集,収集元推奨: JNA（日本ネイリスト協会）会員 / ホットペッパービューティー
9816,,ネイルサロン,,青森県,,,,,,,ネイルサロン関連サービス,営業中（推定）,,未収集,収集元推奨: JNA（日本ネイリスト協会）会員 / ホットペッパービューティー
9817,,ネイルサロン,,青森県,,,,,,,ネイルサロン関連サービス,営業中（推定）,,未収集,収集元推奨: JNA（日本ネイリスト協会）会員 / ホットペッパービューティー
9818,,ネイルサロン,,青森県,,,,,,,ネイルサロン関連サービス,営業中（推定）,,未収集,収集元推奨: JNA（日本ネイリスト協会）会員 / ホットペッパービューティー
9819,,美容整体・小顔矯正,,青森県,,,,,,,美容整体 小顔矯正関連サービス,営業中（推定）,,未収集,収集元推奨: エキテン・ホットペッパービューティー / iタウンページ「整体」
9820,,美容整体・小顔矯正,,青森県,,,,,,,美容整体 小顔矯正関連サービス,営業中（推定）,,未収集,収集元推奨: エキテン・ホットペッパービューティー / iタウンページ「整体」
9821,,美容整体・小顔矯正,,青森県,,,,,,,美容整体 小顔矯正関連サービス,営業中（推定）,,未収集,収集元推奨: エキテン・ホットペッパービューティー / iタウンページ「整体」
9822,,美容整体・小顔矯正,,青森県,,,,,,,美容整体 小顔矯正関連サービス,営業中（推定）,,未収集,収集元推奨: エキテン・ホットペッパービューティー / iタウンページ「整体」
9823,,美容整体・小顔矯正,,青森県,,,,,,,美容整体 小顔矯正関連サービス,営業中（推定）,,未収集,収集元推奨: エキテン・ホットペッパービューティー / iタウンページ「整体」
9824,,美容鍼灸院,,青森県,,,,,,,美容鍼灸院関連サービス,営業中（推定）,,未収集,収集元推奨: 日本鍼灸師会地方師会会員名簿 / 鍼灸ポータルサイト
9825,,美容鍼灸院,,青森県,,,,,,,美容鍼灸院関連サービス,営業中（推定）,,未収集,収集元推奨: 日本鍼灸師会地方師会会員名簿 / 鍼灸ポータルサイト
9826,,美容鍼灸院,,青森県,,,,,,,美容鍼灸院関連サービス,営業中（推定）,,未収集,収集元推奨: 日本鍼灸師会地方師会会員名簿 / 鍼灸ポータルサイト
9827,,美容鍼灸院,,青森県,,,,,,,美容鍼灸院関連サービス,営業中（推定）,,未収集,収集元推奨: 日本鍼灸師会地方師会会員名簿 / 鍼灸ポータルサイト
9828,,アロマ・リラクゼーション,,青森県,,,,,,,アロマ リラクゼーション関連サービス,営業中（推定）,,未収集,収集元推奨: AEAJ認定サロン一覧 / ホットペッパービューティー
9829,,アロマ・リラクゼーション,,青森県,,,,,,,アロマ リラクゼーション関連サービス,営業中（推定）,,未収集,収集元推奨: AEAJ認定サロン一覧 / ホットペッパービューティー
9830,,アロマ・リラクゼーション,,青森県,,,,,,,アロマ リラクゼーション関連サービス,営業中（推定）,,未収集,収集元推奨: AEAJ認定サロン一覧 / ホットペッパービューティー
9831,,アロマ・リラクゼーション,,青森県,,,,,,,アロマ リラクゼーション関連サービス,営業中（推定）,,未収集,収集元推奨: AEAJ認定サロン一覧 / ホットペッパービューティー
9832,,美容クリニック,,青森県,,,,,,,美容クリニック関連サービス,営業中（推定）,,未収集,収集元推奨: 日本美容外科学会(JSAS)会員 / 各クリニック公式サイト
9833,,美容クリニック,,青森県,,,,,,,美容クリニック関連サービス,営業中（推定）,,未収集,収集元推奨: 日本美容外科学会(JSAS)会員 / 各クリニック公式サイト
9834,,美容クリニック,,青森県,,,,,,,美容クリニック関連サービス,営業中（推定）,,未収集,収集元推奨: 日本美容外科学会(JSAS)会員 / 各クリニック公式サイト
9835,,美容クリニック,,青森県,,,,,,,美容クリニック関連サービス,営業中（推定）,,未収集,収集元推奨: 日本美容外科学会(JSAS)会員 / 各クリニック公式サイト
9836,,美容機器メーカー・ディーラー,,青森県,,,,,,,美容機器メーカー ディーラー関連サービス,営業中（推定）,,未収集,収集元推奨: BeautyWorld Japan展示会出展者一覧 / 国税庁法人番号DB
9837,,美容機器メーカー・ディーラー,,青森県,,,,,,,美容機器メーカー ディーラー関連サービス,営業中（推定）,,未収集,収集元推奨: BeautyWorld Japan展示会出展者一覧 / 国税庁法人番号DB
9838,,美容機器メーカー・ディーラー,,青森県,,,,,,,美容機器メーカー ディーラー関連サービス,営業中（推定）,,未収集,収集元推奨: BeautyWorld Japan展示会出展者一覧 / 国税庁法人番号DB
9839,,化粧品メーカー,,青森県,,,,,,,化粧品メーカー関連サービス,営業中（推定）,,未収集,収集元推奨: 日本化粧品工業会(JCIA)会員 / 国税庁法人番号DB
9840,,化粧品メーカー,,青森県,,,,,,,化粧品メーカー関連サービス,営業中（推定）,,未収集,収集元推奨: 日本化粧品工業会(JCIA)会員 / 国税庁法人番号DB
9841,,化粧品メーカー,,青森県,,,,,,,化粧品メーカー関連サービス,営業中（推定）,,未収集,収集元推奨: 日本化粧品工業会(JCIA)会員 / 国税庁法人番号DB
9842,,化粧品メーカー,,青森県,,,,,,,化粧品メーカー関連サービス,営業中（推定）,,未収集,収集元推奨: 日本化粧品工業会(JCIA)会員 / 国税庁法人番号DB
9843,,ヘアサロン・サロンオーナー,,青森県,,,,,,,ヘアサロン サロンオーナー関連サービス,営業中（推定）,,未収集,収集元推奨: ホットペッパービューティー / 美容師会 / iタウンページ
9844,,ヘアサロン・サロンオーナー,,青森県,,,,,,,ヘアサロン サロンオーナー関連サービス,営業中（推定）,,未収集,収集元推奨: ホットペッパービューティー / 美容師会 / iタウンページ
9845,,ヘアサロン・サロンオーナー,,青森県,,,,,,,ヘアサロン サロンオーナー関連サービス,営業中（推定）,,未収集,収集元推奨: ホットペッパービューティー / 美容師会 / iタウンページ
9846,,ヘアサロン・サロンオーナー,,青森県,,,,,,,ヘアサロン サロンオーナー関連サービス,営業中（推定）,,未収集,収集元推奨: ホットペッパービューティー / 美容師会 / iタウンページ
9847,,IT・AI×美容,,青森県,,,,,,,IT AI×美容関連サービス,営業中（推定）,,未収集,収集元推奨: スタートアップDB / PRTIMES / 展示会(BeautyTech系)
9848,,IT・AI×美容,,青森県,,,,,,,IT AI×美容関連サービス,営業中（推定）,,未収集,収集元推奨: スタートアップDB / PRTIMES / 展示会(BeautyTech系)
9849,,IT・AI×美容,,青森県,,,,,,,IT AI×美容関連サービス,営業中（推定）,,未収集,収集元推奨: スタートアップDB / PRTIMES / 展示会(BeautyTech系)
9850,,IT・AI×美容,,青森県,,,,,,,IT AI×美容関連サービス,営業中（推定）,,未収集,収集元推奨: スタートアップDB / PRTIMES / 展示会(BeautyTech系)
9851,,エステサロン,,福島県,,,,,,,エステサロン関連サービス,営業中（推定）,,未収集,収集元推奨: ホットペッパービューティー掲載企業公式サイト / 日本エステティック協会会員
9852,,エステサロン,,福島県,,,,,,,エステサロン関連サービス,営業中（推定）,,未収集,収集元推奨: ホットペッパービューティー掲載企業公式サイト / 日本エステティック協会会員
9853,,エステサロン,,福島県,,,,,,,エステサロン関連サービス,営業中（推定）,,未収集,収集元推奨: ホットペッパービューティー掲載企業公式サイト / 日本エステティック協会会員
9854,,エステサロン,,福島県,,,,,,,エステサロン関連サービス,営業中（推定）,,未収集,収集元推奨: ホットペッパービューティー掲載企業公式サイト / 日本エステティック協会会員
9855,,エステサロン,,福島県,,,,,,,エステサロン関連サービス,営業中（推定）,,未収集,収集元推奨: ホットペッパービューティー掲載企業公式サイト / 日本エステティック協会会員
9856,,エステサロン,,福島県,,,,,,,エステサロン関連サービス,営業中（推定）,,未収集,収集元推奨: ホットペッパービューティー掲載企業公式サイト / 日本エステティック協会会員
9857,,エステサロン,,福島県,,,,,,,エステサロン関連サービス,営業中（推定）,,未収集,収集元推奨: ホットペッパービューティー掲載企業公式サイト / 日本エステティック協会会員
9858,,エステサロン,,福島県,,,,,,,エステサロン関連サービス,営業中（推定）,,未収集,収集元推奨: ホットペッパービューティー掲載企業公式サイト / 日本エステティック協会会員
9859,,エステサロン,,福島県,,,,,,,エステサロン関連サービス,営業中（推定）,,未収集,収集元推奨: ホットペッパービューティー掲載企業公式サイト / 日本エステティック協会会員
9860,,エステサロン,,福島県,,,,,,,エステサロン関連サービス,営業中（推定）,,未収集,収集元推奨: ホットペッパービューティー掲載企業公式サイト / 日本エステティック協会会員
9861,,ネイルサロン,,福島県,,,,,,,ネイルサロン関連サービス,営業中（推定）,,未収集,収集元推奨: JNA（日本ネイリスト協会）会員 / ホットペッパービューティー
9862,,ネイルサロン,,福島県,,,,,,,ネイルサロン関連サービス,営業中（推定）,,未収集,収集元推奨: JNA（日本ネイリスト協会）会員 / ホットペッパービューティー
9863,,ネイルサロン,,福島県,,,,,,,ネイルサロン関連サービス,営業中（推定）,,未収集,収集元推奨: JNA（日本ネイリスト協会）会員 / ホットペッパービューティー
9864,,ネイルサロン,,福島県,,,,,,,ネイルサロン関連サービス,営業中（推定）,,未収集,収集元推奨: JNA（日本ネイリスト協会）会員 / ホットペッパービューティー
9865,,ネイルサロン,,福島県,,,,,,,ネイルサロン関連サービス,営業中（推定）,,未収集,収集元推奨: JNA（日本ネイリスト協会）会員 / ホットペッパービューティー
9866,,ネイルサロン,,福島県,,,,,,,ネイルサロン関連サービス,営業中（推定）,,未収集,収集元推奨: JNA（日本ネイリスト協会）会員 / ホットペッパービューティー
9867,,ネイルサロン,,福島県,,,,,,,ネイルサロン関連サービス,営業中（推定）,,未収集,収集元推奨: JNA（日本ネイリスト協会）会員 / ホットペッパービューティー
9868,,ネイルサロン,,福島県,,,,,,,ネイルサロン関連サービス,営業中（推定）,,未収集,収集元推奨: JNA（日本ネイリスト協会）会員 / ホットペッパービューティー
9869,,美容整体・小顔矯正,,福島県,,,,,,,美容整体 小顔矯正関連サービス,営業中（推定）,,未収集,収集元推奨: エキテン・ホットペッパービューティー / iタウンページ「整体」
9870,,美容整体・小顔矯正,,福島県,,,,,,,美容整体 小顔矯正関連サービス,営業中（推定）,,未収集,収集元推奨: エキテン・ホットペッパービューティー / iタウンページ「整体」
9871,,美容整体・小顔矯正,,福島県,,,,,,,美容整体 小顔矯正関連サービス,営業中（推定）,,未収集,収集元推奨: エキテン・ホットペッパービューティー / iタウンページ「整体」
9872,,美容整体・小顔矯正,,福島県,,,,,,,美容整体 小顔矯正関連サービス,営業中（推定）,,未収集,収集元推奨: エキテン・ホットペッパービューティー / iタウンページ「整体」
9873,,美容整体・小顔矯正,,福島県,,,,,,,美容整体 小顔矯正関連サービス,営業中（推定）,,未収集,収集元推奨: エキテン・ホットペッパービューティー / iタウンページ「整体」
9874,,美容鍼灸院,,福島県,,,,,,,美容鍼灸院関連サービス,営業中（推定）,,未収集,収集元推奨: 日本鍼灸師会地方師会会員名簿 / 鍼灸ポータルサイト
9875,,美容鍼灸院,,福島県,,,,,,,美容鍼灸院関連サービス,営業中（推定）,,未収集,収集元推奨: 日本鍼灸師会地方師会会員名簿 / 鍼灸ポータルサイト
9876,,美容鍼灸院,,福島県,,,,,,,美容鍼灸院関連サービス,営業中（推定）,,未収集,収集元推奨: 日本鍼灸師会地方師会会員名簿 / 鍼灸ポータルサイト
9877,,美容鍼灸院,,福島県,,,,,,,美容鍼灸院関連サービス,営業中（推定）,,未収集,収集元推奨: 日本鍼灸師会地方師会会員名簿 / 鍼灸ポータルサイト
9878,,アロマ・リラクゼーション,,福島県,,,,,,,アロマ リラクゼーション関連サービス,営業中（推定）,,未収集,収集元推奨: AEAJ認定サロン一覧 / ホットペッパービューティー
9879,,アロマ・リラクゼーション,,福島県,,,,,,,アロマ リラクゼーション関連サービス,営業中（推定）,,未収集,収集元推奨: AEAJ認定サロン一覧 / ホットペッパービューティー
9880,,アロマ・リラクゼーション,,福島県,,,,,,,アロマ リラクゼーション関連サービス,営業中（推定）,,未収集,収集元推奨: AEAJ認定サロン一覧 / ホットペッパービューティー
9881,,アロマ・リラクゼーション,,福島県,,,,,,,アロマ リラクゼーション関連サービス,営業中（推定）,,未収集,収集元推奨: AEAJ認定サロン一覧 / ホットペッパービューティー
9882,,美容クリニック,,福島県,,,,,,,美容クリニック関連サービス,営業中（推定）,,未収集,収集元推奨: 日本美容外科学会(JSAS)会員 / 各クリニック公式サイト
9883,,美容クリニック,,福島県,,,,,,,美容クリニック関連サービス,営業中（推定）,,未収集,収集元推奨: 日本美容外科学会(JSAS)会員 / 各クリニック公式サイト
9884,,美容クリニック,,福島県,,,,,,,美容クリニック関連サービス,営業中（推定）,,未収集,収集元推奨: 日本美容外科学会(JSAS)会員 / 各クリニック公式サイト
9885,,美容クリニック,,福島県,,,,,,,美容クリニック関連サービス,営業中（推定）,,未収集,収集元推奨: 日本美容外科学会(JSAS)会員 / 各クリニック公式サイト
9886,,美容機器メーカー・ディーラー,,福島県,,,,,,,美容機器メーカー ディーラー関連サービス,営業中（推定）,,未収集,収集元推奨: BeautyWorld Japan展示会出展者一覧 / 国税庁法人番号DB
9887,,美容機器メーカー・ディーラー,,福島県,,,,,,,美容機器メーカー ディーラー関連サービス,営業中（推定）,,未収集,収集元推奨: BeautyWorld Japan展示会出展者一覧 / 国税庁法人番号DB
9888,,美容機器メーカー・ディーラー,,福島県,,,,,,,美容機器メーカー ディーラー関連サービス,営業中（推定）,,未収集,収集元推奨: BeautyWorld Japan展示会出展者一覧 / 国税庁法人番号DB
9889,,化粧品メーカー,,福島県,,,,,,,化粧品メーカー関連サービス,営業中（推定）,,未収集,収集元推奨: 日本化粧品工業会(JCIA)会員 / 国税庁法人番号DB
9890,,化粧品メーカー,,福島県,,,,,,,化粧品メーカー関連サービス,営業中（推定）,,未収集,収集元推奨: 日本化粧品工業会(JCIA)会員 / 国税庁法人番号DB
9891,,化粧品メーカー,,福島県,,,,,,,化粧品メーカー関連サービス,営業中（推定）,,未収集,収集元推奨: 日本化粧品工業会(JCIA)会員 / 国税庁法人番号DB
9892,,化粧品メーカー,,福島県,,,,,,,化粧品メーカー関連サービス,営業中（推定）,,未収集,収集元推奨: 日本化粧品工業会(JCIA)会員 / 国税庁法人番号DB
9893,,ヘアサロン・サロンオーナー,,福島県,,,,,,,ヘアサロン サロンオーナー関連サービス,営業中（推定）,,未収集,収集元推奨: ホットペッパービューティー / 美容師会 / iタウンページ
9894,,ヘアサロン・サロンオーナー,,福島県,,,,,,,ヘアサロン サロンオーナー関連サービス,営業中（推定）,,未収集,収集元推奨: ホットペッパービューティー / 美容師会 / iタウンページ
9895,,ヘアサロン・サロンオーナー,,福島県,,,,,,,ヘアサロン サロンオーナー関連サービス,営業中（推定）,,未収集,収集元推奨: ホットペッパービューティー / 美容師会 / iタウンページ
9896,,ヘアサロン・サロンオーナー,,福島県,,,,,,,ヘアサロン サロンオーナー関連サービス,営業中（推定）,,未収集,収集元推奨: ホットペッパービューティー / 美容師会 / iタウンページ
9897,,IT・AI×美容,,福島県,,,,,,,IT AI×美容関連サービス,営業中（推定）,,未収集,収集元推奨: スタートアップDB / PRTIMES / 展示会(BeautyTech系)
9898,,IT・AI×美容,,福島県,,,,,,,IT AI×美容関連サービス,営業中（推定）,,未収集,収集元推奨: スタートアップDB / PRTIMES / 展示会(BeautyTech系)
9899,,IT・AI×美容,,福島県,,,,,,,IT AI×美容関連サービス,営業中（推定）,,未収集,収集元推奨: スタートアップDB / PRTIMES / 展示会(BeautyTech系)
9900,,IT・AI×美容,,福島県,,,,,,,IT AI×美容関連サービス,営業中（推定）,,未収集,収集元推奨: スタートアップDB / PRTIMES / 展示会(BeautyTech系)
9901,,エステサロン,,沖縄県,,,,,,,エステサロン関連サービス,営業中（推定）,,未収集,収集元推奨: ホットペッパービューティー掲載企業公式サイト / 日本エステティック協会会員
9902,,エステサロン,,沖縄県,,,,,,,エステサロン関連サービス,営業中（推定）,,未収集,収集元推奨: ホットペッパービューティー掲載企業公式サイト / 日本エステティック協会会員
9903,,エステサロン,,沖縄県,,,,,,,エステサロン関連サービス,営業中（推定）,,未収集,収集元推奨: ホットペッパービューティー掲載企業公式サイト / 日本エステティック協会会員
9904,,エステサロン,,沖縄県,,,,,,,エステサロン関連サービス,営業中（推定）,,未収集,収集元推奨: ホットペッパービューティー掲載企業公式サイト / 日本エステティック協会会員
9905,,エステサロン,,沖縄県,,,,,,,エステサロン関連サービス,営業中（推定）,,未収集,収集元推奨: ホットペッパービューティー掲載企業公式サイト / 日本エステティック協会会員
9906,,エステサロン,,沖縄県,,,,,,,エステサロン関連サービス,営業中（推定）,,未収集,収集元推奨: ホットペッパービューティー掲載企業公式サイト / 日本エステティック協会会員
9907,,エステサロン,,沖縄県,,,,,,,エステサロン関連サービス,営業中（推定）,,未収集,収集元推奨: ホットペッパービューティー掲載企業公式サイト / 日本エステティック協会会員
9908,,エステサロン,,沖縄県,,,,,,,エステサロン関連サービス,営業中（推定）,,未収集,収集元推奨: ホットペッパービューティー掲載企業公式サイト / 日本エステティック協会会員
9909,,エステサロン,,沖縄県,,,,,,,エステサロン関連サービス,営業中（推定）,,未収集,収集元推奨: ホットペッパービューティー掲載企業公式サイト / 日本エステティック協会会員
9910,,エステサロン,,沖縄県,,,,,,,エステサロン関連サービス,営業中（推定）,,未収集,収集元推奨: ホットペッパービューティー掲載企業公式サイト / 日本エステティック協会会員
9911,,エステサロン,,沖縄県,,,,,,,エステサロン関連サービス,営業中（推定）,,未収集,収集元推奨: ホットペッパービューティー掲載企業公式サイト / 日本エステティック協会会員
9912,,エステサロン,,沖縄県,,,,,,,エステサロン関連サービス,営業中（推定）,,未収集,収集元推奨: ホットペッパービューティー掲載企業公式サイト / 日本エステティック協会会員
9913,,エステサロン,,沖縄県,,,,,,,エステサロン関連サービス,営業中（推定）,,未収集,収集元推奨: ホットペッパービューティー掲載企業公式サイト / 日本エステティック協会会員
9914,,エステサロン,,沖縄県,,,,,,,エステサロン関連サービス,営業中（推定）,,未収集,収集元推奨: ホットペッパービューティー掲載企業公式サイト / 日本エステティック協会会員
9915,,エステサロン,,沖縄県,,,,,,,エステサロン関連サービス,営業中（推定）,,未収集,収集元推奨: ホットペッパービューティー掲載企業公式サイト / 日本エステティック協会会員
9916,,エステサロン,,沖縄県,,,,,,,エステサロン関連サービス,営業中（推定）,,未収集,収集元推奨: ホットペッパービューティー掲載企業公式サイト / 日本エステティック協会会員
9917,,エステサロン,,沖縄県,,,,,,,エステサロン関連サービス,営業中（推定）,,未収集,収集元推奨: ホットペッパービューティー掲載企業公式サイト / 日本エステティック協会会員
9918,,エステサロン,,沖縄県,,,,,,,エステサロン関連サービス,営業中（推定）,,未収集,収集元推奨: ホットペッパービューティー掲載企業公式サイト / 日本エステティック協会会員
9919,,エステサロン,,沖縄県,,,,,,,エステサロン関連サービス,営業中（推定）,,未収集,収集元推奨: ホットペッパービューティー掲載企業公式サイト / 日本エステティック協会会員
9920,,エステサロン,,沖縄県,,,,,,,エステサロン関連サービス,営業中（推定）,,未収集,収集元推奨: ホットペッパービューティー掲載企業公式サイト / 日本エステティック協会会員
9921,,ネイルサロン,,沖縄県,,,,,,,ネイルサロン関連サービス,営業中（推定）,,未収集,収集元推奨: JNA（日本ネイリスト協会）会員 / ホットペッパービューティー
9922,,ネイルサロン,,沖縄県,,,,,,,ネイルサロン関連サービス,営業中（推定）,,未収集,収集元推奨: JNA（日本ネイリスト協会）会員 / ホットペッパービューティー
9923,,ネイルサロン,,沖縄県,,,,,,,ネイルサロン関連サービス,営業中（推定）,,未収集,収集元推奨: JNA（日本ネイリスト協会）会員 / ホットペッパービューティー
9924,,ネイルサロン,,沖縄県,,,,,,,ネイルサロン関連サービス,営業中（推定）,,未収集,収集元推奨: JNA（日本ネイリスト協会）会員 / ホットペッパービューティー
9925,,ネイルサロン,,沖縄県,,,,,,,ネイルサロン関連サービス,営業中（推定）,,未収集,収集元推奨: JNA（日本ネイリスト協会）会員 / ホットペッパービューティー
9926,,ネイルサロン,,沖縄県,,,,,,,ネイルサロン関連サービス,営業中（推定）,,未収集,収集元推奨: JNA（日本ネイリスト協会）会員 / ホットペッパービューティー
9927,,ネイルサロン,,沖縄県,,,,,,,ネイルサロン関連サービス,営業中（推定）,,未収集,収集元推奨: JNA（日本ネイリスト協会）会員 / ホットペッパービューティー
9928,,ネイルサロン,,沖縄県,,,,,,,ネイルサロン関連サービス,営業中（推定）,,未収集,収集元推奨: JNA（日本ネイリスト協会）会員 / ホットペッパービューティー
9929,,ネイルサロン,,沖縄県,,,,,,,ネイルサロン関連サービス,営業中（推定）,,未収集,収集元推奨: JNA（日本ネイリスト協会）会員 / ホットペッパービューティー
9930,,ネイルサロン,,沖縄県,,,,,,,ネイルサロン関連サービス,営業中（推定）,,未収集,収集元推奨: JNA（日本ネイリスト協会）会員 / ホットペッパービューティー
9931,,ネイルサロン,,沖縄県,,,,,,,ネイルサロン関連サービス,営業中（推定）,,未収集,収集元推奨: JNA（日本ネイリスト協会）会員 / ホットペッパービューティー
9932,,ネイルサロン,,沖縄県,,,,,,,ネイルサロン関連サービス,営業中（推定）,,未収集,収集元推奨: JNA（日本ネイリスト協会）会員 / ホットペッパービューティー
9933,,ネイルサロン,,沖縄県,,,,,,,ネイルサロン関連サービス,営業中（推定）,,未収集,収集元推奨: JNA（日本ネイリスト協会）会員 / ホットペッパービューティー
9934,,ネイルサロン,,沖縄県,,,,,,,ネイルサロン関連サービス,営業中（推定）,,未収集,収集元推奨: JNA（日本ネイリスト協会）会員 / ホットペッパービューティー
9935,,ネイルサロン,,沖縄県,,,,,,,ネイルサロン関連サービス,営業中（推定）,,未収集,収集元推奨: JNA（日本ネイリスト協会）会員 / ホットペッパービューティー
9936,,美容整体・小顔矯正,,沖縄県,,,,,,,美容整体 小顔矯正関連サービス,営業中（推定）,,未収集,収集元推奨: エキテン・ホットペッパービューティー / iタウンページ「整体」
9937,,美容整体・小顔矯正,,沖縄県,,,,,,,美容整体 小顔矯正関連サービス,営業中（推定）,,未収集,収集元推奨: エキテン・ホットペッパービューティー / iタウンページ「整体」
9938,,美容整体・小顔矯正,,沖縄県,,,,,,,美容整体 小顔矯正関連サービス,営業中（推定）,,未収集,収集元推奨: エキテン・ホットペッパービューティー / iタウンページ「整体」
9939,,美容整体・小顔矯正,,沖縄県,,,,,,,美容整体 小顔矯正関連サービス,営業中（推定）,,未収集,収集元推奨: エキテン・ホットペッパービューティー / iタウンページ「整体」
9940,,美容整体・小顔矯正,,沖縄県,,,,,,,美容整体 小顔矯正関連サービス,営業中（推定）,,未収集,収集元推奨: エキテン・ホットペッパービューティー / iタウンページ「整体」
9941,,美容整体・小顔矯正,,沖縄県,,,,,,,美容整体 小顔矯正関連サービス,営業中（推定）,,未収集,収集元推奨: エキテン・ホットペッパービューティー / iタウンページ「整体」
9942,,美容整体・小顔矯正,,沖縄県,,,,,,,美容整体 小顔矯正関連サービス,営業中（推定）,,未収集,収集元推奨: エキテン・ホットペッパービューティー / iタウンページ「整体」
9943,,美容整体・小顔矯正,,沖縄県,,,,,,,美容整体 小顔矯正関連サービス,営業中（推定）,,未収集,収集元推奨: エキテン・ホットペッパービューティー / iタウンページ「整体」
9944,,美容整体・小顔矯正,,沖縄県,,,,,,,美容整体 小顔矯正関連サービス,営業中（推定）,,未収集,収集元推奨: エキテン・ホットペッパービューティー / iタウンページ「整体」
9945,,美容整体・小顔矯正,,沖縄県,,,,,,,美容整体 小顔矯正関連サービス,営業中（推定）,,未収集,収集元推奨: エキテン・ホットペッパービューティー / iタウンページ「整体」
9946,,美容鍼灸院,,沖縄県,,,,,,,美容鍼灸院関連サービス,営業中（推定）,,未収集,収集元推奨: 日本鍼灸師会地方師会会員名簿 / 鍼灸ポータルサイト
9947,,美容鍼灸院,,沖縄県,,,,,,,美容鍼灸院関連サービス,営業中（推定）,,未収集,収集元推奨: 日本鍼灸師会地方師会会員名簿 / 鍼灸ポータルサイト
9948,,美容鍼灸院,,沖縄県,,,,,,,美容鍼灸院関連サービス,営業中（推定）,,未収集,収集元推奨: 日本鍼灸師会地方師会会員名簿 / 鍼灸ポータルサイト
9949,,美容鍼灸院,,沖縄県,,,,,,,美容鍼灸院関連サービス,営業中（推定）,,未収集,収集元推奨: 日本鍼灸師会地方師会会員名簿 / 鍼灸ポータルサイト
9950,,美容鍼灸院,,沖縄県,,,,,,,美容鍼灸院関連サービス,営業中（推定）,,未収集,収集元推奨: 日本鍼灸師会地方師会会員名簿 / 鍼灸ポータルサイト
9951,,美容鍼灸院,,沖縄県,,,,,,,美容鍼灸院関連サービス,営業中（推定）,,未収集,収集元推奨: 日本鍼灸師会地方師会会員名簿 / 鍼灸ポータルサイト
9952,,美容鍼灸院,,沖縄県,,,,,,,美容鍼灸院関連サービス,営業中（推定）,,未収集,収集元推奨: 日本鍼灸師会地方師会会員名簿 / 鍼灸ポータルサイト
9953,,美容鍼灸院,,沖縄県,,,,,,,美容鍼灸院関連サービス,営業中（推定）,,未収集,収集元推奨: 日本鍼灸師会地方師会会員名簿 / 鍼灸ポータルサイト
9954,,アロマ・リラクゼーション,,沖縄県,,,,,,,アロマ リラクゼーション関連サービス,営業中（推定）,,未収集,収集元推奨: AEAJ認定サロン一覧 / ホットペッパービューティー
9955,,アロマ・リラクゼーション,,沖縄県,,,,,,,アロマ リラクゼーション関連サービス,営業中（推定）,,未収集,収集元推奨: AEAJ認定サロン一覧 / ホットペッパービューティー
9956,,アロマ・リラクゼーション,,沖縄県,,,,,,,アロマ リラクゼーション関連サービス,営業中（推定）,,未収集,収集元推奨: AEAJ認定サロン一覧 / ホットペッパービューティー
9957,,アロマ・リラクゼーション,,沖縄県,,,,,,,アロマ リラクゼーション関連サービス,営業中（推定）,,未収集,収集元推奨: AEAJ認定サロン一覧 / ホットペッパービューティー
9958,,アロマ・リラクゼーション,,沖縄県,,,,,,,アロマ リラクゼーション関連サービス,営業中（推定）,,未収集,収集元推奨: AEAJ認定サロン一覧 / ホットペッパービューティー
9959,,アロマ・リラクゼーション,,沖縄県,,,,,,,アロマ リラクゼーション関連サービス,営業中（推定）,,未収集,収集元推奨: AEAJ認定サロン一覧 / ホットペッパービューティー
9960,,アロマ・リラクゼーション,,沖縄県,,,,,,,アロマ リラクゼーション関連サービス,営業中（推定）,,未収集,収集元推奨: AEAJ認定サロン一覧 / ホットペッパービューティー
9961,,アロマ・リラクゼーション,,沖縄県,,,,,,,アロマ リラクゼーション関連サービス,営業中（推定）,,未収集,収集元推奨: AEAJ認定サロン一覧 / ホットペッパービューティー
9962,,美容クリニック,,沖縄県,,,,,,,美容クリニック関連サービス,営業中（推定）,,未収集,収集元推奨: 日本美容外科学会(JSAS)会員 / 各クリニック公式サイト
9963,,美容クリニック,,沖縄県,,,,,,,美容クリニック関連サービス,営業中（推定）,,未収集,収集元推奨: 日本美容外科学会(JSAS)会員 / 各クリニック公式サイト
9964,,美容クリニック,,沖縄県,,,,,,,美容クリニック関連サービス,営業中（推定）,,未収集,収集元推奨: 日本美容外科学会(JSAS)会員 / 各クリニック公式サイト
9965,,美容クリニック,,沖縄県,,,,,,,美容クリニック関連サービス,営業中（推定）,,未収集,収集元推奨: 日本美容外科学会(JSAS)会員 / 各クリニック公式サイト
9966,,美容クリニック,,沖縄県,,,,,,,美容クリニック関連サービス,営業中（推定）,,未収集,収集元推奨: 日本美容外科学会(JSAS)会員 / 各クリニック公式サイト
9967,,美容クリニック,,沖縄県,,,,,,,美容クリニック関連サービス,営業中（推定）,,未収集,収集元推奨: 日本美容外科学会(JSAS)会員 / 各クリニック公式サイト
9968,,美容クリニック,,沖縄県,,,,,,,美容クリニック関連サービス,営業中（推定）,,未収集,収集元推奨: 日本美容外科学会(JSAS)会員 / 各クリニック公式サイト
9969,,美容クリニック,,沖縄県,,,,,,,美容クリニック関連サービス,営業中（推定）,,未収集,収集元推奨: 日本美容外科学会(JSAS)会員 / 各クリニック公式サイト
9970,,美容機器メーカー・ディーラー,,沖縄県,,,,,,,美容機器メーカー ディーラー関連サービス,営業中（推定）,,未収集,収集元推奨: BeautyWorld Japan展示会出展者一覧 / 国税庁法人番号DB
9971,,美容機器メーカー・ディーラー,,沖縄県,,,,,,,美容機器メーカー ディーラー関連サービス,営業中（推定）,,未収集,収集元推奨: BeautyWorld Japan展示会出展者一覧 / 国税庁法人番号DB
9972,,美容機器メーカー・ディーラー,,沖縄県,,,,,,,美容機器メーカー ディーラー関連サービス,営業中（推定）,,未収集,収集元推奨: BeautyWorld Japan展示会出展者一覧 / 国税庁法人番号DB
9973,,美容機器メーカー・ディーラー,,沖縄県,,,,,,,美容機器メーカー ディーラー関連サービス,営業中（推定）,,未収集,収集元推奨: BeautyWorld Japan展示会出展者一覧 / 国税庁法人番号DB
9974,,美容機器メーカー・ディーラー,,沖縄県,,,,,,,美容機器メーカー ディーラー関連サービス,営業中（推定）,,未収集,収集元推奨: BeautyWorld Japan展示会出展者一覧 / 国税庁法人番号DB
9975,,美容機器メーカー・ディーラー,,沖縄県,,,,,,,美容機器メーカー ディーラー関連サービス,営業中（推定）,,未収集,収集元推奨: BeautyWorld Japan展示会出展者一覧 / 国税庁法人番号DB
9976,,化粧品メーカー,,沖縄県,,,,,,,化粧品メーカー関連サービス,営業中（推定）,,未収集,収集元推奨: 日本化粧品工業会(JCIA)会員 / 国税庁法人番号DB
9977,,化粧品メーカー,,沖縄県,,,,,,,化粧品メーカー関連サービス,営業中（推定）,,未収集,収集元推奨: 日本化粧品工業会(JCIA)会員 / 国税庁法人番号DB
9978,,化粧品メーカー,,沖縄県,,,,,,,化粧品メーカー関連サービス,営業中（推定）,,未収集,収集元推奨: 日本化粧品工業会(JCIA)会員 / 国税庁法人番号DB
9979,,化粧品メーカー,,沖縄県,,,,,,,化粧品メーカー関連サービス,営業中（推定）,,未収集,収集元推奨: 日本化粧品工業会(JCIA)会員 / 国税庁法人番号DB
9980,,化粧品メーカー,,沖縄県,,,,,,,化粧品メーカー関連サービス,営業中（推定）,,未収集,収集元推奨: 日本化粧品工業会(JCIA)会員 / 国税庁法人番号DB
9981,,化粧品メーカー,,沖縄県,,,,,,,化粧品メーカー関連サービス,営業中（推定）,,未収集,収集元推奨: 日本化粧品工業会(JCIA)会員 / 国税庁法人番号DB
9982,,化粧品メーカー,,沖縄県,,,,,,,化粧品メーカー関連サービス,営業中（推定）,,未収集,収集元推奨: 日本化粧品工業会(JCIA)会員 / 国税庁法人番号DB
9983,,化粧品メーカー,,沖縄県,,,,,,,化粧品メーカー関連サービス,営業中（推定）,,未収集,収集元推奨: 日本化粧品工業会(JCIA)会員 / 国税庁法人番号DB
9984,,ヘアサロン・サロンオーナー,,沖縄県,,,,,,,ヘアサロン サロンオーナー関連サービス,営業中（推定）,,未収集,収集元推奨: ホットペッパービューティー / 美容師会 / iタウンページ
9985,,ヘアサロン・サロンオーナー,,沖縄県,,,,,,,ヘアサロン サロンオーナー関連サービス,営業中（推定）,,未収集,収集元推奨: ホットペッパービューティー / 美容師会 / iタウンページ
9986,,ヘアサロン・サロンオーナー,,沖縄県,,,,,,,ヘアサロン サロンオーナー関連サービス,営業中（推定）,,未収集,収集元推奨: ホットペッパービューティー / 美容師会 / iタウンページ
9987,,ヘアサロン・サロンオーナー,,沖縄県,,,,,,,ヘアサロン サロンオーナー関連サービス,営業中（推定）,,未収集,収集元推奨: ホットペッパービューティー / 美容師会 / iタウンページ
9988,,ヘアサロン・サロンオーナー,,沖縄県,,,,,,,ヘアサロン サロンオーナー関連サービス,営業中（推定）,,未収集,収集元推奨: ホットペッパービューティー / 美容師会 / iタウンページ
9989,,ヘアサロン・サロンオーナー,,沖縄県,,,,,,,ヘアサロン サロンオーナー関連サービス,営業中（推定）,,未収集,収集元推奨: ホットペッパービューティー / 美容師会 / iタウンページ
9990,,ヘアサロン・サロンオーナー,,沖縄県,,,,,,,ヘアサロン サロンオーナー関連サービス,営業中（推定）,,未収集,収集元推奨: ホットペッパービューティー / 美容師会 / iタウンページ
9991,,ヘアサロン・サロンオーナー,,沖縄県,,,,,,,ヘアサロン サロンオーナー関連サービス,営業中（推定）,,未収集,収集元推奨: ホットペッパービューティー / 美容師会 / iタウンページ
9992,,IT・AI×美容,,沖縄県,,,,,,,IT AI×美容関連サービス,営業中（推定）,,未収集,収集元推奨: スタートアップDB / PRTIMES / 展示会(BeautyTech系)
9993,,IT・AI×美容,,沖縄県,,,,,,,IT AI×美容関連サービス,営業中（推定）,,未収集,収集元推奨: スタートアップDB / PRTIMES / 展示会(BeautyTech系)
9994,,IT・AI×美容,,沖縄県,,,,,,,IT AI×美容関連サービス,営業中（推定）,,未収集,収集元推奨: スタートアップDB / PRTIMES / 展示会(BeautyTech系)
9995,,IT・AI×美容,,沖縄県,,,,,,,IT AI×美容関連サービス,営業中（推定）,,未収集,収集元推奨: スタートアップDB / PRTIMES / 展示会(BeautyTech系)
9996,,IT・AI×美容,,沖縄県,,,,,,,IT AI×美容関連サービス,営業中（推定）,,未収集,収集元推奨: スタートアップDB / PRTIMES / 展示会(BeautyTech系)
9997,,IT・AI×美容,,沖縄県,,,,,,,IT AI×美容関連サービス,営業中（推定）,,未収集,収集元推奨: スタートアップDB / PRTIMES / 展示会(BeautyTech系)
9998,,IT・AI×美容,,沖縄県,,,,,,,IT AI×美容関連サービス,営業中（推定）,,未収集,収集元推奨: スタートアップDB / PRTIMES / 展示会(BeautyTech系)
9999,,IT・AI×美容,,沖縄県,,,,,,,IT AI×美容関連サービス,営業中（推定）,,未収集,収集元推奨: スタートアップDB / PRTIMES / 展示会(BeautyTech系)
10000,,IT・AI×美容,,沖縄県,,,,,,,IT AI×美容関連サービス,営業中（推定）,,未収集,収集元推奨: スタートアップDB / PRTIMES / 展示会(BeautyTech系)
